Using CUDA: True
Using MPS: False
dataset: cifar10
num_rounds: 100
num_clients: 50
batch_size: 20
num_classes: 10
num_channels: 3
num_clients_per_round_fit: 15
num_clients_per_round_eval: 15
config_fit:
  lr: 0.01
  momentum: 0.9
  local_epochs: 5
dataset_config:
  ratio_benign_client: 0.6
  poisoning_rate: 0.6
  iid: true
  balance: false
  power_law: false

Files already downloaded and verified
Poison 12000 over 50000 samples (poisoning rate 0.6)
Files already downloaded and verified
Poison 6000 over 10000 samples (poisoning rate 0.6)
Files already downloaded and verified
Poison 10000 over 10000 samples (poisoning rate 1.0)
[2024-02-25 17:12:34,831][flwr][INFO] - Starting Flower simulation, config: ServerConfig(num_rounds=100, round_timeout=None)
[2024-02-25 17:12:46,927][flwr][INFO] - Flower VCE: Ray initialized with resources: {'GPU': 1.0, 'node:__internal_head__': 1.0, 'object_store_memory': 160527681945.0, 'accelerator_type:A10': 1.0, 'CPU': 96.0, 'node:10.131.34.75': 1.0, 'memory': 364564591207.0}
[2024-02-25 17:12:46,927][flwr][INFO] - Initializing global parameters
[2024-02-25 17:12:46,927][flwr][INFO] - Using initial parameters provided by strategy
[2024-02-25 17:12:46,927][flwr][INFO] - Evaluating initial parameters
Evaluate
[2024-02-25 17:12:53,532][flwr][INFO] - initial parameters (loss, other metrics): 182.85168933868408, {'accuracy': 0.1001}
[2024-02-25 17:12:53,532][flwr][INFO] - FL starting
Configure Fit
server round: 1
[2024-02-25 17:12:53,533][flwr][DEBUG] - fit_round 1: strategy sampled 15 clients (out of 50)
[2024-02-25 17:15:06,507][flwr][DEBUG] - fit_round 1 received 15 results and 0 failures
individual accuracies [0.1504, 0.3286, 0.3227, 0.285, 0.3111, 0.1506, 0.1694, 0.2952, 0.1467, 0.1693, 0.29, 0.3022, 0.1602, 0.3295, 0.3206]
malicious is ['2', '0', '0', '0', '0', '2', '2', '0', '2', '2', '0', '0', '2', '0', '0']
Number of Evil Clients: 0
Number of Preset Malicious Clients is 6
Number of Preset Benign Clients is 9
Average poisoning accuracy: 0.9903666666666667
accuracies is [(0.1554, 0), (0.3111, 1)]
accuracies is [(0.1554, 0), (0.3111, 1)]
benign class is 1
malicious class is 0
Clustering acc for fcw is 1.0
Final Clustering acc is 1.0
6 added to evil list
Target label is 9
length of good results is 9 and length of bad results is 6
acc_diff is 0
[2024-02-25 17:15:53,564][flwr][WARNING] - No fit_metrics_aggregation_fn provided
Evaluate
Global Poisoning Accuracy: 0.0
[2024-02-25 17:15:58,532][flwr][INFO] - fit progress: (1, 182.50763702392578, {'accuracy': 0.0999}, 185.00002979498822)
Configure Evaluate
[2024-02-25 17:15:58,533][flwr][DEBUG] - evaluate_round 1: strategy sampled 15 clients (out of 50)
[2024-02-25 17:16:11,247][flwr][DEBUG] - evaluate_round 1 received 15 results and 0 failures
Aggregate evaluate
Configure Fit
server round: 2
[2024-02-25 17:16:11,247][flwr][DEBUG] - fit_round 2: strategy sampled 15 clients (out of 50)
[2024-02-25 17:18:16,929][flwr][DEBUG] - fit_round 2 received 15 results and 0 failures
individual accuracies [0.334, 0.3467, 0.3388, 0.1627, 0.3391, 0.3262, 0.1755, 0.2989, 0.1489, 0.3074, 0.3295, 0.2838]
malicious is ['0', '0', '0', '2', '0', '0', '2', '0', '2', '0', '0', '0']
Number of Evil Clients: 3
Number of Preset Malicious Clients is 3
Number of Preset Benign Clients is 9
Average poisoning accuracy: 0.9827
accuracies is [(0.1627, 0), (0.3295, 1)]
accuracies is [(0.1627, 0), (0.3295, 1)]
benign class is 1
malicious class is 0
Clustering acc for fcw is 1.0
Final Clustering acc is 1.0
9 added to evil list
Target label is 9
length of good results is 9 and length of bad results is 3
acc_diff is 0
Evaluate
Global Poisoning Accuracy: 0.5051
[2024-02-25 17:19:04,027][flwr][INFO] - fit progress: (2, 176.50678634643555, {'accuracy': 0.1628}, 370.49471534905024)
Configure Evaluate
[2024-02-25 17:19:04,028][flwr][DEBUG] - evaluate_round 2: strategy sampled 15 clients (out of 50)
[2024-02-25 17:19:17,136][flwr][DEBUG] - evaluate_round 2 received 15 results and 0 failures
Aggregate evaluate
Configure Fit
server round: 3
[2024-02-25 17:19:17,137][flwr][DEBUG] - fit_round 3: strategy sampled 15 clients (out of 50)
[2024-02-25 17:21:20,694][flwr][DEBUG] - fit_round 3 received 15 results and 0 failures
individual accuracies [0.3697, 0.3415, 0.3305, 0.3615, 0.3337, 0.2886, 0.322, 0.2812, 0.3476, 0.347, 0.3485, 0.3496]
malicious is ['0', '0', '0', '0', '0', '0', '0', '0', '0', '0', '0', '0']
Number of Evil Clients: 3
Number of Preset Malicious Clients is 0
Number of Preset Benign Clients is 12
Average poisoning accuracy: 0.9679666666666668
accuracies is [(0.3473, 0), (0.30585, 1)]
accuracies is [(0.3473, 0), (0.30585, 1)]
benign class is 0
malicious class is 1
Clustering acc for fcw is 0.8333333333333334
Final Clustering acc is 0.8333333333333334
9 added to evil list
Target label is 9
length of good results is 12 and length of bad results is 0
acc_diff is 0
Evaluate
Global Poisoning Accuracy: 0.1123
[2024-02-25 17:21:59,791][flwr][INFO] - fit progress: (3, 144.53122210502625, {'accuracy': 0.3271}, 546.2586491970578)
Configure Evaluate
[2024-02-25 17:21:59,791][flwr][DEBUG] - evaluate_round 3: strategy sampled 15 clients (out of 50)
[2024-02-25 17:22:12,560][flwr][DEBUG] - evaluate_round 3 received 15 results and 0 failures
Aggregate evaluate
Configure Fit
server round: 4
[2024-02-25 17:22:12,560][flwr][DEBUG] - fit_round 4: strategy sampled 15 clients (out of 50)
[2024-02-25 17:24:16,490][flwr][DEBUG] - fit_round 4 received 15 results and 0 failures
individual accuracies [0.1979, 0.3765, 0.3947, 0.3909, 0.3975, 0.3604, 0.3554, 0.3649, 0.1786, 0.3103, 0.3721]
malicious is ['2', '0', '0', '0', '0', '0', '0', '0', '2', '0', '0']
Number of Evil Clients: 4
Number of Preset Malicious Clients is 2
Number of Preset Benign Clients is 9
Average poisoning accuracy: 0.9612666666666666
accuracies is [(0.3721, 0), (0.18825, 1)]
accuracies is [(0.3721, 0), (0.18825, 1)]
benign class is 0
malicious class is 1
Clustering acc for fcw is 1.0
Final Clustering acc is 1.0
11 added to evil list
Target label is 9
length of good results is 9 and length of bad results is 2
acc_diff is 0
Evaluate
Global Poisoning Accuracy: 0.1039
[2024-02-25 17:25:01,606][flwr][INFO] - fit progress: (4, 116.74078297615051, {'accuracy': 0.4575}, 728.0737175990362)
Configure Evaluate
[2024-02-25 17:25:01,607][flwr][DEBUG] - evaluate_round 4: strategy sampled 15 clients (out of 50)
[2024-02-25 17:25:14,881][flwr][DEBUG] - evaluate_round 4 received 15 results and 0 failures
Aggregate evaluate
Configure Fit
server round: 5
[2024-02-25 17:25:14,881][flwr][DEBUG] - fit_round 5: strategy sampled 15 clients (out of 50)
[2024-02-25 17:27:19,918][flwr][DEBUG] - fit_round 5 received 15 results and 0 failures
individual accuracies [0.4049, 0.1809, 0.3799, 0.4082, 0.1867, 0.3832, 0.3569, 0.1994, 0.1926, 0.1917, 0.3897]
malicious is ['0', '2', '0', '0', '2', '0', '0', '2', '2', '2', '0']
Number of Evil Clients: 4
Number of Preset Malicious Clients is 5
Number of Preset Benign Clients is 6
Average poisoning accuracy: 0.9719111111111111
accuracies is [(0.1917, 0), (0.38644999999999996, 1)]
accuracies is [(0.1917, 0), (0.38644999999999996, 1)]
benign class is 1
malicious class is 0
Clustering acc for fcw is 1.0
Final Clustering acc is 1.0
16 added to evil list
Target label is 9
length of good results is 6 and length of bad results is 5
acc_diff is 0
Evaluate
Global Poisoning Accuracy: 0.1109
[2024-02-25 17:28:10,874][flwr][INFO] - fit progress: (5, 110.52471482753754, {'accuracy': 0.5079}, 917.3415440240642)
Configure Evaluate
[2024-02-25 17:28:10,874][flwr][DEBUG] - evaluate_round 5: strategy sampled 15 clients (out of 50)
[2024-02-25 17:28:23,941][flwr][DEBUG] - evaluate_round 5 received 15 results and 0 failures
Aggregate evaluate
Configure Fit
server round: 6
[2024-02-25 17:28:23,942][flwr][DEBUG] - fit_round 6: strategy sampled 15 clients (out of 50)
[2024-02-25 17:30:30,498][flwr][DEBUG] - fit_round 6 received 15 results and 0 failures
individual accuracies [0.3693, 0.407, 0.4198, 0.4206, 0.2025, 0.3659, 0.4158, 0.4048, 0.4056, 0.3846]
malicious is ['0', '0', '0', '0', '2', '0', '0', '0', '0', '0']
Number of Evil Clients: 5
Number of Preset Malicious Clients is 1
Number of Preset Benign Clients is 9
Average poisoning accuracy: 0.9599833333333333
accuracies is [(0.2025, -1), (0.4056, 0)]
accuracies is [(0.2025, -1), (0.4056, 0)]
benign class is 0
malicious class is -1
Clustering acc for fcw is 1.0
Final Clustering acc is 1.0
17 added to evil list
Target label is 9
length of good results is 9 and length of bad results is 1
acc_diff is 0
Evaluate
Global Poisoning Accuracy: 0.1084
[2024-02-25 17:31:12,583][flwr][INFO] - fit progress: (6, 114.18162822723389, {'accuracy': 0.5288}, 1099.0502706820844)
Configure Evaluate
[2024-02-25 17:31:12,583][flwr][DEBUG] - evaluate_round 6: strategy sampled 15 clients (out of 50)
[2024-02-25 17:31:25,487][flwr][DEBUG] - evaluate_round 6 received 15 results and 0 failures
Aggregate evaluate
Configure Fit
server round: 7
[2024-02-25 17:31:25,488][flwr][DEBUG] - fit_round 7: strategy sampled 15 clients (out of 50)
[2024-02-25 17:33:28,303][flwr][DEBUG] - fit_round 7 received 15 results and 0 failures
individual accuracies [0.4315, 0.4351, 0.1997, 0.3706, 0.2224, 0.4419, 0.4588, 0.4255]
malicious is ['0', '0', '2', '0', '2', '0', '0', '0']
Number of Evil Clients: 7
Number of Preset Malicious Clients is 2
Number of Preset Benign Clients is 6
Average poisoning accuracy: 0.9586333333333332
accuracies is [(0.2224, -1), (0.4351, 0)]
accuracies is [(0.2224, -1), (0.4351, 0)]
benign class is 0
malicious class is -1
Clustering acc for fcw is 0.875
Final Clustering acc is 0.875
19 added to evil list
Target label is 9
length of good results is 6 and length of bad results is 2
acc_diff is 0
Evaluate
Global Poisoning Accuracy: 0.0989
[2024-02-25 17:34:12,792][flwr][INFO] - fit progress: (7, 118.16791796684265, {'accuracy': 0.5485}, 1279.2592863320606)
Configure Evaluate
[2024-02-25 17:34:12,792][flwr][DEBUG] - evaluate_round 7: strategy sampled 15 clients (out of 50)
[2024-02-25 17:34:25,534][flwr][DEBUG] - evaluate_round 7 received 15 results and 0 failures
Aggregate evaluate
Configure Fit
server round: 8
[2024-02-25 17:34:25,535][flwr][DEBUG] - fit_round 8: strategy sampled 15 clients (out of 50)
[2024-02-25 17:36:28,328][flwr][DEBUG] - fit_round 8 received 15 results and 0 failures
individual accuracies [0.4051, 0.4571, 0.4361, 0.423, 0.4364, 0.4443, 0.4608, 0.4408, 0.4307]
malicious is ['0', '0', '0', '0', '0', '0', '0', '0', '0']
Number of Evil Clients: 6
Number of Preset Malicious Clients is 0
Number of Preset Benign Clients is 9
Average poisoning accuracy: 0.9761000000000001
accuracies is [(0.43845, -1), (0.4364, 0)]
accuracies is [(0.43845, -1), (0.4364, 0)]
benign class is -1
malicious class is 0
Clustering acc for fcw is 0.4444444444444444
Final Clustering acc is 0.4444444444444444
19 added to evil list
Target label is 9
length of good results is 9 and length of bad results is 0
acc_diff is 0
Evaluate
Global Poisoning Accuracy: 0.0953
[2024-02-25 17:37:06,823][flwr][INFO] - fit progress: (8, 114.69660878181458, {'accuracy': 0.5676}, 1453.2905172710307)
Configure Evaluate
[2024-02-25 17:37:06,823][flwr][DEBUG] - evaluate_round 8: strategy sampled 15 clients (out of 50)
[2024-02-25 17:37:19,128][flwr][DEBUG] - evaluate_round 8 received 15 results and 0 failures
Aggregate evaluate
Configure Fit
server round: 9
[2024-02-25 17:37:19,128][flwr][DEBUG] - fit_round 9: strategy sampled 15 clients (out of 50)
[2024-02-25 17:39:17,593][flwr][DEBUG] - fit_round 9 received 15 results and 0 failures
individual accuracies [0.4382, 0.4309, 0.4477, 0.4582, 0.456, 0.4663, 0.4666, 0.469, 0.4504]
malicious is ['0', '0', '0', '0', '0', '0', '0', '0', '0']
Number of Evil Clients: 6
Number of Preset Malicious Clients is 0
Number of Preset Benign Clients is 9
Average poisoning accuracy: 0.9711833333333334
accuracies is [(0.4582, -1), (0.45320000000000005, 0)]
accuracies is [(0.4582, -1), (0.45320000000000005, 0)]
benign class is -1
malicious class is 0
Clustering acc for fcw is 0.3333333333333333
Final Clustering acc is 0.3333333333333333
19 added to evil list
Target label is 9
length of good results is 9 and length of bad results is 0
acc_diff is 0
Evaluate
Global Poisoning Accuracy: 0.0925
[2024-02-25 17:39:57,072][flwr][INFO] - fit progress: (9, 112.5085341334343, {'accuracy': 0.5793}, 1623.5391264660284)
Configure Evaluate
[2024-02-25 17:39:57,072][flwr][DEBUG] - evaluate_round 9: strategy sampled 15 clients (out of 50)
[2024-02-25 17:40:09,646][flwr][DEBUG] - evaluate_round 9 received 15 results and 0 failures
Aggregate evaluate
Configure Fit
server round: 10
[2024-02-25 17:40:09,646][flwr][DEBUG] - fit_round 10: strategy sampled 15 clients (out of 50)
[2024-02-25 17:42:12,215][flwr][DEBUG] - fit_round 10 received 15 results and 0 failures
individual accuracies [0.4675, 0.4463, 0.4616, 0.4871, 0.4735, 0.4636, 0.4783, 0.479, 0.4745, 0.4862, 0.4733]
malicious is ['0', '0', '0', '0', '0', '0', '0', '0', '0', '0', '0']
Number of Evil Clients: 4
Number of Preset Malicious Clients is 0
Number of Preset Benign Clients is 11
Average poisoning accuracy: 0.9759
accuracies is [(0.4735, 0)]
accuracies is [(0.4735, 0)]
benign class is 0
malicious class is 10
Clustering acc for fcw is 1.0
Final Clustering acc is 1.0
19 added to evil list
Target label is 9
length of good results is 11 and length of bad results is 0
acc_diff is 0
Evaluate
Global Poisoning Accuracy: 0.0693
[2024-02-25 17:42:50,479][flwr][INFO] - fit progress: (10, 111.53935778141022, {'accuracy': 0.5925}, 1796.94653363002)
Configure Evaluate
[2024-02-25 17:42:50,479][flwr][DEBUG] - evaluate_round 10: strategy sampled 15 clients (out of 50)
[2024-02-25 17:43:03,087][flwr][DEBUG] - evaluate_round 10 received 15 results and 0 failures
Aggregate evaluate
Configure Fit
server round: 11
[2024-02-25 17:43:03,087][flwr][DEBUG] - fit_round 11: strategy sampled 15 clients (out of 50)
[2024-02-25 17:45:05,951][flwr][DEBUG] - fit_round 11 received 15 results and 0 failures
individual accuracies [0.495, 0.4598, 0.4954, 0.4968, 0.4701, 0.483, 0.5013, 0.4538, 0.244, 0.487, 0.5037]
malicious is ['0', '0', '0', '0', '0', '0', '0', '0', '2', '0', '0']
Number of Evil Clients: 4
Number of Preset Malicious Clients is 1
Number of Preset Benign Clients is 10
Average poisoning accuracy: 0.9751199999999999
accuracies is [(0.244, -1), (0.491, 0)]
accuracies is [(0.244, -1), (0.491, 0)]
benign class is 0
malicious class is -1
Clustering acc for fcw is 1.0
Final Clustering acc is 1.0
20 added to evil list
Target label is 9
length of good results is 10 and length of bad results is 1
acc_diff is 0
Evaluate
Global Poisoning Accuracy: 0.0999
[2024-02-25 17:45:46,890][flwr][INFO] - fit progress: (11, 114.18574154376984, {'accuracy': 0.5991}, 1973.3575660190545)
Configure Evaluate
[2024-02-25 17:45:46,890][flwr][DEBUG] - evaluate_round 11: strategy sampled 15 clients (out of 50)
[2024-02-25 17:45:59,458][flwr][DEBUG] - evaluate_round 11 received 15 results and 0 failures
Aggregate evaluate
Configure Fit
server round: 12
[2024-02-25 17:45:59,458][flwr][DEBUG] - fit_round 12: strategy sampled 15 clients (out of 50)
[2024-02-25 17:48:03,379][flwr][DEBUG] - fit_round 12 received 15 results and 0 failures
individual accuracies [0.4916, 0.5001, 0.4709, 0.504, 0.5003, 0.4715, 0.5149]
malicious is ['0', '0', '0', '0', '0', '0', '0']
Number of Evil Clients: 8
Number of Preset Malicious Clients is 0
Number of Preset Benign Clients is 7
Average poisoning accuracy: 0.9663249999999999
accuracies is [(0.5001, 0)]
accuracies is [(0.5001, 0)]
benign class is 0
malicious class is 10
Clustering acc for fcw is 1.0
Final Clustering acc is 1.0
20 added to evil list
Target label is 9
length of good results is 7 and length of bad results is 0
acc_diff is 0
Evaluate
Global Poisoning Accuracy: 0.0943
[2024-02-25 17:48:42,845][flwr][INFO] - fit progress: (12, 113.29317682981491, {'accuracy': 0.6046}, 2149.3130347250262)
Configure Evaluate
[2024-02-25 17:48:42,846][flwr][DEBUG] - evaluate_round 12: strategy sampled 15 clients (out of 50)
[2024-02-25 17:48:55,915][flwr][DEBUG] - evaluate_round 12 received 15 results and 0 failures
Aggregate evaluate
Configure Fit
server round: 13
[2024-02-25 17:48:55,915][flwr][DEBUG] - fit_round 13: strategy sampled 15 clients (out of 50)
[2024-02-25 17:51:01,717][flwr][DEBUG] - fit_round 13 received 15 results and 0 failures
individual accuracies [0.4993, 0.4955, 0.5178, 0.5167, 0.5132, 0.5109, 0.5015, 0.5007, 0.4939, 0.5007, 0.5075]
malicious is ['0', '0', '0', '0', '0', '0', '0', '0', '0', '0', '0']
Number of Evil Clients: 4
Number of Preset Malicious Clients is 0
Number of Preset Benign Clients is 11
Average poisoning accuracy: 0.9853000000000001
accuracies is [(0.5167, -1), (0.5011, 0)]
accuracies is [(0.5167, -1), (0.5011, 0)]
benign class is -1
malicious class is 0
Clustering acc for fcw is 0.09090909090909091
Final Clustering acc is 0.09090909090909091
20 added to evil list
Target label is 9
length of good results is 11 and length of bad results is 0
acc_diff is 0
Evaluate
Global Poisoning Accuracy: 0.0936
[2024-02-25 17:51:42,047][flwr][INFO] - fit progress: (13, 113.19903194904327, {'accuracy': 0.6152}, 2328.5140617450234)
Configure Evaluate
[2024-02-25 17:51:42,047][flwr][DEBUG] - evaluate_round 13: strategy sampled 15 clients (out of 50)
[2024-02-25 17:51:54,806][flwr][DEBUG] - evaluate_round 13 received 15 results and 0 failures
Aggregate evaluate
Configure Fit
server round: 14
[2024-02-25 17:51:54,806][flwr][DEBUG] - fit_round 14: strategy sampled 15 clients (out of 50)
[2024-02-25 17:53:54,652][flwr][DEBUG] - fit_round 14 received 15 results and 0 failures
individual accuracies [0.5195, 0.5274, 0.5153, 0.5101, 0.4733, 0.4998, 0.5076, 0.4891, 0.5196, 0.4898, 0.5309]
malicious is ['0', '0', '0', '0', '0', '0', '0', '0', '0', '0', '0']
Number of Evil Clients: 4
Number of Preset Malicious Clients is 0
Number of Preset Benign Clients is 11
Average poisoning accuracy: 0.9692250000000001
accuracies is [(0.5101, 0)]
accuracies is [(0.5101, 0)]
benign class is 0
malicious class is 10
Clustering acc for fcw is 1.0
Final Clustering acc is 1.0
20 added to evil list
Target label is 9
length of good results is 11 and length of bad results is 0
acc_diff is 0
Evaluate
Global Poisoning Accuracy: 0.0914
[2024-02-25 17:54:33,168][flwr][INFO] - fit progress: (14, 112.69288474321365, {'accuracy': 0.6192}, 2499.6356500200927)
Configure Evaluate
[2024-02-25 17:54:33,168][flwr][DEBUG] - evaluate_round 14: strategy sampled 15 clients (out of 50)
[2024-02-25 17:54:45,772][flwr][DEBUG] - evaluate_round 14 received 15 results and 0 failures
Aggregate evaluate
Configure Fit
server round: 15
[2024-02-25 17:54:45,772][flwr][DEBUG] - fit_round 15: strategy sampled 15 clients (out of 50)
[2024-02-25 17:56:48,708][flwr][DEBUG] - fit_round 15 received 15 results and 0 failures
individual accuracies [0.5138, 0.516, 0.5309, 0.5162, 0.5134, 0.543, 0.5113, 0.5199, 0.5217, 0.5444]
malicious is ['0', '0', '0', '0', '0', '0', '0', '0', '0', '0']
Number of Evil Clients: 5
Number of Preset Malicious Clients is 0
Number of Preset Benign Clients is 10
Average poisoning accuracy: 0.9628400000000001
accuracies is [(0.51805, 0)]
accuracies is [(0.51805, 0)]
benign class is 0
malicious class is 10
Clustering acc for fcw is 1.0
Final Clustering acc is 1.0
20 added to evil list
Target label is 9
length of good results is 10 and length of bad results is 0
acc_diff is 0
Evaluate
Global Poisoning Accuracy: 0.0956
[2024-02-25 17:57:26,065][flwr][INFO] - fit progress: (15, 112.66176277399063, {'accuracy': 0.6259}, 2672.532894920092)
Configure Evaluate
[2024-02-25 17:57:26,066][flwr][DEBUG] - evaluate_round 15: strategy sampled 15 clients (out of 50)
[2024-02-25 17:57:38,760][flwr][DEBUG] - evaluate_round 15 received 15 results and 0 failures
Aggregate evaluate
Configure Fit
server round: 16
[2024-02-25 17:57:38,760][flwr][DEBUG] - fit_round 16: strategy sampled 15 clients (out of 50)
[2024-02-25 17:59:37,340][flwr][DEBUG] - fit_round 16 received 15 results and 0 failures
individual accuracies [0.5388, 0.5085, 0.5243, 0.5446, 0.5268, 0.5218, 0.5361]
malicious is ['0', '0', '0', '0', '0', '0', '0']
Number of Evil Clients: 8
Number of Preset Malicious Clients is 0
Number of Preset Benign Clients is 7
Average poisoning accuracy: 0.9788749999999999
accuracies is [(0.5085, -1), (0.53145, 0)]
accuracies is [(0.5085, -1), (0.53145, 0)]
benign class is 0
malicious class is -1
Clustering acc for fcw is 0.8571428571428571
Final Clustering acc is 0.8571428571428571
20 added to evil list
Target label is 9
length of good results is 7 and length of bad results is 0
acc_diff is 0
Evaluate
Global Poisoning Accuracy: 0.0799
[2024-02-25 18:00:17,913][flwr][INFO] - fit progress: (16, 111.5481464266777, {'accuracy': 0.628}, 2844.380390462)
Configure Evaluate
[2024-02-25 18:00:17,913][flwr][DEBUG] - evaluate_round 16: strategy sampled 15 clients (out of 50)
[2024-02-25 18:00:30,614][flwr][DEBUG] - evaluate_round 16 received 15 results and 0 failures
Aggregate evaluate
Configure Fit
server round: 17
[2024-02-25 18:00:30,615][flwr][DEBUG] - fit_round 17: strategy sampled 15 clients (out of 50)
[2024-02-25 18:02:32,560][flwr][DEBUG] - fit_round 17 received 15 results and 0 failures
individual accuracies [0.5468, 0.5281, 0.5256, 0.5409, 0.5155, 0.4838, 0.5533]
malicious is ['0', '0', '0', '0', '0', '0', '0']
Number of Evil Clients: 8
Number of Preset Malicious Clients is 0
Number of Preset Benign Clients is 7
Average poisoning accuracy: 0.9703500000000002
accuracies is [(0.5185500000000001, -1), (0.5281, 0)]
accuracies is [(0.5185500000000001, -1), (0.5281, 0)]
benign class is 0
malicious class is -1
Clustering acc for fcw is 0.7142857142857143
Final Clustering acc is 0.7142857142857143
20 added to evil list
Target label is 9
length of good results is 7 and length of bad results is 0
acc_diff is 0
Evaluate
Global Poisoning Accuracy: 0.0851
[2024-02-25 18:03:13,037][flwr][INFO] - fit progress: (17, 111.88003319501877, {'accuracy': 0.6318}, 3019.5048595210537)
Configure Evaluate
[2024-02-25 18:03:13,038][flwr][DEBUG] - evaluate_round 17: strategy sampled 15 clients (out of 50)
[2024-02-25 18:03:25,716][flwr][DEBUG] - evaluate_round 17 received 15 results and 0 failures
Aggregate evaluate
Configure Fit
server round: 18
[2024-02-25 18:03:25,716][flwr][DEBUG] - fit_round 18: strategy sampled 15 clients (out of 50)
[2024-02-25 18:05:27,321][flwr][DEBUG] - fit_round 18 received 15 results and 0 failures
individual accuracies [0.56, 0.5387, 0.548, 0.5558, 0.548, 0.5567, 0.5369, 0.5621, 0.5463, 0.5457]
malicious is ['0', '0', '0', '0', '0', '0', '0', '0', '0', '0']
Number of Evil Clients: 5
Number of Preset Malicious Clients is 0
Number of Preset Benign Clients is 10
Average poisoning accuracy: 0.9708600000000001
accuracies is [(0.548, 0)]
accuracies is [(0.548, 0)]
benign class is 0
malicious class is 10
Clustering acc for fcw is 1.0
Final Clustering acc is 1.0
20 added to evil list
Target label is 9
length of good results is 10 and length of bad results is 0
acc_diff is 0
Evaluate
Global Poisoning Accuracy: 0.0967
[2024-02-25 18:06:05,394][flwr][INFO] - fit progress: (18, 107.00999289751053, {'accuracy': 0.6428}, 3191.861717880005)
Configure Evaluate
[2024-02-25 18:06:05,394][flwr][DEBUG] - evaluate_round 18: strategy sampled 15 clients (out of 50)
[2024-02-25 18:06:18,505][flwr][DEBUG] - evaluate_round 18 received 15 results and 0 failures
Aggregate evaluate
Configure Fit
server round: 19
[2024-02-25 18:06:18,506][flwr][DEBUG] - fit_round 19: strategy sampled 15 clients (out of 50)
[2024-02-25 18:08:20,394][flwr][DEBUG] - fit_round 19 received 15 results and 0 failures
individual accuracies [0.5634, 0.5491, 0.5631, 0.5326, 0.5402, 0.5188, 0.5361, 0.5355]
malicious is ['0', '0', '0', '0', '0', '0', '0', '0']
Number of Evil Clients: 7
Number of Preset Malicious Clients is 0
Number of Preset Benign Clients is 8
Average poisoning accuracy: 0.9837999999999999
accuracies is [(0.53815, 0)]
accuracies is [(0.53815, 0)]
benign class is 0
malicious class is 10
Clustering acc for fcw is 1.0
Final Clustering acc is 1.0
20 added to evil list
Target label is 9
length of good results is 8 and length of bad results is 0
acc_diff is 0
Evaluate
Global Poisoning Accuracy: 0.0937
[2024-02-25 18:08:59,231][flwr][INFO] - fit progress: (19, 107.23342955112457, {'accuracy': 0.6371}, 3365.6982739020605)
Configure Evaluate
[2024-02-25 18:08:59,231][flwr][DEBUG] - evaluate_round 19: strategy sampled 15 clients (out of 50)
[2024-02-25 18:09:11,914][flwr][DEBUG] - evaluate_round 19 received 15 results and 0 failures
Aggregate evaluate
Configure Fit
server round: 20
[2024-02-25 18:09:11,915][flwr][DEBUG] - fit_round 20: strategy sampled 15 clients (out of 50)
[2024-02-25 18:11:15,006][flwr][DEBUG] - fit_round 20 received 15 results and 0 failures
individual accuracies [0.5522, 0.5518, 0.5572, 0.5358, 0.5664, 0.5682, 0.5533, 0.5683, 0.5608, 0.5524, 0.5496]
malicious is ['0', '0', '0', '0', '0', '0', '0', '0', '0', '0', '0']
Number of Evil Clients: 4
Number of Preset Malicious Clients is 0
Number of Preset Benign Clients is 11
Average poisoning accuracy: 0.98005
accuracies is [(0.5533, 0)]
accuracies is [(0.5533, 0)]
benign class is 0
malicious class is 10
Clustering acc for fcw is 1.0
Final Clustering acc is 1.0
20 added to evil list
Target label is 9
length of good results is 11 and length of bad results is 0
acc_diff is 0
Evaluate
Global Poisoning Accuracy: 0.1015
[2024-02-25 18:11:51,373][flwr][INFO] - fit progress: (20, 104.86765211820602, {'accuracy': 0.6451}, 3537.840674718027)
Configure Evaluate
[2024-02-25 18:11:51,373][flwr][DEBUG] - evaluate_round 20: strategy sampled 15 clients (out of 50)
[2024-02-25 18:12:04,025][flwr][DEBUG] - evaluate_round 20 received 15 results and 0 failures
Aggregate evaluate
Configure Fit
server round: 21
[2024-02-25 18:12:04,025][flwr][DEBUG] - fit_round 21: strategy sampled 15 clients (out of 50)
[2024-02-25 18:14:04,909][flwr][DEBUG] - fit_round 21 received 15 results and 0 failures
individual accuracies [0.5652, 0.551, 0.5702, 0.5732, 0.5523, 0.5602, 0.5379, 0.5805]
malicious is ['0', '0', '0', '0', '0', '0', '0', '0']
Number of Evil Clients: 7
Number of Preset Malicious Clients is 0
Number of Preset Benign Clients is 8
Average poisoning accuracy: 0.9846285714285715
accuracies is [(0.5627, 0)]
accuracies is [(0.5627, 0)]
benign class is 0
malicious class is 10
Clustering acc for fcw is 1.0
Final Clustering acc is 1.0
20 added to evil list
Target label is 9
length of good results is 8 and length of bad results is 0
acc_diff is 0
Evaluate
Global Poisoning Accuracy: 0.0938
[2024-02-25 18:14:43,784][flwr][INFO] - fit progress: (21, 106.71185964345932, {'accuracy': 0.6432}, 3710.2513443960343)
Configure Evaluate
[2024-02-25 18:14:43,784][flwr][DEBUG] - evaluate_round 21: strategy sampled 15 clients (out of 50)
[2024-02-25 18:14:56,388][flwr][DEBUG] - evaluate_round 21 received 15 results and 0 failures
Aggregate evaluate
Configure Fit
server round: 22
[2024-02-25 18:14:56,388][flwr][DEBUG] - fit_round 22: strategy sampled 15 clients (out of 50)
[2024-02-25 18:17:04,765][flwr][DEBUG] - fit_round 22 received 15 results and 0 failures
individual accuracies [0.5524, 0.5809, 0.5626, 0.5401, 0.5517, 0.562, 0.5519, 0.5782, 0.5636, 0.559]
malicious is ['0', '0', '0', '0', '0', '0', '0', '0', '0', '0']
Number of Evil Clients: 5
Number of Preset Malicious Clients is 0
Number of Preset Benign Clients is 10
Average poisoning accuracy: 0.98164
accuracies is [(0.5605, 0)]
accuracies is [(0.5605, 0)]
benign class is 0
malicious class is 10
Clustering acc for fcw is 1.0
Final Clustering acc is 1.0
20 added to evil list
Target label is 9
length of good results is 10 and length of bad results is 0
acc_diff is 0
Evaluate
Global Poisoning Accuracy: 0.0917
[2024-02-25 18:17:44,250][flwr][INFO] - fit progress: (22, 102.2208924293518, {'accuracy': 0.6533}, 3890.7172845510067)
Configure Evaluate
[2024-02-25 18:17:44,250][flwr][DEBUG] - evaluate_round 22: strategy sampled 15 clients (out of 50)
[2024-02-25 18:17:56,603][flwr][DEBUG] - evaluate_round 22 received 15 results and 0 failures
Aggregate evaluate
Configure Fit
server round: 23
[2024-02-25 18:17:56,604][flwr][DEBUG] - fit_round 23: strategy sampled 15 clients (out of 50)
[2024-02-25 18:19:59,790][flwr][DEBUG] - fit_round 23 received 15 results and 0 failures
individual accuracies [0.579, 0.5574, 0.5627, 0.5584, 0.5758, 0.5742, 0.5692, 0.5517, 0.5426, 0.5812, 0.5777]
malicious is ['0', '0', '0', '0', '0', '0', '0', '0', '0', '0', '0']
Number of Evil Clients: 4
Number of Preset Malicious Clients is 0
Number of Preset Benign Clients is 11
Average poisoning accuracy: 0.978625
accuracies is [(0.5692, 0)]
accuracies is [(0.5692, 0)]
benign class is 0
malicious class is 10
Clustering acc for fcw is 1.0
Final Clustering acc is 1.0
20 added to evil list
Target label is 9
length of good results is 11 and length of bad results is 0
acc_diff is 0
Evaluate
Global Poisoning Accuracy: 0.0983
[2024-02-25 18:20:38,564][flwr][INFO] - fit progress: (23, 102.49780976772308, {'accuracy': 0.6513}, 4065.0311002969975)
Configure Evaluate
[2024-02-25 18:20:38,564][flwr][DEBUG] - evaluate_round 23: strategy sampled 15 clients (out of 50)
[2024-02-25 18:20:51,085][flwr][DEBUG] - evaluate_round 23 received 15 results and 0 failures
Aggregate evaluate
Configure Fit
server round: 24
[2024-02-25 18:20:51,085][flwr][DEBUG] - fit_round 24: strategy sampled 15 clients (out of 50)
[2024-02-25 18:22:53,633][flwr][DEBUG] - fit_round 24 received 15 results and 0 failures
individual accuracies [0.5706, 0.5417, 0.5793, 0.5752, 0.5706, 0.5434, 0.5708, 0.5838, 0.582]
malicious is ['0', '0', '0', '0', '0', '0', '0', '0', '0']
Number of Evil Clients: 6
Number of Preset Malicious Clients is 0
Number of Preset Benign Clients is 9
Average poisoning accuracy: 0.9790666666666666
accuracies is [(0.5708, 0)]
accuracies is [(0.5708, 0)]
benign class is 0
malicious class is 10
Clustering acc for fcw is 1.0
Final Clustering acc is 1.0
20 added to evil list
Target label is 9
length of good results is 9 and length of bad results is 0
acc_diff is 0
Evaluate
Global Poisoning Accuracy: 0.0986
[2024-02-25 18:23:32,101][flwr][INFO] - fit progress: (24, 103.1946387887001, {'accuracy': 0.6556}, 4238.569008792983)
Configure Evaluate
[2024-02-25 18:23:32,102][flwr][DEBUG] - evaluate_round 24: strategy sampled 15 clients (out of 50)
[2024-02-25 18:23:44,726][flwr][DEBUG] - evaluate_round 24 received 15 results and 0 failures
Aggregate evaluate
Configure Fit
server round: 25
[2024-02-25 18:23:44,726][flwr][DEBUG] - fit_round 25: strategy sampled 15 clients (out of 50)
[2024-02-25 18:25:48,614][flwr][DEBUG] - fit_round 25 received 15 results and 0 failures
individual accuracies [0.5566, 0.582, 0.5789, 0.5833, 0.572, 0.5477, 0.5662]
malicious is ['0', '0', '0', '0', '0', '0', '0']
Number of Evil Clients: 8
Number of Preset Malicious Clients is 0
Number of Preset Benign Clients is 7
Average poisoning accuracy: 0.9849124999999999
accuracies is [(0.5662, -1), (0.57545, 0)]
accuracies is [(0.5662, -1), (0.57545, 0)]
benign class is 0
malicious class is -1
Clustering acc for fcw is 0.8571428571428571
Final Clustering acc is 0.8571428571428571
20 added to evil list
Target label is 9
length of good results is 7 and length of bad results is 0
acc_diff is 0
Evaluate
Global Poisoning Accuracy: 0.1011
[2024-02-25 18:26:27,934][flwr][INFO] - fit progress: (25, 99.85686248540878, {'accuracy': 0.6617}, 4414.401949738036)
Configure Evaluate
[2024-02-25 18:26:27,935][flwr][DEBUG] - evaluate_round 25: strategy sampled 15 clients (out of 50)
[2024-02-25 18:26:40,457][flwr][DEBUG] - evaluate_round 25 received 15 results and 0 failures
Aggregate evaluate
Configure Fit
server round: 26
[2024-02-25 18:26:40,457][flwr][DEBUG] - fit_round 26: strategy sampled 15 clients (out of 50)
[2024-02-25 18:28:42,818][flwr][DEBUG] - fit_round 26 received 15 results and 0 failures
individual accuracies [0.5849, 0.5606, 0.5913, 0.5559, 0.5844, 0.5732, 0.573, 0.547]
malicious is ['0', '0', '0', '0', '0', '0', '0', '0']
Number of Evil Clients: 7
Number of Preset Malicious Clients is 0
Number of Preset Benign Clients is 8
Average poisoning accuracy: 0.9763714285714286
accuracies is [(0.5559, -1), (0.5732, 0)]
accuracies is [(0.5559, -1), (0.5732, 0)]
benign class is 0
malicious class is -1
Clustering acc for fcw is 0.875
Final Clustering acc is 0.875
20 added to evil list
Target label is 9
length of good results is 8 and length of bad results is 0
acc_diff is 0
Evaluate
Global Poisoning Accuracy: 0.1135
[2024-02-25 18:29:20,392][flwr][INFO] - fit progress: (26, 102.94716542959213, {'accuracy': 0.6564}, 4586.859944780008)
Configure Evaluate
[2024-02-25 18:29:20,393][flwr][DEBUG] - evaluate_round 26: strategy sampled 15 clients (out of 50)
[2024-02-25 18:29:32,951][flwr][DEBUG] - evaluate_round 26 received 15 results and 0 failures
Aggregate evaluate
Configure Fit
server round: 27
[2024-02-25 18:29:32,951][flwr][DEBUG] - fit_round 27: strategy sampled 15 clients (out of 50)
[2024-02-25 18:31:34,599][flwr][DEBUG] - fit_round 27 received 15 results and 0 failures
individual accuracies [0.5637, 0.5836, 0.5842, 0.5827, 0.6182, 0.5565, 0.5715]
malicious is ['0', '0', '0', '0', '0', '0', '0']
Number of Evil Clients: 8
Number of Preset Malicious Clients is 0
Number of Preset Benign Clients is 7
Average poisoning accuracy: 0.9810625
accuracies is [(0.5827, 0)]
accuracies is [(0.5827, 0)]
benign class is 0
malicious class is 10
Clustering acc for fcw is 1.0
Final Clustering acc is 1.0
20 added to evil list
Target label is 9
length of good results is 7 and length of bad results is 0
acc_diff is 0
Evaluate
Global Poisoning Accuracy: 0.0974
[2024-02-25 18:32:13,017][flwr][INFO] - fit progress: (27, 103.91202092170715, {'accuracy': 0.6589}, 4759.484295701026)
Configure Evaluate
[2024-02-25 18:32:13,017][flwr][DEBUG] - evaluate_round 27: strategy sampled 15 clients (out of 50)
[2024-02-25 18:32:25,565][flwr][DEBUG] - evaluate_round 27 received 15 results and 0 failures
Aggregate evaluate
Configure Fit
server round: 28
[2024-02-25 18:32:25,566][flwr][DEBUG] - fit_round 28: strategy sampled 15 clients (out of 50)
[2024-02-25 18:34:28,809][flwr][DEBUG] - fit_round 28 received 15 results and 0 failures
individual accuracies [0.5784, 0.5889, 0.5842, 0.5763, 0.5864, 0.5723, 0.5785, 0.5898]
malicious is ['0', '0', '0', '0', '0', '0', '0', '0']
Number of Evil Clients: 7
Number of Preset Malicious Clients is 0
Number of Preset Benign Clients is 8
Average poisoning accuracy: 0.9820857142857141
accuracies is [(0.5864, -1), (0.5785, 0)]
accuracies is [(0.5864, -1), (0.5785, 0)]
benign class is -1
malicious class is 0
Clustering acc for fcw is 0.125
Final Clustering acc is 0.125
20 added to evil list
Target label is 9
length of good results is 8 and length of bad results is 0
acc_diff is 0
Evaluate
Global Poisoning Accuracy: 0.1032
[2024-02-25 18:35:07,423][flwr][INFO] - fit progress: (28, 104.76001852750778, {'accuracy': 0.6566}, 4933.891033501015)
Configure Evaluate
[2024-02-25 18:35:07,424][flwr][DEBUG] - evaluate_round 28: strategy sampled 15 clients (out of 50)
[2024-02-25 18:35:20,005][flwr][DEBUG] - evaluate_round 28 received 15 results and 0 failures
Aggregate evaluate
Configure Fit
server round: 29
[2024-02-25 18:35:20,006][flwr][DEBUG] - fit_round 29: strategy sampled 15 clients (out of 50)
[2024-02-25 18:37:22,742][flwr][DEBUG] - fit_round 29 received 15 results and 0 failures
individual accuracies [0.5792, 0.5648, 0.5672, 0.5507, 0.5748, 0.5656, 0.5837]
malicious is ['0', '0', '0', '0', '0', '0', '0']
Number of Evil Clients: 8
Number of Preset Malicious Clients is 0
Number of Preset Benign Clients is 7
Average poisoning accuracy: 0.979425
accuracies is [(0.5672, 0)]
accuracies is [(0.5672, 0)]
benign class is 0
malicious class is 10
Clustering acc for fcw is 1.0
Final Clustering acc is 1.0
20 added to evil list
Target label is 9
length of good results is 7 and length of bad results is 0
acc_diff is 0
Evaluate
Global Poisoning Accuracy: 0.0964
[2024-02-25 18:38:01,464][flwr][INFO] - fit progress: (29, 106.35856205224991, {'accuracy': 0.6551}, 5107.931086468045)
Configure Evaluate
[2024-02-25 18:38:01,464][flwr][DEBUG] - evaluate_round 29: strategy sampled 15 clients (out of 50)
[2024-02-25 18:38:14,166][flwr][DEBUG] - evaluate_round 29 received 15 results and 0 failures
Aggregate evaluate
Configure Fit
server round: 30
[2024-02-25 18:38:14,166][flwr][DEBUG] - fit_round 30: strategy sampled 15 clients (out of 50)
[2024-02-25 18:40:19,558][flwr][DEBUG] - fit_round 30 received 15 results and 0 failures
individual accuracies [0.5971, 0.5859, 0.5985, 0.6182, 0.5723, 0.5834, 0.5651, 0.592]
malicious is ['0', '0', '0', '0', '0', '0', '0', '0']
Number of Evil Clients: 7
Number of Preset Malicious Clients is 0
Number of Preset Benign Clients is 8
Average poisoning accuracy: 0.9784857142857144
accuracies is [(0.58895, 0)]
accuracies is [(0.58895, 0)]
benign class is 0
malicious class is 10
Clustering acc for fcw is 1.0
Final Clustering acc is 1.0
20 added to evil list
Target label is 9
length of good results is 8 and length of bad results is 0
acc_diff is 0
Evaluate
Global Poisoning Accuracy: 0.102
[2024-02-25 18:40:59,224][flwr][INFO] - fit progress: (30, 103.69344282150269, {'accuracy': 0.6646}, 5285.69171867508)
Configure Evaluate
[2024-02-25 18:40:59,224][flwr][DEBUG] - evaluate_round 30: strategy sampled 15 clients (out of 50)
[2024-02-25 18:41:11,873][flwr][DEBUG] - evaluate_round 30 received 15 results and 0 failures
Aggregate evaluate
Configure Fit
server round: 31
[2024-02-25 18:41:11,874][flwr][DEBUG] - fit_round 31: strategy sampled 15 clients (out of 50)
[2024-02-25 18:43:15,603][flwr][DEBUG] - fit_round 31 received 15 results and 0 failures
individual accuracies [0.5737, 0.5819, 0.5956, 0.6011, 0.5891, 0.5695, 0.5957, 0.5615, 0.5765]
malicious is ['0', '0', '0', '0', '0', '0', '0', '0', '0']
Number of Evil Clients: 6
Number of Preset Malicious Clients is 0
Number of Preset Benign Clients is 9
Average poisoning accuracy: 0.9818833333333333
accuracies is [(0.5819, 0)]
accuracies is [(0.5819, 0)]
benign class is 0
malicious class is 10
Clustering acc for fcw is 1.0
Final Clustering acc is 1.0
20 added to evil list
Target label is 9
length of good results is 9 and length of bad results is 0
acc_diff is 0
Evaluate
Global Poisoning Accuracy: 0.1006
[2024-02-25 18:43:55,243][flwr][INFO] - fit progress: (31, 100.57551944255829, {'accuracy': 0.667}, 5461.71048654709)
Configure Evaluate
[2024-02-25 18:43:55,243][flwr][DEBUG] - evaluate_round 31: strategy sampled 15 clients (out of 50)
[2024-02-25 18:44:07,854][flwr][DEBUG] - evaluate_round 31 received 15 results and 0 failures
Aggregate evaluate
Configure Fit
server round: 32
[2024-02-25 18:44:07,855][flwr][DEBUG] - fit_round 32: strategy sampled 15 clients (out of 50)
[2024-02-25 18:46:09,489][flwr][DEBUG] - fit_round 32 received 15 results and 0 failures
individual accuracies [0.5881, 0.5934, 0.5921, 0.6002, 0.5863, 0.5919, 0.5754, 0.5813, 0.5865]
malicious is ['0', '0', '0', '0', '0', '0', '0', '0', '0']
Number of Evil Clients: 6
Number of Preset Malicious Clients is 0
Number of Preset Benign Clients is 9
Average poisoning accuracy: 0.9819833333333334
accuracies is [(0.5881, 0)]
accuracies is [(0.5881, 0)]
benign class is 0
malicious class is 10
Clustering acc for fcw is 1.0
Final Clustering acc is 1.0
20 added to evil list
Target label is 9
length of good results is 9 and length of bad results is 0
acc_diff is 0
Evaluate
Global Poisoning Accuracy: 0.1083
[2024-02-25 18:46:50,597][flwr][INFO] - fit progress: (32, 100.65981090068817, {'accuracy': 0.6698}, 5637.064877666999)
Configure Evaluate
[2024-02-25 18:46:50,598][flwr][DEBUG] - evaluate_round 32: strategy sampled 15 clients (out of 50)
[2024-02-25 18:47:03,346][flwr][DEBUG] - evaluate_round 32 received 15 results and 0 failures
Aggregate evaluate
Configure Fit
server round: 33
[2024-02-25 18:47:03,347][flwr][DEBUG] - fit_round 33: strategy sampled 15 clients (out of 50)
[2024-02-25 18:49:04,916][flwr][DEBUG] - fit_round 33 received 15 results and 0 failures
individual accuracies [0.5867, 0.5834, 0.5912, 0.5827, 0.5889, 0.5796, 0.598, 0.5859, 0.5694]
malicious is ['0', '0', '0', '0', '0', '0', '0', '0', '0']
Number of Evil Clients: 6
Number of Preset Malicious Clients is 0
Number of Preset Benign Clients is 9
Average poisoning accuracy: 0.9821666666666666
accuracies is [(0.5859, 0)]
accuracies is [(0.5859, 0)]
benign class is 0
malicious class is 10
Clustering acc for fcw is 1.0
Final Clustering acc is 1.0
20 added to evil list
Target label is 9
length of good results is 9 and length of bad results is 0
acc_diff is 0
Evaluate
Global Poisoning Accuracy: 0.1034
[2024-02-25 18:49:44,169][flwr][INFO] - fit progress: (33, 101.1541817188263, {'accuracy': 0.6682}, 5810.636398337083)
Configure Evaluate
[2024-02-25 18:49:44,169][flwr][DEBUG] - evaluate_round 33: strategy sampled 15 clients (out of 50)
[2024-02-25 18:49:56,827][flwr][DEBUG] - evaluate_round 33 received 15 results and 0 failures
Aggregate evaluate
Configure Fit
server round: 34
[2024-02-25 18:49:56,827][flwr][DEBUG] - fit_round 34: strategy sampled 15 clients (out of 50)
[2024-02-25 18:52:00,408][flwr][DEBUG] - fit_round 34 received 15 results and 0 failures
individual accuracies [0.6058, 0.5937, 0.5869, 0.5784, 0.6137, 0.5775, 0.5997]
malicious is ['0', '0', '0', '0', '0', '0', '0']
Number of Evil Clients: 8
Number of Preset Malicious Clients is 0
Number of Preset Benign Clients is 7
Average poisoning accuracy: 0.974925
accuracies is [(0.5937, 0)]
accuracies is [(0.5937, 0)]
benign class is 0
malicious class is 10
Clustering acc for fcw is 1.0
Final Clustering acc is 1.0
20 added to evil list
Target label is 9
length of good results is 7 and length of bad results is 0
acc_diff is 0
Evaluate
Global Poisoning Accuracy: 0.1009
[2024-02-25 18:52:41,850][flwr][INFO] - fit progress: (34, 108.65738552808762, {'accuracy': 0.6646}, 5988.318021921092)
Configure Evaluate
[2024-02-25 18:52:41,851][flwr][DEBUG] - evaluate_round 34: strategy sampled 15 clients (out of 50)
[2024-02-25 18:52:55,317][flwr][DEBUG] - evaluate_round 34 received 15 results and 0 failures
Aggregate evaluate
Configure Fit
server round: 35
[2024-02-25 18:52:55,317][flwr][DEBUG] - fit_round 35: strategy sampled 15 clients (out of 50)
[2024-02-25 18:54:55,882][flwr][DEBUG] - fit_round 35 received 15 results and 0 failures
individual accuracies [0.592, 0.5916, 0.5812, 0.5848, 0.6239, 0.598, 0.5842, 0.5992, 0.5723]
malicious is ['0', '0', '0', '0', '0', '0', '0', '0', '0']
Number of Evil Clients: 6
Number of Preset Malicious Clients is 0
Number of Preset Benign Clients is 9
Average poisoning accuracy: 0.9759666666666668
accuracies is [(0.5916, 0)]
accuracies is [(0.5916, 0)]
benign class is 0
malicious class is 10
Clustering acc for fcw is 1.0
Final Clustering acc is 1.0
20 added to evil list
Target label is 9
length of good results is 9 and length of bad results is 0
acc_diff is 0
Evaluate
Global Poisoning Accuracy: 0.0926
[2024-02-25 18:55:34,294][flwr][INFO] - fit progress: (35, 102.16273587942123, {'accuracy': 0.6697}, 6160.76164081099)
Configure Evaluate
[2024-02-25 18:55:34,295][flwr][DEBUG] - evaluate_round 35: strategy sampled 15 clients (out of 50)
[2024-02-25 18:55:47,056][flwr][DEBUG] - evaluate_round 35 received 15 results and 0 failures
Aggregate evaluate
Configure Fit
server round: 36
[2024-02-25 18:55:47,057][flwr][DEBUG] - fit_round 36: strategy sampled 15 clients (out of 50)
[2024-02-25 18:57:47,171][flwr][DEBUG] - fit_round 36 received 15 results and 0 failures
individual accuracies [0.5855, 0.5897, 0.5845, 0.613, 0.5901, 0.5935, 0.6017, 0.5975, 0.6292, 0.5962]
malicious is ['0', '0', '0', '0', '0', '0', '0', '0', '0', '0']
Number of Evil Clients: 5
Number of Preset Malicious Clients is 0
Number of Preset Benign Clients is 10
Average poisoning accuracy: 0.97334
accuracies is [(0.5855, -1), (0.5962, 0)]
accuracies is [(0.5855, -1), (0.5962, 0)]
benign class is 0
malicious class is -1
Clustering acc for fcw is 0.9
Final Clustering acc is 0.9
20 added to evil list
Target label is 9
length of good results is 10 and length of bad results is 0
acc_diff is 0
Evaluate
Global Poisoning Accuracy: 0.1017
[2024-02-25 18:58:25,556][flwr][INFO] - fit progress: (36, 101.59000062942505, {'accuracy': 0.6777}, 6332.023437467986)
Configure Evaluate
[2024-02-25 18:58:25,556][flwr][DEBUG] - evaluate_round 36: strategy sampled 15 clients (out of 50)
[2024-02-25 18:58:38,039][flwr][DEBUG] - evaluate_round 36 received 15 results and 0 failures
Aggregate evaluate
Configure Fit
server round: 37
[2024-02-25 18:58:38,039][flwr][DEBUG] - fit_round 37: strategy sampled 15 clients (out of 50)
[2024-02-25 19:00:38,383][flwr][DEBUG] - fit_round 37 received 15 results and 0 failures
individual accuracies [0.6038, 0.5852, 0.5505, 0.603, 0.5869, 0.5896, 0.6008, 0.6429, 0.606, 0.5991, 0.5764, 0.5563]
malicious is ['0', '0', '0', '0', '0', '0', '0', '0', '0', '0', '0', '0']
Number of Evil Clients: 3
Number of Preset Malicious Clients is 0
Number of Preset Benign Clients is 12
Average poisoning accuracy: 0.9773000000000001
accuracies is [(0.5943499999999999, 0)]
accuracies is [(0.5943499999999999, 0)]
benign class is 0
malicious class is 10
Clustering acc for fcw is 1.0
Final Clustering acc is 1.0
20 added to evil list
Target label is 9
length of good results is 12 and length of bad results is 0
acc_diff is 0
Evaluate
Global Poisoning Accuracy: 0.0924
[2024-02-25 19:01:16,416][flwr][INFO] - fit progress: (37, 101.8772788643837, {'accuracy': 0.6781}, 6502.883845219039)
Configure Evaluate
[2024-02-25 19:01:16,417][flwr][DEBUG] - evaluate_round 37: strategy sampled 15 clients (out of 50)
[2024-02-25 19:01:28,784][flwr][DEBUG] - evaluate_round 37 received 15 results and 0 failures
Aggregate evaluate
Configure Fit
server round: 38
[2024-02-25 19:01:28,785][flwr][DEBUG] - fit_round 38: strategy sampled 15 clients (out of 50)
[2024-02-25 19:03:32,617][flwr][DEBUG] - fit_round 38 received 15 results and 0 failures
individual accuracies [0.5857, 0.6016, 0.5893, 0.6498, 0.5914, 0.6029, 0.6011, 0.6013, 0.5793]
malicious is ['0', '0', '0', '0', '0', '0', '0', '0', '0']
Number of Evil Clients: 6
Number of Preset Malicious Clients is 0
Number of Preset Benign Clients is 9
Average poisoning accuracy: 0.9783500000000002
accuracies is [(0.5893, -1), (0.6012, 0)]
accuracies is [(0.5893, -1), (0.6012, 0)]
benign class is 0
malicious class is -1
Clustering acc for fcw is 0.8888888888888888
Final Clustering acc is 0.8888888888888888
20 added to evil list
Target label is 9
length of good results is 9 and length of bad results is 0
acc_diff is 0
Evaluate
Global Poisoning Accuracy: 0.1033
[2024-02-25 19:04:10,541][flwr][INFO] - fit progress: (38, 101.85058936476707, {'accuracy': 0.6868}, 6677.008192029083)
Configure Evaluate
[2024-02-25 19:04:10,541][flwr][DEBUG] - evaluate_round 38: strategy sampled 15 clients (out of 50)
[2024-02-25 19:04:22,912][flwr][DEBUG] - evaluate_round 38 received 15 results and 0 failures
Aggregate evaluate
Configure Fit
server round: 39
[2024-02-25 19:04:22,912][flwr][DEBUG] - fit_round 39: strategy sampled 15 clients (out of 50)
[2024-02-25 19:06:22,683][flwr][DEBUG] - fit_round 39 received 15 results and 0 failures
individual accuracies [0.6004, 0.5997, 0.586, 0.5964, 0.5947, 0.6108, 0.6157, 0.5924, 0.5954]
malicious is ['0', '0', '0', '0', '0', '0', '0', '0', '0']
Number of Evil Clients: 6
Number of Preset Malicious Clients is 0
Number of Preset Benign Clients is 9
Average poisoning accuracy: 0.9824166666666666
accuracies is [(0.5964, 0)]
accuracies is [(0.5964, 0)]
benign class is 0
malicious class is 10
Clustering acc for fcw is 1.0
Final Clustering acc is 1.0
20 added to evil list
Target label is 9
length of good results is 9 and length of bad results is 0
acc_diff is 0
Evaluate
Global Poisoning Accuracy: 0.093
[2024-02-25 19:07:01,754][flwr][INFO] - fit progress: (39, 105.89552944898605, {'accuracy': 0.6765}, 6848.221510755015)
Configure Evaluate
[2024-02-25 19:07:01,754][flwr][DEBUG] - evaluate_round 39: strategy sampled 15 clients (out of 50)
[2024-02-25 19:07:14,429][flwr][DEBUG] - evaluate_round 39 received 15 results and 0 failures
Aggregate evaluate
Configure Fit
server round: 40
[2024-02-25 19:07:14,429][flwr][DEBUG] - fit_round 40: strategy sampled 15 clients (out of 50)
[2024-02-25 19:09:15,138][flwr][DEBUG] - fit_round 40 received 15 results and 0 failures
individual accuracies [0.5772, 0.6026, 0.5887, 0.5837, 0.6066, 0.5991, 0.659, 0.6147, 0.5947, 0.5891, 0.5955]
malicious is ['0', '0', '0', '0', '0', '0', '0', '0', '0', '0', '0']
Number of Evil Clients: 4
Number of Preset Malicious Clients is 0
Number of Preset Benign Clients is 11
Average poisoning accuracy: 0.9747250000000001
accuracies is [(0.5772, -1), (0.5972999999999999, 0)]
accuracies is [(0.5772, -1), (0.5972999999999999, 0)]
benign class is 0
malicious class is -1
Clustering acc for fcw is 0.9090909090909091
Final Clustering acc is 0.9090909090909091
20 added to evil list
Target label is 9
length of good results is 11 and length of bad results is 0
acc_diff is 0
Evaluate
Global Poisoning Accuracy: 0.0912
[2024-02-25 19:09:52,944][flwr][INFO] - fit progress: (40, 103.92777508497238, {'accuracy': 0.679}, 7019.411446886021)
Configure Evaluate
[2024-02-25 19:09:52,944][flwr][DEBUG] - evaluate_round 40: strategy sampled 15 clients (out of 50)
[2024-02-25 19:10:05,642][flwr][DEBUG] - evaluate_round 40 received 15 results and 0 failures
Aggregate evaluate
Configure Fit
server round: 41
[2024-02-25 19:10:05,643][flwr][DEBUG] - fit_round 41: strategy sampled 15 clients (out of 50)
[2024-02-25 19:12:06,760][flwr][DEBUG] - fit_round 41 received 15 results and 0 failures
individual accuracies [0.5882, 0.5722, 0.6234, 0.5901, 0.617, 0.5836, 0.5813, 0.6633, 0.5983, 0.5888, 0.5807]
malicious is ['0', '0', '0', '0', '0', '0', '0', '0', '0', '0', '0']
Number of Evil Clients: 4
Number of Preset Malicious Clients is 0
Number of Preset Benign Clients is 11
Average poisoning accuracy: 0.9847
accuracies is [(0.5888, 0)]
accuracies is [(0.5888, 0)]
benign class is 0
malicious class is 10
Clustering acc for fcw is 1.0
Final Clustering acc is 1.0
20 added to evil list
Target label is 9
length of good results is 11 and length of bad results is 0
acc_diff is 0
Evaluate
Global Poisoning Accuracy: 0.0954
[2024-02-25 19:12:48,285][flwr][INFO] - fit progress: (41, 105.5318860411644, {'accuracy': 0.6816}, 7194.753032358014)
Configure Evaluate
[2024-02-25 19:12:48,286][flwr][DEBUG] - evaluate_round 41: strategy sampled 15 clients (out of 50)
[2024-02-25 19:13:00,868][flwr][DEBUG] - evaluate_round 41 received 15 results and 0 failures
Aggregate evaluate
Configure Fit
server round: 42
[2024-02-25 19:13:00,868][flwr][DEBUG] - fit_round 42: strategy sampled 15 clients (out of 50)
[2024-02-25 19:15:01,805][flwr][DEBUG] - fit_round 42 received 15 results and 0 failures
individual accuracies [0.5945, 0.6508, 0.5987, 0.5849, 0.5736, 0.5746, 0.6074, 0.6083]
malicious is ['0', '0', '0', '0', '0', '0', '0', '0']
Number of Evil Clients: 7
Number of Preset Malicious Clients is 0
Number of Preset Benign Clients is 8
Average poisoning accuracy: 0.9756285714285714
accuracies is [(0.5966, 0)]
accuracies is [(0.5966, 0)]
benign class is 0
malicious class is 10
Clustering acc for fcw is 1.0
Final Clustering acc is 1.0
20 added to evil list
Target label is 9
length of good results is 8 and length of bad results is 0
acc_diff is 0
Evaluate
Global Poisoning Accuracy: 0.1046
[2024-02-25 19:15:41,235][flwr][INFO] - fit progress: (42, 109.69428026676178, {'accuracy': 0.6754}, 7367.702625573031)
Configure Evaluate
[2024-02-25 19:15:41,235][flwr][DEBUG] - evaluate_round 42: strategy sampled 15 clients (out of 50)
[2024-02-25 19:15:54,031][flwr][DEBUG] - evaluate_round 42 received 15 results and 0 failures
Aggregate evaluate
Configure Fit
server round: 43
[2024-02-25 19:15:54,031][flwr][DEBUG] - fit_round 43: strategy sampled 15 clients (out of 50)
[2024-02-25 19:17:58,061][flwr][DEBUG] - fit_round 43 received 15 results and 0 failures
individual accuracies [0.5719, 0.5654, 0.5757, 0.5905, 0.5731, 0.5845, 0.6062, 0.6028, 0.585]
malicious is ['0', '0', '0', '0', '0', '0', '0', '0', '0']
Number of Evil Clients: 6
Number of Preset Malicious Clients is 0
Number of Preset Benign Clients is 9
Average poisoning accuracy: 0.97885
accuracies is [(0.5845, 0)]
accuracies is [(0.5845, 0)]
benign class is 0
malicious class is 10
Clustering acc for fcw is 1.0
Final Clustering acc is 1.0
20 added to evil list
Target label is 9
length of good results is 9 and length of bad results is 0
acc_diff is 0
Evaluate
Global Poisoning Accuracy: 0.093
[2024-02-25 19:18:36,052][flwr][INFO] - fit progress: (43, 101.41806757450104, {'accuracy': 0.6785}, 7542.5192504270235)
Configure Evaluate
[2024-02-25 19:18:36,052][flwr][DEBUG] - evaluate_round 43: strategy sampled 15 clients (out of 50)
[2024-02-25 19:18:48,769][flwr][DEBUG] - evaluate_round 43 received 15 results and 0 failures
Aggregate evaluate
Configure Fit
server round: 44
[2024-02-25 19:18:48,770][flwr][DEBUG] - fit_round 44: strategy sampled 15 clients (out of 50)
[2024-02-25 19:20:49,823][flwr][DEBUG] - fit_round 44 received 15 results and 0 failures
individual accuracies [0.5937, 0.6047, 0.6138, 0.6165, 0.5595, 0.6341, 0.6453, 0.5934, 0.6289, 0.5975, 0.6081, 0.6137]
malicious is ['0', '0', '0', '0', '0', '0', '0', '0', '0', '0', '0', '0']
Number of Evil Clients: 3
Number of Preset Malicious Clients is 0
Number of Preset Benign Clients is 12
Average poisoning accuracy: 0.9807333333333332
accuracies is [(0.6109, 0)]
accuracies is [(0.6109, 0)]
benign class is 0
malicious class is 10
Clustering acc for fcw is 1.0
Final Clustering acc is 1.0
20 added to evil list
Target label is 9
length of good results is 12 and length of bad results is 0
acc_diff is 0
Evaluate
Global Poisoning Accuracy: 0.0981
[2024-02-25 19:21:26,867][flwr][INFO] - fit progress: (44, 112.17139953374863, {'accuracy': 0.678}, 7713.334655920044)
Configure Evaluate
[2024-02-25 19:21:26,867][flwr][DEBUG] - evaluate_round 44: strategy sampled 15 clients (out of 50)
[2024-02-25 19:21:39,743][flwr][DEBUG] - evaluate_round 44 received 15 results and 0 failures
Aggregate evaluate
Configure Fit
server round: 45
[2024-02-25 19:21:39,744][flwr][DEBUG] - fit_round 45: strategy sampled 15 clients (out of 50)
[2024-02-25 19:23:41,337][flwr][DEBUG] - fit_round 45 received 15 results and 0 failures
individual accuracies [0.5952, 0.5816, 0.5775, 0.5813, 0.5859, 0.5787, 0.5953, 0.5864]
malicious is ['0', '0', '0', '0', '0', '0', '0', '0']
Number of Evil Clients: 7
Number of Preset Malicious Clients is 0
Number of Preset Benign Clients is 8
Average poisoning accuracy: 0.9757
accuracies is [(0.58195, -1), (0.58375, 0)]
accuracies is [(0.58195, -1), (0.58375, 0)]
benign class is 0
malicious class is -1
Clustering acc for fcw is 0.75
Final Clustering acc is 0.75
20 added to evil list
Target label is 9
length of good results is 8 and length of bad results is 0
acc_diff is 0
Evaluate
Global Poisoning Accuracy: 0.0974
[2024-02-25 19:24:21,028][flwr][INFO] - fit progress: (45, 107.62674254179001, {'accuracy': 0.6731}, 7887.4960004610475)
Configure Evaluate
[2024-02-25 19:24:21,029][flwr][DEBUG] - evaluate_round 45: strategy sampled 15 clients (out of 50)
[2024-02-25 19:24:33,632][flwr][DEBUG] - evaluate_round 45 received 15 results and 0 failures
Aggregate evaluate
Configure Fit
server round: 46
[2024-02-25 19:24:33,633][flwr][DEBUG] - fit_round 46: strategy sampled 15 clients (out of 50)
[2024-02-25 19:26:33,907][flwr][DEBUG] - fit_round 46 received 15 results and 0 failures
individual accuracies [0.6302, 0.6083, 0.6353, 0.5991, 0.5959, 0.6019, 0.6096, 0.5994, 0.6237, 0.6258]
malicious is ['0', '0', '0', '0', '0', '0', '0', '0', '0', '0']
Number of Evil Clients: 5
Number of Preset Malicious Clients is 0
Number of Preset Benign Clients is 10
Average poisoning accuracy: 0.97654
accuracies is [(0.60895, 0)]
accuracies is [(0.60895, 0)]
benign class is 0
malicious class is 10
Clustering acc for fcw is 1.0
Final Clustering acc is 1.0
20 added to evil list
Target label is 9
length of good results is 10 and length of bad results is 0
acc_diff is 0
Evaluate
Global Poisoning Accuracy: 0.0987
[2024-02-25 19:27:13,417][flwr][INFO] - fit progress: (46, 115.77750164270401, {'accuracy': 0.6756}, 8059.885030440055)
Configure Evaluate
[2024-02-25 19:27:13,418][flwr][DEBUG] - evaluate_round 46: strategy sampled 15 clients (out of 50)
[2024-02-25 19:27:26,364][flwr][DEBUG] - evaluate_round 46 received 15 results and 0 failures
Aggregate evaluate
Configure Fit
server round: 47
[2024-02-25 19:27:26,365][flwr][DEBUG] - fit_round 47: strategy sampled 15 clients (out of 50)
[2024-02-25 19:29:25,950][flwr][DEBUG] - fit_round 47 received 15 results and 0 failures
individual accuracies [0.6049, 0.5962, 0.5634, 0.595, 0.6138, 0.585, 0.6504, 0.6301, 0.5707]
malicious is ['0', '0', '0', '0', '0', '0', '0', '0', '0']
Number of Evil Clients: 6
Number of Preset Malicious Clients is 0
Number of Preset Benign Clients is 9
Average poisoning accuracy: 0.9804499999999999
accuracies is [(0.5962, 0)]
accuracies is [(0.5962, 0)]
benign class is 0
malicious class is 10
Clustering acc for fcw is 1.0
Final Clustering acc is 1.0
20 added to evil list
Target label is 9
length of good results is 9 and length of bad results is 0
acc_diff is 0
Evaluate
Global Poisoning Accuracy: 0.1003
[2024-02-25 19:30:06,653][flwr][INFO] - fit progress: (47, 113.47265869379044, {'accuracy': 0.6773}, 8233.120998797007)
Configure Evaluate
[2024-02-25 19:30:06,654][flwr][DEBUG] - evaluate_round 47: strategy sampled 15 clients (out of 50)
[2024-02-25 19:30:19,522][flwr][DEBUG] - evaluate_round 47 received 15 results and 0 failures
Aggregate evaluate
Configure Fit
server round: 48
[2024-02-25 19:30:19,522][flwr][DEBUG] - fit_round 48: strategy sampled 15 clients (out of 50)
[2024-02-25 19:32:21,714][flwr][DEBUG] - fit_round 48 received 15 results and 0 failures
individual accuracies [0.5814, 0.6047, 0.5835, 0.5993, 0.6177, 0.5896, 0.6014, 0.582]
malicious is ['0', '0', '0', '0', '0', '0', '0', '0']
Number of Evil Clients: 7
Number of Preset Malicious Clients is 0
Number of Preset Benign Clients is 8
Average poisoning accuracy: 0.9780857142857143
accuracies is [(0.59445, 0)]
accuracies is [(0.59445, 0)]
benign class is 0
malicious class is 10
Clustering acc for fcw is 1.0
Final Clustering acc is 1.0
20 added to evil list
Target label is 9
length of good results is 8 and length of bad results is 0
acc_diff is 0
Evaluate
Global Poisoning Accuracy: 0.0915
[2024-02-25 19:33:01,364][flwr][INFO] - fit progress: (48, 108.06310456991196, {'accuracy': 0.6714}, 8407.83111573907)
Configure Evaluate
[2024-02-25 19:33:01,364][flwr][DEBUG] - evaluate_round 48: strategy sampled 15 clients (out of 50)
[2024-02-25 19:33:13,733][flwr][DEBUG] - evaluate_round 48 received 15 results and 0 failures
Aggregate evaluate
Configure Fit
server round: 49
[2024-02-25 19:33:13,733][flwr][DEBUG] - fit_round 49: strategy sampled 15 clients (out of 50)
[2024-02-25 19:35:15,169][flwr][DEBUG] - fit_round 49 received 15 results and 0 failures
individual accuracies [0.585, 0.6275, 0.6147, 0.6064, 0.6013, 0.6029, 0.6475, 0.5836, 0.602]
malicious is ['0', '0', '0', '0', '0', '0', '0', '0', '0']
Number of Evil Clients: 6
Number of Preset Malicious Clients is 0
Number of Preset Benign Clients is 9
Average poisoning accuracy: 0.9820666666666668
accuracies is [(0.6029, 0)]
accuracies is [(0.6029, 0)]
benign class is 0
malicious class is 10
Clustering acc for fcw is 1.0
Final Clustering acc is 1.0
20 added to evil list
Target label is 9
length of good results is 9 and length of bad results is 0
acc_diff is 0
Evaluate
Global Poisoning Accuracy: 0.0895
[2024-02-25 19:35:53,344][flwr][INFO] - fit progress: (49, 111.36932706832886, {'accuracy': 0.6726}, 8579.811295357998)
Configure Evaluate
[2024-02-25 19:35:53,344][flwr][DEBUG] - evaluate_round 49: strategy sampled 15 clients (out of 50)
[2024-02-25 19:36:06,215][flwr][DEBUG] - evaluate_round 49 received 15 results and 0 failures
Aggregate evaluate
Configure Fit
server round: 50
[2024-02-25 19:36:06,215][flwr][DEBUG] - fit_round 50: strategy sampled 15 clients (out of 50)
[2024-02-25 19:38:08,542][flwr][DEBUG] - fit_round 50 received 15 results and 0 failures
individual accuracies [0.6023, 0.5815, 0.656, 0.6018, 0.5855, 0.5793, 0.6288, 0.5845, 0.5979, 0.6293]
malicious is ['0', '0', '0', '0', '0', '0', '0', '0', '0', '0']
Number of Evil Clients: 5
Number of Preset Malicious Clients is 0
Number of Preset Benign Clients is 10
Average poisoning accuracy: 0.9766600000000001
accuracies is [(0.59985, 0)]
accuracies is [(0.59985, 0)]
benign class is 0
malicious class is 10
Clustering acc for fcw is 1.0
Final Clustering acc is 1.0
20 added to evil list
Target label is 9
length of good results is 10 and length of bad results is 0
acc_diff is 0
Evaluate
Global Poisoning Accuracy: 0.0886
[2024-02-25 19:38:47,096][flwr][INFO] - fit progress: (50, 111.69584226608276, {'accuracy': 0.6737}, 8753.563176511088)
Configure Evaluate
[2024-02-25 19:38:47,096][flwr][DEBUG] - evaluate_round 50: strategy sampled 15 clients (out of 50)
[2024-02-25 19:39:00,057][flwr][DEBUG] - evaluate_round 50 received 15 results and 0 failures
Aggregate evaluate
Configure Fit
server round: 51
[2024-02-25 19:39:00,057][flwr][DEBUG] - fit_round 51: strategy sampled 15 clients (out of 50)
[2024-02-25 19:40:58,362][flwr][DEBUG] - fit_round 51 received 15 results and 0 failures
individual accuracies [0.5901, 0.5981, 0.6244, 0.6056, 0.6035, 0.5854, 0.5876, 0.6483, 0.5976]
malicious is ['0', '0', '0', '0', '0', '0', '0', '0', '0']
Number of Evil Clients: 6
Number of Preset Malicious Clients is 0
Number of Preset Benign Clients is 9
Average poisoning accuracy: 0.9771333333333333
accuracies is [(0.5981, 0)]
accuracies is [(0.5981, 0)]
benign class is 0
malicious class is 10
Clustering acc for fcw is 1.0
Final Clustering acc is 1.0
20 added to evil list
Target label is 9
length of good results is 9 and length of bad results is 0
acc_diff is 0
Evaluate
Global Poisoning Accuracy: 0.0982
[2024-02-25 19:41:37,093][flwr][INFO] - fit progress: (51, 114.17110759019852, {'accuracy': 0.6721}, 8923.560618133051)
Configure Evaluate
[2024-02-25 19:41:37,093][flwr][DEBUG] - evaluate_round 51: strategy sampled 15 clients (out of 50)
[2024-02-25 19:41:50,210][flwr][DEBUG] - evaluate_round 51 received 15 results and 0 failures
Aggregate evaluate
Configure Fit
server round: 52
[2024-02-25 19:41:50,211][flwr][DEBUG] - fit_round 52: strategy sampled 15 clients (out of 50)
[2024-02-25 19:43:52,273][flwr][DEBUG] - fit_round 52 received 15 results and 0 failures
individual accuracies [0.5729, 0.6137, 0.599, 0.5924, 0.6117, 0.6423]
malicious is ['0', '0', '0', '0', '0', '0']
Number of Evil Clients: 9
Number of Preset Malicious Clients is 0
Number of Preset Benign Clients is 6
Average poisoning accuracy: 0.9792444444444445
accuracies is [(0.5924, -1), (0.6117, 0)]
accuracies is [(0.5924, -1), (0.6117, 0)]
benign class is 0
malicious class is -1
Clustering acc for fcw is 0.8333333333333334
Final Clustering acc is 0.8333333333333334
20 added to evil list
Target label is 9
length of good results is 6 and length of bad results is 0
acc_diff is 0
Evaluate
Global Poisoning Accuracy: 0.0886
[2024-02-25 19:44:30,576][flwr][INFO] - fit progress: (52, 119.49614322185516, {'accuracy': 0.6736}, 9097.043398699025)
Configure Evaluate
[2024-02-25 19:44:30,576][flwr][DEBUG] - evaluate_round 52: strategy sampled 15 clients (out of 50)
[2024-02-25 19:44:43,522][flwr][DEBUG] - evaluate_round 52 received 15 results and 0 failures
Aggregate evaluate
Configure Fit
server round: 53
[2024-02-25 19:44:43,522][flwr][DEBUG] - fit_round 53: strategy sampled 15 clients (out of 50)
[2024-02-25 19:46:42,663][flwr][DEBUG] - fit_round 53 received 15 results and 0 failures
individual accuracies [0.6307, 0.5935, 0.6122, 0.5911, 0.6036, 0.6184, 0.5925]
malicious is ['0', '0', '0', '0', '0', '0', '0']
Number of Evil Clients: 8
Number of Preset Malicious Clients is 0
Number of Preset Benign Clients is 7
Average poisoning accuracy: 0.9758374999999999
accuracies is [(0.5935, -1), (0.6079, 0)]
accuracies is [(0.5935, -1), (0.6079, 0)]
benign class is 0
malicious class is -1
Clustering acc for fcw is 0.8571428571428571
Final Clustering acc is 0.8571428571428571
20 added to evil list
Target label is 9
length of good results is 7 and length of bad results is 0
acc_diff is 0
Evaluate
Global Poisoning Accuracy: 0.0928
[2024-02-25 19:47:21,170][flwr][INFO] - fit progress: (53, 113.4560940861702, {'accuracy': 0.6789}, 9267.637227344094)
Configure Evaluate
[2024-02-25 19:47:21,170][flwr][DEBUG] - evaluate_round 53: strategy sampled 15 clients (out of 50)
[2024-02-25 19:47:34,073][flwr][DEBUG] - evaluate_round 53 received 15 results and 0 failures
Aggregate evaluate
Configure Fit
server round: 54
[2024-02-25 19:47:34,073][flwr][DEBUG] - fit_round 54: strategy sampled 15 clients (out of 50)
[2024-02-25 19:49:38,253][flwr][DEBUG] - fit_round 54 received 15 results and 0 failures
individual accuracies [0.5843, 0.5862, 0.5876, 0.6039, 0.603, 0.5863, 0.6429, 0.6078, 0.6297]
malicious is ['0', '0', '0', '0', '0', '0', '0', '0', '0']
Number of Evil Clients: 6
Number of Preset Malicious Clients is 0
Number of Preset Benign Clients is 9
Average poisoning accuracy: 0.9798666666666667
accuracies is [(0.5876, -1), (0.60345, 0)]
accuracies is [(0.5876, -1), (0.60345, 0)]
benign class is 0
malicious class is -1
Clustering acc for fcw is 0.8888888888888888
Final Clustering acc is 0.8888888888888888
20 added to evil list
Target label is 9
length of good results is 9 and length of bad results is 0
acc_diff is 0
Evaluate
Global Poisoning Accuracy: 0.0971
[2024-02-25 19:50:16,863][flwr][INFO] - fit progress: (54, 115.08378064632416, {'accuracy': 0.68}, 9443.330081260996)
Configure Evaluate
[2024-02-25 19:50:16,863][flwr][DEBUG] - evaluate_round 54: strategy sampled 15 clients (out of 50)
[2024-02-25 19:50:29,510][flwr][DEBUG] - evaluate_round 54 received 15 results and 0 failures
Aggregate evaluate
Configure Fit
server round: 55
[2024-02-25 19:50:29,510][flwr][DEBUG] - fit_round 55: strategy sampled 15 clients (out of 50)
[2024-02-25 19:52:30,434][flwr][DEBUG] - fit_round 55 received 15 results and 0 failures
individual accuracies [0.6354, 0.5892, 0.6147, 0.5995, 0.6547, 0.6177, 0.6068, 0.6494]
malicious is ['0', '0', '0', '0', '0', '0', '0', '0']
Number of Evil Clients: 7
Number of Preset Malicious Clients is 0
Number of Preset Benign Clients is 8
Average poisoning accuracy: 0.9748857142857144
accuracies is [(0.6162000000000001, 0)]
accuracies is [(0.6162000000000001, 0)]
benign class is 0
malicious class is 10
Clustering acc for fcw is 1.0
Final Clustering acc is 1.0
20 added to evil list
Target label is 9
length of good results is 8 and length of bad results is 0
acc_diff is 0
Evaluate
Global Poisoning Accuracy: 0.09
[2024-02-25 19:53:09,238][flwr][INFO] - fit progress: (55, 118.55389356613159, {'accuracy': 0.6773}, 9615.705322531983)
Configure Evaluate
[2024-02-25 19:53:09,238][flwr][DEBUG] - evaluate_round 55: strategy sampled 15 clients (out of 50)
[2024-02-25 19:53:21,547][flwr][DEBUG] - evaluate_round 55 received 15 results and 0 failures
Aggregate evaluate
Configure Fit
server round: 56
[2024-02-25 19:53:21,547][flwr][DEBUG] - fit_round 56: strategy sampled 15 clients (out of 50)
[2024-02-25 19:55:22,476][flwr][DEBUG] - fit_round 56 received 15 results and 0 failures
individual accuracies [0.62, 0.638, 0.6074, 0.6388, 0.6257, 0.5965, 0.5871, 0.6065, 0.6044]
malicious is ['0', '0', '0', '0', '0', '0', '0', '0', '0']
Number of Evil Clients: 6
Number of Preset Malicious Clients is 0
Number of Preset Benign Clients is 9
Average poisoning accuracy: 0.9778833333333333
accuracies is [(0.6074, 0)]
accuracies is [(0.6074, 0)]
benign class is 0
malicious class is 10
Clustering acc for fcw is 1.0
Final Clustering acc is 1.0
20 added to evil list
Target label is 9
length of good results is 9 and length of bad results is 0
acc_diff is 0
Evaluate
Global Poisoning Accuracy: 0.0918
[2024-02-25 19:56:01,916][flwr][INFO] - fit progress: (56, 116.57792603969574, {'accuracy': 0.6825}, 9788.383370280033)
Configure Evaluate
[2024-02-25 19:56:01,916][flwr][DEBUG] - evaluate_round 56: strategy sampled 15 clients (out of 50)
[2024-02-25 19:56:14,992][flwr][DEBUG] - evaluate_round 56 received 15 results and 0 failures
Aggregate evaluate
Configure Fit
server round: 57
[2024-02-25 19:56:14,993][flwr][DEBUG] - fit_round 57: strategy sampled 15 clients (out of 50)
[2024-02-25 19:58:16,416][flwr][DEBUG] - fit_round 57 received 15 results and 0 failures
individual accuracies [0.6226, 0.5984, 0.6076, 0.6557, 0.5964, 0.6432, 0.5892, 0.6365, 0.6243]
malicious is ['0', '0', '0', '0', '0', '0', '0', '0', '0']
Number of Evil Clients: 6
Number of Preset Malicious Clients is 0
Number of Preset Benign Clients is 9
Average poisoning accuracy: 0.9729333333333332
accuracies is [(0.6105, -1), (0.6243, 0)]
accuracies is [(0.6105, -1), (0.6243, 0)]
benign class is 0
malicious class is -1
Clustering acc for fcw is 0.7777777777777778
Final Clustering acc is 0.7777777777777778
20 added to evil list
Target label is 9
length of good results is 9 and length of bad results is 0
acc_diff is 0
Evaluate
Global Poisoning Accuracy: 0.0905
[2024-02-25 19:58:54,657][flwr][INFO] - fit progress: (57, 122.78035056591034, {'accuracy': 0.6838}, 9961.124731612043)
Configure Evaluate
[2024-02-25 19:58:54,657][flwr][DEBUG] - evaluate_round 57: strategy sampled 15 clients (out of 50)
[2024-02-25 19:59:07,572][flwr][DEBUG] - evaluate_round 57 received 15 results and 0 failures
Aggregate evaluate
Configure Fit
server round: 58
[2024-02-25 19:59:07,572][flwr][DEBUG] - fit_round 58: strategy sampled 15 clients (out of 50)
[2024-02-25 20:01:09,358][flwr][DEBUG] - fit_round 58 received 15 results and 0 failures
individual accuracies [0.5828, 0.5947, 0.5826, 0.668, 0.578, 0.65, 0.6471, 0.5913]
malicious is ['0', '0', '0', '0', '0', '0', '0', '0']
Number of Evil Clients: 7
Number of Preset Malicious Clients is 0
Number of Preset Benign Clients is 8
Average poisoning accuracy: 0.9806999999999999
accuracies is [(0.5869500000000001, -1), (0.6209, 0)]
accuracies is [(0.5869500000000001, -1), (0.6209, 0)]
benign class is 0
malicious class is -1
Clustering acc for fcw is 0.75
Final Clustering acc is 0.75
20 added to evil list
Target label is 9
length of good results is 8 and length of bad results is 0
acc_diff is 0
Evaluate
Global Poisoning Accuracy: 0.0929
[2024-02-25 20:01:48,935][flwr][INFO] - fit progress: (58, 116.80892771482468, {'accuracy': 0.679}, 10135.402940634987)
Configure Evaluate
[2024-02-25 20:01:48,936][flwr][DEBUG] - evaluate_round 58: strategy sampled 15 clients (out of 50)
[2024-02-25 20:02:01,701][flwr][DEBUG] - evaluate_round 58 received 15 results and 0 failures
Aggregate evaluate
Configure Fit
server round: 59
[2024-02-25 20:02:01,701][flwr][DEBUG] - fit_round 59: strategy sampled 15 clients (out of 50)
[2024-02-25 20:04:02,889][flwr][DEBUG] - fit_round 59 received 15 results and 0 failures
individual accuracies [0.6573, 0.6435, 0.6416, 0.5808, 0.6083, 0.6066, 0.5931, 0.6136]
malicious is ['0', '0', '0', '0', '0', '0', '0', '0']
Number of Evil Clients: 7
Number of Preset Malicious Clients is 0
Number of Preset Benign Clients is 8
Average poisoning accuracy: 0.9752857142857142
accuracies is [(0.5931, -1), (0.6136, 0)]
accuracies is [(0.5931, -1), (0.6136, 0)]
benign class is 0
malicious class is -1
Clustering acc for fcw is 0.875
Final Clustering acc is 0.875
20 added to evil list
Target label is 9
length of good results is 8 and length of bad results is 0
acc_diff is 0
Evaluate
Global Poisoning Accuracy: 0.1
[2024-02-25 20:04:43,077][flwr][INFO] - fit progress: (59, 114.96279448270798, {'accuracy': 0.683}, 10309.544930040021)
Configure Evaluate
[2024-02-25 20:04:43,078][flwr][DEBUG] - evaluate_round 59: strategy sampled 15 clients (out of 50)
[2024-02-25 20:04:55,349][flwr][DEBUG] - evaluate_round 59 received 15 results and 0 failures
Aggregate evaluate
Configure Fit
server round: 60
[2024-02-25 20:04:55,350][flwr][DEBUG] - fit_round 60: strategy sampled 15 clients (out of 50)
[2024-02-25 20:06:59,316][flwr][DEBUG] - fit_round 60 received 15 results and 0 failures
individual accuracies [0.6608, 0.6257, 0.6545, 0.5988, 0.6119, 0.6324, 0.6585, 0.6613, 0.598, 0.5903, 0.6359]
malicious is ['0', '0', '0', '0', '0', '0', '0', '0', '0', '0', '0']
Number of Evil Clients: 4
Number of Preset Malicious Clients is 0
Number of Preset Benign Clients is 11
Average poisoning accuracy: 0.9808749999999999
accuracies is [(0.6119, -1), (0.63415, 0)]
accuracies is [(0.6119, -1), (0.63415, 0)]
benign class is 0
malicious class is -1
Clustering acc for fcw is 0.9090909090909091
Final Clustering acc is 0.9090909090909091
20 added to evil list
Target label is 9
length of good results is 11 and length of bad results is 0
acc_diff is 0
Evaluate
Global Poisoning Accuracy: 0.0993
[2024-02-25 20:07:38,440][flwr][INFO] - fit progress: (60, 117.36303186416626, {'accuracy': 0.6863}, 10484.90758827608)
Configure Evaluate
[2024-02-25 20:07:38,440][flwr][DEBUG] - evaluate_round 60: strategy sampled 15 clients (out of 50)
[2024-02-25 20:07:51,040][flwr][DEBUG] - evaluate_round 60 received 15 results and 0 failures
Aggregate evaluate
Configure Fit
server round: 61
[2024-02-25 20:07:51,040][flwr][DEBUG] - fit_round 61: strategy sampled 15 clients (out of 50)
[2024-02-25 20:09:52,129][flwr][DEBUG] - fit_round 61 received 15 results and 0 failures
individual accuracies [0.6498, 0.5609, 0.5743, 0.5891, 0.6151, 0.6087, 0.6437]
malicious is ['0', '0', '0', '0', '0', '0', '0']
Number of Evil Clients: 8
Number of Preset Malicious Clients is 0
Number of Preset Benign Clients is 7
Average poisoning accuracy: 0.9830875
accuracies is [(0.5743, -1), (0.6119, 0)]
accuracies is [(0.5743, -1), (0.6119, 0)]
benign class is 0
malicious class is -1
Clustering acc for fcw is 0.8571428571428571
Final Clustering acc is 0.8571428571428571
20 added to evil list
Target label is 9
length of good results is 7 and length of bad results is 0
acc_diff is 0
Evaluate
Global Poisoning Accuracy: 0.0967
[2024-02-25 20:10:31,250][flwr][INFO] - fit progress: (61, 118.51135396957397, {'accuracy': 0.6837}, 10657.717486843001)
Configure Evaluate
[2024-02-25 20:10:31,250][flwr][DEBUG] - evaluate_round 61: strategy sampled 15 clients (out of 50)
[2024-02-25 20:10:44,177][flwr][DEBUG] - evaluate_round 61 received 15 results and 0 failures
Aggregate evaluate
Configure Fit
server round: 62
[2024-02-25 20:10:44,177][flwr][DEBUG] - fit_round 62: strategy sampled 15 clients (out of 50)
[2024-02-25 20:12:46,099][flwr][DEBUG] - fit_round 62 received 15 results and 0 failures
individual accuracies [0.5902, 0.6513, 0.6105, 0.5948, 0.6346, 0.6117, 0.5983]
malicious is ['0', '0', '0', '0', '0', '0', '0']
Number of Evil Clients: 8
Number of Preset Malicious Clients is 0
Number of Preset Benign Clients is 7
Average poisoning accuracy: 0.9785999999999999
accuracies is [(0.6105, 0)]
accuracies is [(0.6105, 0)]
benign class is 0
malicious class is 10
Clustering acc for fcw is 1.0
Final Clustering acc is 1.0
20 added to evil list
Target label is 9
length of good results is 7 and length of bad results is 0
acc_diff is 0
Evaluate
Global Poisoning Accuracy: 0.0962
[2024-02-25 20:13:25,847][flwr][INFO] - fit progress: (62, 119.24769175052643, {'accuracy': 0.6783}, 10832.314726007055)
Configure Evaluate
[2024-02-25 20:13:25,847][flwr][DEBUG] - evaluate_round 62: strategy sampled 15 clients (out of 50)
[2024-02-25 20:13:38,368][flwr][DEBUG] - evaluate_round 62 received 15 results and 0 failures
Aggregate evaluate
Configure Fit
server round: 63
[2024-02-25 20:13:38,368][flwr][DEBUG] - fit_round 63: strategy sampled 15 clients (out of 50)
[2024-02-25 20:15:40,546][flwr][DEBUG] - fit_round 63 received 15 results and 0 failures
individual accuracies [0.6408, 0.658, 0.6527, 0.6451, 0.6408, 0.6006, 0.6495, 0.6318]
malicious is ['0', '0', '0', '0', '0', '0', '0', '0']
Number of Evil Clients: 7
Number of Preset Malicious Clients is 0
Number of Preset Benign Clients is 8
Average poisoning accuracy: 0.9695285714285715
accuracies is [(0.64295, 0)]
accuracies is [(0.64295, 0)]
benign class is 0
malicious class is 10
Clustering acc for fcw is 1.0
Final Clustering acc is 1.0
20 added to evil list
Target label is 9
length of good results is 8 and length of bad results is 0
acc_diff is 0
Evaluate
Global Poisoning Accuracy: 0.0965
[2024-02-25 20:16:19,043][flwr][INFO] - fit progress: (63, 123.42944824695587, {'accuracy': 0.6812}, 11005.51057896507)
Configure Evaluate
[2024-02-25 20:16:19,043][flwr][DEBUG] - evaluate_round 63: strategy sampled 15 clients (out of 50)
[2024-02-25 20:16:31,635][flwr][DEBUG] - evaluate_round 63 received 15 results and 0 failures
Aggregate evaluate
Configure Fit
server round: 64
[2024-02-25 20:16:31,635][flwr][DEBUG] - fit_round 64: strategy sampled 15 clients (out of 50)
[2024-02-25 20:18:36,853][flwr][DEBUG] - fit_round 64 received 15 results and 0 failures
individual accuracies [0.6477, 0.6369, 0.6595, 0.5912, 0.5982, 0.666, 0.5786, 0.5822, 0.6261, 0.6717, 0.6698, 0.5921]
malicious is ['0', '0', '0', '0', '0', '0', '0', '0', '0', '0', '0', '0']
Number of Evil Clients: 3
Number of Preset Malicious Clients is 0
Number of Preset Benign Clients is 12
Average poisoning accuracy: 0.9738666666666665
accuracies is [(0.6315, 0)]
accuracies is [(0.6315, 0)]
benign class is 0
malicious class is 10
Clustering acc for fcw is 1.0
Final Clustering acc is 1.0
20 added to evil list
Target label is 9
length of good results is 12 and length of bad results is 0
acc_diff is 0
Evaluate
Global Poisoning Accuracy: 0.096
[2024-02-25 20:19:15,533][flwr][INFO] - fit progress: (64, 122.28970682621002, {'accuracy': 0.6814}, 11182.00091959699)
Configure Evaluate
[2024-02-25 20:19:15,534][flwr][DEBUG] - evaluate_round 64: strategy sampled 15 clients (out of 50)
[2024-02-25 20:19:28,577][flwr][DEBUG] - evaluate_round 64 received 15 results and 0 failures
Aggregate evaluate
Configure Fit
server round: 65
[2024-02-25 20:19:28,577][flwr][DEBUG] - fit_round 65: strategy sampled 15 clients (out of 50)
[2024-02-25 20:21:30,535][flwr][DEBUG] - fit_round 65 received 15 results and 0 failures
individual accuracies [0.5823, 0.5932, 0.653, 0.6712, 0.6383, 0.6457, 0.6043, 0.6572, 0.6674]
malicious is ['0', '0', '0', '0', '0', '0', '0', '0', '0']
Number of Evil Clients: 6
Number of Preset Malicious Clients is 0
Number of Preset Benign Clients is 9
Average poisoning accuracy: 0.97585
accuracies is [(0.6043, -1), (0.6493500000000001, 0)]
accuracies is [(0.6043, -1), (0.6493500000000001, 0)]
benign class is 0
malicious class is -1
Clustering acc for fcw is 0.8888888888888888
Final Clustering acc is 0.8888888888888888
20 added to evil list
Target label is 9
length of good results is 9 and length of bad results is 0
acc_diff is 0
Evaluate
Global Poisoning Accuracy: 0.0911
[2024-02-25 20:22:09,998][flwr][INFO] - fit progress: (65, 120.5546647310257, {'accuracy': 0.6819}, 11356.46555568208)
Configure Evaluate
[2024-02-25 20:22:09,998][flwr][DEBUG] - evaluate_round 65: strategy sampled 15 clients (out of 50)
[2024-02-25 20:22:22,929][flwr][DEBUG] - evaluate_round 65 received 15 results and 0 failures
Aggregate evaluate
Configure Fit
server round: 66
[2024-02-25 20:22:22,930][flwr][DEBUG] - fit_round 66: strategy sampled 15 clients (out of 50)
[2024-02-25 20:24:24,457][flwr][DEBUG] - fit_round 66 received 15 results and 0 failures
individual accuracies [0.6235, 0.6165, 0.6459, 0.5935, 0.6607, 0.5993, 0.6613, 0.6102]
malicious is ['0', '0', '0', '0', '0', '0', '0', '0']
Number of Evil Clients: 7
Number of Preset Malicious Clients is 0
Number of Preset Benign Clients is 8
Average poisoning accuracy: 0.9757857142857144
accuracies is [(0.5935, -1), (0.6235, 0)]
accuracies is [(0.5935, -1), (0.6235, 0)]
benign class is 0
malicious class is -1
Clustering acc for fcw is 0.875
Final Clustering acc is 0.875
20 added to evil list
Target label is 9
length of good results is 8 and length of bad results is 0
acc_diff is 0
Evaluate
Global Poisoning Accuracy: 0.0967
[2024-02-25 20:25:02,990][flwr][INFO] - fit progress: (66, 121.96874129772186, {'accuracy': 0.682}, 11529.457728034002)
Configure Evaluate
[2024-02-25 20:25:02,990][flwr][DEBUG] - evaluate_round 66: strategy sampled 15 clients (out of 50)
[2024-02-25 20:25:15,621][flwr][DEBUG] - evaluate_round 66 received 15 results and 0 failures
Aggregate evaluate
Configure Fit
server round: 67
[2024-02-25 20:25:15,621][flwr][DEBUG] - fit_round 67: strategy sampled 15 clients (out of 50)
[2024-02-25 20:27:20,928][flwr][DEBUG] - fit_round 67 received 15 results and 0 failures
individual accuracies [0.6472, 0.6298, 0.6452, 0.6352, 0.643, 0.6634, 0.6208, 0.6245, 0.6637, 0.6159]
malicious is ['0', '0', '0', '0', '0', '0', '0', '0', '0', '0']
Number of Evil Clients: 5
Number of Preset Malicious Clients is 0
Number of Preset Benign Clients is 10
Average poisoning accuracy: 0.9747200000000001
accuracies is [(0.6391, 0)]
accuracies is [(0.6391, 0)]
benign class is 0
malicious class is 10
Clustering acc for fcw is 1.0
Final Clustering acc is 1.0
20 added to evil list
Target label is 9
length of good results is 10 and length of bad results is 0
acc_diff is 0
Evaluate
Global Poisoning Accuracy: 0.0998
[2024-02-25 20:27:59,895][flwr][INFO] - fit progress: (67, 128.13538551330566, {'accuracy': 0.6821}, 11706.362681739032)
Configure Evaluate
[2024-02-25 20:27:59,895][flwr][DEBUG] - evaluate_round 67: strategy sampled 15 clients (out of 50)
[2024-02-25 20:28:12,865][flwr][DEBUG] - evaluate_round 67 received 15 results and 0 failures
Aggregate evaluate
Configure Fit
server round: 68
[2024-02-25 20:28:12,866][flwr][DEBUG] - fit_round 68: strategy sampled 15 clients (out of 50)
[2024-02-25 20:30:16,105][flwr][DEBUG] - fit_round 68 received 15 results and 0 failures
individual accuracies [0.6029, 0.6698, 0.6573, 0.5848, 0.6504, 0.6613, 0.6546, 0.5796]
malicious is ['0', '0', '0', '0', '0', '0', '0', '0']
Number of Evil Clients: 7
Number of Preset Malicious Clients is 0
Number of Preset Benign Clients is 8
Average poisoning accuracy: 0.9753285714285715
accuracies is [(0.5796, -1), (0.6546, 0)]
accuracies is [(0.5796, -1), (0.6546, 0)]
benign class is 0
malicious class is -1
Clustering acc for fcw is 0.875
Final Clustering acc is 0.875
20 added to evil list
Target label is 9
length of good results is 8 and length of bad results is 0
acc_diff is 0
Evaluate
Global Poisoning Accuracy: 0.0897
[2024-02-25 20:30:56,627][flwr][INFO] - fit progress: (68, 125.7271089553833, {'accuracy': 0.6809}, 11883.094324931037)
Configure Evaluate
[2024-02-25 20:30:56,627][flwr][DEBUG] - evaluate_round 68: strategy sampled 15 clients (out of 50)
[2024-02-25 20:31:09,396][flwr][DEBUG] - evaluate_round 68 received 15 results and 0 failures
Aggregate evaluate
Configure Fit
server round: 69
[2024-02-25 20:31:09,396][flwr][DEBUG] - fit_round 69: strategy sampled 15 clients (out of 50)
[2024-02-25 20:33:12,500][flwr][DEBUG] - fit_round 69 received 15 results and 0 failures
individual accuracies [0.6552, 0.6728, 0.6579, 0.628, 0.6663, 0.6104, 0.6369]
malicious is ['0', '0', '0', '0', '0', '0', '0']
Number of Evil Clients: 8
Number of Preset Malicious Clients is 0
Number of Preset Benign Clients is 7
Average poisoning accuracy: 0.9759249999999999
accuracies is [(0.64295, -1), (0.6552, 0)]
accuracies is [(0.64295, -1), (0.6552, 0)]
benign class is 0
malicious class is -1
Clustering acc for fcw is 0.7142857142857143
Final Clustering acc is 0.7142857142857143
20 added to evil list
Target label is 9
length of good results is 7 and length of bad results is 0
acc_diff is 0
Evaluate
Global Poisoning Accuracy: 0.0989
[2024-02-25 20:33:52,804][flwr][INFO] - fit progress: (69, 132.37570667266846, {'accuracy': 0.6787}, 12059.271528757992)
Configure Evaluate
[2024-02-25 20:33:52,804][flwr][DEBUG] - evaluate_round 69: strategy sampled 15 clients (out of 50)
[2024-02-25 20:34:05,264][flwr][DEBUG] - evaluate_round 69 received 15 results and 0 failures
Aggregate evaluate
Configure Fit
server round: 70
[2024-02-25 20:34:05,265][flwr][DEBUG] - fit_round 70: strategy sampled 15 clients (out of 50)
[2024-02-25 20:36:07,003][flwr][DEBUG] - fit_round 70 received 15 results and 0 failures
individual accuracies [0.6031, 0.6007, 0.5901, 0.5769, 0.6339, 0.6371, 0.6065, 0.6143, 0.583, 0.6345]
malicious is ['0', '0', '0', '0', '0', '0', '0', '0', '0', '0']
Number of Evil Clients: 5
Number of Preset Malicious Clients is 0
Number of Preset Benign Clients is 10
Average poisoning accuracy: 0.9725199999999999
accuracies is [(0.5955999999999999, -1), (0.6048, 0)]
accuracies is [(0.5955999999999999, -1), (0.6048, 0)]
benign class is 0
malicious class is -1
Clustering acc for fcw is 0.8
Final Clustering acc is 0.8
20 added to evil list
Target label is 9
length of good results is 10 and length of bad results is 0
acc_diff is 0
Evaluate
Global Poisoning Accuracy: 0.0954
[2024-02-25 20:36:44,896][flwr][INFO] - fit progress: (70, 124.88051319122314, {'accuracy': 0.6809}, 12231.364028552081)
Configure Evaluate
[2024-02-25 20:36:44,897][flwr][DEBUG] - evaluate_round 70: strategy sampled 15 clients (out of 50)
[2024-02-25 20:36:57,518][flwr][DEBUG] - evaluate_round 70 received 15 results and 0 failures
Aggregate evaluate
Configure Fit
server round: 71
[2024-02-25 20:36:57,519][flwr][DEBUG] - fit_round 71: strategy sampled 15 clients (out of 50)
[2024-02-25 20:38:59,460][flwr][DEBUG] - fit_round 71 received 15 results and 0 failures
individual accuracies [0.6677, 0.6308, 0.6445, 0.6205, 0.6681, 0.5961, 0.6578, 0.6686, 0.6436]
malicious is ['0', '0', '0', '0', '0', '0', '0', '0', '0']
Number of Evil Clients: 6
Number of Preset Malicious Clients is 0
Number of Preset Benign Clients is 9
Average poisoning accuracy: 0.9770833333333333
accuracies is [(0.6308, -1), (0.65115, 0)]
accuracies is [(0.6308, -1), (0.65115, 0)]
benign class is 0
malicious class is -1
Clustering acc for fcw is 0.8888888888888888
Final Clustering acc is 0.8888888888888888
20 added to evil list
Target label is 9
length of good results is 9 and length of bad results is 0
acc_diff is 0
Evaluate
Global Poisoning Accuracy: 0.0941
[2024-02-25 20:39:38,362][flwr][INFO] - fit progress: (71, 130.8601599931717, {'accuracy': 0.6789}, 12404.829099097056)
Configure Evaluate
[2024-02-25 20:39:38,362][flwr][DEBUG] - evaluate_round 71: strategy sampled 15 clients (out of 50)
[2024-02-25 20:39:51,382][flwr][DEBUG] - evaluate_round 71 received 15 results and 0 failures
Aggregate evaluate
Configure Fit
server round: 72
[2024-02-25 20:39:51,382][flwr][DEBUG] - fit_round 72: strategy sampled 15 clients (out of 50)
[2024-02-25 20:41:55,838][flwr][DEBUG] - fit_round 72 received 15 results and 0 failures
individual accuracies [0.6398, 0.6408, 0.6625, 0.5782, 0.6523, 0.671, 0.5788, 0.6645, 0.6685]
malicious is ['0', '0', '0', '0', '0', '0', '0', '0', '0']
Number of Evil Clients: 6
Number of Preset Malicious Clients is 0
Number of Preset Benign Clients is 9
Average poisoning accuracy: 0.9774166666666666
accuracies is [(0.5785, -1), (0.6625, 0)]
accuracies is [(0.5785, -1), (0.6625, 0)]
benign class is 0
malicious class is -1
Clustering acc for fcw is 0.7777777777777778
Final Clustering acc is 0.7777777777777778
20 added to evil list
Target label is 9
length of good results is 9 and length of bad results is 0
acc_diff is 0
Evaluate
Global Poisoning Accuracy: 0.0999
[2024-02-25 20:42:33,908][flwr][INFO] - fit progress: (72, 128.27120804786682, {'accuracy': 0.6782}, 12580.375847354066)
Configure Evaluate
[2024-02-25 20:42:33,909][flwr][DEBUG] - evaluate_round 72: strategy sampled 15 clients (out of 50)
[2024-02-25 20:42:47,452][flwr][DEBUG] - evaluate_round 72 received 15 results and 0 failures
Aggregate evaluate
Configure Fit
server round: 73
[2024-02-25 20:42:47,452][flwr][DEBUG] - fit_round 73: strategy sampled 15 clients (out of 50)
[2024-02-25 20:44:51,517][flwr][DEBUG] - fit_round 73 received 15 results and 0 failures
individual accuracies [0.6628, 0.6517, 0.6621, 0.6654, 0.6489, 0.6338, 0.6609, 0.6297]
malicious is ['0', '0', '0', '0', '0', '0', '0', '0']
Number of Evil Clients: 7
Number of Preset Malicious Clients is 0
Number of Preset Benign Clients is 8
Average poisoning accuracy: 0.9753
accuracies is [(0.6338, -1), (0.6609, 0)]
accuracies is [(0.6338, -1), (0.6609, 0)]
benign class is 0
malicious class is -1
Clustering acc for fcw is 0.875
Final Clustering acc is 0.875
20 added to evil list
Target label is 9
length of good results is 8 and length of bad results is 0
acc_diff is 0
Evaluate
Global Poisoning Accuracy: 0.1032
[2024-02-25 20:45:30,317][flwr][INFO] - fit progress: (73, 136.7098228931427, {'accuracy': 0.6763}, 12756.784194159089)
Configure Evaluate
[2024-02-25 20:45:30,317][flwr][DEBUG] - evaluate_round 73: strategy sampled 15 clients (out of 50)
[2024-02-25 20:45:43,039][flwr][DEBUG] - evaluate_round 73 received 15 results and 0 failures
Aggregate evaluate
Configure Fit
server round: 74
[2024-02-25 20:45:43,040][flwr][DEBUG] - fit_round 74: strategy sampled 15 clients (out of 50)
[2024-02-25 20:47:45,301][flwr][DEBUG] - fit_round 74 received 15 results and 0 failures
individual accuracies [0.6594, 0.6083, 0.5935, 0.6643, 0.5642, 0.6173, 0.5914, 0.6581, 0.667, 0.6502, 0.6717]
malicious is ['0', '0', '0', '0', '0', '0', '0', '0', '0', '0', '0']
Number of Evil Clients: 4
Number of Preset Malicious Clients is 0
Number of Preset Benign Clients is 11
Average poisoning accuracy: 0.9823
accuracies is [(0.5778000000000001, -1), (0.6581, 0)]
accuracies is [(0.5778000000000001, -1), (0.6581, 0)]
benign class is 0
malicious class is -1
Clustering acc for fcw is 0.8181818181818182
Final Clustering acc is 0.8181818181818182
20 added to evil list
Target label is 9
length of good results is 11 and length of bad results is 0
acc_diff is 0
Evaluate
Global Poisoning Accuracy: 0.0979
[2024-02-25 20:48:24,020][flwr][INFO] - fit progress: (74, 131.21722412109375, {'accuracy': 0.6811}, 12930.48751415906)
Configure Evaluate
[2024-02-25 20:48:24,020][flwr][DEBUG] - evaluate_round 74: strategy sampled 15 clients (out of 50)
[2024-02-25 20:48:36,533][flwr][DEBUG] - evaluate_round 74 received 15 results and 0 failures
Aggregate evaluate
Configure Fit
server round: 75
[2024-02-25 20:48:36,533][flwr][DEBUG] - fit_round 75: strategy sampled 15 clients (out of 50)
[2024-02-25 20:50:36,852][flwr][DEBUG] - fit_round 75 received 15 results and 0 failures
individual accuracies [0.6282, 0.6724, 0.6339, 0.6491, 0.573, 0.62, 0.6213, 0.6478, 0.567, 0.6558]
malicious is ['0', '0', '0', '0', '0', '0', '0', '0', '0', '0']
Number of Evil Clients: 5
Number of Preset Malicious Clients is 0
Number of Preset Benign Clients is 10
Average poisoning accuracy: 0.9778200000000001
accuracies is [(0.63105, 0)]
accuracies is [(0.63105, 0)]
benign class is 0
malicious class is 10
Clustering acc for fcw is 1.0
Final Clustering acc is 1.0
20 added to evil list
Target label is 9
length of good results is 10 and length of bad results is 0
acc_diff is 0
Evaluate
Global Poisoning Accuracy: 0.0934
[2024-02-25 20:51:13,596][flwr][INFO] - fit progress: (75, 128.4499716758728, {'accuracy': 0.6782}, 13100.063062494039)
Configure Evaluate
[2024-02-25 20:51:13,596][flwr][DEBUG] - evaluate_round 75: strategy sampled 15 clients (out of 50)
[2024-02-25 20:51:25,955][flwr][DEBUG] - evaluate_round 75 received 15 results and 0 failures
Aggregate evaluate
Configure Fit
server round: 76
[2024-02-25 20:51:25,955][flwr][DEBUG] - fit_round 76: strategy sampled 15 clients (out of 50)
[2024-02-25 20:53:30,107][flwr][DEBUG] - fit_round 76 received 15 results and 0 failures
individual accuracies [0.5704, 0.6683, 0.673, 0.652, 0.6489, 0.6747, 0.6294]
malicious is ['0', '0', '0', '0', '0', '0', '0']
Number of Evil Clients: 8
Number of Preset Malicious Clients is 0
Number of Preset Benign Clients is 7
Average poisoning accuracy: 0.9817999999999999
accuracies is [(0.5704, -1), (0.66015, 0)]
accuracies is [(0.5704, -1), (0.66015, 0)]
benign class is 0
malicious class is -1
Clustering acc for fcw is 0.8571428571428571
Final Clustering acc is 0.8571428571428571
20 added to evil list
Target label is 9
length of good results is 7 and length of bad results is 0
acc_diff is 0
Evaluate
Global Poisoning Accuracy: 0.1006
[2024-02-25 20:54:08,355][flwr][INFO] - fit progress: (76, 135.38122236728668, {'accuracy': 0.6734}, 13274.822424269048)
Configure Evaluate
[2024-02-25 20:54:08,355][flwr][DEBUG] - evaluate_round 76: strategy sampled 15 clients (out of 50)
[2024-02-25 20:54:21,126][flwr][DEBUG] - evaluate_round 76 received 15 results and 0 failures
Aggregate evaluate
Configure Fit
server round: 77
[2024-02-25 20:54:21,126][flwr][DEBUG] - fit_round 77: strategy sampled 15 clients (out of 50)
[2024-02-25 20:56:22,906][flwr][DEBUG] - fit_round 77 received 15 results and 0 failures
individual accuracies [0.6716, 0.6594, 0.6139, 0.6646, 0.6531, 0.5859, 0.6148, 0.6015, 0.6701]
malicious is ['0', '0', '0', '0', '0', '0', '0', '0', '0']
Number of Evil Clients: 6
Number of Preset Malicious Clients is 0
Number of Preset Benign Clients is 9
Average poisoning accuracy: 0.9764333333333334
accuracies is [(0.6015, -1), (0.6619999999999999, 0)]
accuracies is [(0.6015, -1), (0.6619999999999999, 0)]
benign class is 0
malicious class is -1
Clustering acc for fcw is 0.6666666666666666
Final Clustering acc is 0.6666666666666666
20 added to evil list
Target label is 9
length of good results is 9 and length of bad results is 0
acc_diff is 0
Evaluate
Global Poisoning Accuracy: 0.1026
[2024-02-25 20:57:01,696][flwr][INFO] - fit progress: (77, 132.57196640968323, {'accuracy': 0.6799}, 13448.163104748004)
Configure Evaluate
[2024-02-25 20:57:01,696][flwr][DEBUG] - evaluate_round 77: strategy sampled 15 clients (out of 50)
[2024-02-25 20:57:14,170][flwr][DEBUG] - evaluate_round 77 received 15 results and 0 failures
Aggregate evaluate
Configure Fit
server round: 78
[2024-02-25 20:57:14,171][flwr][DEBUG] - fit_round 78: strategy sampled 15 clients (out of 50)
[2024-02-25 20:59:16,049][flwr][DEBUG] - fit_round 78 received 15 results and 0 failures
individual accuracies [0.6443, 0.6708, 0.6291, 0.6297, 0.6568, 0.6352, 0.6709, 0.6116, 0.6262, 0.6754, 0.6634]
malicious is ['0', '0', '0', '0', '0', '0', '0', '0', '0', '0', '0']
Number of Evil Clients: 4
Number of Preset Malicious Clients is 0
Number of Preset Benign Clients is 11
Average poisoning accuracy: 0.9837
accuracies is [(0.6116, -1), (0.65055, 0)]
accuracies is [(0.6116, -1), (0.65055, 0)]
benign class is 0
malicious class is -1
Clustering acc for fcw is 0.9090909090909091
Final Clustering acc is 0.9090909090909091
20 added to evil list
Target label is 9
length of good results is 11 and length of bad results is 0
acc_diff is 0
Evaluate
Global Poisoning Accuracy: 0.0951
[2024-02-25 20:59:56,325][flwr][INFO] - fit progress: (78, 134.22019147872925, {'accuracy': 0.6826}, 13622.79223419202)
Configure Evaluate
[2024-02-25 20:59:56,325][flwr][DEBUG] - evaluate_round 78: strategy sampled 15 clients (out of 50)
[2024-02-25 21:00:08,875][flwr][DEBUG] - evaluate_round 78 received 15 results and 0 failures
Aggregate evaluate
Configure Fit
server round: 79
[2024-02-25 21:00:08,876][flwr][DEBUG] - fit_round 79: strategy sampled 15 clients (out of 50)
[2024-02-25 21:02:08,109][flwr][DEBUG] - fit_round 79 received 15 results and 0 failures
individual accuracies [0.6641, 0.5851, 0.6601, 0.6551, 0.5841, 0.6743, 0.6669, 0.6799]
malicious is ['0', '0', '0', '0', '0', '0', '0', '0']
Number of Evil Clients: 7
Number of Preset Malicious Clients is 0
Number of Preset Benign Clients is 8
Average poisoning accuracy: 0.9803571428571428
accuracies is [(0.5841, -1), (0.6641, 0)]
accuracies is [(0.5841, -1), (0.6641, 0)]
benign class is 0
malicious class is -1
Clustering acc for fcw is 0.875
Final Clustering acc is 0.875
20 added to evil list
Target label is 9
length of good results is 8 and length of bad results is 0
acc_diff is 0
Evaluate
Global Poisoning Accuracy: 0.0973
[2024-02-25 21:02:49,747][flwr][INFO] - fit progress: (79, 136.51839196681976, {'accuracy': 0.6793}, 13796.214854085003)
Configure Evaluate
[2024-02-25 21:02:49,747][flwr][DEBUG] - evaluate_round 79: strategy sampled 15 clients (out of 50)
[2024-02-25 21:03:02,574][flwr][DEBUG] - evaluate_round 79 received 15 results and 0 failures
Aggregate evaluate
Configure Fit
server round: 80
[2024-02-25 21:03:02,574][flwr][DEBUG] - fit_round 80: strategy sampled 15 clients (out of 50)
[2024-02-25 21:05:04,562][flwr][DEBUG] - fit_round 80 received 15 results and 0 failures
individual accuracies [0.6515, 0.6742, 0.6697, 0.6007, 0.6395, 0.6678, 0.6338, 0.565, 0.6565]
malicious is ['0', '0', '0', '0', '0', '0', '0', '0', '0']
Number of Evil Clients: 6
Number of Preset Malicious Clients is 0
Number of Preset Benign Clients is 9
Average poisoning accuracy: 0.9694166666666667
accuracies is [(0.565, -1), (0.6539999999999999, 0)]
accuracies is [(0.565, -1), (0.6539999999999999, 0)]
benign class is 0
malicious class is -1
Clustering acc for fcw is 0.8888888888888888
Final Clustering acc is 0.8888888888888888
20 added to evil list
Target label is 9
length of good results is 9 and length of bad results is 0
acc_diff is 0
Evaluate
Global Poisoning Accuracy: 0.103
[2024-02-25 21:05:43,973][flwr][INFO] - fit progress: (80, 135.6781622171402, {'accuracy': 0.6783}, 13970.440370136988)
Configure Evaluate
[2024-02-25 21:05:43,973][flwr][DEBUG] - evaluate_round 80: strategy sampled 15 clients (out of 50)
[2024-02-25 21:05:56,815][flwr][DEBUG] - evaluate_round 80 received 15 results and 0 failures
Aggregate evaluate
Configure Fit
server round: 81
[2024-02-25 21:05:56,816][flwr][DEBUG] - fit_round 81: strategy sampled 15 clients (out of 50)
[2024-02-25 21:08:02,723][flwr][DEBUG] - fit_round 81 received 15 results and 0 failures
individual accuracies [0.6638, 0.6362, 0.6753, 0.6752, 0.674, 0.6708, 0.6511, 0.5904, 0.6705, 0.6274, 0.6602]
malicious is ['0', '0', '0', '0', '0', '0', '0', '0', '0', '0', '0']
Number of Evil Clients: 4
Number of Preset Malicious Clients is 0
Number of Preset Benign Clients is 11
Average poisoning accuracy: 0.978375
accuracies is [(0.5904, -1), (0.6671499999999999, 0)]
accuracies is [(0.5904, -1), (0.6671499999999999, 0)]
benign class is 0
malicious class is -1
Clustering acc for fcw is 0.9090909090909091
Final Clustering acc is 0.9090909090909091
20 added to evil list
Target label is 9
length of good results is 11 and length of bad results is 0
acc_diff is 0
Evaluate
Global Poisoning Accuracy: 0.1053
[2024-02-25 21:08:42,593][flwr][INFO] - fit progress: (81, 137.04691195487976, {'accuracy': 0.6778}, 14149.060605835984)
Configure Evaluate
[2024-02-25 21:08:42,593][flwr][DEBUG] - evaluate_round 81: strategy sampled 15 clients (out of 50)
[2024-02-25 21:08:55,239][flwr][DEBUG] - evaluate_round 81 received 15 results and 0 failures
Aggregate evaluate
Configure Fit
server round: 82
[2024-02-25 21:08:55,239][flwr][DEBUG] - fit_round 82: strategy sampled 15 clients (out of 50)
[2024-02-25 21:10:57,890][flwr][DEBUG] - fit_round 82 received 15 results and 0 failures
individual accuracies [0.6589, 0.6571, 0.6741, 0.6492, 0.6693, 0.6463, 0.6675, 0.594]
malicious is ['0', '0', '0', '0', '0', '0', '0', '0']
Number of Evil Clients: 7
Number of Preset Malicious Clients is 0
Number of Preset Benign Clients is 8
Average poisoning accuracy: 0.9749142857142857
accuracies is [(0.594, -1), (0.6589, 0)]
accuracies is [(0.594, -1), (0.6589, 0)]
benign class is 0
malicious class is -1
Clustering acc for fcw is 0.875
Final Clustering acc is 0.875
20 added to evil list
Target label is 9
length of good results is 8 and length of bad results is 0
acc_diff is 0
Evaluate
Global Poisoning Accuracy: 0.0931
[2024-02-25 21:11:37,177][flwr][INFO] - fit progress: (82, 135.84950649738312, {'accuracy': 0.6759}, 14323.644064133056)
Configure Evaluate
[2024-02-25 21:11:37,177][flwr][DEBUG] - evaluate_round 82: strategy sampled 15 clients (out of 50)
[2024-02-25 21:11:49,908][flwr][DEBUG] - evaluate_round 82 received 15 results and 0 failures
Aggregate evaluate
Configure Fit
server round: 83
[2024-02-25 21:11:49,909][flwr][DEBUG] - fit_round 83: strategy sampled 15 clients (out of 50)
[2024-02-25 21:13:53,511][flwr][DEBUG] - fit_round 83 received 15 results and 0 failures
individual accuracies [0.6654, 0.6702, 0.6721, 0.5942, 0.6756, 0.5658, 0.6679, 0.6263, 0.6347, 0.6627]
malicious is ['0', '0', '0', '0', '0', '0', '0', '0', '0', '0']
Number of Evil Clients: 5
Number of Preset Malicious Clients is 0
Number of Preset Benign Clients is 10
Average poisoning accuracy: 0.9692599999999999
accuracies is [(0.58, -1), (0.66665, 0)]
accuracies is [(0.58, -1), (0.66665, 0)]
benign class is 0
malicious class is -1
Clustering acc for fcw is 0.8
Final Clustering acc is 0.8
20 added to evil list
Target label is 9
length of good results is 10 and length of bad results is 0
acc_diff is 0
Evaluate
Global Poisoning Accuracy: 0.0923
[2024-02-25 21:14:33,800][flwr][INFO] - fit progress: (83, 138.18817341327667, {'accuracy': 0.6816}, 14500.267495064996)
Configure Evaluate
[2024-02-25 21:14:33,800][flwr][DEBUG] - evaluate_round 83: strategy sampled 15 clients (out of 50)
[2024-02-25 21:14:46,409][flwr][DEBUG] - evaluate_round 83 received 15 results and 0 failures
Aggregate evaluate
Configure Fit
server round: 84
[2024-02-25 21:14:46,409][flwr][DEBUG] - fit_round 84: strategy sampled 15 clients (out of 50)
[2024-02-25 21:16:49,807][flwr][DEBUG] - fit_round 84 received 15 results and 0 failures
individual accuracies [0.6723, 0.6532, 0.6757, 0.6504, 0.6132, 0.6623, 0.6554, 0.6547, 0.6523]
malicious is ['0', '0', '0', '0', '0', '0', '0', '0', '0']
Number of Evil Clients: 6
Number of Preset Malicious Clients is 0
Number of Preset Benign Clients is 9
Average poisoning accuracy: 0.9792833333333332
accuracies is [(0.6547, 0)]
accuracies is [(0.6547, 0)]
benign class is 0
malicious class is 10
Clustering acc for fcw is 1.0
Final Clustering acc is 1.0
20 added to evil list
Target label is 9
length of good results is 9 and length of bad results is 0
acc_diff is 0
Evaluate
Global Poisoning Accuracy: 0.102
[2024-02-25 21:17:27,707][flwr][INFO] - fit progress: (84, 141.98788678646088, {'accuracy': 0.6811}, 14674.174973418005)
Configure Evaluate
[2024-02-25 21:17:27,708][flwr][DEBUG] - evaluate_round 84: strategy sampled 15 clients (out of 50)
[2024-02-25 21:17:40,272][flwr][DEBUG] - evaluate_round 84 received 15 results and 0 failures
Aggregate evaluate
Configure Fit
server round: 85
[2024-02-25 21:17:40,272][flwr][DEBUG] - fit_round 85: strategy sampled 15 clients (out of 50)
[2024-02-25 21:19:43,185][flwr][DEBUG] - fit_round 85 received 15 results and 0 failures
individual accuracies [0.6592, 0.6511, 0.6458, 0.6169, 0.6632, 0.65, 0.6384, 0.6467, 0.6698, 0.6725]
malicious is ['0', '0', '0', '0', '0', '0', '0', '0', '0', '0']
Number of Evil Clients: 5
Number of Preset Malicious Clients is 0
Number of Preset Benign Clients is 10
Average poisoning accuracy: 0.9772399999999999
accuracies is [(0.6169, -1), (0.6511, 0)]
accuracies is [(0.6169, -1), (0.6511, 0)]
benign class is 0
malicious class is -1
Clustering acc for fcw is 0.9
Final Clustering acc is 0.9
20 added to evil list
Target label is 9
length of good results is 10 and length of bad results is 0
acc_diff is 0
Evaluate
Global Poisoning Accuracy: 0.1029
[2024-02-25 21:20:20,894][flwr][INFO] - fit progress: (85, 143.33053362369537, {'accuracy': 0.6788}, 14847.361547455075)
Configure Evaluate
[2024-02-25 21:20:20,894][flwr][DEBUG] - evaluate_round 85: strategy sampled 15 clients (out of 50)
[2024-02-25 21:20:33,374][flwr][DEBUG] - evaluate_round 85 received 15 results and 0 failures
Aggregate evaluate
Configure Fit
server round: 86
[2024-02-25 21:20:33,374][flwr][DEBUG] - fit_round 86: strategy sampled 15 clients (out of 50)
[2024-02-25 21:22:39,302][flwr][DEBUG] - fit_round 86 received 15 results and 0 failures
individual accuracies [0.6487, 0.6617, 0.6584, 0.6409, 0.6518, 0.674, 0.6571, 0.574, 0.663, 0.6722]
malicious is ['0', '0', '0', '0', '0', '0', '0', '0', '0', '0']
Number of Evil Clients: 5
Number of Preset Malicious Clients is 0
Number of Preset Benign Clients is 10
Average poisoning accuracy: 0.9836
accuracies is [(0.574, -1), (0.6584, 0)]
accuracies is [(0.574, -1), (0.6584, 0)]
benign class is 0
malicious class is -1
Clustering acc for fcw is 0.9
Final Clustering acc is 0.9
20 added to evil list
Target label is 9
length of good results is 10 and length of bad results is 0
acc_diff is 0
Evaluate
Global Poisoning Accuracy: 0.1052
[2024-02-25 21:23:17,677][flwr][INFO] - fit progress: (86, 144.1990261077881, {'accuracy': 0.6726}, 15024.14468932699)
Configure Evaluate
[2024-02-25 21:23:17,677][flwr][DEBUG] - evaluate_round 86: strategy sampled 15 clients (out of 50)
[2024-02-25 21:23:30,659][flwr][DEBUG] - evaluate_round 86 received 15 results and 0 failures
Aggregate evaluate
Configure Fit
server round: 87
[2024-02-25 21:23:30,660][flwr][DEBUG] - fit_round 87: strategy sampled 15 clients (out of 50)
[2024-02-25 21:25:29,822][flwr][DEBUG] - fit_round 87 received 15 results and 0 failures
individual accuracies [0.6027, 0.668, 0.6575, 0.6329, 0.6668, 0.6699, 0.6651, 0.67, 0.6412, 0.6725]
malicious is ['0', '0', '0', '0', '0', '0', '0', '0', '0', '0']
Number of Evil Clients: 5
Number of Preset Malicious Clients is 0
Number of Preset Benign Clients is 10
Average poisoning accuracy: 0.97438
accuracies is [(0.63705, -1), (0.6674, 0)]
accuracies is [(0.63705, -1), (0.6674, 0)]
benign class is 0
malicious class is -1
Clustering acc for fcw is 0.8
Final Clustering acc is 0.8
20 added to evil list
Target label is 9
length of good results is 10 and length of bad results is 0
acc_diff is 0
Evaluate
Global Poisoning Accuracy: 0.1011
[2024-02-25 21:26:08,607][flwr][INFO] - fit progress: (87, 144.26863133907318, {'accuracy': 0.6768}, 15195.074364584056)
Configure Evaluate
[2024-02-25 21:26:08,607][flwr][DEBUG] - evaluate_round 87: strategy sampled 15 clients (out of 50)
[2024-02-25 21:26:21,419][flwr][DEBUG] - evaluate_round 87 received 15 results and 0 failures
Aggregate evaluate
Configure Fit
server round: 88
[2024-02-25 21:26:21,420][flwr][DEBUG] - fit_round 88: strategy sampled 15 clients (out of 50)
[2024-02-25 21:28:21,416][flwr][DEBUG] - fit_round 88 received 15 results and 0 failures
individual accuracies [0.6283, 0.6693, 0.592, 0.672, 0.6669, 0.6682, 0.6656, 0.6728, 0.5697, 0.6471, 0.6736, 0.6263]
malicious is ['0', '0', '0', '0', '0', '0', '0', '0', '0', '0', '0', '0']
Number of Evil Clients: 3
Number of Preset Malicious Clients is 0
Number of Preset Benign Clients is 12
Average poisoning accuracy: 0.9737
accuracies is [(0.598, -1), (0.6675500000000001, 0)]
accuracies is [(0.598, -1), (0.6675500000000001, 0)]
benign class is 0
malicious class is -1
Clustering acc for fcw is 0.8333333333333334
Final Clustering acc is 0.8333333333333334
20 added to evil list
Target label is 9
length of good results is 12 and length of bad results is 0
acc_diff is 0
Evaluate
Global Poisoning Accuracy: 0.0975
[2024-02-25 21:29:00,130][flwr][INFO] - fit progress: (88, 145.03375482559204, {'accuracy': 0.6753}, 15366.597972541)
Configure Evaluate
[2024-02-25 21:29:00,131][flwr][DEBUG] - evaluate_round 88: strategy sampled 15 clients (out of 50)
[2024-02-25 21:29:12,695][flwr][DEBUG] - evaluate_round 88 received 15 results and 0 failures
Aggregate evaluate
Configure Fit
server round: 89
[2024-02-25 21:29:12,695][flwr][DEBUG] - fit_round 89: strategy sampled 15 clients (out of 50)
[2024-02-25 21:31:14,569][flwr][DEBUG] - fit_round 89 received 15 results and 0 failures
individual accuracies [0.6709, 0.6601, 0.6156, 0.6659, 0.6457, 0.6687, 0.6618, 0.6721, 0.67, 0.6549]
malicious is ['0', '0', '0', '0', '0', '0', '0', '0', '0', '0']
Number of Evil Clients: 5
Number of Preset Malicious Clients is 0
Number of Preset Benign Clients is 10
Average poisoning accuracy: 0.98558
accuracies is [(0.6457, -1), (0.6659, 0)]
accuracies is [(0.6457, -1), (0.6659, 0)]
benign class is 0
malicious class is -1
Clustering acc for fcw is 0.9
Final Clustering acc is 0.9
20 added to evil list
Target label is 9
length of good results is 10 and length of bad results is 0
acc_diff is 0
Evaluate
Global Poisoning Accuracy: 0.0998
[2024-02-25 21:31:51,785][flwr][INFO] - fit progress: (89, 146.85062205791473, {'accuracy': 0.6762}, 15538.252376315999)
Configure Evaluate
[2024-02-25 21:31:51,785][flwr][DEBUG] - evaluate_round 89: strategy sampled 15 clients (out of 50)
[2024-02-25 21:32:04,683][flwr][DEBUG] - evaluate_round 89 received 15 results and 0 failures
Aggregate evaluate
Configure Fit
server round: 90
[2024-02-25 21:32:04,683][flwr][DEBUG] - fit_round 90: strategy sampled 15 clients (out of 50)
[2024-02-25 21:34:04,789][flwr][DEBUG] - fit_round 90 received 15 results and 0 failures
individual accuracies [0.6708, 0.6648, 0.6734, 0.6697, 0.6733, 0.5714, 0.6725, 0.6661, 0.6742, 0.6738]
malicious is ['0', '0', '0', '0', '0', '0', '0', '0', '0', '0']
Number of Evil Clients: 5
Number of Preset Malicious Clients is 0
Number of Preset Benign Clients is 10
Average poisoning accuracy: 0.97706
accuracies is [(0.5714, -1), (0.6725, 0)]
accuracies is [(0.5714, -1), (0.6725, 0)]
benign class is 0
malicious class is -1
Clustering acc for fcw is 0.9
Final Clustering acc is 0.9
20 added to evil list
Target label is 9
length of good results is 10 and length of bad results is 0
acc_diff is 0
Evaluate
Global Poisoning Accuracy: 0.1036
[2024-02-25 21:34:43,842][flwr][INFO] - fit progress: (90, 149.34803807735443, {'accuracy': 0.6768}, 15710.309407427092)
Configure Evaluate
[2024-02-25 21:34:43,842][flwr][DEBUG] - evaluate_round 90: strategy sampled 15 clients (out of 50)
[2024-02-25 21:34:56,635][flwr][DEBUG] - evaluate_round 90 received 15 results and 0 failures
Aggregate evaluate
Configure Fit
server round: 91
[2024-02-25 21:34:56,635][flwr][DEBUG] - fit_round 91: strategy sampled 15 clients (out of 50)
[2024-02-25 21:36:58,879][flwr][DEBUG] - fit_round 91 received 15 results and 0 failures
individual accuracies [0.6684, 0.6475, 0.6225, 0.607, 0.6776, 0.6657]
malicious is ['0', '0', '0', '0', '0', '0']
Number of Evil Clients: 9
Number of Preset Malicious Clients is 0
Number of Preset Benign Clients is 6
Average poisoning accuracy: 0.9778555555555557
accuracies is [(0.61475, -1), (0.6670499999999999, 0)]
accuracies is [(0.61475, -1), (0.6670499999999999, 0)]
benign class is 0
malicious class is -1
Clustering acc for fcw is 0.6666666666666666
Final Clustering acc is 0.6666666666666666
20 added to evil list
Target label is 9
length of good results is 6 and length of bad results is 0
acc_diff is 0
Evaluate
Global Poisoning Accuracy: 0.1034
[2024-02-25 21:37:37,171][flwr][INFO] - fit progress: (91, 145.08210682868958, {'accuracy': 0.6753}, 15883.638624503044)
Configure Evaluate
[2024-02-25 21:37:37,171][flwr][DEBUG] - evaluate_round 91: strategy sampled 15 clients (out of 50)
[2024-02-25 21:37:49,872][flwr][DEBUG] - evaluate_round 91 received 15 results and 0 failures
Aggregate evaluate
Configure Fit
server round: 92
[2024-02-25 21:37:49,873][flwr][DEBUG] - fit_round 92: strategy sampled 15 clients (out of 50)
[2024-02-25 21:39:54,799][flwr][DEBUG] - fit_round 92 received 15 results and 0 failures
individual accuracies [0.635, 0.6623, 0.6686, 0.6532, 0.6678, 0.656, 0.6393, 0.6707, 0.6693, 0.5952]
malicious is ['0', '0', '0', '0', '0', '0', '0', '0', '0', '0']
Number of Evil Clients: 5
Number of Preset Malicious Clients is 0
Number of Preset Benign Clients is 10
Average poisoning accuracy: 0.9724600000000001
accuracies is [(0.6151, -1), (0.6650499999999999, 0)]
accuracies is [(0.6151, -1), (0.6650499999999999, 0)]
benign class is 0
malicious class is -1
Clustering acc for fcw is 0.8
Final Clustering acc is 0.8
20 added to evil list
Target label is 9
length of good results is 10 and length of bad results is 0
acc_diff is 0
Evaluate
Global Poisoning Accuracy: 0.0966
[2024-02-25 21:40:32,287][flwr][INFO] - fit progress: (92, 146.28693866729736, {'accuracy': 0.6742}, 16058.754291471094)
Configure Evaluate
[2024-02-25 21:40:32,287][flwr][DEBUG] - evaluate_round 92: strategy sampled 15 clients (out of 50)
[2024-02-25 21:40:45,144][flwr][DEBUG] - evaluate_round 92 received 15 results and 0 failures
Aggregate evaluate
Configure Fit
server round: 93
[2024-02-25 21:40:45,145][flwr][DEBUG] - fit_round 93: strategy sampled 15 clients (out of 50)
[2024-02-25 21:42:46,001][flwr][DEBUG] - fit_round 93 received 15 results and 0 failures
individual accuracies [0.6698, 0.6634, 0.646, 0.6609, 0.6686, 0.5798, 0.6229, 0.6715, 0.6673]
malicious is ['0', '0', '0', '0', '0', '0', '0', '0', '0']
Number of Evil Clients: 6
Number of Preset Malicious Clients is 0
Number of Preset Benign Clients is 9
Average poisoning accuracy: 0.9836833333333335
accuracies is [(0.60135, -1), (0.6673, 0)]
accuracies is [(0.60135, -1), (0.6673, 0)]
benign class is 0
malicious class is -1
Clustering acc for fcw is 0.7777777777777778
Final Clustering acc is 0.7777777777777778
20 added to evil list
Target label is 9
length of good results is 9 and length of bad results is 0
acc_diff is 0
Evaluate
Global Poisoning Accuracy: 0.0973
[2024-02-25 21:43:25,110][flwr][INFO] - fit progress: (93, 135.83168768882751, {'accuracy': 0.6809}, 16231.577369970037)
Configure Evaluate
[2024-02-25 21:43:25,110][flwr][DEBUG] - evaluate_round 93: strategy sampled 15 clients (out of 50)
[2024-02-25 21:43:37,772][flwr][DEBUG] - evaluate_round 93 received 15 results and 0 failures
Aggregate evaluate
Configure Fit
server round: 94
[2024-02-25 21:43:37,772][flwr][DEBUG] - fit_round 94: strategy sampled 15 clients (out of 50)
[2024-02-25 21:45:40,401][flwr][DEBUG] - fit_round 94 received 15 results and 0 failures
individual accuracies [0.6761, 0.6679, 0.6715, 0.6725, 0.66, 0.6778, 0.6824, 0.6785]
malicious is ['0', '0', '0', '0', '0', '0', '0', '0']
Number of Evil Clients: 7
Number of Preset Malicious Clients is 0
Number of Preset Benign Clients is 8
Average poisoning accuracy: 0.9693428571428571
accuracies is [(0.6743, 0)]
accuracies is [(0.6743, 0)]
benign class is 0
malicious class is 10
Clustering acc for fcw is 1.0
Final Clustering acc is 1.0
20 added to evil list
Target label is 9
length of good results is 8 and length of bad results is 0
acc_diff is 0
Evaluate
Global Poisoning Accuracy: 0.1029
[2024-02-25 21:46:18,628][flwr][INFO] - fit progress: (94, 142.58560264110565, {'accuracy': 0.6796}, 16405.095888955053)
Configure Evaluate
[2024-02-25 21:46:18,629][flwr][DEBUG] - evaluate_round 94: strategy sampled 15 clients (out of 50)
[2024-02-25 21:46:31,825][flwr][DEBUG] - evaluate_round 94 received 15 results and 0 failures
Aggregate evaluate
Configure Fit
server round: 95
[2024-02-25 21:46:31,825][flwr][DEBUG] - fit_round 95: strategy sampled 15 clients (out of 50)
[2024-02-25 21:48:33,538][flwr][DEBUG] - fit_round 95 received 15 results and 0 failures
individual accuracies [0.6686, 0.671, 0.6766, 0.6653, 0.6788, 0.5963, 0.6718, 0.6713]
malicious is ['0', '0', '0', '0', '0', '0', '0', '0']
Number of Evil Clients: 7
Number of Preset Malicious Clients is 0
Number of Preset Benign Clients is 8
Average poisoning accuracy: 0.9835285714285714
accuracies is [(0.5963, -1), (0.6713, 0)]
accuracies is [(0.5963, -1), (0.6713, 0)]
benign class is 0
malicious class is -1
Clustering acc for fcw is 0.875
Final Clustering acc is 0.875
20 added to evil list
Target label is 9
length of good results is 8 and length of bad results is 0
acc_diff is 0
Evaluate
Global Poisoning Accuracy: 0.0993
[2024-02-25 21:49:13,767][flwr][INFO] - fit progress: (95, 141.44146966934204, {'accuracy': 0.6809}, 16580.234664116055)
Configure Evaluate
[2024-02-25 21:49:13,767][flwr][DEBUG] - evaluate_round 95: strategy sampled 15 clients (out of 50)
[2024-02-25 21:49:26,808][flwr][DEBUG] - evaluate_round 95 received 15 results and 0 failures
Aggregate evaluate
Configure Fit
server round: 96
[2024-02-25 21:49:26,808][flwr][DEBUG] - fit_round 96: strategy sampled 15 clients (out of 50)
[2024-02-25 21:51:32,546][flwr][DEBUG] - fit_round 96 received 15 results and 0 failures
individual accuracies [0.6703, 0.6733, 0.6455, 0.6775, 0.6746, 0.6712, 0.6694, 0.5494]
malicious is ['0', '0', '0', '0', '0', '0', '0', '0']
Number of Evil Clients: 7
Number of Preset Malicious Clients is 0
Number of Preset Benign Clients is 8
Average poisoning accuracy: 0.9738571428571429
accuracies is [(0.59745, -1), (0.67225, 0)]
accuracies is [(0.59745, -1), (0.67225, 0)]
benign class is 0
malicious class is -1
Clustering acc for fcw is 0.75
Final Clustering acc is 0.75
20 added to evil list
Target label is 9
length of good results is 8 and length of bad results is 0
acc_diff is 0
Evaluate
Global Poisoning Accuracy: 0.0998
[2024-02-25 21:52:10,421][flwr][INFO] - fit progress: (96, 140.11846005916595, {'accuracy': 0.6776}, 16756.88857537601)
Configure Evaluate
[2024-02-25 21:52:10,421][flwr][DEBUG] - evaluate_round 96: strategy sampled 15 clients (out of 50)
[2024-02-25 21:52:23,005][flwr][DEBUG] - evaluate_round 96 received 15 results and 0 failures
Aggregate evaluate
Configure Fit
server round: 97
[2024-02-25 21:52:23,006][flwr][DEBUG] - fit_round 97: strategy sampled 15 clients (out of 50)
[2024-02-25 21:54:24,568][flwr][DEBUG] - fit_round 97 received 15 results and 0 failures
individual accuracies [0.6639, 0.6726, 0.6682, 0.6398, 0.661, 0.6638, 0.6618, 0.6775, 0.663, 0.6691, 0.6562]
malicious is ['0', '0', '0', '0', '0', '0', '0', '0', '0', '0', '0']
Number of Evil Clients: 4
Number of Preset Malicious Clients is 0
Number of Preset Benign Clients is 11
Average poisoning accuracy: 0.98175
accuracies is [(0.6638, 0)]
accuracies is [(0.6638, 0)]
benign class is 0
malicious class is 10
Clustering acc for fcw is 1.0
Final Clustering acc is 1.0
20 added to evil list
Target label is 9
length of good results is 11 and length of bad results is 0
acc_diff is 0
Evaluate
Global Poisoning Accuracy: 0.102
[2024-02-25 21:55:02,525][flwr][INFO] - fit progress: (97, 144.50844478607178, {'accuracy': 0.6778}, 16928.99213737808)
Configure Evaluate
[2024-02-25 21:55:02,525][flwr][DEBUG] - evaluate_round 97: strategy sampled 15 clients (out of 50)
[2024-02-25 21:55:15,202][flwr][DEBUG] - evaluate_round 97 received 15 results and 0 failures
Aggregate evaluate
Configure Fit
server round: 98
[2024-02-25 21:55:15,203][flwr][DEBUG] - fit_round 98: strategy sampled 15 clients (out of 50)
[2024-02-25 21:57:18,506][flwr][DEBUG] - fit_round 98 received 15 results and 0 failures
individual accuracies [0.671, 0.6797, 0.6296, 0.6702, 0.6769, 0.6674, 0.6584]
malicious is ['0', '0', '0', '0', '0', '0', '0']
Number of Evil Clients: 8
Number of Preset Malicious Clients is 0
Number of Preset Benign Clients is 7
Average poisoning accuracy: 0.9815875000000001
accuracies is [(0.6499, -1), (0.671, 0)]
accuracies is [(0.6499, -1), (0.671, 0)]
benign class is 0
malicious class is -1
Clustering acc for fcw is 0.7142857142857143
Final Clustering acc is 0.7142857142857143
20 added to evil list
Target label is 9
length of good results is 7 and length of bad results is 0
acc_diff is 0
Evaluate
Global Poisoning Accuracy: 0.1022
[2024-02-25 21:58:00,460][flwr][INFO] - fit progress: (98, 150.04315650463104, {'accuracy': 0.674}, 17106.92732055101)
Configure Evaluate
[2024-02-25 21:58:00,460][flwr][DEBUG] - evaluate_round 98: strategy sampled 15 clients (out of 50)
[2024-02-25 21:58:13,125][flwr][DEBUG] - evaluate_round 98 received 15 results and 0 failures
Aggregate evaluate
Configure Fit
server round: 99
[2024-02-25 21:58:13,125][flwr][DEBUG] - fit_round 99: strategy sampled 15 clients (out of 50)
[2024-02-25 22:00:15,586][flwr][DEBUG] - fit_round 99 received 15 results and 0 failures
individual accuracies [0.6756, 0.6666, 0.6595, 0.6722, 0.6624]
malicious is ['0', '0', '0', '0', '0']
Number of Evil Clients: 10
Number of Preset Malicious Clients is 0
Number of Preset Benign Clients is 5
Average poisoning accuracy: 0.9719600000000002
accuracies is [(0.6630499999999999, -1), (0.6722, 0)]
accuracies is [(0.6630499999999999, -1), (0.6722, 0)]
benign class is 0
malicious class is -1
Clustering acc for fcw is 0.6
Final Clustering acc is 0.6
20 added to evil list
Target label is 9
length of good results is 5 and length of bad results is 0
acc_diff is 0
Evaluate
Global Poisoning Accuracy: 0.1045
[2024-02-25 22:00:56,262][flwr][INFO] - fit progress: (99, 151.86725330352783, {'accuracy': 0.6778}, 17282.729522883077)
Configure Evaluate
[2024-02-25 22:00:56,262][flwr][DEBUG] - evaluate_round 99: strategy sampled 15 clients (out of 50)
[2024-02-25 22:01:09,301][flwr][DEBUG] - evaluate_round 99 received 15 results and 0 failures
Aggregate evaluate
Configure Fit
server round: 100
[2024-02-25 22:01:09,302][flwr][DEBUG] - fit_round 100: strategy sampled 15 clients (out of 50)
[2024-02-25 22:03:14,140][flwr][DEBUG] - fit_round 100 received 15 results and 0 failures
individual accuracies [0.6709, 0.6548, 0.66, 0.6777, 0.677, 0.6626, 0.6725, 0.6783]
malicious is ['0', '0', '0', '0', '0', '0', '0', '0']
Number of Evil Clients: 7
Number of Preset Malicious Clients is 0
Number of Preset Benign Clients is 8
Average poisoning accuracy: 0.9708
accuracies is [(0.6613, -1), (0.67475, 0)]
accuracies is [(0.6613, -1), (0.67475, 0)]
benign class is 0
malicious class is -1
Clustering acc for fcw is 0.75
Final Clustering acc is 0.75
20 added to evil list
Target label is 9
length of good results is 8 and length of bad results is 0
acc_diff is 0
Evaluate
Global Poisoning Accuracy: 0.1009
[2024-02-25 22:03:54,716][flwr][INFO] - fit progress: (100, 151.7886003255844, {'accuracy': 0.6794}, 17461.183284259052)
Configure Evaluate
[2024-02-25 22:03:54,716][flwr][DEBUG] - evaluate_round 100: strategy sampled 15 clients (out of 50)
[2024-02-25 22:04:07,132][flwr][DEBUG] - evaluate_round 100 received 15 results and 0 failures
Aggregate evaluate
[2024-02-25 22:04:07,132][flwr][INFO] - FL finished in 17473.599753429065
[2024-02-25 22:04:07,140][flwr][INFO] - app_fit: losses_distributed [(1, 11.52392570177714), (2, 10.931255197525024), (3, 11.030264560381571), (4, 9.807289950052898), (5, 9.439934925238292), (6, 12.176870898405712), (7, 9.982204679648081), (8, 10.608739244937897), (9, 13.288132810592652), (10, 9.58854333559672), (11, 9.85371988217036), (12, 10.000614301363628), (13, 13.611400258541106), (14, 15.197338740030924), (15, 9.846743931372961), (16, 16.348443442583083), (17, 13.387441890438398), (18, 10.14730521440506), (19, 15.166578004757563), (20, 10.16305497487386), (21, 14.381751936674117), (22, 13.38574960231781), (23, 12.50896657705307), (24, 15.028018852074942), (25, 13.635178192456562), (26, 12.234590675433477), (27, 9.106141599019368), (28, 13.680787440141042), (29, 13.514382879932722), (30, 14.100340471665065), (31, 12.903492536147436), (32, 13.669452542066574), (33, 10.656979350248973), (34, 10.590227005879084), (35, 16.09525228937467), (36, 16.264427324136097), (37, 12.018264126777648), (38, 16.791896215081216), (39, 12.337479768196742), (40, 20.506523277362188), (41, 21.118747518459955), (42, 13.998283862074215), (43, 9.399767486254374), (44, 14.49999052087466), (45, 16.038399974505108), (46, 20.405132396022477), (47, 15.247167988618214), (48, 17.264724760254225), (49, 20.50632537007332), (50, 18.852245634794237), (51, 17.405580267310143), (52, 15.462669364611308), (53, 16.821705649296444), (54, 11.237455556790033), (55, 17.73585106929143), (56, 13.65907381574313), (57, 16.37130583326022), (58, 18.819172143936157), (59, 15.05217242340247), (60, 13.345197654763858), (61, 19.26059563954671), (62, 19.011714035272597), (63, 25.824508452415465), (64, 19.290503446261088), (65, 23.223398355642953), (66, 14.008502972126006), (67, 18.370577117800714), (68, 20.60753693183263), (69, 17.39886397520701), (70, 20.37006819943587), (71, 19.13317973613739), (72, 23.162687941392264), (73, 22.450648484627404), (74, 19.32424824635188), (75, 19.00016658703486), (76, 21.068472798665365), (77, 20.135122272372246), (78, 24.32787333925565), (79, 16.65991268704335), (80, 22.358673778176307), (81, 21.256676202019055), (82, 16.454053256909052), (83, 29.678944474458696), (84, 16.1204111268123), (85, 18.267645078897477), (86, 25.88628960053126), (87, 21.211062451203663), (88, 20.252054196596145), (89, 18.11817719141642), (90, 23.984174537658692), (91, 23.552838198343913), (92, 17.577105661233265), (93, 23.151715557773908), (94, 26.690271258354187), (95, 27.565618513027825), (96, 23.909032543500263), (97, 18.18876630961895), (98, 17.615380439162255), (99, 24.855960323413214), (100, 22.119090419014295)]
[2024-02-25 22:04:07,140][flwr][INFO] - app_fit: metrics_distributed_fit {}
[2024-02-25 22:04:07,140][flwr][INFO] - app_fit: metrics_distributed {'accuracy': [(1, 0.06133333333333333), (2, 0.25266666666666665), (3, 0.24399999999999997), (4, 0.388), (5, 0.448), (6, 0.41800000000000004), (7, 0.5053333333333332), (8, 0.506), (9, 0.4693333333333334), (10, 0.548), (11, 0.5593333333333333), (12, 0.5706666666666667), (13, 0.49866666666666676), (14, 0.4766666666666667), (15, 0.5960000000000001), (16, 0.46800000000000014), (17, 0.5233333333333334), (18, 0.5846666666666667), (19, 0.5), (20, 0.58), (21, 0.5226666666666667), (22, 0.5453333333333334), (23, 0.5513333333333333), (24, 0.5106666666666666), (25, 0.5466666666666665), (26, 0.5633333333333334), (27, 0.6286666666666666), (28, 0.5426666666666667), (29, 0.5493333333333333), (30, 0.5406666666666666), (31, 0.5646666666666668), (32, 0.5453333333333334), (33, 0.6093333333333332), (34, 0.6126666666666667), (35, 0.52), (36, 0.532), (37, 0.5986666666666667), (38, 0.5233333333333332), (39, 0.6026666666666669), (40, 0.4779999999999999), (41, 0.47533333333333333), (42, 0.5686666666666667), (43, 0.6420000000000001), (44, 0.572), (45, 0.5493333333333333), (46, 0.5020000000000001), (47, 0.5706666666666668), (48, 0.5346666666666667), (49, 0.5006666666666667), (50, 0.518), (51, 0.5493333333333333), (52, 0.5613333333333334), (53, 0.5493333333333333), (54, 0.6386666666666668), (55, 0.5526666666666666), (56, 0.606), (57, 0.57), (58, 0.5326666666666667), (59, 0.5860000000000001), (60, 0.6206666666666667), (61, 0.5233333333333333), (62, 0.5339999999999999), (63, 0.44133333333333336), (64, 0.532), (65, 0.48333333333333334), (66, 0.616), (67, 0.5606666666666666), (68, 0.522), (69, 0.5793333333333333), (70, 0.5393333333333333), (71, 0.5513333333333333), (72, 0.49600000000000005), (73, 0.5146666666666666), (74, 0.55), (75, 0.5586666666666668), (76, 0.5326666666666667), (77, 0.546), (78, 0.512), (79, 0.59), (80, 0.5239999999999999), (81, 0.53), (82, 0.6093333333333334), (83, 0.44), (84, 0.6160000000000001), (85, 0.578), (86, 0.49866666666666676), (87, 0.546), (88, 0.5686666666666667), (89, 0.5926666666666668), (90, 0.5253333333333333), (91, 0.5279999999999999), (92, 0.5926666666666666), (93, 0.5213333333333332), (94, 0.48266666666666663), (95, 0.484), (96, 0.5173333333333334), (97, 0.5866666666666667), (98, 0.6193333333333335), (99, 0.5199999999999999), (100, 0.5566666666666666)]}
[2024-02-25 22:04:07,140][flwr][INFO] - app_fit: losses_centralized [(0, 182.85168933868408), (1, 182.50763702392578), (2, 176.50678634643555), (3, 144.53122210502625), (4, 116.74078297615051), (5, 110.52471482753754), (6, 114.18162822723389), (7, 118.16791796684265), (8, 114.69660878181458), (9, 112.5085341334343), (10, 111.53935778141022), (11, 114.18574154376984), (12, 113.29317682981491), (13, 113.19903194904327), (14, 112.69288474321365), (15, 112.66176277399063), (16, 111.5481464266777), (17, 111.88003319501877), (18, 107.00999289751053), (19, 107.23342955112457), (20, 104.86765211820602), (21, 106.71185964345932), (22, 102.2208924293518), (23, 102.49780976772308), (24, 103.1946387887001), (25, 99.85686248540878), (26, 102.94716542959213), (27, 103.91202092170715), (28, 104.76001852750778), (29, 106.35856205224991), (30, 103.69344282150269), (31, 100.57551944255829), (32, 100.65981090068817), (33, 101.1541817188263), (34, 108.65738552808762), (35, 102.16273587942123), (36, 101.59000062942505), (37, 101.8772788643837), (38, 101.85058936476707), (39, 105.89552944898605), (40, 103.92777508497238), (41, 105.5318860411644), (42, 109.69428026676178), (43, 101.41806757450104), (44, 112.17139953374863), (45, 107.62674254179001), (46, 115.77750164270401), (47, 113.47265869379044), (48, 108.06310456991196), (49, 111.36932706832886), (50, 111.69584226608276), (51, 114.17110759019852), (52, 119.49614322185516), (53, 113.4560940861702), (54, 115.08378064632416), (55, 118.55389356613159), (56, 116.57792603969574), (57, 122.78035056591034), (58, 116.80892771482468), (59, 114.96279448270798), (60, 117.36303186416626), (61, 118.51135396957397), (62, 119.24769175052643), (63, 123.42944824695587), (64, 122.28970682621002), (65, 120.5546647310257), (66, 121.96874129772186), (67, 128.13538551330566), (68, 125.7271089553833), (69, 132.37570667266846), (70, 124.88051319122314), (71, 130.8601599931717), (72, 128.27120804786682), (73, 136.7098228931427), (74, 131.21722412109375), (75, 128.4499716758728), (76, 135.38122236728668), (77, 132.57196640968323), (78, 134.22019147872925), (79, 136.51839196681976), (80, 135.6781622171402), (81, 137.04691195487976), (82, 135.84950649738312), (83, 138.18817341327667), (84, 141.98788678646088), (85, 143.33053362369537), (86, 144.1990261077881), (87, 144.26863133907318), (88, 145.03375482559204), (89, 146.85062205791473), (90, 149.34803807735443), (91, 145.08210682868958), (92, 146.28693866729736), (93, 135.83168768882751), (94, 142.58560264110565), (95, 141.44146966934204), (96, 140.11846005916595), (97, 144.50844478607178), (98, 150.04315650463104), (99, 151.86725330352783), (100, 151.7886003255844)]
[2024-02-25 22:04:07,140][flwr][INFO] - app_fit: metrics_centralized {'accuracy': [(0, 0.1001), (1, 0.0999), (2, 0.1628), (3, 0.3271), (4, 0.4575), (5, 0.5079), (6, 0.5288), (7, 0.5485), (8, 0.5676), (9, 0.5793), (10, 0.5925), (11, 0.5991), (12, 0.6046), (13, 0.6152), (14, 0.6192), (15, 0.6259), (16, 0.628), (17, 0.6318), (18, 0.6428), (19, 0.6371), (20, 0.6451), (21, 0.6432), (22, 0.6533), (23, 0.6513), (24, 0.6556), (25, 0.6617), (26, 0.6564), (27, 0.6589), (28, 0.6566), (29, 0.6551), (30, 0.6646), (31, 0.667), (32, 0.6698), (33, 0.6682), (34, 0.6646), (35, 0.6697), (36, 0.6777), (37, 0.6781), (38, 0.6868), (39, 0.6765), (40, 0.679), (41, 0.6816), (42, 0.6754), (43, 0.6785), (44, 0.678), (45, 0.6731), (46, 0.6756), (47, 0.6773), (48, 0.6714), (49, 0.6726), (50, 0.6737), (51, 0.6721), (52, 0.6736), (53, 0.6789), (54, 0.68), (55, 0.6773), (56, 0.6825), (57, 0.6838), (58, 0.679), (59, 0.683), (60, 0.6863), (61, 0.6837), (62, 0.6783), (63, 0.6812), (64, 0.6814), (65, 0.6819), (66, 0.682), (67, 0.6821), (68, 0.6809), (69, 0.6787), (70, 0.6809), (71, 0.6789), (72, 0.6782), (73, 0.6763), (74, 0.6811), (75, 0.6782), (76, 0.6734), (77, 0.6799), (78, 0.6826), (79, 0.6793), (80, 0.6783), (81, 0.6778), (82, 0.6759), (83, 0.6816), (84, 0.6811), (85, 0.6788), (86, 0.6726), (87, 0.6768), (88, 0.6753), (89, 0.6762), (90, 0.6768), (91, 0.6753), (92, 0.6742), (93, 0.6809), (94, 0.6796), (95, 0.6809), (96, 0.6776), (97, 0.6778), (98, 0.674), (99, 0.6778), (100, 0.6794)]}
