Using CUDA: False
Using MPS: False
dataset: mnist
num_rounds: 100
num_clients: 50
batch_size: 20
num_classes: 10
num_channels: 1
target_label: 9
num_clients_per_round_fit: 15
num_clients_per_round_eval: 15
config_fit:
  poisoning_rate: 0.7
  lr: 0.01
  momentum: 0.9
  local_epochs: 5
  proximal_mu: 2.0
dataset_config:
  ratio_benign_client: 0.6
  iid: false
  balance: false
  power_law: false
  dirichlet: true
  alpha: 0.9

Created global model 0
Created client instances 0
[2024-05-15 15:03:04,977][flwr][INFO] - Starting Flower simulation, config: ServerConfig(num_rounds=100, round_timeout=None)
[2024-05-15 15:03:09,971][flwr][INFO] - Flower VCE: Ray initialized with resources: {'node:137.205.113.131': 1.0, 'object_store_memory': 19566009139.0, 'memory': 39132018279.0, 'node:__internal_head__': 1.0, 'CPU': 40.0}
[2024-05-15 15:03:09,972][flwr][INFO] - Initializing global parameters
[2024-05-15 15:03:09,972][flwr][INFO] - Using initial parameters provided by strategy
[2024-05-15 15:03:09,972][flwr][INFO] - Evaluating initial parameters
Evaluate
[2024-05-15 15:03:09,972][flwr][INFO] - FL starting
Configure Fit
server round: 1
Starting a round 0
[2024-05-15 15:03:09,972][flwr][DEBUG] - fit_round 1: strategy sampled 15 clients (out of 50)
[2024-05-15 15:03:20,361][flwr][DEBUG] - fit_round 1 received 15 results and 0 failures
malicious is ['0', '2', '2', '0', '0', '2', '0', '2', '2', '0', '0', '0', '0', '2', '0']
Number of Evil Clients: 0
Number of Preset Malicious Clients is 6
Number of Preset Benign Clients is 9
Average Clean Data Accuracy: 0.07539999999999998
bad > good, ok!
Target label is 9
Now, comb_C is [0 2 2 0 0 2 0 2 2 0 0 0 0 2 0]
Clustering Accuracy is 1.0
length of good results is 9 and length of bad results is 6
Weights
1 of them have 0 sim weights out of 120 elements
119 of them have sim weight > 0.005
sim weight list is [0.9892309181701118, 0.6033133914993996, 0.9910242808158506, 0.553740072762279, 0.7910320949100226, 0.717523849913141, 0.7532673485626673, 0.9907526532848786, 0.8713844235568505, 0, 0.38783989215157016, 0.7779612067445326, 0.999412497799703, 0.8133581822346871, 0.9111828262720127, 0.9999843655736014, 0.7893627148636337, 0.9888805125819699, 0.45874264839980294, 0.845820565737745, 0.9818790647826149, 0.8163232780377676, 0.5699592118108882, 0.7337099788998329, 0.6223333275375311, 0.9999886275555598, 0.9937420241822409, 0.5807169901613493, 0.8826535846875911, 0.8514697900459239, 0.9999866476519075, 0.43933306807456063, 0.7189137278616352, 0.9388728500748496, 0.5896574272590327, 0.9920916199188785, 0.6153937643604427, 0.8158904688665588, 0.7956603497760707, 0.5745461751966788, 0.7198315823385765, 0.6552775241826977, 0.4989065498895946, 0.5333295307352726, 0.895546428591307, 0.8361575476145359, 0.5497262220489614, 0.8320755351202473, 0.9873505974031148, 0.6751091890366302, 0.9833158281929621, 0.9894165930858789, 0.8559080166726369, 0.9381618392505688, 0.9993335002528927, 0.9813312739165307, 0.7146647088828193, 0.5752482683711039, 0.9294167665233678, 0.5399941194558474, 0.7759059744621581, 0.996139003994871, 0.9564438604588742, 0.9825682077367599, 0.7065209377957555, 0.8906592800913684, 0.9768084856437378, 0.615967885823158, 0.8950903212006184, 0.7295721221945057, 0.808131694255097, 0.7183209267457953, 0.7459978117802363, 0.5230950765413263, 0.7202987430956496, 0.9885233681445208, 0.5939059639031434, 0.9874217179676729, 0.9697102604544351, 0.8684898356235028, 0.8405529102150915, 0.8012021646137054, 0.8992865226471803, 0.9999848120194802, 0.9320362891109875, 0.9691080998963653, 0.3404493843249987, 0.956340522024702, 0.9705783033447679, 0.5302699051082017, 0.9641687436459169, 0.9636110652854991, 0.8050672946324953, 0.9349691885265414, 0.9850520122615916, 0.6562444867191282, 0.48762351062905235, 0.7714665903866584, 0.9700864554523845, 0.6999957867766476, 0.8031021101834253, 0.9341622990952685, 0.8924679204924679, 0.8538262717257817, 0.9991097801680233, 0.8194804147034712, 0.6085448086263835, 0.31641641925367386, 0.5489757566663355, 0.9388821501972888, 0.9999832684715353, 0.8720150753045357, 0.8821846223265807, 0.9096934754914024, 0.8314453501933997, 0.904214101041223, 0.7384103163987727, 0.9452773680282334, 0.9265620220803729, 0.8846030802766958]
Bias
1 of them have 0 sim weights out of 120 elements
119 of them have sim weight > 0.005
sim weight list is [0.999857484274802, 0.9931234271630022, 0.9998930265605656, 0.9915511964851765, 0.9973455644353006, 0.9959295386834873, 0.995775112925249, 0.999857484274802, 0.9982717887775203, 0, 0.9876832179647005, 0.9968606515191452, 0.999991525000484, 0.9966453846474348, 0.9988065076440822, 0.9999998789280726, 0.9962308391143869, 0.999849761016044, 0.9894303529079435, 0.9977875248442322, 0.9996884578082064, 0.9972706536031314, 0.9929068756143247, 0.996144361486255, 0.9933484325421835, 0.9999998910352647, 0.9998947698114435, 0.9922901813745678, 0.9979625007135241, 0.9977321618767444, 0.9999992251399181, 0.9888700276614054, 0.9958503936966285, 0.9989651286635088, 0.9940122012165232, 0.9998925423247499, 0.993553439121762, 0.9969555439659917, 0.9970503005879913, 0.9924804749624349, 0.995966472751574, 0.9945183650281917, 0.9909211873723553, 0.9914622441502955, 0.9986373203061492, 0.9977632676826309, 0.9922469564866121, 0.997649564058964, 0.9995282697558024, 0.9942556929755252, 0.9997259791191946, 0.999589601948921, 0.9972449359979126, 0.9988356803025119, 0.9999956535269902, 0.9997990014429364, 0.9957641178756977, 0.9921814860206406, 0.9990845827074438, 0.9917603679504566, 0.9962403195452708, 0.9995184434006059, 0.9988726087679415, 0.9997587569523146, 0.9960780067565269, 0.9986488307143554, 0.999715618255159, 0.9945871927726393, 0.9984167136697866, 0.9961734759889098, 0.9972472783251146, 0.9958340506304229, 0.9960972542382726, 0.992019652858766, 0.9958925939275862, 0.999837389399848, 0.9933704776576159, 0.999790398021825, 0.999570335392875, 0.9982700967011988, 0.9975739057238401, 0.9965820853868875, 0.9989692892366173, 0.9999996852130193, 0.9990513915320265, 0.999602018908586, 0.9858030961996016, 0.9995283665676642, 0.9995597794865816, 0.9920199546244802, 0.9995959919439876, 0.9999991524968163, 0.9977012623897346, 0.9993264374141996, 0.9997972129662547, 0.9951066369812235, 0.990409938475331, 0.9966632674771954, 0.9996164692488257, 0.9953523731811255, 0.9974330158225425, 0.9989851092483891, 0.9981791880743471, 0.9987343528492524, 0.9999879170939159, 0.9976605920061449, 0.9933032734541961, 0.9846106213270043, 0.9926672475862637, 0.9991237022941217, 0.9999997578561599, 0.9985009707543268, 0.9985221268062064, 0.9983780569164002, 0.9980841066543448, 0.9986379248410943, 0.9959168402762809, 0.9992806073072348, 0.9991962118493989, 0.9982548923154984]
Weights
1 of them have 0 sim weights out of 84 elements
83 of them have sim weight > 0.005
sim weight list is [0.9302252094507386, 0.7490982305444222, 0.9266866705353439, 0.7982333516971064, 0.8398403843733977, 0.9057678201590427, 0.8895430639050601, 0.967165228462895, 0.926687527956684, 0, 0.9226649055871246, 0.9182084324169837, 0.7055419394398955, 0.9772575348483578, 0.7812568860018924, 0.9288876324105475, 0.7819933693354343, 0.794954019680721, 0.6617641179085438, 0.9306683030974172, 0.9082245281775381, 0.9347280678456007, 0.9053952836376619, 0.7366029085349816, 0.813396906852105, 0.7367189110427407, 0.9086307365369318, 0.85577104513858, 0.9879593792805942, 0.8160949202327846, 0.887586969005609, 0.7227315448783231, 0.9785808862020967, 0.7974319640423615, 0.8622453932111163, 0.8364229145509455, 0.7797693693678263, 0.7049500172047237, 0.8702581349483061, 0.897915106071006, 0.8425079534552238, 0.7141413460507403, 0.690528596545246, 0.9396929027589047, 0.9674933385501033, 0.9751151600122602, 0.787200936006147, 0.6919085340846092, 0.8213823064748608, 0.9874313603992803, 0.7841571124178915, 0.9790368739358833, 0.9790612240627296, 0.7417786279592746, 0.9661158052045812, 0.9158924044070517, 0.7629906633210528, 0.8411673960235514, 0.8242320580207695, 0.9619757434944366, 0.9775660024035242, 0.940236487262289, 0.9474684704673332, 0.9113529007818415, 0.9776574424586988, 0.9852770744702042, 0.8772256245691261, 0.7200295254817504, 0.8030360979847663, 0.7580541826718952, 0.9305137614971692, 0.8388581383837453, 0.9012375406559672, 0.9556347047672885, 0.8594100010106895, 0.9531500109789369, 0.8123845113450707, 0.8191187891231153, 0.9986487728342094, 0.8734095696600476, 0.9547841542810379, 0.8814682717158715, 0.7943940177711861, 0.7730896610946785]
Bias
1 of them have 0 sim weights out of 84 elements
83 of them have sim weight > 0.005
sim weight list is [0.9946676343113913, 0.9776378292637457, 0.9930031950667928, 0.9825749272219781, 0.9868109989022547, 0.9925436098389777, 0.9901602046642451, 0.9971412512730029, 0.9936021433110643, 0, 0.9945632542415134, 0.994026158555555, 0.9734720022191468, 0.9984977067176649, 0.9804422237171504, 0.9943464850470702, 0.9808574255602547, 0.9825289612847746, 0.9688652826602392, 0.9942056898513232, 0.9924150371498832, 0.9933034658720532, 0.9929188338900686, 0.9758827116600918, 0.9834271614615419, 0.9765767232810559, 0.9925498105877828, 0.9879290108351654, 0.9996938075348537, 0.9829765306499162, 0.9913701550802755, 0.9750581937434886, 0.9979442804320459, 0.9822867953282091, 0.9884570168389982, 0.9861126512196202, 0.9814911131414363, 0.9725025081507468, 0.9890473314572384, 0.9921112392133037, 0.9857976059728378, 0.9737499207323377, 0.9709989192269177, 0.9953244154306689, 0.9984838769918181, 0.9979783047814562, 0.981198879859088, 0.9715031975094298, 0.9847896652488745, 0.9992798813984798, 0.9811414794816313, 0.998648879077695, 0.9985048876124054, 0.9767975185585378, 0.9973803321454309, 0.9932032693171008, 0.9783652869015349, 0.985598522365513, 0.9847711370205626, 0.9967001684194192, 0.9985147281816661, 0.994864574948368, 0.9962993993776801, 0.993134296861961, 0.9990156130670039, 0.9986024271692874, 0.9900425548280205, 0.9745420527923341, 0.9819251918991831, 0.979547538454941, 0.9940944738168573, 0.9870169955015357, 0.9923753391916181, 0.9966689147532564, 0.9872822854244205, 0.996416314916983, 0.9833224132759816, 0.9846623115816705, 0.9988740841813901, 0.9899657294606438, 0.9959269824095073, 0.9906633994802698, 0.98174344761115, 0.9803731700755681]
Weights
1 of them have 0 sim weights out of 10 elements
6 of them have sim weight > 0.005
sim weight list is [0.002064187302506685, 0.006103866666143696, 0.000310905659515255, 0.0013700597906834025, 0.1460836891598376, 0.16746657206868898, 0.019168443125152753, 0.2737338100423674, 0.2648063907881607, 0]
Bias
1 of them have 0 sim weights out of 10 elements
9 of them have sim weight > 0.005
sim weight list is [0.8638679465284352, 0.8844506464087182, 0.8257440187337223, 0.8548055733118023, 0.9557628256733134, 0.958027507493643, 0.9099822848042932, 0.9692352077123305, 0.968623013130101, 0]
[2024-05-15 15:03:22,031][flwr][WARNING] - No fit_metrics_aggregation_fn provided
Evaluate
Configure Evaluate
[2024-05-15 15:03:22,031][flwr][DEBUG] - evaluate_round 1: strategy sampled 15 clients (out of 50)
[2024-05-15 15:03:23,184][flwr][DEBUG] - evaluate_round 1 received 15 results and 0 failures
Aggregate evaluate
benign record is []
No valid result
Federated Accuracy on Clean Data: 0.10205402298850574
Federated Accuracy on Dirty Data: 0.10205402298850574
Configure Fit
server round: 2
Starting a round 0
[2024-05-15 15:03:23,185][flwr][DEBUG] - fit_round 2: strategy sampled 15 clients (out of 50)
[2024-05-15 15:03:28,962][flwr][DEBUG] - fit_round 2 received 15 results and 0 failures
malicious is ['0', '2', '0', '2', '0', '0', '0', '0', '2', '0', '0', '0', '2', '0', '0']
Number of Evil Clients: 0
Number of Preset Malicious Clients is 4
Number of Preset Benign Clients is 11
Average Clean Data Accuracy: 0.15714999999999998
Now, comb_C is [0 2 0 2 0 0 2 0 2 0 0 0 2 0 2]
Clustering Accuracy is 0.8666666666666667
length of good results is 9 and length of bad results is 6
Weights
1 of them have 0 sim weights out of 120 elements
119 of them have sim weight > 0.005
sim weight list is [0.9892034055742295, 0.48560796184506916, 0.9883407547582388, 0.6152072614256096, 0.92119284713207, 0.7505097416856641, 0.5873946103829479, 0.995646448727385, 0.9526891638039375, 0, 0.3800686458621599, 0.8186196759851548, 0.9971315132269024, 0.6007457397762238, 0.8421515558794591, 0.9999673194353478, 0.9114610689831392, 0.9898498427013093, 0.40622471575109864, 0.7825290704416483, 0.9354914308224422, 0.8871093098407292, 0.7047562918261615, 0.7303282693773974, 0.6961578613485235, 0.9999778803312332, 0.9976083696716288, 0.6310855797390823, 0.9654595818501954, 0.753609534813072, 0.999968939524833, 0.2056665888015406, 0.7746803624379349, 0.9777430896398775, 0.5835501626248928, 0.9950815750224192, 0.5090615308090238, 0.6276492404582172, 0.6051806898888004, 0.567042521238136, 0.6829286818011219, 0.7664445771958783, 0.3477811199940964, 0.40635828907477334, 0.9884098703622771, 0.8666427866344305, 0.5276186309512801, 0.7766926665045872, 0.8964382780810547, 0.5421435261533665, 0.9785676331554938, 0.8355690552987212, 0.6443874507612233, 0.8673508458418504, 0.9966241774842849, 0.8537724479881967, 0.61195625655265, 0.29313756108095573, 0.9386263504905138, 0.600467387515549, 0.7960729700596022, 0.9161803545818434, 0.8317494827107476, 0.9325307370192898, 0.8235842437980019, 0.9676497531230418, 0.9898816840099303, 0.5552391302276781, 0.9417820870891235, 0.6613042224594599, 0.7750699031679631, 0.598228115511036, 0.8160811085564441, 0.48028009646906505, 0.7973818616864145, 0.9793316854248806, 0.4654618140741648, 0.9640623004825658, 0.9962242035590406, 0.8626587331534589, 0.9291845073605776, 0.7072618978241026, 0.8697965923985224, 0.999965207747205, 0.9750976811533383, 0.9270992544047707, 0.3728508489850625, 0.9716543469943282, 0.8491384760327704, 0.7111800229866269, 0.7743282977186071, 0.7054619119362064, 0.9452639663416745, 0.9038900952908551, 0.9467780465448282, 0.5848286124490947, 0.4204958608106072, 0.7805395375838282, 0.9805333410891466, 0.9972473009636131, 0.9073878841262556, 0.8703280208124168, 0.8629839445145637, 0.7771771712706331, 0.9991019008965073, 0.8512832238978318, 0.6950424915536666, 0.27648614193857296, 0.5607276344271712, 0.6344639569223011, 0.9999639647229721, 0.6984893648084505, 0.9019067196080613, 0.5971255081141912, 0.9031738119203052, 0.8091805735340567, 0.596444501941697, 0.8360832811627359, 0.9500395974692625, 0.9430308868348529]
Bias
1 of them have 0 sim weights out of 120 elements
119 of them have sim weight > 0.005
sim weight list is [0.9998716235614044, 0.9906522689684049, 0.9998653286488404, 0.9932516587100869, 0.9989051409308597, 0.9966072791210321, 0.9929692922468828, 0.9999345748668055, 0.9996890145657535, 0, 0.9877923055195268, 0.9978122537429852, 0.9999599986328511, 0.9933698041498448, 0.9978914096682486, 0.9999997578561599, 0.9983688462409936, 0.9998665876281827, 0.9887647715645734, 0.9969368773697544, 0.9991586378393773, 0.9988290487725542, 0.9956530168183985, 0.9963978333389685, 0.9952522711914459, 0.9999997094273989, 0.9999645507658588, 0.9938029639122274, 0.9999907017186443, 0.9964325408669571, 0.9999981597082859, 0.9801842247685533, 0.9968251687474307, 0.9996515672599509, 0.9938832457579815, 0.9999191998552888, 0.991127237987796, 0.9938221674327116, 0.993696460897034, 0.9931695761072233, 0.9953635745777819, 0.9968584790682536, 0.9873454362928241, 0.9883949795751417, 0.9998344115190034, 0.9982912116018471, 0.992125004697194, 0.9973126483766359, 0.9994325516155056, 0.9920789523355378, 0.9996304598945187, 0.9974117862391894, 0.9944489641272877, 0.9984730295857638, 0.9999623473371876, 0.9980207281004552, 0.9941371773767894, 0.9844214791107477, 0.9992610563489269, 0.9933392321886236, 0.9970033436331089, 0.9985181131664828, 0.9970612615528867, 0.999142307013476, 0.9978209518892188, 0.9996536973858076, 0.9998811628505919, 0.993830397626513, 0.9993227593132591, 0.995051531190278, 0.9968854660718789, 0.9938977818934658, 0.9975894137656168, 0.9915020301267258, 0.9971857035109004, 0.9997643249332587, 0.990432514947437, 0.9995240826517519, 0.9999814035237466, 0.998325308214267, 0.9989424393313635, 0.9953441785867061, 0.9981683598399811, 0.9999992735686557, 0.9995084719270924, 0.9987604595378636, 0.9874745955639446, 0.9998376557148272, 0.9979796769258823, 0.9960739547024982, 0.9971012918271194, 0.9953656774898635, 0.9994982343284147, 0.9989066889560975, 0.9992698155180985, 0.9940468136106656, 0.9891410520119475, 0.9969053085030296, 0.9997003192317114, 0.9999518145309464, 0.9985577667003225, 0.9981861974851155, 0.9978483757077464, 0.9979698589984203, 0.9999877718093603, 0.9981695320873619, 0.9954993088879106, 0.9838570816061885, 0.9932092577374141, 0.9945733931265113, 0.9999994188548823, 0.9956685612996359, 0.9985003179461408, 0.9935278745129923, 0.9990954692660584, 0.9976850037006797, 0.9933033380945658, 0.997767894376606, 0.9995430336730511, 0.9995714487767073]
Weights
1 of them have 0 sim weights out of 84 elements
83 of them have sim weight > 0.005
sim weight list is [0.9699867020146075, 0.645684483922907, 0.8887376886296484, 0.7210719105097203, 0.9455054840550785, 0.8716955354950254, 0.8114733968203888, 0.7913981205694153, 0.9874338332240657, 0, 0.8810109318713304, 0.9071946443373312, 0.735904354008294, 0.8366837876146562, 0.696566030287295, 0.9137400164862838, 0.7889918062442466, 0.7624048334566192, 0.7232409414040087, 0.7500079644351618, 0.7955860733378953, 0.8463161283241974, 0.8490645554112323, 0.7515175042913069, 0.7093375834824641, 0.7010421701920718, 0.8961500993705737, 0.7959534545422623, 0.9975320841283494, 0.7456214384636759, 0.841677018855911, 0.6462296353100727, 0.8778302266330729, 0.7040747780983309, 0.8226829650499097, 0.9251892984127738, 0.698223311296883, 0.6922977437761216, 0.8934738853084234, 0.912080165497957, 0.7353111162674837, 0.697944914577406, 0.611846819638888, 0.917064349106172, 0.9441676673351894, 0.9966565232928686, 0.7774752225482834, 0.68657071693816, 0.7702182027169915, 0.9690823409603001, 0.8291960440944478, 0.9016198367659012, 0.936204270095164, 0.7184654677208755, 0.8552444683032716, 0.8191733220652144, 0.7087288131329812, 0.8158589887558074, 0.8550337177696637, 0.9276908333915366, 0.9346390898614917, 0.9111543603634665, 0.9304168212780127, 0.8603048616478408, 0.7818551975862802, 0.9919492336104012, 0.8306526853473543, 0.6466992720834256, 0.6671662222873381, 0.8044281983990021, 0.9103738947111422, 0.804603088594005, 0.8878764473731339, 0.9590587238529223, 0.8147806527545652, 0.9713183181807583, 0.7268957934251198, 0.763019662667834, 0.8887857290630988, 0.8761793990895816, 0.8974642415357483, 0.9947415795821377, 0.6973224523972237, 0.7544266459344072]
Bias
1 of them have 0 sim weights out of 84 elements
83 of them have sim weight > 0.005
sim weight list is [0.997165324292184, 0.9692193190341509, 0.9902775028019181, 0.9768514005605078, 0.9968006936124132, 0.990420187908046, 0.9842678367515993, 0.9819388517178488, 0.9983635277794585, 0, 0.9896639993307611, 0.9934253234692306, 0.9795511793501768, 0.9870337017509194, 0.9744590800739491, 0.9940627482334086, 0.9834538801067778, 0.9810379487159135, 0.9779299491466695, 0.9790369509829139, 0.9830968818090163, 0.9852863373357813, 0.9892084012748179, 0.9787331483351928, 0.9748106461364702, 0.9748850029650927, 0.9925438742111982, 0.9843251816840933, 0.9994407314675049, 0.9768939784324313, 0.988291640649379, 0.9687168361235159, 0.9896415452172133, 0.9742764352057491, 0.9868140574699852, 0.9946729330842392, 0.9745864769237864, 0.9727180483810087, 0.991712915703965, 0.9943015093119285, 0.9768150216046293, 0.9736258100635989, 0.9635223060402403, 0.9936399655126619, 0.9937153254885713, 0.9989636773048732, 0.9812542877130829, 0.9740498415477085, 0.980580220935471, 0.9980906320342603, 0.9862220190429855, 0.9934192600776207, 0.993947793599413, 0.9764856857790067, 0.9889797761360494, 0.9862031534217832, 0.9742981160415352, 0.9838449316982157, 0.989357066725435, 0.9941523912640857, 0.9958387708613938, 0.9927587359725306, 0.994735075345153, 0.9897846419982348, 0.981049850159583, 0.9996117613679664, 0.9868443210749269, 0.9696243445222321, 0.9688250253149278, 0.9862657218049513, 0.9921041283226189, 0.9857884397493377, 0.9918335439566927, 0.9966305911319959, 0.983722202217772, 0.9982350230221936, 0.9764404066495405, 0.9812664056281215, 0.9887622097382857, 0.9909420388548676, 0.9917226172944092, 0.9994621978471894, 0.972490781042542, 0.9809597021006837]
Weights
1 of them have 0 sim weights out of 10 elements
4 of them have sim weight > 0.005
sim weight list is [0.04032747810788929, 0.08239619588455535, 0.00017836385564462317, 0.12270403619601057, 0.00033971449715817977, 0.04143713168225445, 0.000547744286928355, 7.44835488457098e-06, 0.002529056566658988, 0]
Bias
1 of them have 0 sim weights out of 10 elements
9 of them have sim weight > 0.005
sim weight list is [0.9269061359753274, 0.9420226959258138, 0.8151104473126056, 0.9513320122803763, 0.827670149550615, 0.927293765562563, 0.8360543548076161, 0.7557931387983806, 0.8680499919646679, 0]
Evaluate
Configure Evaluate
[2024-05-15 15:03:29,788][flwr][DEBUG] - evaluate_round 2: strategy sampled 15 clients (out of 50)
[2024-05-15 15:03:30,956][flwr][DEBUG] - evaluate_round 2 received 15 results and 0 failures
Aggregate evaluate
benign record is ['5', '1', '15', '21', '16', '9', '17', '19', '23']
Federated Accuracy on Clean Data: 0.03383333333333333
Federated Accuracy on Dirty Data: 0.019
Configure Fit
server round: 3
Starting a round 0
[2024-05-15 15:03:30,957][flwr][DEBUG] - fit_round 3: strategy sampled 15 clients (out of 50)
[2024-05-15 15:03:36,812][flwr][DEBUG] - fit_round 3 received 15 results and 0 failures
malicious is ['2', '0', '2', '2', '0', '2', '2', '0', '0', '2', '0', '0', '0']
Number of Evil Clients: 2
Number of Preset Malicious Clients is 6
Number of Preset Benign Clients is 7
Average Clean Data Accuracy: 0.071875
Now, comb_C is [2 0 2 2 0 2 2 0 0 2 0 0 0]
Clustering Accuracy is 1.0
length of good results is 7 and length of bad results is 6
Weights
1 of them have 0 sim weights out of 120 elements
119 of them have sim weight > 0.005
sim weight list is [0.9826152793013517, 0.49205765313202765, 0.9999470475645903, 0.4021714083412497, 0.6473935300516156, 0.718277468811713, 0.9851237800727423, 0.9850118172405393, 0.7209136116636677, 0, 0.3116536855820354, 0.9337473364871159, 0.9971508865133075, 0.4426958461960502, 0.9083975482607951, 0.9999715360149092, 0.6384500583051563, 0.9854918217747178, 0.5701210014005003, 0.797045214139787, 0.9909346765892398, 0.534128861127399, 0.869257892222101, 0.4848756517457289, 0.5269292847263621, 0.9999810157697857, 0.9922403126234501, 0.5695290611533496, 0.9780278933143671, 0.7576817372914587, 0.9999753875136171, 0.3284716030097242, 0.7158081817371146, 0.9010213581936667, 0.5721711363060028, 0.9831770326239462, 0.9310055105349376, 0.649635692279868, 0.8190088826012949, 0.44812666872233065, 0.6411491013343057, 0.6262598894564315, 0.36672686965887524, 0.3288487702805353, 0.8358980756867244, 0.8135086647993065, 0.557380158849242, 0.5516513920471552, 0.8808607114607278, 0.49438622513236274, 0.9882977056026847, 0.9432158585063178, 0.4311460655318247, 0.5980658783583872, 0.9902884871010788, 0.9707094232014327, 0.4351061616845938, 0.3505577121976592, 0.9823221595735677, 0.5035581554957352, 0.631407453546345, 0.8340099903041326, 0.4994122819442519, 0.9742894967862183, 0.8029031849469586, 0.8868606805888143, 0.9656356826467243, 0.3551573576388595, 0.8734103800996739, 0.5441877205109811, 0.8359129753904319, 0.33405124120356805, 0.6278021274604092, 0.21127085798665773, 0.8230272432730694, 0.9937313239774999, 0.6605055822805619, 0.9643648498814293, 0.839794616514605, 0.7106913154018175, 0.9347003088807346, 0.6474123716935469, 0.9670072480484189, 0.999970992909384, 0.9035131131438104, 0.7659551902366486, 0.37344996402582037, 0.6757163883673002, 0.8516288348773177, 0.49050307443561864, 0.8070850314759582, 0.7537352822663103, 0.8807767231351594, 0.9436325653375881, 0.9589124024187523, 0.30108114074024706, 0.4625756319967158, 0.5913709373895322, 0.956488353451964, 0.8955711489388261, 0.6759471149686219, 0.937837441551453, 0.8922925618369404, 0.6235077714950593, 0.9990387504626632, 0.9849460736612795, 0.533610863502943, 0.22597231021344652, 0.3855093749364097, 0.6511994628339665, 0.9999694998909258, 0.7539870408110427, 0.951237443725395, 0.5435380447282886, 0.40511852632531925, 0.812051478244119, 0.5568816147087821, 0.928583302126978, 0.8720157427465575, 0.7505824567661796]
Weights
1 of them have 0 sim weights out of 84 elements
83 of them have sim weight > 0.005
sim weight list is [0.8733583223229735, 0.5707563099579155, 0.9472611343871111, 0.6681205888963831, 0.754167361387729, 0.6992877771178703, 0.8564803320940859, 0.9826100172504428, 0.9363331911390098, 0, 0.9366418253457335, 0.8907245862522593, 0.5764428789590942, 0.8918857386962706, 0.6919661679810563, 0.921994457328856, 0.7210877935686327, 0.6638154708617062, 0.5686526439662305, 0.824672215530436, 0.9634242556939813, 0.9797322093896679, 0.7501356827738009, 0.7434059044787822, 0.6733049614385919, 0.6106473751298622, 0.8059208545929991, 0.670838322305305, 0.9491881359094606, 0.944424277107824, 0.757594070680622, 0.6094044173245298, 0.8126969995613004, 0.7347660875650853, 0.7275290117394404, 0.7179451700135445, 0.7048181132416866, 0.7729581620388802, 0.8301106264634666, 0.7262228369737925, 0.8039046887174298, 0.6847121556874058, 0.6787731353910351, 0.9091244669660934, 0.8601345668658378, 0.9240357553533998, 0.8865437637403867, 0.4838687092508269, 0.8174835058507354, 0.8541581515537032, 0.8082092404130148, 0.7853746137249292, 0.8928507136554362, 0.6698460311884523, 0.8837848926365783, 0.727993105964282, 0.6910356407409991, 0.7958648970196965, 0.7288434921175533, 0.816069741986234, 0.7820015555752494, 0.876878787911017, 0.9784270824166301, 0.7465397697543299, 0.9250817357813735, 0.834477608613165, 0.7125644590635449, 0.5506610112913847, 0.9495468822520226, 0.596356773022575, 0.8151300159843324, 0.6489518952823983, 0.909337818666815, 0.9541337388185072, 0.9125654452053312, 0.9568260475858521, 0.7266876247354825, 0.6478324024956305, 0.7472942896468119, 0.8800871882110991, 0.9335323287652605, 0.9761542110426233, 0.9230332182875074, 0.5708943123256556]
Weights
1 of them have 0 sim weights out of 10 elements
2 of them have sim weight > 0.005
sim weight list is [0.00011510499264924525, 1.2790259379832565e-05, 0.0005040315846759514, 0.0002640392653478786, 0.2618714602229228, 0.0037661886475419864, 0.46290337446217183, 0.004617642667792342, 5.176592813056093e-08, 0]
Evaluate
Configure Evaluate
[2024-05-15 15:03:38,425][flwr][DEBUG] - evaluate_round 3: strategy sampled 15 clients (out of 50)
[2024-05-15 15:03:39,601][flwr][DEBUG] - evaluate_round 3 received 15 results and 0 failures
Aggregate evaluate
benign record is ['5', '3', '1', '15', '19', '16', '24', '9', '17', '27', '21', '23', '4']
Federated Accuracy on Clean Data: 0.08116875
Federated Accuracy on Dirty Data: 0.04065
Configure Fit
server round: 4
Starting a round 0
[2024-05-15 15:03:39,602][flwr][DEBUG] - fit_round 4: strategy sampled 15 clients (out of 50)
[2024-05-15 15:03:46,210][flwr][DEBUG] - fit_round 4 received 15 results and 0 failures
malicious is ['0', '0', '0', '0', '2', '0', '0', '0', '0', '0', '0']
Number of Evil Clients: 4
Number of Preset Malicious Clients is 1
Number of Preset Benign Clients is 10
Average Clean Data Accuracy: 0.02258
Now, comb_C is [0 0 0 0 2 0 0 0 0 2 0]
Clustering Accuracy is 0.9090909090909091
length of good results is 9 and length of bad results is 2
Weights
1 of them have 0 sim weights out of 120 elements
119 of them have sim weight > 0.005
sim weight list is [0.995899710117728, 0.3173935888233216, 0.994919404627819, 0.4955300219318277, 0.6982299277963578, 0.6175989803407655, 0.6946663136019404, 0.9948401303553944, 0.632349365794489, 0, 0.2652859452661438, 0.8977332616866678, 0.9965930928147044, 0.42817362242037965, 0.8313676288833769, 0.9999894028567157, 0.7190074643812063, 0.990530302554496, 0.4591036185967208, 0.8493335162340532, 0.9833919815122033, 0.6015880582915463, 0.6497704011200166, 0.6104782244560286, 0.7247219597357674, 0.9999925790982843, 0.9971236255533128, 0.5708577163052183, 0.9424839616113547, 0.4646672151059738, 0.9999899197244869, 0.21661772824738668, 0.6147169872097826, 0.9750283177763375, 0.45890120188296646, 0.9904094326952531, 0.9109310601663809, 0.5796085334475708, 0.5257283731933861, 0.44800881511425245, 0.43003931727135464, 0.5162046776457143, 0.3129126704885035, 0.19953413574688605, 0.9597005738606504, 0.8989230217749481, 0.47246071571390325, 0.3117754842798348, 0.5871827040872859, 0.5431770743823292, 0.9709541493950785, 0.9515764658544712, 0.5074886196301439, 0.6651845117284613, 0.986024746184857, 0.9725789284122036, 0.430552680217668, 0.22465131952238598, 0.9604800661307299, 0.5157708180784125, 0.8045142583062446, 0.9670293653727943, 0.7155911231000258, 0.9295823532407609, 0.7104132472296202, 0.9375082938765219, 0.983377637815401, 0.3988328656821235, 0.9676979723957395, 0.6161241411488844, 0.8409537452263756, 0.21228253326324073, 0.6292936700102651, 0.21737798272074757, 0.948664805334358, 0.9979165270094484, 0.6534203165006466, 0.9555133335445091, 0.898376692500407, 0.6943408006370462, 0.9707510318522805, 0.5926261146995248, 0.8970595258899811, 0.999988972677649, 0.7933637564715194, 0.864081982653978, 0.4768492265921002, 0.7701100940858383, 0.9174605952179972, 0.39611172302330333, 0.5701557264596607, 0.6981087791300059, 0.9184157913821535, 0.9760460296761538, 0.9407071129973757, 0.1827847099641231, 0.2668404060287068, 0.6102104978852348, 0.956932684349416, 0.8320891872898288, 0.6212155012842708, 0.9540693136220528, 0.9453515090594136, 0.5896257305222896, 0.9999501965973177, 0.9498582606807868, 0.7910331341842284, 0.1223505456292734, 0.2765924758174373, 0.5483976372984354, 0.9999877838218194, 0.5608193807723078, 0.958444573026904, 0.6203968952383534, 0.49412870650842317, 0.574081029932937, 0.4710209222825901, 0.9475234496837313, 0.7736658966961539, 0.9795545712061228]
Weights
1 of them have 0 sim weights out of 84 elements
83 of them have sim weight > 0.005
sim weight list is [0.9841962608239877, 0.4948727298728704, 0.9580938192360648, 0.5794887918084674, 0.7948669977981073, 0.703521505618049, 0.8373126871986394, 0.8980510135487545, 0.9385416437734578, 0, 0.9669626292653919, 0.7573603955539764, 0.5446711130489601, 0.7739598780815727, 0.6379150441919198, 0.8514162313080138, 0.7324959135612885, 0.5992741424778003, 0.5213725156567676, 0.7002463604713511, 0.7792464441475644, 0.9616101049246182, 0.7209272739529614, 0.6472469534971641, 0.571389033364587, 0.5142085489912586, 0.7308930438524242, 0.7153250661836237, 0.9104716605801381, 0.7575833063018815, 0.7244383754914312, 0.4821232867385748, 0.8658660525744238, 0.6172115492388267, 0.7255036933640261, 0.7322022936043834, 0.5317091676483515, 0.6730303304812106, 0.786333075637906, 0.7703020040058306, 0.7059650897804989, 0.6142545466432056, 0.5447412051060623, 0.8542983478228674, 0.8918222503819022, 0.9824664165955145, 0.7943042952121586, 0.47875958133263624, 0.7171221937597623, 0.8584538893581434, 0.8353902420579659, 0.7605228813527171, 0.9735461567496292, 0.5802366414508298, 0.7553112212278451, 0.7226796836104994, 0.6657433013809675, 0.8649999007171896, 0.752538905501116, 0.8897299229347476, 0.760659486694224, 0.9280250163725297, 0.9186646805478189, 0.7463788610992614, 0.8318565172170315, 0.8927083712417959, 0.6934455917098556, 0.49225134919156704, 0.7685688083099085, 0.6092934387220432, 0.9639141069511409, 0.6464843312902522, 0.8483291067199215, 0.960554624369384, 0.87653479917957, 0.8859561192440579, 0.6404142582055184, 0.5815070702809048, 0.8382040417895584, 0.8511505303155795, 0.9659063813882842, 0.9003851239666228, 0.6756188829055524, 0.5493576529023332]
Weights
1 of them have 0 sim weights out of 10 elements
6 of them have sim weight > 0.005
sim weight list is [0.00098036202131221, 0.007938239536565738, 0.7741957781341328, 0.11096923109237489, 0.013504702696083885, 0.8511209730639027, 0.001428630271152682, 0.008404321761664595, 3.2328248927289633e-07, 0]
Evaluate
Configure Evaluate
[2024-05-15 15:03:47,405][flwr][DEBUG] - evaluate_round 4: strategy sampled 15 clients (out of 50)
[2024-05-15 15:03:48,569][flwr][DEBUG] - evaluate_round 4 received 15 results and 0 failures
Aggregate evaluate
benign record is ['5', '3', '1', '15', '21', '16', '24', '18', '9', '17', '27', '19', '22', '23', '4']
Federated Accuracy on Clean Data: 0.01648181818181818
Federated Accuracy on Dirty Data: 0.04963125
Configure Fit
server round: 5
Starting a round 0
[2024-05-15 15:03:48,569][flwr][DEBUG] - fit_round 5: strategy sampled 15 clients (out of 50)
[2024-05-15 15:03:54,441][flwr][DEBUG] - fit_round 5 received 15 results and 0 failures
malicious is ['0', '0', '0', '2', '0', '0', '0', '0', '2']
Number of Evil Clients: 6
Number of Preset Malicious Clients is 2
Number of Preset Benign Clients is 7
Average Clean Data Accuracy: 0.06525
Now, comb_C is [0 0 0 0 0 0 0 0 0]
Clustering Accuracy is 0.7777777777777778
length of good results is 9 and length of bad results is 0
Evaluate
Configure Evaluate
[2024-05-15 15:03:56,125][flwr][DEBUG] - evaluate_round 5: strategy sampled 15 clients (out of 50)
[2024-05-15 15:03:57,289][flwr][DEBUG] - evaluate_round 5 received 15 results and 0 failures
Aggregate evaluate
benign record is ['3', '15', '16', '24', '9', '21', '23', '4', '28', '42', '22', '5', '1', '49', '19', '18', '11', '17', '27']
Federated Accuracy on Clean Data: 0.3233384615384616
Federated Accuracy on Dirty Data: 0.1494030303030303
Configure Fit
server round: 6
Starting a round 0
[2024-05-15 15:03:57,290][flwr][DEBUG] - fit_round 6: strategy sampled 15 clients (out of 50)
[2024-05-15 15:04:03,605][flwr][DEBUG] - fit_round 6 received 15 results and 0 failures
malicious is ['0', '0', '0', '0', '0', '0', '2', '2', '0', '0', '2', '0']
Number of Evil Clients: 3
Number of Preset Malicious Clients is 3
Number of Preset Benign Clients is 9
Average Clean Data Accuracy: 0.04946666666666666
Now, comb_C is [0 0 0 0 0 0 2 2 0 0 2 0]
Clustering Accuracy is 1.0
length of good results is 9 and length of bad results is 3
Weights
1 of them have 0 sim weights out of 120 elements
119 of them have sim weight > 0.005
sim weight list is [0.9766017733839285, 0.23854523646642056, 0.9967498961235214, 0.354331302872374, 0.4028705054142185, 0.39312243467216146, 0.7221669058595251, 0.9718856416192907, 0.43232818703585285, 0, 0.22411733616466595, 0.9046509616442547, 0.9926182459644155, 0.4183206136740012, 0.9421489672887412, 0.9999906884765247, 0.41552437799792236, 0.9883494196996742, 0.3845597769499097, 0.9041625136183996, 0.9804563656431232, 0.8450895776115501, 0.5195353245052482, 0.4738655930370456, 0.39008192822415777, 0.9999929510489131, 0.994791388677056, 0.44421085102594576, 0.9136747515940876, 0.27914751882937716, 0.9999916616781988, 0.2838065906053363, 0.6621959042370578, 0.894376278389985, 0.42280203782213827, 0.9950203807023537, 0.5131189599680815, 0.6921108212097956, 0.7043344041960647, 0.3353621164693467, 0.40001688654693635, 0.4669813473576676, 0.37493280409511587, 0.10403979637589938, 0.9357634692431374, 0.8136232101436953, 0.4171996181971462, 0.34739307789234725, 0.8074964312544385, 0.40193098416157674, 0.9143550687075895, 0.9336752748118747, 0.48645291217041337, 0.6908797111145033, 0.9889764985091736, 0.658958895459838, 0.24328774009636464, 0.28660399902759987, 0.9036189347582732, 0.6459902313033409, 0.7710163854482907, 0.982060812925735, 0.9129006212043083, 0.9857869221472697, 0.3513070757794785, 0.9611410535758534, 0.9886981849419312, 0.3768507455388282, 0.9624149630753844, 0.8273358103132687, 0.9400124299271274, 0.11462068806969158, 0.6686395290616635, 0.2569020610455499, 0.8358504472950149, 0.9634848993544425, 0.8805015919541779, 0.9657835695691444, 0.8390663728784202, 0.8141732119605246, 0.7529363944058749, 0.834844728785675, 0.7951305084264686, 0.9999888678759167, 0.7556821375361127, 0.8547000048792602, 0.3138076193559149, 0.7478467378240558, 0.8422793095891152, 0.32149674912352477, 0.880904124066184, 0.7968162211864934, 0.9259231382437396, 0.9902728765589572, 0.9789261465801186, 0.127181823217656, 0.22885040624435662, 0.5837827950897291, 0.8779133743852893, 0.783528926262698, 0.2586817070354246, 0.9711003706088006, 0.9739179907098757, 0.8800160530662524, 0.9995154231696388, 0.8482459960848546, 0.7110064892907487, 0.057985241201963654, 0.22149858904099923, 0.8055492065571949, 0.9999885548895813, 0.7113375600589851, 0.680246505402655, 0.8439871477048969, 0.3655876739688485, 0.8009030662799224, 0.3617201269301621, 0.9983932201154423, 0.9676578170116028, 0.9895611642063641]
Weights
1 of them have 0 sim weights out of 84 elements
83 of them have sim weight > 0.005
sim weight list is [0.9418168857076086, 0.5156802845914662, 0.7070609404072193, 0.4637002494046, 0.6150088857728881, 0.6577105403200229, 0.9750932167657251, 0.7452324511710638, 0.9903731625012352, 0, 0.7132669061945889, 0.7130726926193622, 0.48084073237871705, 0.8575290097980445, 0.6586041982064604, 0.8772703277404696, 0.765181428386254, 0.49578640113536593, 0.3804939786814382, 0.8223817631619397, 0.8943300469421911, 0.9682517933696595, 0.7394714471876198, 0.49468117520586125, 0.46375160660537207, 0.38824304442426116, 0.4666720842301228, 0.680500866375567, 0.7437608276062088, 0.7183783016157994, 0.66130306376428, 0.4029946704886075, 0.9261425560558372, 0.7726228805000382, 0.5402795387674417, 0.5122019650264107, 0.5637674057796079, 0.6074859449480888, 0.5401939362904138, 0.5151485132137501, 0.760799006562748, 0.6160639961705687, 0.6646889795799513, 0.9352379116264029, 0.9255662901998296, 0.814909189851504, 0.9093152832790156, 0.413673289766449, 0.7460052928570855, 0.8881144971943694, 0.9687256529283986, 0.837487752043064, 0.948340931494576, 0.47765013385408417, 0.7628548260128627, 0.822060218516502, 0.8064843341496909, 0.9016921532762857, 0.9127045183954007, 0.6391772341682769, 0.6639404932530647, 0.7419573298128744, 0.9640729635987663, 0.7910506458232315, 0.8864284653330428, 0.7313462358829053, 0.581364938961753, 0.3683075654093533, 0.9587535384017009, 0.5537730751486932, 0.9758285377912935, 0.6780392602384405, 0.8453701159445186, 0.797050870330133, 0.8640585118654006, 0.9953481613921848, 0.6373731621225968, 0.3699348822697264, 0.7308390567421847, 0.9179403566356135, 0.88694463999358, 0.6868318095384355, 0.8347377505185846, 0.3559580476994839]
Weights
1 of them have 0 sim weights out of 10 elements
5 of them have sim weight > 0.005
sim weight list is [0.011255760613679843, 9.934857214007371e-06, 0.14440519120279963, 0.005503318069217644, 0.00011422082357888876, 2.6434562386836506e-07, 0.06089302658305665, 0.16412116556605774, 9.953892525877007e-07, 0]
Evaluate
Configure Evaluate
[2024-05-15 15:04:04,850][flwr][DEBUG] - evaluate_round 6: strategy sampled 15 clients (out of 50)
[2024-05-15 15:04:06,010][flwr][DEBUG] - evaluate_round 6 received 15 results and 0 failures
Aggregate evaluate
benign record is ['3', '15', '16', '24', '9', '21', '23', '4', '28', '22', '42', '5', '13', '1', '49', '8', '19', '18', '14', '11', '17', '27']
Federated Accuracy on Clean Data: 0.1122063829787234
Federated Accuracy on Dirty Data: 0.06510714285714285
Configure Fit
server round: 7
Starting a round 0
[2024-05-15 15:04:06,010][flwr][DEBUG] - fit_round 7: strategy sampled 15 clients (out of 50)
[2024-05-15 15:04:12,024][flwr][DEBUG] - fit_round 7 received 15 results and 0 failures
malicious is ['0', '0', '0', '0', '0', '0', '2', '0', '0']
Number of Evil Clients: 6
Number of Preset Malicious Clients is 1
Number of Preset Benign Clients is 8
Average Clean Data Accuracy: 0.0953142857142857
Now, comb_C is [2 0 0 2 0 0 2 0 0]
Clustering Accuracy is 0.7777777777777778
length of good results is 6 and length of bad results is 3
Weights
1 of them have 0 sim weights out of 120 elements
119 of them have sim weight > 0.005
sim weight list is [0.9629493858336867, 0.4790690386616341, 0.9999899018949326, 0.6811173281704874, 0.9964896871361903, 0.858820462046651, 0.1851154764353025, 0.9941878322625829, 0.5225623306561026, 0, 0.3799624170091302, 0.6938876469689081, 0.9978915423777894, 0.394290197934843, 0.9253945414637742, 0.9999756561353966, 0.7810675737569487, 0.9956733470476431, 0.07119673452973263, 0.7810892933954516, 0.9217555954618204, 0.8343672429126661, 0.5661079854064083, 0.5485886252243846, 0.5902133589573109, 0.999983590276351, 0.9998343628145346, 0.8143860404546832, 0.6464182109945033, 0.37467584364804324, 0.9999759829271307, 0.3399418764113722, 0.8092700934256966, 0.9320913076405464, 0.902556287255633, 0.9948531474914836, 0.6048144503973601, 0.22986411987041533, 0.5166559952730516, 0.4543439851412704, 0.2661848873551138, 0.49884368988458466, 0.3276816279410093, 0.15967427224249003, 0.7488202564582681, 0.879145740353861, 0.29154898112697103, 0.4733778905417702, 0.5723328656864985, 0.9198889707066787, 0.9561370175870145, 0.6199673827441522, 0.7965285092080876, 0.6596687429702764, 0.9848379871581018, 0.8328779267178389, 0.4881354506665494, 0.23700827220989892, 0.972504499753177, 0.7535674718352345, 0.40324608245203447, 0.8173821178297239, 0.9053965439025075, 0.9824350598338093, 0.5259780365783128, 0.9042320877834463, 0.9953831449373972, 0.6433355755714757, 0.9367116108687111, 0.7615485941830905, 0.9559538022767554, 0.4567303707754906, 0.8861211404759292, 0.37903254398841946, 0.9970190342451863, 0.981274455733881, 0.7501600519223818, 0.9276225417842019, 0.9932378247015259, 0.5252127917538821, 0.9770020105536841, 0.7458483583625841, 0.6318754637985756, 0.9999731988163135, 0.7485191540960201, 0.79536488775305, 0.9508786496786492, 0.9883014332872181, 0.997608582161348, 0.7927168057184936, 0.83797035743045, 0.6762842668561517, 0.49672233431982227, 0.9740299153422766, 0.9967542869427473, 0.4764053275771762, 0.2086552338200607, 0.5407823958683025, 0.9123331417478885, 0.6163586343162114, 0.9267196059194934, 0.965227408124747, 0.9875920557010488, 0.8346706669124644, 0.9999909171868728, 0.6851970952101756, 0.9947800210105257, 0.15541856446107785, 0.5290680583223935, 0.5383263492264566, 0.9999719007337973, 0.5376213553416418, 0.7250190472688752, 0.9565689485779789, 0.3890656635052203, 0.3184572755652999, 0.4726459590308356, 0.9987414698848034, 0.654687679126188, 0.9642721209581694]
Weights
1 of them have 0 sim weights out of 84 elements
83 of them have sim weight > 0.005
sim weight list is [0.7313756078463965, 0.48907263841296833, 0.8765451029870659, 0.7649753635958798, 0.9691880320846721, 0.899268404194824, 0.5884898027372181, 0.9122305509038772, 0.8879179319912706, 0, 0.8022520661608402, 0.8536381243212618, 0.6599253173652294, 0.9885844704413362, 0.4110915043375889, 0.7080701607148412, 0.9439288854040203, 0.8437589820084413, 0.5629526298476784, 0.7390511765248453, 0.6272294896212383, 0.9146837336164017, 0.910391468198193, 0.7227141141961673, 0.4988276775890837, 0.748863312377281, 0.7742908542246619, 0.4490349531704259, 0.8030879392639719, 0.6216761757999981, 0.8217696695897251, 0.5126169098245121, 0.8604364392945577, 0.7383327541333482, 0.597867394184426, 0.7875821066347618, 0.617546934756366, 0.7181380439871522, 0.7194357222348877, 0.8277453274732974, 0.49893974696182875, 0.5262559835102412, 0.611620495666053, 0.9230074322450599, 0.7501840004873491, 0.9971461297398879, 0.9757697342349964, 0.4404571284058628, 0.9805082980942383, 0.703358989927964, 0.8541945396374414, 0.8261105938256568, 0.781449500648827, 0.488043395145654, 0.7394439238938374, 0.7642444365954083, 0.6726845434228632, 0.8053575261850612, 0.5639152263071582, 0.7617176379987519, 0.7986356501113951, 0.9237664406518874, 0.7963706456272742, 0.9451828961307328, 0.6794410769091969, 0.7527376535489653, 0.6563604625333367, 0.49002976997593534, 0.7072184180724242, 0.9823070485416836, 0.6984008365813135, 0.8507328325376814, 0.7920963444980735, 0.7171824001553367, 0.5629462543639331, 0.7569228573204309, 0.5038399844388877, 0.6625775637370125, 0.9416715479104733, 0.824618924852719, 0.7086534076597323, 0.65639353895182, 0.8815877890723891, 0.7886619998241022]
Weights
1 of them have 0 sim weights out of 10 elements
4 of them have sim weight > 0.005
sim weight list is [5.455734253297566e-07, 0.21905886746793385, 0.011226137789406933, 2.418112101693609e-06, 0.03456953463006102, 0.21114212983956318, 0.0006740868538731174, 0.00010254807599945695, 0.00031661677524317844, 0]
Evaluate
Configure Evaluate
[2024-05-15 15:04:13,589][flwr][DEBUG] - evaluate_round 7: strategy sampled 15 clients (out of 50)
[2024-05-15 15:04:14,800][flwr][DEBUG] - evaluate_round 7 received 15 results and 0 failures
Aggregate evaluate
benign record is ['3', '15', '16', '24', '9', '21', '23', '4', '28', '42', '22', '12', '5', '13', '1', '49', '8', '19', '18', '14', '11', '17', '27']
Federated Accuracy on Clean Data: 0.19755135135135132
Federated Accuracy on Dirty Data: 0.17045333333333332
Configure Fit
server round: 8
Starting a round 0
[2024-05-15 15:04:14,801][flwr][DEBUG] - fit_round 8: strategy sampled 15 clients (out of 50)
[2024-05-15 15:04:20,537][flwr][DEBUG] - fit_round 8 received 15 results and 0 failures
malicious is ['0', '0', '0', '0', '0', '2']
Number of Evil Clients: 9
Number of Preset Malicious Clients is 1
Number of Preset Benign Clients is 5
Average Clean Data Accuracy: 0.11821000000000001
Now, comb_C is [0 2 0 0 0 2]
Clustering Accuracy is 0.8333333333333334
length of good results is 4 and length of bad results is 2
Weights
1 of them have 0 sim weights out of 120 elements
119 of them have sim weight > 0.005
sim weight list is [0.9312889886627005, 0.20659098285293795, 0.999983992148261, 0.5911859757956259, 0.3516416739472799, 0.9112008366619909, 0.18279447969548912, 0.9725971777535171, 0.5526035988991089, 0, 0.07855106713383554, 0.8249568610061426, 0.9969550647361411, 0.7409777094200014, 0.9126346732197101, 0.9999653448942436, 0.9445934570590842, 0.9864025390449963, 0.1582218135895535, 0.8957797985453179, 0.9954054486531717, 0.9624177737837579, 0.5564110049314154, 0.7420436072004584, 0.49253455753872294, 0.9999749316016149, 0.999980822200265, 0.4761008865832575, 0.8376736589563843, 0.3080342563372324, 0.999964361881437, 0.1111295231521179, 0.7231322666879922, 0.9152349343837745, 0.9294409278134322, 0.9927279919196291, 0.9386314646296625, 0.2827302963002503, 0.41673384009374975, 0.5590476707386187, 0.2586332402490809, 0.3226842780862246, 0.4093165700255944, 0.034834537799535804, 0.907222502902279, 0.9955299868788734, 0.21851002360837182, 0.3071287167542293, 0.2842376586192328, 0.8165543643610735, 0.9231151817954995, 0.7233607008755963, 0.809336673809857, 0.6615445472064051, 0.9972984139667314, 0.8236358213847413, 0.4070816453206786, 0.18806465363386768, 0.8718500102155109, 0.3866641345974234, 0.5894775951886555, 0.8580124578701153, 0.4966570322115216, 0.9389934006978732, 0.5445876505058708, 0.9745971370992191, 0.9941244168180858, 0.7021595087752243, 0.9444447585329518, 0.803707336961834, 0.9564320007748341, 0.45756179650209355, 0.9650678079834464, 0.33375734792810247, 0.7126817400688391, 0.911916070439459, 0.8456444571670373, 0.9327141938842487, 0.9505961223569416, 0.9622740428035923, 0.6525301690590439, 0.7187957038645271, 0.8229522518316963, 0.9999605918617762, 0.6145416068704028, 0.5642827580227452, 0.4354647062747867, 0.9263881864167659, 0.9103869231528329, 0.3156566687741151, 0.9118005762149097, 0.8084261733665384, 0.8684784668746607, 0.9855177893661841, 0.9900600869378354, 0.46208072403831746, 0.08171966588772347, 0.3973937525299836, 0.8552987201729384, 0.3405309562481676, 0.48115909987949856, 0.9654479635047961, 0.9517070161300638, 0.9240455979406622, 0.9999864708703414, 0.878405704972384, 0.9877669145605564, 0.04128681548880026, 0.16561766583593365, 0.3359405332021429, 0.9999597481753366, 0.8172567757112166, 0.645127009874277, 0.7333024784714588, 0.6933395821518383, 0.3720668384731799, 0.4770767267450879, 0.9483116274788138, 0.7249382835044955, 0.5671270193441261]
Weights
1 of them have 0 sim weights out of 84 elements
83 of them have sim weight > 0.005
sim weight list is [0.8040416424354424, 0.5182491212698898, 0.7594976446632965, 0.4382158200543713, 0.7652775259552224, 0.9745482000746638, 0.5042125854859681, 0.7243755299479346, 0.810653901734909, 0, 0.7898527903662333, 0.681629570758724, 0.34133790665886116, 0.9016730450436868, 0.44974162224648095, 0.5034633668219076, 0.6072143555443886, 0.7004122811640512, 0.4119797036945234, 0.6747672746433151, 0.5577562781926826, 0.7986802531267377, 0.9867198600248639, 0.5536385344435087, 0.46976415692349666, 0.5229827909260466, 0.6155562587291122, 0.8402844181030973, 0.9633392289675216, 0.4073747483411811, 0.9470607744626734, 0.368279350876893, 0.7204533514015854, 0.49165656286309517, 0.6108177235624551, 0.5293019714887899, 0.5299314066218617, 0.5533956144689804, 0.5646141946250705, 0.8405898231626976, 0.43432656132805486, 0.5286880507139686, 0.4908045193267762, 0.9887441462082114, 0.9284869481263212, 0.9252905013095684, 0.7479579005173267, 0.3100753956556347, 0.796559546031341, 0.9094073490587791, 0.9019728688841628, 0.8375333587887467, 0.7288439498756226, 0.46401710263705953, 0.853488596911215, 0.9938197007943352, 0.5728123591373037, 0.7068418316474104, 0.40249394836504, 0.7617373191382405, 0.8048913700740934, 0.8074067687056896, 0.7983564939709885, 0.9723395172619117, 0.7525193521224314, 0.7997525739333183, 0.6875662370569637, 0.5450734052415066, 0.5834657325173016, 0.7211717720063583, 0.6211167980655818, 0.587298199420427, 0.9557802067443399, 0.6045460902071008, 0.27558832238797215, 0.7060662511306257, 0.6122135697407545, 0.6440723696984914, 0.9185541432432488, 0.8954988700080951, 0.6110982256034376, 0.6770842603099826, 0.47414682026594035, 0.538312854355273]
Weights
1 of them have 0 sim weights out of 10 elements
5 of them have sim weight > 0.005
sim weight list is [0.03456208973525458, 0.0014982398679931333, 0.09033671404382432, 1.963990041619366e-06, 9.501226088844607e-06, 3.925503010001512e-06, 0.03019788066008536, 0.019835652054636138, 0.3048511002742317, 0]
Evaluate
Configure Evaluate
[2024-05-15 15:04:22,664][flwr][DEBUG] - evaluate_round 8: strategy sampled 15 clients (out of 50)
[2024-05-15 15:04:23,880][flwr][DEBUG] - evaluate_round 8 received 15 results and 0 failures
Aggregate evaluate
benign record is ['3', '15', '16', '24', '9', '21', '23', '4', '28', '22', '12', '42', '5', '13', '1', '49', '8', '26', '19', '18', '14', '11', '17', '27']
Federated Accuracy on Clean Data: 0.15244761904761905
Federated Accuracy on Dirty Data: 0.3034105263157894
Configure Fit
server round: 9
Starting a round 0
[2024-05-15 15:04:23,881][flwr][DEBUG] - fit_round 9: strategy sampled 15 clients (out of 50)
[2024-05-15 15:04:30,124][flwr][DEBUG] - fit_round 9 received 15 results and 0 failures
malicious is ['0', '0', '0', '0', '0', '0', '0', '0', '0', '0']
Number of Evil Clients: 5
Number of Preset Malicious Clients is 0
Number of Preset Benign Clients is 10
Average Clean Data Accuracy: 0.03128
Now, comb_C is [0 0 0 0 0 0 0 0 0 0]
Clustering Accuracy is 1.0
length of good results is 10 and length of bad results is 0
Evaluate
Configure Evaluate
[2024-05-15 15:04:31,151][flwr][DEBUG] - evaluate_round 9: strategy sampled 15 clients (out of 50)
[2024-05-15 15:04:32,400][flwr][DEBUG] - evaluate_round 9 received 15 results and 0 failures
Aggregate evaluate
benign record is ['3', '15', '16', '24', '9', '21', '23', '4', '28', '42', '12', '22', '5', '13', '1', '49', '8', '26', '2', '19', '18', '0', '14', '11', '17', '27']
Federated Accuracy on Clean Data: 0.06518571428571429
Federated Accuracy on Dirty Data: 0.06263421052631579
Configure Fit
server round: 10
Starting a round 0
[2024-05-15 15:04:32,400][flwr][DEBUG] - fit_round 10: strategy sampled 15 clients (out of 50)
[2024-05-15 15:04:39,195][flwr][DEBUG] - fit_round 10 received 15 results and 0 failures
malicious is ['0', '0', '0', '2', '0', '0', '0', '2']
Number of Evil Clients: 7
Number of Preset Malicious Clients is 2
Number of Preset Benign Clients is 6
Average Clean Data Accuracy: 0.11769999999999999
Now, comb_C is [0 0 0 2 0 0 0 2]
Clustering Accuracy is 1.0
length of good results is 6 and length of bad results is 2
Weights
1 of them have 0 sim weights out of 120 elements
119 of them have sim weight > 0.005
sim weight list is [0.8752420778309968, 0.15545969477465876, 0.9999858460343023, 0.5334558469324308, 0.9825216181533942, 0.6314015013193727, 0.03965501622269223, 0.8836497220060514, 0.6271177953444992, 0, 0.15789944660709376, 0.6358442014836155, 0.9996570331391138, 0.20636167622925233, 0.9400125741890939, 0.9999752112069672, 0.632127390936742, 0.987249215160471, 0.007004003522254388, 0.5385374769185983, 0.9655958066423297, 0.9662212975399954, 0.355187216783557, 0.4610926573821927, 0.21915887769867598, 0.9999850018654484, 0.9999864797141483, 0.4113467367803168, 0.8263888015609485, 0.13150940330162278, 0.9999744215635359, 0.05194422297043539, 0.7046836400386381, 0.9017872769248041, 0.74982050749719, 0.9763527532044962, 0.27559131984511814, 0.05072539560162985, 0.30255197818427326, 0.27351696348884386, 0.15079933252173722, 0.3805110402684781, 0.18349767469043265, 0.03203156842647283, 0.6647093626839737, 0.9379574942830352, 0.06395740176120275, 0.23477470087190477, 0.4377093994628644, 0.5620413001572618, 0.9827751235753059, 0.6771766588985496, 0.8130380976532372, 0.657786685933178, 0.9861370810707086, 0.6727964124402259, 0.17594249725500127, 0.03899912412734473, 0.9858653275701384, 0.8423248285622656, 0.33545207419577, 0.9293157173462046, 0.17329736090571526, 0.9535574253730761, 0.17805899117604274, 0.9753335162765663, 0.9998579283942581, 0.7496984556000816, 0.8918937622414282, 0.5810440899665273, 0.9983637978569004, 0.24304755276028503, 0.8725820409913804, 0.2311125539392921, 0.9882537098167633, 0.9934681726919068, 0.8585296506843587, 0.8432146609296564, 0.9988639758100198, 0.37401563545911803, 0.9066101575914848, 0.8245656482257931, 0.733866923346415, 0.9999693041954818, 0.6700605597913101, 0.44345241416126396, 0.22057103911766926, 0.697095065933168, 0.7086902815328783, 0.5152728636240433, 0.9863895639051684, 0.321594906426847, 0.538755906804122, 0.9148634502733171, 0.9928270640483275, 0.30223612685429363, 0.02354691488242234, 0.28489761265073055, 0.9105517377689248, 0.2707046645761566, 0.8448046477919603, 0.8859132701551373, 0.9806668571447428, 0.7539649123912028, 0.9999890714258617, 0.8331203177414951, 0.969717173368549, 0.019412224625887656, 0.23970709656538053, 0.15934033993788738, 0.9999704770445345, 0.2520269926676894, 0.4897424537834945, 0.9740946877113184, 0.4402824113119908, 0.10585942081031328, 0.20013695037041931, 0.6459781081787768, 0.34260761241959664, 0.8814450839713054]
Weights
1 of them have 0 sim weights out of 84 elements
83 of them have sim weight > 0.005
sim weight list is [0.31599388176726245, 0.3576682390750135, 0.4636333852797145, 0.388679657617333, 0.9719320061989513, 0.9477787939528022, 0.3037167106591385, 0.717821792858776, 0.9762042518029284, 0, 0.514997292970024, 0.8325660658029002, 0.4198194703947338, 0.9689336782352255, 0.12132050957743315, 0.4706438513824549, 0.8781902748491291, 0.6086975148814842, 0.33683987157368606, 0.4054878362040677, 0.34046938701118296, 0.7967607148176633, 0.858962447433728, 0.4819099743464818, 0.20680499542615863, 0.4673155998285626, 0.40545092194825866, 0.20296376424795382, 0.6690536898089328, 0.3010988863286046, 0.8485571779923636, 0.343494759570462, 0.5547760153136503, 0.47352982010452455, 0.25638450004328367, 0.5973976327565578, 0.3673066423219384, 0.347775904579857, 0.43560982035418355, 0.6295735561266007, 0.17122118846166964, 0.27574912560522225, 0.4009054380573932, 0.9030325580686438, 0.7464507588150037, 0.673782978065713, 0.930083580563058, 0.2420149850476472, 0.9816724185013906, 0.39676794186594067, 0.5161300303956327, 0.936057436362674, 0.7710871050979693, 0.27719176731082684, 0.461334720214221, 0.6267917223113376, 0.4916146851226674, 0.6276173925513372, 0.4361473163994937, 0.6886086656430824, 0.6818262272324488, 0.8806554365089674, 0.620907730017506, 0.8715859947340597, 0.2905808165991043, 0.5955702493815496, 0.4890578257725465, 0.17497971019590444, 0.32156711164421425, 0.7382541261052197, 0.33612152918743954, 0.954530157546433, 0.9243391795420781, 0.3915341584023004, 0.16607906508699358, 0.6153592378939036, 0.3753977963507805, 0.31312870847134017, 0.5692838296096779, 0.9334646159083303, 0.2895736267166912, 0.3545191199889093, 0.6706943106289249, 0.6011368195746445]
Weights
1 of them have 0 sim weights out of 10 elements
3 of them have sim weight > 0.005
sim weight list is [1.320213845213758e-08, 0.5206035608019014, 0.009160704003733243, 0.00018089852314147445, 0.014507345913101707, 0.0004874167234315324, 0.0025488275676233303, 6.134687932204812e-07, 0.00010106432790031265, 0]
Evaluate
Configure Evaluate
[2024-05-15 15:04:41,191][flwr][DEBUG] - evaluate_round 10: strategy sampled 15 clients (out of 50)
[2024-05-15 15:04:42,516][flwr][DEBUG] - evaluate_round 10 received 15 results and 0 failures
Aggregate evaluate
benign record is ['3', '15', '16', '24', '9', '21', '23', '4', '28', '22', '12', '42', '5', '13', '1', '49', '8', '26', '2', '19', '18', '0', '14', '11', '17', '27']
Federated Accuracy on Clean Data: 0.07983518518518518
Federated Accuracy on Dirty Data: 0.09274642857142856
Configure Fit
server round: 11
Starting a round 0
[2024-05-15 15:04:42,517][flwr][DEBUG] - fit_round 11: strategy sampled 15 clients (out of 50)
[2024-05-15 15:04:49,186][flwr][DEBUG] - fit_round 11 received 15 results and 0 failures
malicious is ['0', '0', '0', '0', '0', '0', '0', '2', '0', '0']
Number of Evil Clients: 5
Number of Preset Malicious Clients is 1
Number of Preset Benign Clients is 9
Average Clean Data Accuracy: 0.06261666666666667
Now, comb_C is [0 0 0 0 0 0 0 0 0 0]
Clustering Accuracy is 0.9
length of good results is 10 and length of bad results is 0
Evaluate
Configure Evaluate
[2024-05-15 15:04:50,595][flwr][DEBUG] - evaluate_round 11: strategy sampled 15 clients (out of 50)
[2024-05-15 15:04:51,870][flwr][DEBUG] - evaluate_round 11 received 15 results and 0 failures
Aggregate evaluate
benign record is ['3', '15', '16', '24', '9', '21', '23', '4', '28', '42', '12', '22', '5', '13', '1', '49', '8', '26', '2', '19', '18', '0', '29', '14', '31', '11', '17', '27']
Federated Accuracy on Clean Data: 0.31323437499999995
Federated Accuracy on Dirty Data: 0.3069026315789474
Configure Fit
server round: 12
Starting a round 0
[2024-05-15 15:04:51,870][flwr][DEBUG] - fit_round 12: strategy sampled 15 clients (out of 50)
[2024-05-15 15:04:57,559][flwr][DEBUG] - fit_round 12 received 15 results and 0 failures
malicious is ['0', '0', '0', '0', '0', '0']
Number of Evil Clients: 9
Number of Preset Malicious Clients is 0
Number of Preset Benign Clients is 6
Average Clean Data Accuracy: 0.11467777777777778
Now, comb_C is [0 0 0 0 0 0]
Clustering Accuracy is 1.0
length of good results is 6 and length of bad results is 0
Evaluate
Configure Evaluate
[2024-05-15 15:04:59,491][flwr][DEBUG] - evaluate_round 12: strategy sampled 15 clients (out of 50)
[2024-05-15 15:05:00,682][flwr][DEBUG] - evaluate_round 12 received 15 results and 0 failures
Aggregate evaluate
benign record is ['3', '15', '16', '24', '9', '21', '23', '4', '28', '22', '12', '42', '5', '13', '1', '49', '8', '26', '2', '19', '18', '0', '29', '14', '31', '11', '17', '27']
Federated Accuracy on Clean Data: 0.190934
Federated Accuracy on Dirty Data: 0.1579655172413793
Configure Fit
server round: 13
Starting a round 0
[2024-05-15 15:05:00,682][flwr][DEBUG] - fit_round 13: strategy sampled 15 clients (out of 50)
[2024-05-15 15:05:07,008][flwr][DEBUG] - fit_round 13 received 15 results and 0 failures
malicious is ['0', '0', '0', '0', '0', '0', '0', '0', '0', '0', '0', '0']
Number of Evil Clients: 3
Number of Preset Malicious Clients is 0
Number of Preset Benign Clients is 12
Average Clean Data Accuracy: 0.03323333333333333
Now, comb_C is [0 0 0 0 0 0 0 0 0 0 0 0]
Clustering Accuracy is 1.0
length of good results is 12 and length of bad results is 0
Evaluate
Configure Evaluate
[2024-05-15 15:05:07,695][flwr][DEBUG] - evaluate_round 13: strategy sampled 15 clients (out of 50)
[2024-05-15 15:05:08,879][flwr][DEBUG] - evaluate_round 13 received 15 results and 0 failures
Aggregate evaluate
benign record is ['3', '15', '16', '24', '9', '21', '23', '4', '28', '42', '12', '22', '5', '13', '1', '49', '8', '26', '2', '19', '18', '0', '29', '14', '31', '11', '17', '27']
Federated Accuracy on Clean Data: 0.2009807692307692
Federated Accuracy on Dirty Data: 0.21546739130434783
Configure Fit
server round: 14
Starting a round 0
[2024-05-15 15:05:08,879][flwr][DEBUG] - fit_round 14: strategy sampled 15 clients (out of 50)
[2024-05-15 15:05:15,193][flwr][DEBUG] - fit_round 14 received 15 results and 0 failures
malicious is ['0', '0', '0', '0', '0']
Number of Evil Clients: 10
Number of Preset Malicious Clients is 0
Number of Preset Benign Clients is 5
Average Clean Data Accuracy: 0.1266
Now, comb_C is [0 0 0 0 0]
Clustering Accuracy is 1.0
length of good results is 5 and length of bad results is 0
Evaluate
Configure Evaluate
[2024-05-15 15:05:17,129][flwr][DEBUG] - evaluate_round 14: strategy sampled 15 clients (out of 50)
[2024-05-15 15:05:18,323][flwr][DEBUG] - evaluate_round 14 received 15 results and 0 failures
Aggregate evaluate
benign record is ['3', '15', '16', '24', '9', '21', '23', '4', '28', '22', '12', '42', '5', '13', '1', '49', '8', '26', '2', '19', '18', '0', '29', '14', '31', '11', '17', '27']
Federated Accuracy on Clean Data: 0.20354545454545453
Federated Accuracy on Dirty Data: 0.19353095238095241
Configure Fit
server round: 15
Starting a round 0
[2024-05-15 15:05:18,324][flwr][DEBUG] - fit_round 15: strategy sampled 15 clients (out of 50)
[2024-05-15 15:05:24,323][flwr][DEBUG] - fit_round 15 received 15 results and 0 failures
malicious is ['0', '0', '0', '0', '2', '0', '0', '0']
Number of Evil Clients: 7
Number of Preset Malicious Clients is 1
Number of Preset Benign Clients is 7
Average Clean Data Accuracy: 0.07880000000000001
Now, comb_C is [0 0 0 0 0 0 0 0]
Clustering Accuracy is 0.875
length of good results is 8 and length of bad results is 0
Evaluate
Configure Evaluate
[2024-05-15 15:05:25,872][flwr][DEBUG] - evaluate_round 15: strategy sampled 15 clients (out of 50)
[2024-05-15 15:05:27,028][flwr][DEBUG] - evaluate_round 15 received 15 results and 0 failures
Aggregate evaluate
benign record is ['3', '15', '16', '24', '9', '21', '23', '4', '28', '42', '12', '22', '5', '13', '1', '49', '8', '26', '2', '19', '18', '0', '29', '14', '31', '11', '17', '27']
Federated Accuracy on Clean Data: 0.27600789473684206
Federated Accuracy on Dirty Data: 0.35300869565217396
Configure Fit
server round: 16
Starting a round 0
[2024-05-15 15:05:27,028][flwr][DEBUG] - fit_round 16: strategy sampled 15 clients (out of 50)
[2024-05-15 15:05:33,161][flwr][DEBUG] - fit_round 16 received 15 results and 0 failures
malicious is ['2', '0', '0', '0', '0', '0']
Number of Evil Clients: 9
Number of Preset Malicious Clients is 1
Number of Preset Benign Clients is 5
Average Clean Data Accuracy: 0.31355
Now, comb_C is [0 0 0 0 0 0]
Clustering Accuracy is 0.8333333333333334
length of good results is 6 and length of bad results is 0
Evaluate
Configure Evaluate
[2024-05-15 15:05:35,100][flwr][DEBUG] - evaluate_round 16: strategy sampled 15 clients (out of 50)
[2024-05-15 15:05:36,285][flwr][DEBUG] - evaluate_round 16 received 15 results and 0 failures
Aggregate evaluate
benign record is ['3', '15', '16', '24', '9', '21', '23', '4', '28', '22', '12', '42', '5', '13', '1', '49', '8', '26', '2', '19', '18', '0', '29', '14', '31', '11', '17', '27']
Federated Accuracy on Clean Data: 0.29661914893617014
Federated Accuracy on Dirty Data: 0.44076666666666675
Configure Fit
server round: 17
Starting a round 0
[2024-05-15 15:05:36,286][flwr][DEBUG] - fit_round 17: strategy sampled 15 clients (out of 50)
[2024-05-15 15:05:42,197][flwr][DEBUG] - fit_round 17 received 15 results and 0 failures
malicious is ['0', '2', '0', '0', '0', '2', '0', '0']
Number of Evil Clients: 7
Number of Preset Malicious Clients is 2
Number of Preset Benign Clients is 6
Average Clean Data Accuracy: 0.23449999999999996
Now, comb_C is [0 0 0 0 0 0 0 0]
Clustering Accuracy is 0.75
length of good results is 8 and length of bad results is 0
Evaluate
Configure Evaluate
[2024-05-15 15:05:43,978][flwr][DEBUG] - evaluate_round 17: strategy sampled 15 clients (out of 50)
[2024-05-15 15:05:45,157][flwr][DEBUG] - evaluate_round 17 received 15 results and 0 failures
Aggregate evaluate
benign record is ['3', '15', '16', '24', '9', '21', '23', '4', '28', '42', '12', '22', '5', '13', '1', '49', '8', '26', '2', '19', '18', '0', '29', '14', '31', '11', '17', '27']
Federated Accuracy on Clean Data: 0.2846205128205128
Federated Accuracy on Dirty Data: 0.39499285714285715
Configure Fit
server round: 18
Starting a round 0
[2024-05-15 15:05:45,158][flwr][DEBUG] - fit_round 18: strategy sampled 15 clients (out of 50)
[2024-05-15 15:05:50,774][flwr][DEBUG] - fit_round 18 received 15 results and 0 failures
malicious is ['0', '0', '0', '0', '0', '0', '0', '0', '0']
Number of Evil Clients: 6
Number of Preset Malicious Clients is 0
Number of Preset Benign Clients is 9
Average Clean Data Accuracy: 0.19688333333333333
Now, comb_C is [0 0 0 0 0 0 0 0 0]
Clustering Accuracy is 1.0
length of good results is 9 and length of bad results is 0
Evaluate
Configure Evaluate
[2024-05-15 15:05:52,034][flwr][DEBUG] - evaluate_round 18: strategy sampled 15 clients (out of 50)
[2024-05-15 15:05:53,333][flwr][DEBUG] - evaluate_round 18 received 15 results and 0 failures
Aggregate evaluate
benign record is ['3', '15', '16', '24', '9', '21', '23', '4', '28', '22', '12', '42', '5', '13', '1', '49', '8', '26', '2', '19', '18', '0', '29', '14', '31', '11', '17', '27']
Federated Accuracy on Clean Data: 0.54354
Federated Accuracy on Dirty Data: 0.4816636363636363
Configure Fit
server round: 19
Starting a round 0
[2024-05-15 15:05:53,334][flwr][DEBUG] - fit_round 19: strategy sampled 15 clients (out of 50)
[2024-05-15 15:05:59,013][flwr][DEBUG] - fit_round 19 received 15 results and 0 failures
malicious is ['0', '0', '0', '0', '0', '0']
Number of Evil Clients: 9
Number of Preset Malicious Clients is 0
Number of Preset Benign Clients is 6
Average Clean Data Accuracy: 0.31091111111111114
Now, comb_C is [0 0 0 0 0 0]
Clustering Accuracy is 1.0
length of good results is 6 and length of bad results is 0
Evaluate
Configure Evaluate
[2024-05-15 15:06:00,938][flwr][DEBUG] - evaluate_round 19: strategy sampled 15 clients (out of 50)
[2024-05-15 15:06:02,107][flwr][DEBUG] - evaluate_round 19 received 15 results and 0 failures
Aggregate evaluate
benign record is ['3', '15', '16', '24', '9', '21', '23', '4', '28', '42', '12', '22', '5', '13', '1', '49', '8', '26', '2', '19', '18', '0', '29', '14', '31', '11', '17', '27']
Federated Accuracy on Clean Data: 0.4902325
Federated Accuracy on Dirty Data: 0.49963636363636366
Configure Fit
server round: 20
Starting a round 0
[2024-05-15 15:06:02,107][flwr][DEBUG] - fit_round 20: strategy sampled 15 clients (out of 50)
[2024-05-15 15:06:07,860][flwr][DEBUG] - fit_round 20 received 15 results and 0 failures
malicious is ['0', '0', '0', '0', '0', '0', '0']
Number of Evil Clients: 8
Number of Preset Malicious Clients is 0
Number of Preset Benign Clients is 7
Average Clean Data Accuracy: 0.18020000000000003
Now, comb_C is [0 0 0 0 0 0 0]
Clustering Accuracy is 1.0
length of good results is 7 and length of bad results is 0
Evaluate
Configure Evaluate
[2024-05-15 15:06:09,471][flwr][DEBUG] - evaluate_round 20: strategy sampled 15 clients (out of 50)
[2024-05-15 15:06:10,709][flwr][DEBUG] - evaluate_round 20 received 15 results and 0 failures
Aggregate evaluate
benign record is ['3', '15', '16', '24', '9', '21', '23', '4', '28', '22', '12', '42', '5', '13', '1', '49', '8', '26', '2', '19', '18', '0', '29', '14', '31', '11', '17', '27']
Federated Accuracy on Clean Data: 0.5954514285714285
Federated Accuracy on Dirty Data: 0.5640421052631579
Configure Fit
server round: 21
Starting a round 0
[2024-05-15 15:06:10,710][flwr][DEBUG] - fit_round 21: strategy sampled 15 clients (out of 50)
[2024-05-15 15:06:17,016][flwr][DEBUG] - fit_round 21 received 15 results and 0 failures
malicious is ['0', '0', '0', '0', '0', '2']
Number of Evil Clients: 9
Number of Preset Malicious Clients is 1
Number of Preset Benign Clients is 5
Average Clean Data Accuracy: 0.29433000000000004
Now, comb_C is [0 0 0 0 0 0]
Clustering Accuracy is 0.8333333333333334
length of good results is 6 and length of bad results is 0
Evaluate
Configure Evaluate
[2024-05-15 15:06:18,959][flwr][DEBUG] - evaluate_round 21: strategy sampled 15 clients (out of 50)
[2024-05-15 15:06:20,158][flwr][DEBUG] - evaluate_round 21 received 15 results and 0 failures
Aggregate evaluate
benign record is ['3', '15', '16', '24', '9', '21', '23', '4', '28', '42', '12', '22', '5', '13', '1', '49', '8', '26', '2', '19', '18', '0', '29', '14', '31', '11', '17', '27']
Federated Accuracy on Clean Data: 0.5487732142857142
Federated Accuracy on Dirty Data: 0.5751657142857143
Configure Fit
server round: 22
Starting a round 0
[2024-05-15 15:06:20,159][flwr][DEBUG] - fit_round 22: strategy sampled 15 clients (out of 50)
[2024-05-15 15:06:26,203][flwr][DEBUG] - fit_round 22 received 15 results and 0 failures
malicious is ['0', '0', '0', '0', '0', '0', '0', '0']
Number of Evil Clients: 7
Number of Preset Malicious Clients is 0
Number of Preset Benign Clients is 8
Average Clean Data Accuracy: 0.2500142857142857
Now, comb_C is [0 0 0 0 0 0 0 0]
Clustering Accuracy is 1.0
length of good results is 8 and length of bad results is 0
Evaluate
Configure Evaluate
[2024-05-15 15:06:27,596][flwr][DEBUG] - evaluate_round 22: strategy sampled 15 clients (out of 50)
[2024-05-15 15:06:28,772][flwr][DEBUG] - evaluate_round 22 received 15 results and 0 failures
Aggregate evaluate
benign record is ['3', '15', '16', '24', '9', '21', '23', '4', '28', '22', '12', '42', '5', '13', '1', '49', '8', '26', '2', '19', '18', '0', '29', '14', '31', '11', '17', '27']
Federated Accuracy on Clean Data: 0.6136689655172414
Federated Accuracy on Dirty Data: 0.6051518518518519
Configure Fit
server round: 23
Starting a round 0
[2024-05-15 15:06:28,773][flwr][DEBUG] - fit_round 23: strategy sampled 15 clients (out of 50)
[2024-05-15 15:06:34,682][flwr][DEBUG] - fit_round 23 received 15 results and 0 failures
malicious is ['0', '0', '0', '0', '2', '0', '0']
Number of Evil Clients: 8
Number of Preset Malicious Clients is 1
Number of Preset Benign Clients is 6
Average Clean Data Accuracy: 0.2066
Now, comb_C is [0 0 0 0 0 0 0]
Clustering Accuracy is 0.8571428571428571
length of good results is 7 and length of bad results is 0
Evaluate
Configure Evaluate
[2024-05-15 15:06:36,491][flwr][DEBUG] - evaluate_round 23: strategy sampled 15 clients (out of 50)
[2024-05-15 15:06:37,939][flwr][DEBUG] - evaluate_round 23 received 15 results and 0 failures
Aggregate evaluate
benign record is ['3', '15', '16', '24', '9', '21', '23', '4', '28', '42', '12', '22', '5', '13', '1', '49', '8', '26', '2', '19', '18', '0', '29', '14', '31', '11', '17', '27']
Federated Accuracy on Clean Data: 0.6922644736842105
Federated Accuracy on Dirty Data: 0.6450666666666667
Configure Fit
server round: 24
Starting a round 0
[2024-05-15 15:06:37,940][flwr][DEBUG] - fit_round 24: strategy sampled 15 clients (out of 50)
[2024-05-15 15:06:43,986][flwr][DEBUG] - fit_round 24 received 15 results and 0 failures
malicious is ['0', '2', '0', '2', '0', '0']
Number of Evil Clients: 9
Number of Preset Malicious Clients is 2
Number of Preset Benign Clients is 4
Average Clean Data Accuracy: 0.44452727272727266
Now, comb_C is [0 0 0 0 0 0]
Clustering Accuracy is 0.6666666666666666
length of good results is 6 and length of bad results is 0
Evaluate
Configure Evaluate
[2024-05-15 15:06:46,251][flwr][DEBUG] - evaluate_round 24: strategy sampled 15 clients (out of 50)
[2024-05-15 15:06:47,515][flwr][DEBUG] - evaluate_round 24 received 15 results and 0 failures
Aggregate evaluate
benign record is ['3', '15', '16', '24', '9', '21', '23', '4', '28', '22', '12', '42', '5', '13', '1', '49', '8', '26', '2', '19', '18', '0', '29', '14', '31', '11', '17', '27']
Federated Accuracy on Clean Data: 0.6875020833333333
Federated Accuracy on Dirty Data: 0.7697538461538461
Configure Fit
server round: 25
Starting a round 0
[2024-05-15 15:06:47,516][flwr][DEBUG] - fit_round 25: strategy sampled 15 clients (out of 50)
[2024-05-15 15:06:54,005][flwr][DEBUG] - fit_round 25 received 15 results and 0 failures
malicious is ['0', '0', '0', '0', '0', '0', '0', '0', '0']
Number of Evil Clients: 6
Number of Preset Malicious Clients is 0
Number of Preset Benign Clients is 9
Average Clean Data Accuracy: 0.30783333333333335
Now, comb_C is [0 0 0 0 0 0 0 0 0]
Clustering Accuracy is 1.0
length of good results is 9 and length of bad results is 0
Evaluate
Configure Evaluate
[2024-05-15 15:06:55,282][flwr][DEBUG] - evaluate_round 25: strategy sampled 15 clients (out of 50)
[2024-05-15 15:06:56,572][flwr][DEBUG] - evaluate_round 25 received 15 results and 0 failures
Aggregate evaluate
benign record is ['3', '15', '16', '24', '9', '21', '23', '4', '28', '42', '12', '22', '5', '13', '1', '49', '8', '26', '2', '19', '18', '0', '29', '14', '31', '11', '17', '27']
Federated Accuracy on Clean Data: 0.7088522727272726
Federated Accuracy on Dirty Data: 0.7583294117647058
Configure Fit
server round: 26
Starting a round 0
[2024-05-15 15:06:56,573][flwr][DEBUG] - fit_round 26: strategy sampled 15 clients (out of 50)
[2024-05-15 15:07:02,412][flwr][DEBUG] - fit_round 26 received 15 results and 0 failures
malicious is ['0', '0', '0', '0', '0', '2', '0']
Number of Evil Clients: 8
Number of Preset Malicious Clients is 1
Number of Preset Benign Clients is 6
Average Clean Data Accuracy: 0.40647777777777777
Now, comb_C is [0 0 0 0 0 0 0]
Clustering Accuracy is 0.8571428571428571
length of good results is 7 and length of bad results is 0
Evaluate
Configure Evaluate
[2024-05-15 15:07:04,168][flwr][DEBUG] - evaluate_round 26: strategy sampled 15 clients (out of 50)
[2024-05-15 15:07:05,352][flwr][DEBUG] - evaluate_round 26 received 15 results and 0 failures
Aggregate evaluate
benign record is ['3', '15', '16', '24', '9', '21', '23', '4', '28', '22', '12', '42', '5', '13', '1', '49', '8', '26', '2', '19', '18', '0', '29', '14', '31', '11', '17', '27']
Federated Accuracy on Clean Data: 0.7501032258064516
Federated Accuracy on Dirty Data: 0.8068096774193549
Configure Fit
server round: 27
Starting a round 0
[2024-05-15 15:07:05,353][flwr][DEBUG] - fit_round 27: strategy sampled 15 clients (out of 50)
[2024-05-15 15:07:11,541][flwr][DEBUG] - fit_round 27 received 15 results and 0 failures
malicious is ['0', '0', '0', '0', '2', '0', '0', '0']
Number of Evil Clients: 7
Number of Preset Malicious Clients is 1
Number of Preset Benign Clients is 7
Average Clean Data Accuracy: 0.41541249999999996
Now, comb_C is [0 0 0 0 0 0 0 0]
Clustering Accuracy is 0.875
length of good results is 8 and length of bad results is 0
Evaluate
Configure Evaluate
[2024-05-15 15:07:13,259][flwr][DEBUG] - evaluate_round 27: strategy sampled 15 clients (out of 50)
[2024-05-15 15:07:14,495][flwr][DEBUG] - evaluate_round 27 received 15 results and 0 failures
Aggregate evaluate
benign record is ['3', '15', '16', '24', '9', '21', '23', '4', '28', '42', '12', '22', '5', '13', '1', '49', '8', '26', '2', '19', '18', '0', '29', '14', '31', '11', '17', '27']
Federated Accuracy on Clean Data: 0.7645979166666667
Federated Accuracy on Dirty Data: 0.724025
Configure Fit
server round: 28
Starting a round 0
[2024-05-15 15:07:14,496][flwr][DEBUG] - fit_round 28: strategy sampled 15 clients (out of 50)
[2024-05-15 15:07:20,849][flwr][DEBUG] - fit_round 28 received 15 results and 0 failures
malicious is ['0', '0', '0', '0', '0', '2', '0', '0', '0']
Number of Evil Clients: 6
Number of Preset Malicious Clients is 1
Number of Preset Benign Clients is 8
Average Clean Data Accuracy: 0.46464285714285714
Now, comb_C is [0 0 0 0 0 0 0 0 0]
Clustering Accuracy is 0.8888888888888888
length of good results is 9 and length of bad results is 0
Evaluate
Configure Evaluate
[2024-05-15 15:07:22,272][flwr][DEBUG] - evaluate_round 28: strategy sampled 15 clients (out of 50)
[2024-05-15 15:07:23,444][flwr][DEBUG] - evaluate_round 28 received 15 results and 0 failures
Aggregate evaluate
benign record is ['3', '15', '16', '24', '9', '21', '23', '4', '28', '22', '12', '42', '5', '13', '1', '49', '8', '26', '2', '19', '18', '0', '29', '14', '31', '11', '17', '27']
Federated Accuracy on Clean Data: 0.7611076923076923
Federated Accuracy on Dirty Data: 0.7785380000000001
Configure Fit
server round: 29
Starting a round 0
[2024-05-15 15:07:23,444][flwr][DEBUG] - fit_round 29: strategy sampled 15 clients (out of 50)
[2024-05-15 15:07:29,395][flwr][DEBUG] - fit_round 29 received 15 results and 0 failures
malicious is ['0', '0', '0', '0', '0', '2', '0', '0']
Number of Evil Clients: 7
Number of Preset Malicious Clients is 1
Number of Preset Benign Clients is 7
Average Clean Data Accuracy: 0.46592500000000003
Now, comb_C is [0 0 0 0 0 0 0 0]
Clustering Accuracy is 0.875
length of good results is 8 and length of bad results is 0
Evaluate
Configure Evaluate
[2024-05-15 15:07:31,081][flwr][DEBUG] - evaluate_round 29: strategy sampled 15 clients (out of 50)
[2024-05-15 15:07:32,328][flwr][DEBUG] - evaluate_round 29 received 15 results and 0 failures
Aggregate evaluate
benign record is ['3', '15', '16', '24', '9', '21', '23', '4', '28', '42', '12', '22', '5', '13', '1', '49', '8', '26', '2', '19', '18', '0', '29', '14', '31', '11', '17', '27']
Federated Accuracy on Clean Data: 0.7588515151515152
Federated Accuracy on Dirty Data: 0.7378979999999999
Configure Fit
server round: 30
Starting a round 0
[2024-05-15 15:07:32,329][flwr][DEBUG] - fit_round 30: strategy sampled 15 clients (out of 50)
[2024-05-15 15:07:38,083][flwr][DEBUG] - fit_round 30 received 15 results and 0 failures
malicious is ['2', '0', '0', '0', '0']
Number of Evil Clients: 10
Number of Preset Malicious Clients is 1
Number of Preset Benign Clients is 4
Average Clean Data Accuracy: 0.4897545454545455
Now, comb_C is [0 0 0 0 0]
Clustering Accuracy is 0.8
length of good results is 5 and length of bad results is 0
Evaluate
Configure Evaluate
[2024-05-15 15:07:40,216][flwr][DEBUG] - evaluate_round 30: strategy sampled 15 clients (out of 50)
[2024-05-15 15:07:41,388][flwr][DEBUG] - evaluate_round 30 received 15 results and 0 failures
Aggregate evaluate
benign record is ['3', '15', '16', '24', '9', '21', '23', '4', '28', '22', '12', '42', '5', '13', '1', '49', '8', '26', '2', '19', '18', '0', '29', '14', '31', '11', '17', '27']
Federated Accuracy on Clean Data: 0.7780553191489361
Federated Accuracy on Dirty Data: 0.8237921052631579
Configure Fit
server round: 31
Starting a round 0
[2024-05-15 15:07:41,389][flwr][DEBUG] - fit_round 31: strategy sampled 15 clients (out of 50)
[2024-05-15 15:07:47,587][flwr][DEBUG] - fit_round 31 received 15 results and 0 failures
malicious is ['2', '0', '0', '0', '0', '0', '0', '0', '0']
Number of Evil Clients: 6
Number of Preset Malicious Clients is 1
Number of Preset Benign Clients is 8
Average Clean Data Accuracy: 0.40367142857142857
Now, comb_C is [0 0 0 0 0 0 0 0 0]
Clustering Accuracy is 0.8888888888888888
length of good results is 9 and length of bad results is 0
Evaluate
Configure Evaluate
[2024-05-15 15:07:49,109][flwr][DEBUG] - evaluate_round 31: strategy sampled 15 clients (out of 50)
[2024-05-15 15:07:50,282][flwr][DEBUG] - evaluate_round 31 received 15 results and 0 failures
Aggregate evaluate
benign record is ['3', '15', '16', '24', '9', '21', '23', '4', '28', '42', '12', '22', '5', '13', '1', '49', '8', '26', '2', '19', '18', '0', '29', '14', '31', '11', '17', '27']
Federated Accuracy on Clean Data: 0.7495333333333334
Federated Accuracy on Dirty Data: 0.7768894736842105
Configure Fit
server round: 32
Starting a round 0
[2024-05-15 15:07:50,283][flwr][DEBUG] - fit_round 32: strategy sampled 15 clients (out of 50)
[2024-05-15 15:07:56,344][flwr][DEBUG] - fit_round 32 received 15 results and 0 failures
malicious is ['0', '0', '0', '0', '0', '0', '0']
Number of Evil Clients: 8
Number of Preset Malicious Clients is 0
Number of Preset Benign Clients is 7
Average Clean Data Accuracy: 0.51635
Now, comb_C is [0 0 0 0 0 0 0]
Clustering Accuracy is 1.0
length of good results is 7 and length of bad results is 0
Evaluate
Configure Evaluate
[2024-05-15 15:07:58,042][flwr][DEBUG] - evaluate_round 32: strategy sampled 15 clients (out of 50)
[2024-05-15 15:07:59,222][flwr][DEBUG] - evaluate_round 32 received 15 results and 0 failures
Aggregate evaluate
benign record is ['3', '15', '16', '24', '9', '21', '23', '4', '28', '22', '12', '42', '5', '13', '1', '49', '8', '26', '2', '19', '18', '0', '29', '14', '31', '11', '17', '27']
Federated Accuracy on Clean Data: 0.7789437499999999
Federated Accuracy on Dirty Data: 0.7826820512820513
Configure Fit
server round: 33
Starting a round 0
[2024-05-15 15:07:59,223][flwr][DEBUG] - fit_round 33: strategy sampled 15 clients (out of 50)
[2024-05-15 15:08:04,974][flwr][DEBUG] - fit_round 33 received 15 results and 0 failures
malicious is ['0', '0', '0', '0', '0']
Number of Evil Clients: 10
Number of Preset Malicious Clients is 0
Number of Preset Benign Clients is 5
Average Clean Data Accuracy: 0.55968
Now, comb_C is [0 0 0 0 0]
Clustering Accuracy is 1.0
length of good results is 5 and length of bad results is 0
Evaluate
Configure Evaluate
[2024-05-15 15:08:07,024][flwr][DEBUG] - evaluate_round 33: strategy sampled 15 clients (out of 50)
[2024-05-15 15:08:08,488][flwr][DEBUG] - evaluate_round 33 received 15 results and 0 failures
Aggregate evaluate
benign record is ['3', '15', '16', '24', '9', '21', '23', '4', '28', '42', '12', '22', '5', '13', '1', '49', '8', '26', '2', '19', '18', '0', '29', '14', '31', '11', '17', '27']
Federated Accuracy on Clean Data: 0.7615509433962264
Federated Accuracy on Dirty Data: 0.8319620689655172
Configure Fit
server round: 34
Starting a round 0
[2024-05-15 15:08:08,488][flwr][DEBUG] - fit_round 34: strategy sampled 15 clients (out of 50)
[2024-05-15 15:08:14,400][flwr][DEBUG] - fit_round 34 received 15 results and 0 failures
malicious is ['2', '0', '0', '0', '0']
Number of Evil Clients: 10
Number of Preset Malicious Clients is 1
Number of Preset Benign Clients is 4
Average Clean Data Accuracy: 0.4757090909090909
Now, comb_C is [0 0 0 0 0]
Clustering Accuracy is 0.8
length of good results is 5 and length of bad results is 0
Evaluate
Configure Evaluate
[2024-05-15 15:08:16,755][flwr][DEBUG] - evaluate_round 34: strategy sampled 15 clients (out of 50)
[2024-05-15 15:08:17,932][flwr][DEBUG] - evaluate_round 34 received 15 results and 0 failures
Aggregate evaluate
benign record is ['3', '15', '16', '24', '9', '21', '23', '4', '28', '22', '12', '42', '5', '13', '1', '49', '8', '26', '2', '19', '18', '0', '29', '14', '31', '11', '17', '27']
Federated Accuracy on Clean Data: 0.7790571428571428
Federated Accuracy on Dirty Data: 0.8122833333333332
Configure Fit
server round: 35
Starting a round 0
[2024-05-15 15:08:17,933][flwr][DEBUG] - fit_round 35: strategy sampled 15 clients (out of 50)
[2024-05-15 15:08:24,060][flwr][DEBUG] - fit_round 35 received 15 results and 0 failures
malicious is ['0', '0', '0', '0', '0', '2', '0', '0']
Number of Evil Clients: 7
Number of Preset Malicious Clients is 1
Number of Preset Benign Clients is 7
Average Clean Data Accuracy: 0.508825
Now, comb_C is [0 0 0 0 0 0 0 0]
Clustering Accuracy is 0.875
length of good results is 8 and length of bad results is 0
Evaluate
Configure Evaluate
[2024-05-15 15:08:25,637][flwr][DEBUG] - evaluate_round 35: strategy sampled 15 clients (out of 50)
[2024-05-15 15:08:26,795][flwr][DEBUG] - evaluate_round 35 received 15 results and 0 failures
Aggregate evaluate
benign record is ['3', '15', '16', '24', '9', '21', '23', '4', '28', '42', '12', '22', '5', '13', '1', '49', '8', '26', '2', '19', '18', '0', '29', '14', '31', '11', '17', '27']
Federated Accuracy on Clean Data: 0.8046304347826088
Federated Accuracy on Dirty Data: 0.8730487804878049
Configure Fit
server round: 36
Starting a round 0
[2024-05-15 15:08:26,796][flwr][DEBUG] - fit_round 36: strategy sampled 15 clients (out of 50)
[2024-05-15 15:08:32,961][flwr][DEBUG] - fit_round 36 received 15 results and 0 failures
malicious is ['0', '0', '0', '0', '0', '0', '0', '0']
Number of Evil Clients: 7
Number of Preset Malicious Clients is 0
Number of Preset Benign Clients is 8
Average Clean Data Accuracy: 0.5951000000000001
Now, comb_C is [0 0 0 0 0 0 0 0]
Clustering Accuracy is 1.0
length of good results is 8 and length of bad results is 0
Evaluate
Configure Evaluate
[2024-05-15 15:08:34,405][flwr][DEBUG] - evaluate_round 36: strategy sampled 15 clients (out of 50)
[2024-05-15 15:08:35,562][flwr][DEBUG] - evaluate_round 36 received 15 results and 0 failures
Aggregate evaluate
benign record is ['3', '15', '16', '24', '9', '21', '23', '4', '28', '22', '12', '42', '5', '13', '1', '49', '8', '26', '2', '19', '18', '0', '29', '14', '31', '11', '17', '27']
Federated Accuracy on Clean Data: 0.8079538461538461
Federated Accuracy on Dirty Data: 0.7939971428571427
Configure Fit
server round: 37
Starting a round 0
[2024-05-15 15:08:35,563][flwr][DEBUG] - fit_round 37: strategy sampled 15 clients (out of 50)
[2024-05-15 15:08:40,897][flwr][DEBUG] - fit_round 37 received 15 results and 0 failures
malicious is ['0', '0', '0', '2', '0', '0', '0', '0']
Number of Evil Clients: 7
Number of Preset Malicious Clients is 1
Number of Preset Benign Clients is 7
Average Clean Data Accuracy: 0.5697125000000001
Now, comb_C is [0 0 0 0 0 0 0 0]
Clustering Accuracy is 0.875
length of good results is 8 and length of bad results is 0
Evaluate
Configure Evaluate
[2024-05-15 15:08:42,593][flwr][DEBUG] - evaluate_round 37: strategy sampled 15 clients (out of 50)
[2024-05-15 15:08:43,829][flwr][DEBUG] - evaluate_round 37 received 15 results and 0 failures
Aggregate evaluate
benign record is ['3', '15', '16', '24', '9', '21', '23', '4', '28', '42', '12', '22', '5', '13', '1', '49', '8', '26', '2', '19', '18', '0', '29', '14', '31', '11', '17', '27']
Federated Accuracy on Clean Data: 0.7849545454545456
Federated Accuracy on Dirty Data: 0.8084900000000002
Configure Fit
server round: 38
Starting a round 0
[2024-05-15 15:08:43,830][flwr][DEBUG] - fit_round 38: strategy sampled 15 clients (out of 50)
[2024-05-15 15:08:50,101][flwr][DEBUG] - fit_round 38 received 15 results and 0 failures
malicious is ['0', '0', '0', '0', '0', '0', '0', '0', '0']
Number of Evil Clients: 6
Number of Preset Malicious Clients is 0
Number of Preset Benign Clients is 9
Average Clean Data Accuracy: 0.44845
Now, comb_C is [0 0 0 0 0 0 0 0 0]
Clustering Accuracy is 1.0
length of good results is 9 and length of bad results is 0
Evaluate
Configure Evaluate
[2024-05-15 15:08:51,517][flwr][DEBUG] - evaluate_round 38: strategy sampled 15 clients (out of 50)
[2024-05-15 15:08:52,666][flwr][DEBUG] - evaluate_round 38 received 15 results and 0 failures
Aggregate evaluate
benign record is ['3', '15', '16', '24', '9', '21', '23', '4', '28', '22', '12', '42', '5', '13', '1', '49', '8', '26', '2', '19', '18', '0', '29', '14', '31', '11', '17', '27']
Federated Accuracy on Clean Data: 0.7992826923076924
Federated Accuracy on Dirty Data: 0.8335897435897436
Configure Fit
server round: 39
Starting a round 0
[2024-05-15 15:08:52,666][flwr][DEBUG] - fit_round 39: strategy sampled 15 clients (out of 50)
[2024-05-15 15:08:59,165][flwr][DEBUG] - fit_round 39 received 15 results and 0 failures
malicious is ['0', '0', '0', '2', '0', '0']
Number of Evil Clients: 9
Number of Preset Malicious Clients is 1
Number of Preset Benign Clients is 5
Average Clean Data Accuracy: 0.5974900000000001
Now, comb_C is [0 0 0 0 0 0]
Clustering Accuracy is 0.8333333333333334
length of good results is 6 and length of bad results is 0
Evaluate
Configure Evaluate
[2024-05-15 15:09:01,292][flwr][DEBUG] - evaluate_round 39: strategy sampled 15 clients (out of 50)
[2024-05-15 15:09:02,573][flwr][DEBUG] - evaluate_round 39 received 15 results and 0 failures
Aggregate evaluate
benign record is ['3', '15', '16', '24', '9', '21', '23', '4', '28', '42', '12', '22', '5', '13', '1', '49', '8', '26', '2', '19', '18', '0', '29', '14', '31', '11', '17', '27']
Federated Accuracy on Clean Data: 0.8042753846153845
Federated Accuracy on Dirty Data: 0.8361678571428571
Configure Fit
server round: 40
Starting a round 0
[2024-05-15 15:09:02,574][flwr][DEBUG] - fit_round 40: strategy sampled 15 clients (out of 50)
[2024-05-15 15:09:08,824][flwr][DEBUG] - fit_round 40 received 15 results and 0 failures
malicious is ['0', '2', '0', '0', '0', '0']
Number of Evil Clients: 9
Number of Preset Malicious Clients is 1
Number of Preset Benign Clients is 5
Average Clean Data Accuracy: 0.5654
Now, comb_C is [0 0 0 0 0 0]
Clustering Accuracy is 0.8333333333333334
length of good results is 6 and length of bad results is 0
Evaluate
Configure Evaluate
[2024-05-15 15:09:10,776][flwr][DEBUG] - evaluate_round 40: strategy sampled 15 clients (out of 50)
[2024-05-15 15:09:12,014][flwr][DEBUG] - evaluate_round 40 received 15 results and 0 failures
Aggregate evaluate
benign record is ['3', '15', '16', '24', '9', '21', '23', '4', '28', '22', '12', '42', '5', '13', '1', '49', '8', '26', '2', '19', '18', '0', '29', '14', '31', '11', '17', '27']
Federated Accuracy on Clean Data: 0.8148065573770493
Federated Accuracy on Dirty Data: 0.8997703703703702
Configure Fit
server round: 41
Starting a round 0
[2024-05-15 15:09:12,015][flwr][DEBUG] - fit_round 41: strategy sampled 15 clients (out of 50)
[2024-05-15 15:09:18,359][flwr][DEBUG] - fit_round 41 received 15 results and 0 failures
malicious is ['0', '0', '0', '0', '0', '0', '0']
Number of Evil Clients: 8
Number of Preset Malicious Clients is 0
Number of Preset Benign Clients is 7
Average Clean Data Accuracy: 0.5181
Now, comb_C is [0 0 0 0 0 0 0]
Clustering Accuracy is 1.0
length of good results is 7 and length of bad results is 0
Evaluate
Configure Evaluate
[2024-05-15 15:09:20,013][flwr][DEBUG] - evaluate_round 41: strategy sampled 15 clients (out of 50)
[2024-05-15 15:09:21,284][flwr][DEBUG] - evaluate_round 41 received 15 results and 0 failures
Aggregate evaluate
benign record is ['3', '15', '16', '24', '9', '21', '23', '4', '28', '42', '12', '22', '5', '13', '1', '49', '8', '26', '2', '19', '18', '0', '29', '14', '31', '11', '17', '27']
Federated Accuracy on Clean Data: 0.8230717948717949
Federated Accuracy on Dirty Data: 0.856513725490196
Configure Fit
server round: 42
Starting a round 0
[2024-05-15 15:09:21,285][flwr][DEBUG] - fit_round 42: strategy sampled 15 clients (out of 50)
[2024-05-15 15:09:27,045][flwr][DEBUG] - fit_round 42 received 15 results and 0 failures
malicious is ['0', '0', '0', '0', '0', '0', '0', '0']
Number of Evil Clients: 7
Number of Preset Malicious Clients is 0
Number of Preset Benign Clients is 8
Average Clean Data Accuracy: 0.5626
Now, comb_C is [0 0 0 0 0 0 0 0]
Clustering Accuracy is 1.0
length of good results is 8 and length of bad results is 0
Evaluate
Configure Evaluate
[2024-05-15 15:09:28,510][flwr][DEBUG] - evaluate_round 42: strategy sampled 15 clients (out of 50)
[2024-05-15 15:09:29,721][flwr][DEBUG] - evaluate_round 42 received 15 results and 0 failures
Aggregate evaluate
benign record is ['3', '15', '16', '24', '9', '21', '23', '4', '28', '22', '12', '42', '5', '13', '1', '49', '8', '26', '2', '19', '18', '0', '29', '14', '31', '11', '17', '27']
Federated Accuracy on Clean Data: 0.7980891304347826
Federated Accuracy on Dirty Data: 0.8147500000000001
Configure Fit
server round: 43
Starting a round 0
[2024-05-15 15:09:29,722][flwr][DEBUG] - fit_round 43: strategy sampled 15 clients (out of 50)
[2024-05-15 15:09:35,360][flwr][DEBUG] - fit_round 43 received 15 results and 0 failures
malicious is ['0', '0', '0', '0', '2', '0', '0']
Number of Evil Clients: 8
Number of Preset Malicious Clients is 1
Number of Preset Benign Clients is 6
Average Clean Data Accuracy: 0.5977444444444444
Now, comb_C is [0 0 0 0 0 0 0]
Clustering Accuracy is 0.8571428571428571
length of good results is 7 and length of bad results is 0
Evaluate
Configure Evaluate
[2024-05-15 15:09:37,273][flwr][DEBUG] - evaluate_round 43: strategy sampled 15 clients (out of 50)
[2024-05-15 15:09:38,759][flwr][DEBUG] - evaluate_round 43 received 15 results and 0 failures
Aggregate evaluate
benign record is ['3', '15', '16', '24', '9', '21', '23', '4', '28', '42', '12', '22', '5', '13', '1', '49', '8', '26', '2', '19', '18', '0', '29', '14', '31', '11', '17', '27']
Federated Accuracy on Clean Data: 0.8158953488372093
Federated Accuracy on Dirty Data: 0.8790243243243243
Configure Fit
server round: 44
Starting a round 0
[2024-05-15 15:09:38,760][flwr][DEBUG] - fit_round 44: strategy sampled 15 clients (out of 50)
[2024-05-15 15:09:45,035][flwr][DEBUG] - fit_round 44 received 15 results and 0 failures
malicious is ['0', '0', '2', '0', '0', '0', '0']
Number of Evil Clients: 8
Number of Preset Malicious Clients is 1
Number of Preset Benign Clients is 6
Average Clean Data Accuracy: 0.641788888888889
Now, comb_C is [0 0 0 0 0 0 0]
Clustering Accuracy is 0.8571428571428571
length of good results is 7 and length of bad results is 0
Evaluate
Configure Evaluate
[2024-05-15 15:09:47,000][flwr][DEBUG] - evaluate_round 44: strategy sampled 15 clients (out of 50)
[2024-05-15 15:09:48,205][flwr][DEBUG] - evaluate_round 44 received 15 results and 0 failures
Aggregate evaluate
benign record is ['3', '15', '16', '24', '9', '21', '23', '4', '28', '22', '12', '42', '5', '13', '1', '49', '8', '26', '2', '19', '18', '0', '29', '14', '31', '11', '17', '27']
Federated Accuracy on Clean Data: 0.8002067796610169
Federated Accuracy on Dirty Data: 0.8917879999999999
Configure Fit
server round: 45
Starting a round 0
[2024-05-15 15:09:48,206][flwr][DEBUG] - fit_round 45: strategy sampled 15 clients (out of 50)
[2024-05-15 15:09:54,350][flwr][DEBUG] - fit_round 45 received 15 results and 0 failures
malicious is ['0', '0', '0', '0', '0', '0', '2', '0']
Number of Evil Clients: 7
Number of Preset Malicious Clients is 1
Number of Preset Benign Clients is 7
Average Clean Data Accuracy: 0.5210874999999999
Now, comb_C is [0 0 0 0 0 0 0 0]
Clustering Accuracy is 0.875
length of good results is 8 and length of bad results is 0
Evaluate
Configure Evaluate
[2024-05-15 15:09:55,910][flwr][DEBUG] - evaluate_round 45: strategy sampled 15 clients (out of 50)
[2024-05-15 15:09:57,092][flwr][DEBUG] - evaluate_round 45 received 15 results and 0 failures
Aggregate evaluate
benign record is ['3', '15', '16', '24', '9', '21', '23', '4', '28', '42', '12', '22', '5', '13', '1', '49', '8', '26', '2', '19', '18', '0', '29', '14', '31', '11', '17', '27']
Federated Accuracy on Clean Data: 0.8180757575757576
Federated Accuracy on Dirty Data: 0.8994375
Configure Fit
server round: 46
Starting a round 0
[2024-05-15 15:09:57,093][flwr][DEBUG] - fit_round 46: strategy sampled 15 clients (out of 50)
[2024-05-15 15:10:03,804][flwr][DEBUG] - fit_round 46 received 15 results and 0 failures
malicious is ['0', '0', '0', '0', '0', '0', '0', '0', '0']
Number of Evil Clients: 6
Number of Preset Malicious Clients is 0
Number of Preset Benign Clients is 9
Average Clean Data Accuracy: 0.5572833333333334
Now, comb_C is [0 0 0 0 0 0 0 0 0]
Clustering Accuracy is 1.0
length of good results is 9 and length of bad results is 0
Evaluate
Configure Evaluate
[2024-05-15 15:10:05,068][flwr][DEBUG] - evaluate_round 46: strategy sampled 15 clients (out of 50)
[2024-05-15 15:10:06,253][flwr][DEBUG] - evaluate_round 46 received 15 results and 0 failures
Aggregate evaluate
benign record is ['3', '15', '16', '24', '9', '21', '23', '4', '28', '22', '12', '42', '5', '13', '1', '49', '8', '26', '2', '19', '18', '0', '29', '14', '31', '11', '17', '27']
Federated Accuracy on Clean Data: 0.835665306122449
Federated Accuracy on Dirty Data: 0.8622939393939393
Configure Fit
server round: 47
Starting a round 0
[2024-05-15 15:10:06,254][flwr][DEBUG] - fit_round 47: strategy sampled 15 clients (out of 50)
[2024-05-15 15:10:12,516][flwr][DEBUG] - fit_round 47 received 15 results and 0 failures
malicious is ['2', '0', '0', '0', '0', '0', '0']
Number of Evil Clients: 8
Number of Preset Malicious Clients is 1
Number of Preset Benign Clients is 6
Average Clean Data Accuracy: 0.6087777777777778
Now, comb_C is [0 0 0 0 0 0 0]
Clustering Accuracy is 0.8571428571428571
length of good results is 7 and length of bad results is 0
Evaluate
Configure Evaluate
[2024-05-15 15:10:14,464][flwr][DEBUG] - evaluate_round 47: strategy sampled 15 clients (out of 50)
[2024-05-15 15:10:15,813][flwr][DEBUG] - evaluate_round 47 received 15 results and 0 failures
Aggregate evaluate
benign record is ['3', '15', '16', '24', '9', '21', '23', '4', '28', '42', '12', '22', '5', '13', '1', '49', '8', '26', '2', '19', '18', '0', '29', '14', '31', '11', '17', '27']
Federated Accuracy on Clean Data: 0.8099152173913042
Federated Accuracy on Dirty Data: 0.8597470588235295
Configure Fit
server round: 48
Starting a round 0
[2024-05-15 15:10:15,814][flwr][DEBUG] - fit_round 48: strategy sampled 15 clients (out of 50)
[2024-05-15 15:10:22,373][flwr][DEBUG] - fit_round 48 received 15 results and 0 failures
malicious is ['2', '0', '0', '0', '0', '0']
Number of Evil Clients: 9
Number of Preset Malicious Clients is 1
Number of Preset Benign Clients is 5
Average Clean Data Accuracy: 0.60732
Now, comb_C is [0 0 0 0 0 0]
Clustering Accuracy is 0.8333333333333334
length of good results is 6 and length of bad results is 0
Evaluate
Configure Evaluate
[2024-05-15 15:10:24,489][flwr][DEBUG] - evaluate_round 48: strategy sampled 15 clients (out of 50)
[2024-05-15 15:10:25,684][flwr][DEBUG] - evaluate_round 48 received 15 results and 0 failures
Aggregate evaluate
benign record is ['3', '15', '16', '24', '9', '21', '23', '4', '28', '22', '12', '42', '5', '13', '1', '49', '8', '26', '2', '19', '18', '0', '29', '14', '31', '11', '17', '27']
Federated Accuracy on Clean Data: 0.8067645833333331
Federated Accuracy on Dirty Data: 0.8824827586206897
Configure Fit
server round: 49
Starting a round 0
[2024-05-15 15:10:25,685][flwr][DEBUG] - fit_round 49: strategy sampled 15 clients (out of 50)
[2024-05-15 15:10:31,256][flwr][DEBUG] - fit_round 49 received 15 results and 0 failures
malicious is ['0', '0', '2', '0', '0', '0', '0', '0']
Number of Evil Clients: 7
Number of Preset Malicious Clients is 1
Number of Preset Benign Clients is 7
Average Clean Data Accuracy: 0.5922124999999999
Now, comb_C is [0 0 0 0 0 0 0 0]
Clustering Accuracy is 0.875
length of good results is 8 and length of bad results is 0
Evaluate
Configure Evaluate
[2024-05-15 15:10:32,826][flwr][DEBUG] - evaluate_round 49: strategy sampled 15 clients (out of 50)
[2024-05-15 15:10:33,997][flwr][DEBUG] - evaluate_round 49 received 15 results and 0 failures
Aggregate evaluate
benign record is ['3', '15', '16', '24', '9', '21', '23', '4', '28', '42', '12', '22', '5', '13', '1', '49', '8', '26', '2', '19', '18', '0', '29', '14', '31', '11', '17', '27']
Federated Accuracy on Clean Data: 0.7896777777777778
Federated Accuracy on Dirty Data: 0.8867613636363637
Configure Fit
server round: 50
Starting a round 0
[2024-05-15 15:10:33,998][flwr][DEBUG] - fit_round 50: strategy sampled 15 clients (out of 50)
[2024-05-15 15:10:39,789][flwr][DEBUG] - fit_round 50 received 15 results and 0 failures
malicious is ['0', '0', '0', '0', '0', '0', '0', '0']
Number of Evil Clients: 7
Number of Preset Malicious Clients is 0
Number of Preset Benign Clients is 8
Average Clean Data Accuracy: 0.7042142857142858
Now, comb_C is [0 0 0 0 0 0 0 0]
Clustering Accuracy is 1.0
length of good results is 8 and length of bad results is 0
Evaluate
Configure Evaluate
[2024-05-15 15:10:41,179][flwr][DEBUG] - evaluate_round 50: strategy sampled 15 clients (out of 50)
[2024-05-15 15:10:42,446][flwr][DEBUG] - evaluate_round 50 received 15 results and 0 failures
Aggregate evaluate
benign record is ['3', '15', '16', '24', '9', '21', '23', '4', '28', '22', '12', '42', '5', '13', '1', '49', '8', '26', '2', '19', '18', '0', '29', '14', '31', '11', '17', '27']
Federated Accuracy on Clean Data: 0.8284729166666667
Federated Accuracy on Dirty Data: 0.8504243243243244
Configure Fit
server round: 51
Starting a round 0
[2024-05-15 15:10:42,447][flwr][DEBUG] - fit_round 51: strategy sampled 15 clients (out of 50)
[2024-05-15 15:10:48,259][flwr][DEBUG] - fit_round 51 received 15 results and 0 failures
malicious is ['0', '0', '0', '0', '0', '0', '0']
Number of Evil Clients: 8
Number of Preset Malicious Clients is 0
Number of Preset Benign Clients is 7
Average Clean Data Accuracy: 0.5734125000000001
Now, comb_C is [0 0 0 0 0 0 0]
Clustering Accuracy is 1.0
length of good results is 7 and length of bad results is 0
Evaluate
Configure Evaluate
[2024-05-15 15:10:49,999][flwr][DEBUG] - evaluate_round 51: strategy sampled 15 clients (out of 50)
[2024-05-15 15:10:51,185][flwr][DEBUG] - evaluate_round 51 received 15 results and 0 failures
Aggregate evaluate
benign record is ['3', '15', '16', '24', '9', '21', '23', '4', '28', '42', '12', '22', '5', '13', '1', '49', '8', '26', '2', '19', '18', '0', '29', '14', '31', '11', '17', '27']
Federated Accuracy on Clean Data: 0.8116731707317073
Federated Accuracy on Dirty Data: 0.8139458333333334
Configure Fit
server round: 52
Starting a round 0
[2024-05-15 15:10:51,185][flwr][DEBUG] - fit_round 52: strategy sampled 15 clients (out of 50)
[2024-05-15 15:10:57,543][flwr][DEBUG] - fit_round 52 received 15 results and 0 failures
malicious is ['2', '0', '0', '0', '0', '0', '0', '0']
Number of Evil Clients: 7
Number of Preset Malicious Clients is 1
Number of Preset Benign Clients is 7
Average Clean Data Accuracy: 0.6365
Now, comb_C is [0 0 0 0 0 0 0 0]
Clustering Accuracy is 0.875
length of good results is 8 and length of bad results is 0
Evaluate
Configure Evaluate
[2024-05-15 15:10:59,138][flwr][DEBUG] - evaluate_round 52: strategy sampled 15 clients (out of 50)
[2024-05-15 15:11:00,386][flwr][DEBUG] - evaluate_round 52 received 15 results and 0 failures
Aggregate evaluate
benign record is ['3', '15', '16', '24', '9', '21', '23', '4', '28', '22', '12', '42', '5', '13', '1', '49', '8', '26', '2', '19', '18', '0', '29', '14', '31', '11', '17', '27']
Federated Accuracy on Clean Data: 0.8396285714285713
Federated Accuracy on Dirty Data: 0.8465571428571428
Configure Fit
server round: 53
Starting a round 0
[2024-05-15 15:11:00,387][flwr][DEBUG] - fit_round 53: strategy sampled 15 clients (out of 50)
[2024-05-15 15:11:06,748][flwr][DEBUG] - fit_round 53 received 15 results and 0 failures
malicious is ['0', '0', '0', '0', '0', '0', '0', '0']
Number of Evil Clients: 7
Number of Preset Malicious Clients is 0
Number of Preset Benign Clients is 8
Average Clean Data Accuracy: 0.5834142857142857
Now, comb_C is [0 0 0 0 0 0 0 0]
Clustering Accuracy is 1.0
length of good results is 8 and length of bad results is 0
Evaluate
Configure Evaluate
[2024-05-15 15:11:08,143][flwr][DEBUG] - evaluate_round 53: strategy sampled 15 clients (out of 50)
[2024-05-15 15:11:09,425][flwr][DEBUG] - evaluate_round 53 received 15 results and 0 failures
Aggregate evaluate
benign record is ['3', '15', '16', '24', '9', '21', '23', '4', '28', '42', '12', '22', '5', '13', '1', '49', '8', '26', '2', '19', '18', '0', '29', '14', '31', '11', '17', '27']
Federated Accuracy on Clean Data: 0.8323844444444445
Federated Accuracy on Dirty Data: 0.823855
Configure Fit
server round: 54
Starting a round 0
[2024-05-15 15:11:09,426][flwr][DEBUG] - fit_round 54: strategy sampled 15 clients (out of 50)
[2024-05-15 15:11:15,293][flwr][DEBUG] - fit_round 54 received 15 results and 0 failures
malicious is ['0', '0', '0', '0', '0', '0', '0', '2', '0', '0', '0', '0']
Number of Evil Clients: 3
Number of Preset Malicious Clients is 1
Number of Preset Benign Clients is 11
Average Clean Data Accuracy: 0.5514749999999999
Now, comb_C is [0 0 0 0 0 0 0 0 0 0 0 0]
Clustering Accuracy is 0.9166666666666666
length of good results is 12 and length of bad results is 0
Evaluate
Configure Evaluate
[2024-05-15 15:11:16,263][flwr][DEBUG] - evaluate_round 54: strategy sampled 15 clients (out of 50)
[2024-05-15 15:11:17,461][flwr][DEBUG] - evaluate_round 54 received 15 results and 0 failures
Aggregate evaluate
benign record is ['3', '15', '16', '24', '9', '21', '23', '4', '28', '22', '12', '42', '5', '13', '1', '49', '8', '26', '2', '19', '18', '0', '29', '14', '31', '11', '17', '27']
Federated Accuracy on Clean Data: 0.8341972972972974
Federated Accuracy on Dirty Data: 0.8748065217391305
Configure Fit
server round: 55
Starting a round 0
[2024-05-15 15:11:17,462][flwr][DEBUG] - fit_round 55: strategy sampled 15 clients (out of 50)
[2024-05-15 15:11:23,686][flwr][DEBUG] - fit_round 55 received 15 results and 0 failures
malicious is ['0', '0', '0', '0', '0', '0', '0', '0', '0']
Number of Evil Clients: 6
Number of Preset Malicious Clients is 0
Number of Preset Benign Clients is 9
Average Clean Data Accuracy: 0.6501999999999999
Now, comb_C is [0 0 0 0 0 0 0 0 0]
Clustering Accuracy is 1.0
length of good results is 9 and length of bad results is 0
Evaluate
Configure Evaluate
[2024-05-15 15:11:24,866][flwr][DEBUG] - evaluate_round 55: strategy sampled 15 clients (out of 50)
[2024-05-15 15:11:26,116][flwr][DEBUG] - evaluate_round 55 received 15 results and 0 failures
Aggregate evaluate
benign record is ['3', '15', '16', '24', '9', '21', '23', '4', '28', '42', '12', '22', '5', '13', '1', '49', '8', '26', '2', '19', '18', '0', '29', '14', '31', '11', '17', '27']
Federated Accuracy on Clean Data: 0.8545960784313726
Federated Accuracy on Dirty Data: 0.8871032258064516
Configure Fit
server round: 56
Starting a round 0
[2024-05-15 15:11:26,117][flwr][DEBUG] - fit_round 56: strategy sampled 15 clients (out of 50)
[2024-05-15 15:11:32,211][flwr][DEBUG] - fit_round 56 received 15 results and 0 failures
malicious is ['0', '0', '0', '0', '0', '0']
Number of Evil Clients: 9
Number of Preset Malicious Clients is 0
Number of Preset Benign Clients is 6
Average Clean Data Accuracy: 0.6966333333333332
Now, comb_C is [0 0 0 0 0 0]
Clustering Accuracy is 1.0
length of good results is 6 and length of bad results is 0
Evaluate
Configure Evaluate
[2024-05-15 15:11:34,049][flwr][DEBUG] - evaluate_round 56: strategy sampled 15 clients (out of 50)
[2024-05-15 15:11:35,254][flwr][DEBUG] - evaluate_round 56 received 15 results and 0 failures
Aggregate evaluate
benign record is ['3', '15', '16', '24', '9', '21', '23', '4', '28', '22', '12', '42', '5', '13', '1', '49', '8', '26', '2', '19', '18', '0', '29', '14', '31', '11', '17', '27']
Federated Accuracy on Clean Data: 0.8521323076923077
Federated Accuracy on Dirty Data: 0.8607137931034481
Configure Fit
server round: 57
Starting a round 0
[2024-05-15 15:11:35,255][flwr][DEBUG] - fit_round 57: strategy sampled 15 clients (out of 50)
[2024-05-15 15:11:41,719][flwr][DEBUG] - fit_round 57 received 15 results and 0 failures
malicious is ['0', '0', '0', '0', '0']
Number of Evil Clients: 10
Number of Preset Malicious Clients is 0
Number of Preset Benign Clients is 5
Average Clean Data Accuracy: 0.7158
Now, comb_C is [0 0 0 0 0]
Clustering Accuracy is 1.0
length of good results is 5 and length of bad results is 0
Evaluate
Configure Evaluate
[2024-05-15 15:11:43,745][flwr][DEBUG] - evaluate_round 57: strategy sampled 15 clients (out of 50)
[2024-05-15 15:11:44,940][flwr][DEBUG] - evaluate_round 57 received 15 results and 0 failures
Aggregate evaluate
benign record is ['3', '15', '16', '24', '9', '21', '23', '4', '28', '42', '12', '22', '5', '13', '1', '49', '8', '26', '2', '19', '18', '0', '29', '14', '31', '11', '17', '27']
Federated Accuracy on Clean Data: 0.8372641509433962
Federated Accuracy on Dirty Data: 0.877930303030303
Configure Fit
server round: 58
Starting a round 0
[2024-05-15 15:11:44,941][flwr][DEBUG] - fit_round 58: strategy sampled 15 clients (out of 50)
[2024-05-15 15:11:51,252][flwr][DEBUG] - fit_round 58 received 15 results and 0 failures
malicious is ['0', '2', '0', '0', '2', '0', '0', '0', '0']
Number of Evil Clients: 6
Number of Preset Malicious Clients is 2
Number of Preset Benign Clients is 7
Average Clean Data Accuracy: 0.5739
Now, comb_C is [0 0 0 0 0 0 0 0 0]
Clustering Accuracy is 0.7777777777777778
length of good results is 9 and length of bad results is 0
Evaluate
Configure Evaluate
[2024-05-15 15:11:52,839][flwr][DEBUG] - evaluate_round 58: strategy sampled 15 clients (out of 50)
[2024-05-15 15:11:54,045][flwr][DEBUG] - evaluate_round 58 received 15 results and 0 failures
Aggregate evaluate
benign record is ['3', '15', '16', '24', '9', '21', '23', '4', '28', '22', '12', '42', '5', '13', '1', '49', '8', '26', '2', '19', '18', '0', '29', '14', '31', '11', '17', '27']
Federated Accuracy on Clean Data: 0.8504133333333335
Federated Accuracy on Dirty Data: 0.8817586956521738
Configure Fit
server round: 59
Starting a round 0
[2024-05-15 15:11:54,045][flwr][DEBUG] - fit_round 59: strategy sampled 15 clients (out of 50)
[2024-05-15 15:12:00,226][flwr][DEBUG] - fit_round 59 received 15 results and 0 failures
malicious is ['0', '0', '2', '0', '0', '0', '0', '0']
Number of Evil Clients: 7
Number of Preset Malicious Clients is 1
Number of Preset Benign Clients is 7
Average Clean Data Accuracy: 0.6570374999999999
Now, comb_C is [0 0 0 0 0 0 0 0]
Clustering Accuracy is 0.875
length of good results is 8 and length of bad results is 0
Evaluate
Configure Evaluate
[2024-05-15 15:12:01,758][flwr][DEBUG] - evaluate_round 59: strategy sampled 15 clients (out of 50)
[2024-05-15 15:12:02,967][flwr][DEBUG] - evaluate_round 59 received 15 results and 0 failures
Aggregate evaluate
benign record is ['3', '15', '16', '24', '9', '21', '23', '4', '28', '42', '12', '22', '5', '13', '1', '49', '8', '26', '2', '19', '18', '0', '29', '14', '31', '11', '17', '27']
Federated Accuracy on Clean Data: 0.835164
Federated Accuracy on Dirty Data: 0.8864000000000001
Configure Fit
server round: 60
Starting a round 0
[2024-05-15 15:12:02,968][flwr][DEBUG] - fit_round 60: strategy sampled 15 clients (out of 50)
[2024-05-15 15:12:09,267][flwr][DEBUG] - fit_round 60 received 15 results and 0 failures
malicious is ['0', '0', '2', '0', '0', '0', '0', '2', '0']
Number of Evil Clients: 6
Number of Preset Malicious Clients is 2
Number of Preset Benign Clients is 7
Average Clean Data Accuracy: 0.615825
Now, comb_C is [0 0 0 0 0 0 0 0 0]
Clustering Accuracy is 0.7777777777777778
length of good results is 9 and length of bad results is 0
Evaluate
Configure Evaluate
[2024-05-15 15:12:10,988][flwr][DEBUG] - evaluate_round 60: strategy sampled 15 clients (out of 50)
[2024-05-15 15:12:12,171][flwr][DEBUG] - evaluate_round 60 received 15 results and 0 failures
Aggregate evaluate
benign record is ['3', '15', '16', '24', '9', '21', '23', '4', '28', '22', '12', '42', '5', '13', '1', '49', '8', '26', '2', '19', '18', '0', '29', '14', '31', '11', '17', '27']
Federated Accuracy on Clean Data: 0.8495795454545454
Federated Accuracy on Dirty Data: 0.9078425531914893
Configure Fit
server round: 61
Starting a round 0
[2024-05-15 15:12:12,172][flwr][DEBUG] - fit_round 61: strategy sampled 15 clients (out of 50)
[2024-05-15 15:12:18,326][flwr][DEBUG] - fit_round 61 received 15 results and 0 failures
malicious is ['0', '0', '0', '0', '0', '0', '0', '0', '0']
Number of Evil Clients: 6
Number of Preset Malicious Clients is 0
Number of Preset Benign Clients is 9
Average Clean Data Accuracy: 0.5897000000000001
Now, comb_C is [0 0 0 0 0 0 0 0 0]
Clustering Accuracy is 1.0
length of good results is 9 and length of bad results is 0
Evaluate
Configure Evaluate
[2024-05-15 15:12:19,586][flwr][DEBUG] - evaluate_round 61: strategy sampled 15 clients (out of 50)
[2024-05-15 15:12:20,765][flwr][DEBUG] - evaluate_round 61 received 15 results and 0 failures
Aggregate evaluate
benign record is ['3', '15', '16', '24', '9', '21', '23', '4', '28', '42', '12', '22', '5', '13', '1', '49', '8', '26', '2', '19', '18', '0', '29', '14', '31', '11', '17', '27']
Federated Accuracy on Clean Data: 0.8516315789473683
Federated Accuracy on Dirty Data: 0.9003586956521739
Configure Fit
server round: 62
Starting a round 0
[2024-05-15 15:12:20,765][flwr][DEBUG] - fit_round 62: strategy sampled 15 clients (out of 50)
[2024-05-15 15:12:27,125][flwr][DEBUG] - fit_round 62 received 15 results and 0 failures
malicious is ['0', '0', '0', '0', '0', '0', '0']
Number of Evil Clients: 8
Number of Preset Malicious Clients is 0
Number of Preset Benign Clients is 7
Average Clean Data Accuracy: 0.77535
Now, comb_C is [0 0 0 0 0 0 0]
Clustering Accuracy is 1.0
length of good results is 7 and length of bad results is 0
Evaluate
Configure Evaluate
[2024-05-15 15:12:28,780][flwr][DEBUG] - evaluate_round 62: strategy sampled 15 clients (out of 50)
[2024-05-15 15:12:29,995][flwr][DEBUG] - evaluate_round 62 received 15 results and 0 failures
Aggregate evaluate
benign record is ['3', '15', '16', '24', '9', '21', '23', '4', '28', '22', '12', '42', '5', '13', '1', '49', '8', '26', '2', '19', '18', '0', '29', '14', '31', '11', '17', '27']
Federated Accuracy on Clean Data: 0.856691836734694
Federated Accuracy on Dirty Data: 0.9037466666666667
Configure Fit
server round: 63
Starting a round 0
[2024-05-15 15:12:29,996][flwr][DEBUG] - fit_round 63: strategy sampled 15 clients (out of 50)
[2024-05-15 15:12:36,045][flwr][DEBUG] - fit_round 63 received 15 results and 0 failures
malicious is ['0', '0', '0', '0', '0', '0', '0', '0', '0']
Number of Evil Clients: 6
Number of Preset Malicious Clients is 0
Number of Preset Benign Clients is 9
Average Clean Data Accuracy: 0.7186500000000001
Now, comb_C is [0 0 0 0 0 0 0 0 0]
Clustering Accuracy is 1.0
length of good results is 9 and length of bad results is 0
Evaluate
Configure Evaluate
[2024-05-15 15:12:37,271][flwr][DEBUG] - evaluate_round 63: strategy sampled 15 clients (out of 50)
[2024-05-15 15:12:38,418][flwr][DEBUG] - evaluate_round 63 received 15 results and 0 failures
Aggregate evaluate
benign record is ['3', '15', '16', '24', '9', '21', '23', '4', '28', '42', '12', '22', '5', '13', '1', '49', '8', '26', '2', '19', '18', '0', '29', '14', '31', '11', '17', '27']
Federated Accuracy on Clean Data: 0.8455666666666666
Federated Accuracy on Dirty Data: 0.8896804878048781
Configure Fit
server round: 64
Starting a round 0
[2024-05-15 15:12:38,419][flwr][DEBUG] - fit_round 64: strategy sampled 15 clients (out of 50)
[2024-05-15 15:12:43,992][flwr][DEBUG] - fit_round 64 received 15 results and 0 failures
malicious is ['0', '0', '0', '0', '0', '0', '0', '0', '0']
Number of Evil Clients: 6
Number of Preset Malicious Clients is 0
Number of Preset Benign Clients is 9
Average Clean Data Accuracy: 0.6572333333333334
Now, comb_C is [0 0 0 0 0 0 0 0 0]
Clustering Accuracy is 1.0
length of good results is 9 and length of bad results is 0
Evaluate
Configure Evaluate
[2024-05-15 15:12:45,201][flwr][DEBUG] - evaluate_round 64: strategy sampled 15 clients (out of 50)
[2024-05-15 15:12:46,441][flwr][DEBUG] - evaluate_round 64 received 15 results and 0 failures
Aggregate evaluate
benign record is ['3', '15', '16', '24', '9', '21', '23', '4', '28', '22', '12', '42', '5', '13', '1', '49', '8', '26', '2', '19', '18', '0', '29', '14', '31', '11', '17', '27']
Federated Accuracy on Clean Data: 0.8317586206896552
Federated Accuracy on Dirty Data: 0.8730434782608697
Configure Fit
server round: 65
Starting a round 0
[2024-05-15 15:12:46,442][flwr][DEBUG] - fit_round 65: strategy sampled 15 clients (out of 50)
[2024-05-15 15:12:52,859][flwr][DEBUG] - fit_round 65 received 15 results and 0 failures
malicious is ['2', '0', '0', '0', '0', '0', '0', '0', '0']
Number of Evil Clients: 6
Number of Preset Malicious Clients is 1
Number of Preset Benign Clients is 8
Average Clean Data Accuracy: 0.6053142857142857
Now, comb_C is [0 0 0 0 0 0 0 0 0]
Clustering Accuracy is 0.8888888888888888
length of good results is 9 and length of bad results is 0
Evaluate
Configure Evaluate
[2024-05-15 15:12:54,415][flwr][DEBUG] - evaluate_round 65: strategy sampled 15 clients (out of 50)
[2024-05-15 15:12:55,643][flwr][DEBUG] - evaluate_round 65 received 15 results and 0 failures
Aggregate evaluate
benign record is ['3', '15', '16', '24', '9', '21', '23', '4', '28', '42', '12', '22', '5', '13', '1', '49', '8', '26', '2', '19', '18', '0', '29', '14', '31', '11', '17', '27']
Federated Accuracy on Clean Data: 0.859175
Federated Accuracy on Dirty Data: 0.8836842105263157
Configure Fit
server round: 66
Starting a round 0
[2024-05-15 15:12:55,644][flwr][DEBUG] - fit_round 66: strategy sampled 15 clients (out of 50)
[2024-05-15 15:13:02,247][flwr][DEBUG] - fit_round 66 received 15 results and 0 failures
malicious is ['0', '0', '0', '0', '2', '0', '0', '0', '0', '0']
Number of Evil Clients: 5
Number of Preset Malicious Clients is 1
Number of Preset Benign Clients is 9
Average Clean Data Accuracy: 0.6418666666666666
Now, comb_C is [0 0 0 0 0 0 0 0 0 0]
Clustering Accuracy is 0.9
length of good results is 10 and length of bad results is 0
Evaluate
Configure Evaluate
[2024-05-15 15:13:03,494][flwr][DEBUG] - evaluate_round 66: strategy sampled 15 clients (out of 50)
[2024-05-15 15:13:04,702][flwr][DEBUG] - evaluate_round 66 received 15 results and 0 failures
Aggregate evaluate
benign record is ['3', '15', '16', '24', '9', '21', '23', '4', '28', '22', '12', '42', '5', '13', '1', '49', '8', '26', '2', '19', '18', '0', '29', '14', '31', '11', '17', '27']
Federated Accuracy on Clean Data: 0.8427136363636364
Federated Accuracy on Dirty Data: 0.9170421052631581
Configure Fit
server round: 67
Starting a round 0
[2024-05-15 15:13:04,703][flwr][DEBUG] - fit_round 67: strategy sampled 15 clients (out of 50)
[2024-05-15 15:13:11,504][flwr][DEBUG] - fit_round 67 received 15 results and 0 failures
malicious is ['0', '0', '0', '2', '0', '0', '0', '0', '0']
Number of Evil Clients: 6
Number of Preset Malicious Clients is 1
Number of Preset Benign Clients is 8
Average Clean Data Accuracy: 0.6218428571428571
Now, comb_C is [0 0 0 0 0 0 0 0 0]
Clustering Accuracy is 0.8888888888888888
length of good results is 9 and length of bad results is 0
Evaluate
Configure Evaluate
[2024-05-15 15:13:12,985][flwr][DEBUG] - evaluate_round 67: strategy sampled 15 clients (out of 50)
[2024-05-15 15:13:14,165][flwr][DEBUG] - evaluate_round 67 received 15 results and 0 failures
Aggregate evaluate
benign record is ['3', '15', '16', '24', '9', '21', '23', '4', '28', '42', '12', '22', '5', '13', '1', '49', '8', '26', '2', '19', '18', '0', '29', '14', '31', '11', '17', '27']
Federated Accuracy on Clean Data: 0.8573542857142856
Federated Accuracy on Dirty Data: 0.8918425531914894
Configure Fit
server round: 68
Starting a round 0
[2024-05-15 15:13:14,166][flwr][DEBUG] - fit_round 68: strategy sampled 15 clients (out of 50)
[2024-05-15 15:13:19,682][flwr][DEBUG] - fit_round 68 received 15 results and 0 failures
malicious is ['0', '0', '0', '0', '0', '0', '0', '0', '0', '0', '0']
Number of Evil Clients: 4
Number of Preset Malicious Clients is 0
Number of Preset Benign Clients is 11
Average Clean Data Accuracy: 0.5824499999999999
Now, comb_C is [0 0 0 0 0 0 0 0 0 0 0]
Clustering Accuracy is 1.0
length of good results is 11 and length of bad results is 0
Evaluate
Configure Evaluate
[2024-05-15 15:13:20,522][flwr][DEBUG] - evaluate_round 68: strategy sampled 15 clients (out of 50)
[2024-05-15 15:13:21,725][flwr][DEBUG] - evaluate_round 68 received 15 results and 0 failures
Aggregate evaluate
benign record is ['3', '15', '16', '24', '9', '21', '23', '4', '28', '22', '12', '42', '5', '13', '1', '49', '8', '26', '2', '19', '18', '0', '29', '14', '31', '11', '17', '27']
Federated Accuracy on Clean Data: 0.854509090909091
Federated Accuracy on Dirty Data: 0.9185906976744186
Configure Fit
server round: 69
Starting a round 0
[2024-05-15 15:13:21,725][flwr][DEBUG] - fit_round 69: strategy sampled 15 clients (out of 50)
[2024-05-15 15:13:28,053][flwr][DEBUG] - fit_round 69 received 15 results and 0 failures
malicious is ['0', '0', '0', '0', '0', '0', '0', '0', '2']
Number of Evil Clients: 6
Number of Preset Malicious Clients is 1
Number of Preset Benign Clients is 8
Average Clean Data Accuracy: 0.6650714285714285
Now, comb_C is [0 0 0 0 0 0 0 0 0]
Clustering Accuracy is 0.8888888888888888
length of good results is 9 and length of bad results is 0
Evaluate
Configure Evaluate
[2024-05-15 15:13:29,455][flwr][DEBUG] - evaluate_round 69: strategy sampled 15 clients (out of 50)
[2024-05-15 15:13:30,645][flwr][DEBUG] - evaluate_round 69 received 15 results and 0 failures
Aggregate evaluate
benign record is ['3', '15', '16', '24', '9', '21', '23', '4', '28', '42', '12', '22', '5', '13', '1', '49', '8', '26', '2', '19', '18', '0', '29', '14', '31', '11', '17', '27']
Federated Accuracy on Clean Data: 0.859271111111111
Federated Accuracy on Dirty Data: 0.8908970588235294
Configure Fit
server round: 70
Starting a round 0
[2024-05-15 15:13:30,645][flwr][DEBUG] - fit_round 70: strategy sampled 15 clients (out of 50)
[2024-05-15 15:13:36,692][flwr][DEBUG] - fit_round 70 received 15 results and 0 failures
malicious is ['0', '0', '2', '0', '0', '2', '0']
Number of Evil Clients: 8
Number of Preset Malicious Clients is 2
Number of Preset Benign Clients is 5
Average Clean Data Accuracy: 0.6892400000000001
Now, comb_C is [0 0 0 0 0 0 0]
Clustering Accuracy is 0.7142857142857143
length of good results is 7 and length of bad results is 0
Evaluate
Configure Evaluate
[2024-05-15 15:13:38,616][flwr][DEBUG] - evaluate_round 70: strategy sampled 15 clients (out of 50)
[2024-05-15 15:13:39,799][flwr][DEBUG] - evaluate_round 70 received 15 results and 0 failures
Aggregate evaluate
benign record is ['3', '15', '16', '24', '9', '21', '23', '4', '28', '22', '12', '42', '5', '13', '1', '49', '8', '26', '2', '19', '18', '0', '29', '14', '31', '11', '17', '27']
Federated Accuracy on Clean Data: 0.8300029411764706
Federated Accuracy on Dirty Data: 0.9104490196078431
Configure Fit
server round: 71
Starting a round 0
[2024-05-15 15:13:39,799][flwr][DEBUG] - fit_round 71: strategy sampled 15 clients (out of 50)
[2024-05-15 15:13:45,622][flwr][DEBUG] - fit_round 71 received 15 results and 0 failures
malicious is ['0', '0', '0', '0', '0', '2', '0', '0', '0']
Number of Evil Clients: 6
Number of Preset Malicious Clients is 1
Number of Preset Benign Clients is 8
Average Clean Data Accuracy: 0.6399571428571429
Now, comb_C is [0 0 0 0 0 0 0 0 0]
Clustering Accuracy is 0.8888888888888888
length of good results is 9 and length of bad results is 0
Evaluate
Configure Evaluate
[2024-05-15 15:13:47,041][flwr][DEBUG] - evaluate_round 71: strategy sampled 15 clients (out of 50)
[2024-05-15 15:13:48,241][flwr][DEBUG] - evaluate_round 71 received 15 results and 0 failures
Aggregate evaluate
benign record is ['3', '15', '16', '24', '9', '21', '23', '4', '28', '42', '12', '22', '5', '13', '1', '49', '8', '26', '2', '19', '18', '0', '29', '14', '31', '11', '17', '27']
Federated Accuracy on Clean Data: 0.8682764705882352
Federated Accuracy on Dirty Data: 0.9054225806451613
Configure Fit
server round: 72
Starting a round 0
[2024-05-15 15:13:48,241][flwr][DEBUG] - fit_round 72: strategy sampled 15 clients (out of 50)
[2024-05-15 15:13:54,118][flwr][DEBUG] - fit_round 72 received 15 results and 0 failures
malicious is ['0', '0', '0', '0', '0', '0', '2', '0']
Number of Evil Clients: 7
Number of Preset Malicious Clients is 1
Number of Preset Benign Clients is 7
Average Clean Data Accuracy: 0.7310125
Now, comb_C is [0 0 0 0 0 0 0 0]
Clustering Accuracy is 0.875
length of good results is 8 and length of bad results is 0
Evaluate
Configure Evaluate
[2024-05-15 15:13:55,737][flwr][DEBUG] - evaluate_round 72: strategy sampled 15 clients (out of 50)
[2024-05-15 15:13:56,902][flwr][DEBUG] - evaluate_round 72 received 15 results and 0 failures
Aggregate evaluate
benign record is ['3', '15', '16', '24', '9', '21', '23', '4', '28', '22', '12', '42', '5', '13', '1', '49', '8', '26', '2', '19', '18', '0', '29', '14', '31', '11', '17', '27']
Federated Accuracy on Clean Data: 0.8707035714285715
Federated Accuracy on Dirty Data: 0.9178193548387097
Configure Fit
server round: 73
Starting a round 0
[2024-05-15 15:13:56,904][flwr][DEBUG] - fit_round 73: strategy sampled 15 clients (out of 50)
[2024-05-15 15:14:03,045][flwr][DEBUG] - fit_round 73 received 15 results and 0 failures
malicious is ['0', '0', '0', '0', '2', '0', '0', '0', '0', '0', '0']
Number of Evil Clients: 4
Number of Preset Malicious Clients is 1
Number of Preset Benign Clients is 10
Average Clean Data Accuracy: 0.7034800000000001
Now, comb_C is [0 0 0 0 0 0 0 0 0 0 0]
Clustering Accuracy is 0.9090909090909091
length of good results is 11 and length of bad results is 0
Evaluate
Configure Evaluate
[2024-05-15 15:14:04,092][flwr][DEBUG] - evaluate_round 73: strategy sampled 15 clients (out of 50)
[2024-05-15 15:14:05,326][flwr][DEBUG] - evaluate_round 73 received 15 results and 0 failures
Aggregate evaluate
benign record is ['3', '15', '16', '24', '9', '21', '23', '4', '28', '42', '12', '22', '5', '13', '1', '49', '8', '26', '2', '19', '18', '0', '29', '14', '31', '11', '17', '27']
Federated Accuracy on Clean Data: 0.8477063829787234
Federated Accuracy on Dirty Data: 0.924481081081081
Configure Fit
server round: 74
Starting a round 0
[2024-05-15 15:14:05,327][flwr][DEBUG] - fit_round 74: strategy sampled 15 clients (out of 50)
[2024-05-15 15:14:11,298][flwr][DEBUG] - fit_round 74 received 15 results and 0 failures
malicious is ['0', '0', '0', '0', '0', '0', '0', '2', '0', '0']
Number of Evil Clients: 5
Number of Preset Malicious Clients is 1
Number of Preset Benign Clients is 9
Average Clean Data Accuracy: 0.6067
Now, comb_C is [0 0 0 0 0 0 0 0 0 0]
Clustering Accuracy is 0.9
length of good results is 10 and length of bad results is 0
Evaluate
Configure Evaluate
[2024-05-15 15:14:12,532][flwr][DEBUG] - evaluate_round 74: strategy sampled 15 clients (out of 50)
[2024-05-15 15:14:13,718][flwr][DEBUG] - evaluate_round 74 received 15 results and 0 failures
Aggregate evaluate
benign record is ['3', '15', '16', '24', '9', '21', '23', '4', '28', '22', '12', '42', '5', '13', '1', '49', '8', '26', '2', '19', '18', '0', '29', '14', '31', '11', '17', '27']
Federated Accuracy on Clean Data: 0.8475842105263157
Federated Accuracy on Dirty Data: 0.9288174999999999
Configure Fit
server round: 75
Starting a round 0
[2024-05-15 15:14:13,718][flwr][DEBUG] - fit_round 75: strategy sampled 15 clients (out of 50)
[2024-05-15 15:14:19,185][flwr][DEBUG] - fit_round 75 received 15 results and 0 failures
malicious is ['0', '0', '0', '0', '0', '0', '0', '0']
Number of Evil Clients: 7
Number of Preset Malicious Clients is 0
Number of Preset Benign Clients is 8
Average Clean Data Accuracy: 0.5761142857142857
Now, comb_C is [0 0 0 0 0 0 0 0]
Clustering Accuracy is 1.0
length of good results is 8 and length of bad results is 0
Evaluate
Configure Evaluate
[2024-05-15 15:14:20,585][flwr][DEBUG] - evaluate_round 75: strategy sampled 15 clients (out of 50)
[2024-05-15 15:14:21,803][flwr][DEBUG] - evaluate_round 75 received 15 results and 0 failures
Aggregate evaluate
benign record is ['3', '15', '16', '24', '9', '21', '23', '4', '28', '42', '12', '22', '5', '13', '1', '49', '8', '26', '2', '19', '18', '0', '29', '14', '31', '11', '17', '27']
Federated Accuracy on Clean Data: 0.8746604166666669
Federated Accuracy on Dirty Data: 0.9076333333333335
Configure Fit
server round: 76
Starting a round 0
[2024-05-15 15:14:21,803][flwr][DEBUG] - fit_round 76: strategy sampled 15 clients (out of 50)
[2024-05-15 15:14:27,546][flwr][DEBUG] - fit_round 76 received 15 results and 0 failures
malicious is ['0', '0', '0', '0', '0', '0']
Number of Evil Clients: 9
Number of Preset Malicious Clients is 0
Number of Preset Benign Clients is 6
Average Clean Data Accuracy: 0.6105777777777778
Now, comb_C is [0 0 0 0 0 0]
Clustering Accuracy is 1.0
length of good results is 6 and length of bad results is 0
Evaluate
Configure Evaluate
[2024-05-15 15:14:29,534][flwr][DEBUG] - evaluate_round 76: strategy sampled 15 clients (out of 50)
[2024-05-15 15:14:30,703][flwr][DEBUG] - evaluate_round 76 received 15 results and 0 failures
Aggregate evaluate
benign record is ['3', '15', '16', '24', '9', '21', '23', '4', '28', '22', '12', '42', '5', '13', '1', '49', '8', '26', '2', '19', '18', '0', '29', '14', '31', '11', '17', '27']
Federated Accuracy on Clean Data: 0.8619263157894735
Federated Accuracy on Dirty Data: 0.8613862068965518
Configure Fit
server round: 77
Starting a round 0
[2024-05-15 15:14:30,704][flwr][DEBUG] - fit_round 77: strategy sampled 15 clients (out of 50)
[2024-05-15 15:14:36,382][flwr][DEBUG] - fit_round 77 received 15 results and 0 failures
malicious is ['0', '0', '0', '0', '0', '0', '0']
Number of Evil Clients: 8
Number of Preset Malicious Clients is 0
Number of Preset Benign Clients is 7
Average Clean Data Accuracy: 0.6501375
Now, comb_C is [0 0 0 0 0 0 0]
Clustering Accuracy is 1.0
length of good results is 7 and length of bad results is 0
Evaluate
Configure Evaluate
[2024-05-15 15:14:38,449][flwr][DEBUG] - evaluate_round 77: strategy sampled 15 clients (out of 50)
[2024-05-15 15:14:39,625][flwr][DEBUG] - evaluate_round 77 received 15 results and 0 failures
Aggregate evaluate
benign record is ['3', '15', '16', '24', '9', '21', '23', '4', '28', '42', '12', '22', '5', '13', '1', '49', '8', '26', '2', '19', '18', '0', '29', '14', '31', '11', '17', '27']
Federated Accuracy on Clean Data: 0.8881619047619049
Federated Accuracy on Dirty Data: 0.9330138888888888
Configure Fit
server round: 78
Starting a round 0
[2024-05-15 15:14:39,626][flwr][DEBUG] - fit_round 78: strategy sampled 15 clients (out of 50)
[2024-05-15 15:14:45,147][flwr][DEBUG] - fit_round 78 received 15 results and 0 failures
malicious is ['0', '0', '0', '0', '0', '0', '0', '0', '0']
Number of Evil Clients: 6
Number of Preset Malicious Clients is 0
Number of Preset Benign Clients is 9
Average Clean Data Accuracy: 0.6546500000000001
Now, comb_C is [0 0 0 0 0 0 0 0 0]
Clustering Accuracy is 1.0
length of good results is 9 and length of bad results is 0
Evaluate
Configure Evaluate
[2024-05-15 15:14:46,378][flwr][DEBUG] - evaluate_round 78: strategy sampled 15 clients (out of 50)
[2024-05-15 15:14:47,561][flwr][DEBUG] - evaluate_round 78 received 15 results and 0 failures
Aggregate evaluate
benign record is ['3', '15', '16', '24', '9', '21', '23', '4', '28', '22', '12', '42', '5', '13', '1', '49', '8', '26', '2', '19', '18', '0', '29', '14', '31', '11', '17', '27']
Federated Accuracy on Clean Data: 0.87287
Federated Accuracy on Dirty Data: 0.8927675675675676
Configure Fit
server round: 79
Starting a round 0
[2024-05-15 15:14:47,561][flwr][DEBUG] - fit_round 79: strategy sampled 15 clients (out of 50)
[2024-05-15 15:14:53,718][flwr][DEBUG] - fit_round 79 received 15 results and 0 failures
malicious is ['0', '0', '0', '0', '0', '0']
Number of Evil Clients: 9
Number of Preset Malicious Clients is 0
Number of Preset Benign Clients is 6
Average Clean Data Accuracy: 0.6236777777777777
Now, comb_C is [0 0 0 0 0 0]
Clustering Accuracy is 1.0
length of good results is 6 and length of bad results is 0
Evaluate
Configure Evaluate
[2024-05-15 15:14:55,787][flwr][DEBUG] - evaluate_round 79: strategy sampled 15 clients (out of 50)
[2024-05-15 15:14:56,973][flwr][DEBUG] - evaluate_round 79 received 15 results and 0 failures
Aggregate evaluate
benign record is ['3', '15', '16', '24', '9', '21', '23', '4', '28', '42', '12', '22', '5', '13', '1', '49', '8', '26', '2', '19', '18', '0', '29', '14', '31', '11', '17', '27']
Federated Accuracy on Clean Data: 0.8687075
Federated Accuracy on Dirty Data: 0.9118388888888891
Configure Fit
server round: 80
Starting a round 0
[2024-05-15 15:14:56,974][flwr][DEBUG] - fit_round 80: strategy sampled 15 clients (out of 50)
[2024-05-15 15:15:04,434][flwr][DEBUG] - fit_round 80 received 15 results and 0 failures
malicious is ['0', '0', '0', '0', '0', '0', '0', '0']
Number of Evil Clients: 7
Number of Preset Malicious Clients is 0
Number of Preset Benign Clients is 8
Average Clean Data Accuracy: 0.6865857142857142
Now, comb_C is [0 0 0 0 0 0 0 0]
Clustering Accuracy is 1.0
length of good results is 8 and length of bad results is 0
Evaluate
Configure Evaluate
[2024-05-15 15:15:06,013][flwr][DEBUG] - evaluate_round 80: strategy sampled 15 clients (out of 50)
[2024-05-15 15:15:07,284][flwr][DEBUG] - evaluate_round 80 received 15 results and 0 failures
Aggregate evaluate
benign record is ['3', '15', '16', '24', '9', '21', '23', '4', '28', '22', '12', '42', '5', '13', '1', '49', '8', '26', '2', '19', '18', '0', '29', '14', '31', '11', '17', '27']
Federated Accuracy on Clean Data: 0.879498076923077
Federated Accuracy on Dirty Data: 0.9103156250000002
Configure Fit
server round: 81
Starting a round 0
[2024-05-15 15:15:07,284][flwr][DEBUG] - fit_round 81: strategy sampled 15 clients (out of 50)
[2024-05-15 15:15:13,111][flwr][DEBUG] - fit_round 81 received 15 results and 0 failures
malicious is ['2', '0', '0', '0', '0', '0']
Number of Evil Clients: 9
Number of Preset Malicious Clients is 1
Number of Preset Benign Clients is 5
Average Clean Data Accuracy: 0.763
Now, comb_C is [0 0 0 0 0 0]
Clustering Accuracy is 0.8333333333333334
length of good results is 6 and length of bad results is 0
Evaluate
Configure Evaluate
[2024-05-15 15:15:15,100][flwr][DEBUG] - evaluate_round 81: strategy sampled 15 clients (out of 50)
[2024-05-15 15:15:16,278][flwr][DEBUG] - evaluate_round 81 received 15 results and 0 failures
Aggregate evaluate
benign record is ['3', '15', '16', '24', '9', '21', '23', '4', '28', '42', '12', '22', '5', '13', '1', '49', '8', '26', '2', '19', '18', '0', '29', '14', '31', '11', '17', '27']
Federated Accuracy on Clean Data: 0.8791254237288137
Federated Accuracy on Dirty Data: 0.9025809523809524
Configure Fit
server round: 82
Starting a round 0
[2024-05-15 15:15:16,278][flwr][DEBUG] - fit_round 82: strategy sampled 15 clients (out of 50)
[2024-05-15 15:15:22,290][flwr][DEBUG] - fit_round 82 received 15 results and 0 failures
malicious is ['0', '0', '0', '0', '2', '0', '0', '0']
Number of Evil Clients: 7
Number of Preset Malicious Clients is 1
Number of Preset Benign Clients is 7
Average Clean Data Accuracy: 0.6412249999999999
Now, comb_C is [0 0 0 0 0 0 0 0]
Clustering Accuracy is 0.875
length of good results is 8 and length of bad results is 0
Evaluate
Configure Evaluate
[2024-05-15 15:15:23,967][flwr][DEBUG] - evaluate_round 82: strategy sampled 15 clients (out of 50)
[2024-05-15 15:15:25,164][flwr][DEBUG] - evaluate_round 82 received 15 results and 0 failures
Aggregate evaluate
benign record is ['3', '15', '16', '24', '9', '21', '23', '4', '28', '22', '12', '42', '5', '13', '1', '49', '8', '26', '2', '19', '18', '0', '29', '14', '31', '11', '17', '27']
Federated Accuracy on Clean Data: 0.8809511111111111
Federated Accuracy on Dirty Data: 0.9361216216216216
Configure Fit
server round: 83
Starting a round 0
[2024-05-15 15:15:25,164][flwr][DEBUG] - fit_round 83: strategy sampled 15 clients (out of 50)
[2024-05-15 15:15:31,517][flwr][DEBUG] - fit_round 83 received 15 results and 0 failures
malicious is ['0', '0', '0', '0', '0', '0', '0', '0']
Number of Evil Clients: 7
Number of Preset Malicious Clients is 0
Number of Preset Benign Clients is 8
Average Clean Data Accuracy: 0.6668857142857144
Now, comb_C is [0 0 0 0 0 0 0 0]
Clustering Accuracy is 1.0
length of good results is 8 and length of bad results is 0
Evaluate
Configure Evaluate
[2024-05-15 15:15:32,935][flwr][DEBUG] - evaluate_round 83: strategy sampled 15 clients (out of 50)
[2024-05-15 15:15:34,122][flwr][DEBUG] - evaluate_round 83 received 15 results and 0 failures
Aggregate evaluate
benign record is ['3', '15', '16', '24', '9', '21', '23', '4', '28', '42', '12', '22', '5', '13', '1', '49', '8', '26', '2', '19', '18', '0', '29', '14', '31', '11', '17', '27']
Federated Accuracy on Clean Data: 0.8759081081081082
Federated Accuracy on Dirty Data: 0.9013423076923078
Configure Fit
server round: 84
Starting a round 0
[2024-05-15 15:15:34,122][flwr][DEBUG] - fit_round 84: strategy sampled 15 clients (out of 50)
[2024-05-15 15:15:40,318][flwr][DEBUG] - fit_round 84 received 15 results and 0 failures
malicious is ['0', '0', '0', '0', '0', '0', '0', '0']
Number of Evil Clients: 7
Number of Preset Malicious Clients is 0
Number of Preset Benign Clients is 8
Average Clean Data Accuracy: 0.6705285714285714
Now, comb_C is [0 0 0 0 0 0 0 0]
Clustering Accuracy is 1.0
length of good results is 8 and length of bad results is 0
Evaluate
Configure Evaluate
[2024-05-15 15:15:41,731][flwr][DEBUG] - evaluate_round 84: strategy sampled 15 clients (out of 50)
[2024-05-15 15:15:42,994][flwr][DEBUG] - evaluate_round 84 received 15 results and 0 failures
Aggregate evaluate
benign record is ['3', '15', '16', '24', '9', '21', '23', '4', '28', '22', '12', '42', '5', '13', '1', '49', '8', '26', '2', '19', '18', '0', '29', '14', '31', '11', '17', '27']
Federated Accuracy on Clean Data: 0.8705073170731706
Federated Accuracy on Dirty Data: 0.9469243902439025
Configure Fit
server round: 85
Starting a round 0
[2024-05-15 15:15:42,995][flwr][DEBUG] - fit_round 85: strategy sampled 15 clients (out of 50)
[2024-05-15 15:15:49,201][flwr][DEBUG] - fit_round 85 received 15 results and 0 failures
malicious is ['0', '0', '0', '0', '0', '0']
Number of Evil Clients: 9
Number of Preset Malicious Clients is 0
Number of Preset Benign Clients is 6
Average Clean Data Accuracy: 0.734688888888889
Now, comb_C is [0 0 0 0 0 0]
Clustering Accuracy is 1.0
length of good results is 6 and length of bad results is 0
Evaluate
Configure Evaluate
[2024-05-15 15:15:50,953][flwr][DEBUG] - evaluate_round 85: strategy sampled 15 clients (out of 50)
[2024-05-15 15:15:52,206][flwr][DEBUG] - evaluate_round 85 received 15 results and 0 failures
Aggregate evaluate
benign record is ['3', '15', '16', '24', '9', '21', '23', '4', '28', '42', '12', '22', '5', '13', '1', '49', '8', '26', '2', '19', '18', '0', '29', '14', '31', '11', '17', '27']
Federated Accuracy on Clean Data: 0.8754634146341463
Federated Accuracy on Dirty Data: 0.9296184210526317
Configure Fit
server round: 86
Starting a round 0
[2024-05-15 15:15:52,207][flwr][DEBUG] - fit_round 86: strategy sampled 15 clients (out of 50)
[2024-05-15 15:15:58,082][flwr][DEBUG] - fit_round 86 received 15 results and 0 failures
malicious is ['0', '2', '0', '0', '0', '0', '0', '0']
Number of Evil Clients: 7
Number of Preset Malicious Clients is 1
Number of Preset Benign Clients is 7
Average Clean Data Accuracy: 0.6432375
Now, comb_C is [0 0 0 0 0 0 0 0]
Clustering Accuracy is 0.875
length of good results is 8 and length of bad results is 0
Evaluate
Configure Evaluate
[2024-05-15 15:15:59,602][flwr][DEBUG] - evaluate_round 86: strategy sampled 15 clients (out of 50)
[2024-05-15 15:16:00,790][flwr][DEBUG] - evaluate_round 86 received 15 results and 0 failures
Aggregate evaluate
benign record is ['3', '15', '16', '24', '9', '21', '23', '4', '28', '22', '12', '42', '5', '13', '1', '49', '8', '26', '2', '19', '18', '0', '29', '14', '31', '11', '17', '27']
Federated Accuracy on Clean Data: 0.859868656716418
Federated Accuracy on Dirty Data: 0.9336111111111111
Configure Fit
server round: 87
Starting a round 0
[2024-05-15 15:16:00,790][flwr][DEBUG] - fit_round 87: strategy sampled 15 clients (out of 50)
[2024-05-15 15:16:07,610][flwr][DEBUG] - fit_round 87 received 15 results and 0 failures
malicious is ['0', '0', '0', '0', '0', '0', '0', '0', '0', '0']
Number of Evil Clients: 5
Number of Preset Malicious Clients is 0
Number of Preset Benign Clients is 10
Average Clean Data Accuracy: 0.6456000000000002
Now, comb_C is [0 0 0 0 0 0 0 0 0 0]
Clustering Accuracy is 1.0
length of good results is 10 and length of bad results is 0
Evaluate
Configure Evaluate
[2024-05-15 15:16:08,831][flwr][DEBUG] - evaluate_round 87: strategy sampled 15 clients (out of 50)
[2024-05-15 15:16:10,070][flwr][DEBUG] - evaluate_round 87 received 15 results and 0 failures
Aggregate evaluate
benign record is ['3', '15', '16', '24', '9', '21', '23', '4', '28', '42', '12', '22', '5', '13', '1', '49', '8', '26', '2', '19', '18', '0', '29', '14', '31', '11', '17', '27']
Federated Accuracy on Clean Data: 0.8744851851851853
Federated Accuracy on Dirty Data: 0.8703363636363637
Configure Fit
server round: 88
Starting a round 0
[2024-05-15 15:16:10,071][flwr][DEBUG] - fit_round 88: strategy sampled 15 clients (out of 50)
[2024-05-15 15:16:16,400][flwr][DEBUG] - fit_round 88 received 15 results and 0 failures
malicious is ['0', '0', '0', '0', '0', '0', '0', '0', '2']
Number of Evil Clients: 6
Number of Preset Malicious Clients is 1
Number of Preset Benign Clients is 8
Average Clean Data Accuracy: 0.6593857142857144
Now, comb_C is [0 0 0 0 0 0 0 0 0]
Clustering Accuracy is 0.8888888888888888
length of good results is 9 and length of bad results is 0
Evaluate
Configure Evaluate
[2024-05-15 15:16:18,147][flwr][DEBUG] - evaluate_round 88: strategy sampled 15 clients (out of 50)
[2024-05-15 15:16:19,343][flwr][DEBUG] - evaluate_round 88 received 15 results and 0 failures
Aggregate evaluate
benign record is ['3', '15', '16', '24', '9', '21', '23', '4', '28', '22', '12', '42', '5', '13', '1', '49', '8', '26', '2', '19', '18', '0', '29', '14', '31', '11', '17', '27']
Federated Accuracy on Clean Data: 0.8757410714285714
Federated Accuracy on Dirty Data: 0.9155333333333333
Configure Fit
server round: 89
Starting a round 0
[2024-05-15 15:16:19,343][flwr][DEBUG] - fit_round 89: strategy sampled 15 clients (out of 50)
[2024-05-15 15:16:25,031][flwr][DEBUG] - fit_round 89 received 15 results and 0 failures
malicious is ['0', '0', '0', '0', '0', '0', '0']
Number of Evil Clients: 8
Number of Preset Malicious Clients is 0
Number of Preset Benign Clients is 7
Average Clean Data Accuracy: 0.74365
Now, comb_C is [0 0 0 0 0 0 0]
Clustering Accuracy is 1.0
length of good results is 7 and length of bad results is 0
Evaluate
Configure Evaluate
[2024-05-15 15:16:26,758][flwr][DEBUG] - evaluate_round 89: strategy sampled 15 clients (out of 50)
[2024-05-15 15:16:27,972][flwr][DEBUG] - evaluate_round 89 received 15 results and 0 failures
Aggregate evaluate
benign record is ['3', '15', '16', '24', '9', '21', '23', '4', '28', '42', '12', '22', '5', '13', '1', '49', '8', '26', '2', '19', '18', '0', '29', '14', '31', '11', '17', '27']
Federated Accuracy on Clean Data: 0.8857848484848484
Federated Accuracy on Dirty Data: 0.90776875
Configure Fit
server round: 90
Starting a round 0
[2024-05-15 15:16:27,972][flwr][DEBUG] - fit_round 90: strategy sampled 15 clients (out of 50)
[2024-05-15 15:16:33,876][flwr][DEBUG] - fit_round 90 received 15 results and 0 failures
malicious is ['2', '0', '0', '0', '0', '0', '0']
Number of Evil Clients: 8
Number of Preset Malicious Clients is 1
Number of Preset Benign Clients is 6
Average Clean Data Accuracy: 0.7122555555555556
Now, comb_C is [0 0 0 0 0 0 0]
Clustering Accuracy is 0.8571428571428571
length of good results is 7 and length of bad results is 0
Evaluate
Configure Evaluate
[2024-05-15 15:16:35,591][flwr][DEBUG] - evaluate_round 90: strategy sampled 15 clients (out of 50)
[2024-05-15 15:16:36,772][flwr][DEBUG] - evaluate_round 90 received 15 results and 0 failures
Aggregate evaluate
benign record is ['3', '15', '16', '24', '9', '21', '23', '4', '28', '22', '12', '42', '5', '13', '1', '49', '8', '26', '2', '19', '18', '0', '29', '14', '31', '11', '17', '27']
Federated Accuracy on Clean Data: 0.9132642857142858
Federated Accuracy on Dirty Data: 0.930851724137931
Configure Fit
server round: 91
Starting a round 0
[2024-05-15 15:16:36,773][flwr][DEBUG] - fit_round 91: strategy sampled 15 clients (out of 50)
[2024-05-15 15:16:42,727][flwr][DEBUG] - fit_round 91 received 15 results and 0 failures
malicious is ['0', '0', '0', '0', '0', '0', '0']
Number of Evil Clients: 8
Number of Preset Malicious Clients is 0
Number of Preset Benign Clients is 7
Average Clean Data Accuracy: 0.752
Now, comb_C is [0 0 0 0 0 0 0]
Clustering Accuracy is 1.0
length of good results is 7 and length of bad results is 0
Evaluate
Configure Evaluate
[2024-05-15 15:16:44,329][flwr][DEBUG] - evaluate_round 91: strategy sampled 15 clients (out of 50)
[2024-05-15 15:16:45,490][flwr][DEBUG] - evaluate_round 91 received 15 results and 0 failures
Aggregate evaluate
benign record is ['3', '15', '16', '24', '9', '21', '23', '4', '28', '42', '12', '22', '5', '13', '1', '49', '8', '26', '2', '19', '18', '0', '29', '14', '31', '11', '17', '27']
Federated Accuracy on Clean Data: 0.8776878787878788
Federated Accuracy on Dirty Data: 0.9225392857142857
Configure Fit
server round: 92
Starting a round 0
[2024-05-15 15:16:45,491][flwr][DEBUG] - fit_round 92: strategy sampled 15 clients (out of 50)
[2024-05-15 15:16:51,786][flwr][DEBUG] - fit_round 92 received 15 results and 0 failures
malicious is ['0', '0', '0', '0', '2']
Number of Evil Clients: 10
Number of Preset Malicious Clients is 1
Number of Preset Benign Clients is 4
Average Clean Data Accuracy: 0.7120636363636365
Now, comb_C is [0 0 0 0 0]
Clustering Accuracy is 0.8
length of good results is 5 and length of bad results is 0
Evaluate
Configure Evaluate
[2024-05-15 15:16:53,908][flwr][DEBUG] - evaluate_round 92: strategy sampled 15 clients (out of 50)
[2024-05-15 15:16:55,120][flwr][DEBUG] - evaluate_round 92 received 15 results and 0 failures
Aggregate evaluate
benign record is ['3', '15', '16', '24', '9', '21', '23', '4', '28', '22', '12', '42', '5', '13', '1', '49', '8', '26', '2', '19', '18', '0', '29', '14', '31', '11', '17', '27']
Federated Accuracy on Clean Data: 0.8822033898305085
Federated Accuracy on Dirty Data: 0.9243969696969696
Configure Fit
server round: 93
Starting a round 0
[2024-05-15 15:16:55,121][flwr][DEBUG] - fit_round 93: strategy sampled 15 clients (out of 50)
[2024-05-15 15:17:00,818][flwr][DEBUG] - fit_round 93 received 15 results and 0 failures
malicious is ['0', '0', '0', '0', '0', '0', '2']
Number of Evil Clients: 8
Number of Preset Malicious Clients is 1
Number of Preset Benign Clients is 6
Average Clean Data Accuracy: 0.7789666666666666
Now, comb_C is [0 0 0 0 0 0 0]
Clustering Accuracy is 0.8571428571428571
length of good results is 7 and length of bad results is 0
Evaluate
Configure Evaluate
[2024-05-15 15:17:02,623][flwr][DEBUG] - evaluate_round 93: strategy sampled 15 clients (out of 50)
[2024-05-15 15:17:03,799][flwr][DEBUG] - evaluate_round 93 received 15 results and 0 failures
Aggregate evaluate
benign record is ['3', '15', '16', '24', '9', '21', '23', '4', '28', '42', '12', '22', '5', '13', '1', '49', '8', '26', '2', '19', '18', '0', '29', '14', '31', '11', '17', '27']
Federated Accuracy on Clean Data: 0.8834721518987343
Federated Accuracy on Dirty Data: 0.9321230769230768
Configure Fit
server round: 94
Starting a round 0
[2024-05-15 15:17:03,800][flwr][DEBUG] - fit_round 94: strategy sampled 15 clients (out of 50)
[2024-05-15 15:17:09,987][flwr][DEBUG] - fit_round 94 received 15 results and 0 failures
malicious is ['0', '0', '0', '0', '0', '0', '0']
Number of Evil Clients: 8
Number of Preset Malicious Clients is 0
Number of Preset Benign Clients is 7
Average Clean Data Accuracy: 0.675925
Now, comb_C is [0 0 0 0 0 0 0]
Clustering Accuracy is 1.0
length of good results is 7 and length of bad results is 0
Evaluate
Configure Evaluate
[2024-05-15 15:17:11,542][flwr][DEBUG] - evaluate_round 94: strategy sampled 15 clients (out of 50)
[2024-05-15 15:17:12,686][flwr][DEBUG] - evaluate_round 94 received 15 results and 0 failures
Aggregate evaluate
benign record is ['3', '15', '16', '24', '9', '21', '23', '4', '28', '22', '12', '42', '5', '13', '1', '49', '8', '26', '2', '19', '18', '0', '29', '14', '31', '11', '17', '27']
Federated Accuracy on Clean Data: 0.8693907407407409
Federated Accuracy on Dirty Data: 0.8855064516129034
Configure Fit
server round: 95
Starting a round 0
[2024-05-15 15:17:12,686][flwr][DEBUG] - fit_round 95: strategy sampled 15 clients (out of 50)
[2024-05-15 15:17:18,850][flwr][DEBUG] - fit_round 95 received 15 results and 0 failures
malicious is ['0', '0', '0', '0', '0', '0', '0', '0']
Number of Evil Clients: 7
Number of Preset Malicious Clients is 0
Number of Preset Benign Clients is 8
Average Clean Data Accuracy: 0.7192571428571429
Now, comb_C is [0 0 0 0 0 0 0 0]
Clustering Accuracy is 1.0
length of good results is 8 and length of bad results is 0
Evaluate
Configure Evaluate
[2024-05-15 15:17:20,265][flwr][DEBUG] - evaluate_round 95: strategy sampled 15 clients (out of 50)
[2024-05-15 15:17:21,462][flwr][DEBUG] - evaluate_round 95 received 15 results and 0 failures
Aggregate evaluate
benign record is ['3', '15', '16', '24', '9', '21', '23', '4', '28', '42', '12', '22', '5', '13', '1', '49', '8', '26', '2', '19', '18', '0', '29', '14', '31', '11', '17', '27']
Federated Accuracy on Clean Data: 0.8987576923076923
Federated Accuracy on Dirty Data: 0.9448624999999999
Configure Fit
server round: 96
Starting a round 0
[2024-05-15 15:17:21,463][flwr][DEBUG] - fit_round 96: strategy sampled 15 clients (out of 50)
[2024-05-15 15:17:27,563][flwr][DEBUG] - fit_round 96 received 15 results and 0 failures
malicious is ['0', '0', '0', '0', '0', '0']
Number of Evil Clients: 9
Number of Preset Malicious Clients is 0
Number of Preset Benign Clients is 6
Average Clean Data Accuracy: 0.6640555555555556
Now, comb_C is [0 0 0 0 0 0]
Clustering Accuracy is 1.0
length of good results is 6 and length of bad results is 0
Evaluate
Configure Evaluate
[2024-05-15 15:17:29,316][flwr][DEBUG] - evaluate_round 96: strategy sampled 15 clients (out of 50)
[2024-05-15 15:17:30,554][flwr][DEBUG] - evaluate_round 96 received 15 results and 0 failures
Aggregate evaluate
benign record is ['3', '15', '16', '24', '9', '21', '23', '4', '28', '22', '12', '42', '5', '13', '1', '49', '8', '26', '2', '19', '18', '0', '29', '14', '31', '11', '17', '27']
Federated Accuracy on Clean Data: 0.8892392156862746
Federated Accuracy on Dirty Data: 0.9034885714285713
Configure Fit
server round: 97
Starting a round 0
[2024-05-15 15:17:30,554][flwr][DEBUG] - fit_round 97: strategy sampled 15 clients (out of 50)
[2024-05-15 15:17:36,627][flwr][DEBUG] - fit_round 97 received 15 results and 0 failures
malicious is ['0', '2', '0', '0', '0', '0', '0', '0']
Number of Evil Clients: 7
Number of Preset Malicious Clients is 1
Number of Preset Benign Clients is 7
Average Clean Data Accuracy: 0.6613249999999999
Now, comb_C is [0 0 0 0 0 0 0 0]
Clustering Accuracy is 0.875
length of good results is 8 and length of bad results is 0
Evaluate
Configure Evaluate
[2024-05-15 15:17:38,284][flwr][DEBUG] - evaluate_round 97: strategy sampled 15 clients (out of 50)
[2024-05-15 15:17:39,514][flwr][DEBUG] - evaluate_round 97 received 15 results and 0 failures
Aggregate evaluate
benign record is ['3', '15', '16', '24', '9', '21', '23', '4', '28', '42', '12', '22', '5', '13', '1', '49', '8', '26', '2', '19', '18', '0', '29', '14', '31', '11', '17', '27']
Federated Accuracy on Clean Data: 0.9072625000000001
Federated Accuracy on Dirty Data: 0.9323125
Configure Fit
server round: 98
Starting a round 0
[2024-05-15 15:17:39,515][flwr][DEBUG] - fit_round 98: strategy sampled 15 clients (out of 50)
[2024-05-15 15:17:45,453][flwr][DEBUG] - fit_round 98 received 15 results and 0 failures
malicious is ['0', '0', '0', '0', '2', '0', '0', '0']
Number of Evil Clients: 7
Number of Preset Malicious Clients is 1
Number of Preset Benign Clients is 7
Average Clean Data Accuracy: 0.6428375000000001
Now, comb_C is [0 0 0 0 0 0 0 0]
Clustering Accuracy is 0.875
length of good results is 8 and length of bad results is 0
Evaluate
Configure Evaluate
[2024-05-15 15:17:47,019][flwr][DEBUG] - evaluate_round 98: strategy sampled 15 clients (out of 50)
[2024-05-15 15:17:48,225][flwr][DEBUG] - evaluate_round 98 received 15 results and 0 failures
Aggregate evaluate
benign record is ['3', '15', '16', '24', '9', '21', '23', '4', '28', '22', '12', '42', '5', '13', '1', '49', '8', '26', '2', '19', '18', '0', '29', '14', '31', '11', '17', '27']
Federated Accuracy on Clean Data: 0.8784979166666665
Federated Accuracy on Dirty Data: 0.9300214285714287
Configure Fit
server round: 99
Starting a round 0
[2024-05-15 15:17:48,226][flwr][DEBUG] - fit_round 99: strategy sampled 15 clients (out of 50)
[2024-05-15 15:17:54,206][flwr][DEBUG] - fit_round 99 received 15 results and 0 failures
malicious is ['0', '0', '2', '0', '0', '0']
Number of Evil Clients: 9
Number of Preset Malicious Clients is 1
Number of Preset Benign Clients is 5
Average Clean Data Accuracy: 0.73344
Now, comb_C is [0 0 0 0 0 0]
Clustering Accuracy is 0.8333333333333334
length of good results is 6 and length of bad results is 0
Evaluate
Configure Evaluate
[2024-05-15 15:17:56,204][flwr][DEBUG] - evaluate_round 99: strategy sampled 15 clients (out of 50)
[2024-05-15 15:17:57,806][flwr][DEBUG] - evaluate_round 99 received 15 results and 0 failures
Aggregate evaluate
benign record is ['3', '15', '16', '24', '9', '21', '23', '4', '28', '42', '12', '22', '5', '13', '1', '49', '8', '26', '2', '19', '18', '0', '29', '14', '31', '11', '17', '27']
Federated Accuracy on Clean Data: 0.8685769230769231
Federated Accuracy on Dirty Data: 0.9296333333333334
Configure Fit
server round: 100
Starting a round 0
[2024-05-15 15:17:57,807][flwr][DEBUG] - fit_round 100: strategy sampled 15 clients (out of 50)
[2024-05-15 15:18:03,780][flwr][DEBUG] - fit_round 100 received 15 results and 0 failures
malicious is ['0', '0', '0', '0', '0', '0', '0', '0', '0']
Number of Evil Clients: 6
Number of Preset Malicious Clients is 0
Number of Preset Benign Clients is 9
Average Clean Data Accuracy: 0.7863833333333333
Now, comb_C is [0 0 0 0 0 0 0 0 0]
Clustering Accuracy is 1.0
length of good results is 9 and length of bad results is 0
Evaluate
Configure Evaluate
[2024-05-15 15:18:05,016][flwr][DEBUG] - evaluate_round 100: strategy sampled 15 clients (out of 50)
[2024-05-15 15:18:06,270][flwr][DEBUG] - evaluate_round 100 received 15 results and 0 failures
Aggregate evaluate
benign record is ['3', '15', '16', '24', '9', '21', '23', '4', '28', '22', '12', '42', '5', '13', '1', '49', '8', '26', '2', '19', '18', '0', '29', '14', '31', '11', '17', '27']
Federated Accuracy on Clean Data: 0.896829411764706
Federated Accuracy on Dirty Data: 0.95103
[2024-05-15 15:18:07,536][flwr][INFO] - FL finished in 897.5644881720073
[2024-05-15 15:18:07,538][flwr][INFO] - app_fit: losses_distributed [(1, 14.429924534655166), (2, 13.693104565143585), (3, 9.657783597707748), (4, 15.538404724814676), (5, 14.157851622654842), (6, 13.458724863985752), (7, 13.93749811842635), (8, 15.795343921298073), (9, 13.896884447052365), (10, 13.995652472531354), (11, 12.730449192225933), (12, 13.849656674861908), (13, 10.243779397927797), (14, 15.528798853809183), (15, 13.273839784295935), (16, 11.739684787202389), (17, 10.197919732485062), (18, 11.763794848918915), (19, 10.329122176766395), (20, 6.812370031220572), (21, 10.103346611772265), (22, 8.506424110511254), (23, 9.064735102026086), (24, 7.551485667626063), (25, 6.323618810285222), (26, 6.162200021166956), (27, 5.572579962511857), (28, 5.223909976390692), (29, 5.279102123144901), (30, 5.398344507876863), (31, 4.545543464876356), (32, 4.817739723871152), (33, 4.7690316236244055), (34, 4.846851837954351), (35, 4.877156318529792), (36, 3.8252874314785004), (37, 4.183588544076139), (38, 4.284142292462862), (39, 4.168804076084724), (40, 3.7194503150025353), (41, 3.7118054979886765), (42, 3.106426586275515), (43, 3.1236947331317637), (44, 3.1516431347798495), (45, 3.0400656994545097), (46, 3.3028689665453776), (47, 3.0431743303070897), (48, 2.588764545197288), (49, 1.7209128185554787), (50, 2.8531266286348305), (51, 2.7034819576798417), (52, 2.56578080947437), (53, 2.070156149400605), (54, 2.537898545329635), (55, 2.2591197461474177), (56, 2.4955878656644086), (57, 2.309090601948072), (58, 2.9093736125363243), (59, 2.106639066338539), (60, 2.655113710598512), (61, 2.479962226591612), (62, 2.3946685581182945), (63, 1.563477890961098), (64, 1.6080314886981044), (65, 2.094071902673353), (66, 1.97918595678427), (67, 1.7472034277660506), (68, 1.9823711206289856), (69, 1.5681797209713193), (70, 2.6041058797170136), (71, 2.061327160573473), (72, 1.8340321042175805), (73, 1.6549024832375505), (74, 1.5347874011648328), (75, 1.553879865910858), (76, 1.5136779311456179), (77, 1.5669335953536487), (78, 1.6284876281395555), (79, 1.8009856324642897), (80, 1.6689001940763915), (81, 1.4296891497353377), (82, 1.5619496910108461), (83, 1.6639258461828168), (84, 1.234469758482968), (85, 1.338833172146867), (86, 1.6992294233459144), (87, 1.4679985085019358), (88, 1.4830075257590838), (89, 1.799982566950899), (90, 1.417150157902922), (91, 1.2539625935482257), (92, 1.83503508681463), (93, 1.693503184974948), (94, 1.3868626938373954), (95, 1.5065000451241548), (96, 1.1456114635894112), (97, 1.4890089408494531), (98, 1.4176774936107297), (99, 1.4517490451152508), (100, 1.2650269565775114)]
[2024-05-15 15:18:07,538][flwr][INFO] - app_fit: metrics_distributed_fit {}
[2024-05-15 15:18:07,538][flwr][INFO] - app_fit: metrics_distributed {'accuracy': [(1, 0.10205402298850574), (2, 0.03383333333333333), (3, 0.08116875), (4, 0.01648181818181818), (5, 0.3233384615384616), (6, 0.1122063829787234), (7, 0.19755135135135132), (8, 0.15244761904761905), (9, 0.06518571428571429), (10, 0.07983518518518518), (11, 0.31323437499999995), (12, 0.190934), (13, 0.2009807692307692), (14, 0.20354545454545453), (15, 0.27600789473684206), (16, 0.29661914893617014), (17, 0.2846205128205128), (18, 0.54354), (19, 0.4902325), (20, 0.5954514285714285), (21, 0.5487732142857142), (22, 0.6136689655172414), (23, 0.6922644736842105), (24, 0.6875020833333333), (25, 0.7088522727272726), (26, 0.7501032258064516), (27, 0.7645979166666667), (28, 0.7611076923076923), (29, 0.7588515151515152), (30, 0.7780553191489361), (31, 0.7495333333333334), (32, 0.7789437499999999), (33, 0.7615509433962264), (34, 0.7790571428571428), (35, 0.8046304347826088), (36, 0.8079538461538461), (37, 0.7849545454545456), (38, 0.7992826923076924), (39, 0.8042753846153845), (40, 0.8148065573770493), (41, 0.8230717948717949), (42, 0.7980891304347826), (43, 0.8158953488372093), (44, 0.8002067796610169), (45, 0.8180757575757576), (46, 0.835665306122449), (47, 0.8099152173913042), (48, 0.8067645833333331), (49, 0.7896777777777778), (50, 0.8284729166666667), (51, 0.8116731707317073), (52, 0.8396285714285713), (53, 0.8323844444444445), (54, 0.8341972972972974), (55, 0.8545960784313726), (56, 0.8521323076923077), (57, 0.8372641509433962), (58, 0.8504133333333335), (59, 0.835164), (60, 0.8495795454545454), (61, 0.8516315789473683), (62, 0.856691836734694), (63, 0.8455666666666666), (64, 0.8317586206896552), (65, 0.859175), (66, 0.8427136363636364), (67, 0.8573542857142856), (68, 0.854509090909091), (69, 0.859271111111111), (70, 0.8300029411764706), (71, 0.8682764705882352), (72, 0.8707035714285715), (73, 0.8477063829787234), (74, 0.8475842105263157), (75, 0.8746604166666669), (76, 0.8619263157894735), (77, 0.8881619047619049), (78, 0.87287), (79, 0.8687075), (80, 0.879498076923077), (81, 0.8791254237288137), (82, 0.8809511111111111), (83, 0.8759081081081082), (84, 0.8705073170731706), (85, 0.8754634146341463), (86, 0.859868656716418), (87, 0.8744851851851853), (88, 0.8757410714285714), (89, 0.8857848484848484), (90, 0.9132642857142858), (91, 0.8776878787878788), (92, 0.8822033898305085), (93, 0.8834721518987343), (94, 0.8693907407407409), (95, 0.8987576923076923), (96, 0.8892392156862746), (97, 0.9072625000000001), (98, 0.8784979166666665), (99, 0.8685769230769231), (100, 0.896829411764706)]}
[2024-05-15 15:18:07,538][flwr][INFO] - app_fit: losses_centralized []
[2024-05-15 15:18:07,539][flwr][INFO] - app_fit: metrics_centralized {}
