Using CUDA: True
Using MPS: False
dataset: cifar10
num_rounds: 100
num_clients: 50
batch_size: 20
num_classes: 10
num_channels: 3
target_label: 9
num_clients_per_round_fit: 15
num_clients_per_round_eval: 15
config_fit:
  poisoning_rate: 0.6
  lr: 0.01
  momentum: 0.9
  local_epochs: 5
  proximal_mu: 2.0
dataset_config:
  ratio_benign_client: 0.6
  iid: false
  balance: false
  power_law: false
  dirichlet: true
  alpha: 0.9

27 Current GPU Memory: 0
Files already downloaded and verified
Files already downloaded and verified
32 Current GPU Memory: 0
38 Current GPU Memory: 0
[2024-04-26 22:43:50,831][flwr][INFO] - Starting Flower simulation, config: ServerConfig(num_rounds=100, round_timeout=None)
[2024-04-26 22:43:59,094][flwr][INFO] - Flower VCE: Ray initialized with resources: {'object_store_memory': 127461948211.0, 'memory': 287411212493.0, 'CPU': 96.0, 'GPU': 1.0, 'node:__internal_head__': 1.0, 'accelerator_type:A10': 1.0, 'node:10.131.34.74': 1.0}
[2024-04-26 22:43:59,094][flwr][INFO] - Initializing global parameters
[2024-04-26 22:43:59,095][flwr][INFO] - Using initial parameters provided by strategy
[2024-04-26 22:43:59,095][flwr][INFO] - Evaluating initial parameters
Evaluate
[2024-04-26 22:44:04,346][flwr][INFO] - initial parameters (loss, other metrics): 183.73383736610413, {'accuracy': 0.0973}
[2024-04-26 22:44:04,346][flwr][INFO] - FL starting
Configure Fit
server round: 1
[2024-04-26 22:44:04,346][flwr][DEBUG] - fit_round 1: strategy sampled 15 clients (out of 50)
[2024-04-26 22:47:00,753][flwr][DEBUG] - fit_round 1 received 15 results and 0 failures
315 Current GPU Memory: 8519680
malicious is ['2', '2', '0', '2', '0', '2', '0', '0', '2', '0', '2', '0', '0', '0', '2']
Number of Evil Clients: 0
Number of Preset Malicious Clients is 7
Number of Preset Benign Clients is 8
Average poisoning accuracy: 0.9214857142857144
KMeans
intra_cluster distance is 3.640696874337631
good > bad, ALERT!!
Target label is 9
Now, comb_C is [2 2 2 2 0 2 0 0 2 0 2 0 0 0 2]
Clustering Accuracy is 0.9333333333333333
length of good results is 7 and length of bad results is 8
acc_diff is 0
[2024-04-26 22:47:16,169][flwr][WARNING] - No fit_metrics_aggregation_fn provided
Evaluate
Global Poisoning Accuracy: 0.0001
[2024-04-26 22:47:19,937][flwr][INFO] - fit progress: (1, 182.50703239440918, {'accuracy': 0.1559}, 195.59024728205986)
Configure Evaluate
[2024-04-26 22:47:19,937][flwr][DEBUG] - evaluate_round 1: strategy sampled 15 clients (out of 50)
[2024-04-26 22:47:34,702][flwr][DEBUG] - evaluate_round 1 received 15 results and 0 failures
Aggregate evaluate
benign record is ['8', '24', '19', '18', '28', '14', '0']
Federated Accuracy: 0.16905384615384617
Configure Fit
server round: 2
[2024-04-26 22:47:34,703][flwr][DEBUG] - fit_round 2: strategy sampled 15 clients (out of 50)
[2024-04-26 22:51:50,611][flwr][DEBUG] - fit_round 2 received 15 results and 0 failures
315 Current GPU Memory: 8519680
malicious is ['0', '0', '2', '0', '0', '2', '0', '2', '0', '0', '0', '2', '0', '0']
Number of Evil Clients: 1
Number of Preset Malicious Clients is 4
Number of Preset Benign Clients is 10
Average poisoning accuracy: 0.8927200000000001
KMeans
intra_cluster distance is 3.4092212829809485
Now, comb_C is [0 0 2 2 2 2 0 2 2 0 0 2 2 0]
Clustering Accuracy is 0.7142857142857143
length of good results is 6 and length of bad results is 8
acc_diff is 0
Evaluate
Global Poisoning Accuracy: 0.0
[2024-04-26 22:52:04,600][flwr][INFO] - fit progress: (2, 172.3159772157669, {'accuracy': 0.2242}, 480.25378570205066)
Configure Evaluate
[2024-04-26 22:52:04,600][flwr][DEBUG] - evaluate_round 2: strategy sampled 15 clients (out of 50)
[2024-04-26 22:52:21,828][flwr][DEBUG] - evaluate_round 2 received 15 results and 0 failures
Aggregate evaluate
benign record is ['8', '24', '19', '18', '28', '14', '20', '0']
Federated Accuracy: 0.3072777777777778
Configure Fit
server round: 3
[2024-04-26 22:52:21,828][flwr][DEBUG] - fit_round 3: strategy sampled 15 clients (out of 50)
[2024-04-26 22:56:20,522][flwr][DEBUG] - fit_round 3 received 15 results and 0 failures
315 Current GPU Memory: 8519680
malicious is ['0', '0', '0', '0', '0', '2', '0', '2', '0', '2', '0']
Number of Evil Clients: 4
Number of Preset Malicious Clients is 3
Number of Preset Benign Clients is 8
Average poisoning accuracy: 0.7814285714285715
KMeans
intra_cluster distance is 4.426864111487081
Now, comb_C is [0 2 0 0 0 2 2 2 2 2 2]
Clustering Accuracy is 0.6363636363636364
length of good results is 4 and length of bad results is 7
acc_diff is 0
Evaluate
Global Poisoning Accuracy: 0.0
[2024-04-26 22:56:39,541][flwr][INFO] - fit progress: (3, 162.3665999174118, {'accuracy': 0.2894}, 755.1946776719997)
Configure Evaluate
[2024-04-26 22:56:39,541][flwr][DEBUG] - evaluate_round 3: strategy sampled 15 clients (out of 50)
[2024-04-26 22:56:55,958][flwr][DEBUG] - evaluate_round 3 received 15 results and 0 failures
Aggregate evaluate
benign record is ['8', '24', '26', '19', '18', '28', '14', '20', '6', '0']
Federated Accuracy: 0.3550481481481481
Configure Fit
server round: 4
[2024-04-26 22:56:55,959][flwr][DEBUG] - fit_round 4: strategy sampled 15 clients (out of 50)
[2024-04-26 23:00:35,131][flwr][DEBUG] - fit_round 4 received 15 results and 0 failures
315 Current GPU Memory: 8519680
malicious is ['0', '0', '0', '0', '0', '2', '0', '0']
Number of Evil Clients: 7
Number of Preset Malicious Clients is 1
Number of Preset Benign Clients is 7
Average poisoning accuracy: 0.41903749999999995
KMeans
intra_cluster distance is 4.186179339390148
Now, comb_C is [0 2 0 0 0 2 2 2]
Clustering Accuracy is 0.625
length of good results is 4 and length of bad results is 4
acc_diff is 0
Evaluate
Global Poisoning Accuracy: 0.0
[2024-04-26 23:00:55,936][flwr][INFO] - fit progress: (4, 159.8220294713974, {'accuracy': 0.3171}, 1011.5898670769529)
Configure Evaluate
[2024-04-26 23:00:55,936][flwr][DEBUG] - evaluate_round 4: strategy sampled 15 clients (out of 50)
[2024-04-26 23:01:12,389][flwr][DEBUG] - evaluate_round 4 received 15 results and 0 failures
Aggregate evaluate
benign record is ['8', '24', '26', '19', '18', '28', '14', '20', '11', '6', '0']
Federated Accuracy: 0.36746470588235297
Configure Fit
server round: 5
[2024-04-26 23:01:12,390][flwr][DEBUG] - fit_round 5: strategy sampled 15 clients (out of 50)
[2024-04-26 23:04:53,641][flwr][DEBUG] - fit_round 5 received 15 results and 0 failures
315 Current GPU Memory: 8519680
malicious is ['0', '0', '0', '0', '0', '2', '2', '0', '0']
Number of Evil Clients: 6
Number of Preset Malicious Clients is 2
Number of Preset Benign Clients is 7
Average poisoning accuracy: 0.73325
KMeans
intra_cluster distance is 4.0514924237410925
Now, comb_C is [0 0 0 0 0 0 0 0 0]
Clustering Accuracy is 0.7777777777777778
length of good results is 9 and length of bad results is 0
acc_diff is 0
Evaluate
Global Poisoning Accuracy: 0.0105
[2024-04-26 23:05:13,983][flwr][INFO] - fit progress: (5, 146.99270689487457, {'accuracy': 0.3351}, 1269.6367143880343)
Configure Evaluate
[2024-04-26 23:05:13,983][flwr][DEBUG] - evaluate_round 5: strategy sampled 15 clients (out of 50)
[2024-04-26 23:05:30,976][flwr][DEBUG] - evaluate_round 5 received 15 results and 0 failures
Aggregate evaluate
benign record is ['8', '24', '26', '19', '18', '28', '14', '20', '34', '11', '35', '13', '6', '0']
Federated Accuracy: 0.4225521739130435
Configure Fit
server round: 6
[2024-04-26 23:05:30,977][flwr][DEBUG] - fit_round 6: strategy sampled 15 clients (out of 50)
[2024-04-26 23:09:11,180][flwr][DEBUG] - fit_round 6 received 15 results and 0 failures
315 Current GPU Memory: 8519680
malicious is ['0', '0', '0', '2', '0', '0']
Number of Evil Clients: 9
Number of Preset Malicious Clients is 1
Number of Preset Benign Clients is 5
Average poisoning accuracy: 0.53239
KMeans
intra_cluster distance is 3.3613688999257856
Now, comb_C is [0 2 2 2 0 2]
Clustering Accuracy is 0.5
length of good results is 2 and length of bad results is 4
acc_diff is 0
Evaluate
Global Poisoning Accuracy: 0.0253
[2024-04-26 23:09:35,152][flwr][INFO] - fit progress: (6, 151.7437961101532, {'accuracy': 0.3224}, 1530.8060027470347)
Configure Evaluate
[2024-04-26 23:09:35,153][flwr][DEBUG] - evaluate_round 6: strategy sampled 15 clients (out of 50)
[2024-04-26 23:09:51,969][flwr][DEBUG] - evaluate_round 6 received 15 results and 0 failures
Aggregate evaluate
benign record is ['8', '29', '24', '26', '19', '18', '28', '14', '20', '34', '11', '35', '13', '6', '0']
Federated Accuracy: 0.4515517241379311
Configure Fit
server round: 7
[2024-04-26 23:09:51,969][flwr][DEBUG] - fit_round 7: strategy sampled 15 clients (out of 50)
[2024-04-26 23:13:27,049][flwr][DEBUG] - fit_round 7 received 15 results and 0 failures
315 Current GPU Memory: 8519680
malicious is ['0', '2', '0', '2', '0', '0', '0']
Number of Evil Clients: 8
Number of Preset Malicious Clients is 2
Number of Preset Benign Clients is 5
Average poisoning accuracy: 0.49977
KMeans
intra_cluster distance is 4.087765207584456
Now, comb_C is [2 2 0 2 0 0 0]
Clustering Accuracy is 0.8571428571428571
length of good results is 4 and length of bad results is 3
acc_diff is 0
Evaluate
Global Poisoning Accuracy: 0.059
[2024-04-26 23:13:51,519][flwr][INFO] - fit progress: (7, 146.67004787921906, {'accuracy': 0.3625}, 1787.1726604440482)
Configure Evaluate
[2024-04-26 23:13:51,519][flwr][DEBUG] - evaluate_round 7: strategy sampled 15 clients (out of 50)
[2024-04-26 23:14:08,419][flwr][DEBUG] - evaluate_round 7 received 15 results and 0 failures
Aggregate evaluate
benign record is ['8', '29', '24', '26', '19', '18', '15', '28', '14', '20', '34', '11', '35', '13', '6', '0']
Federated Accuracy: 0.5457318181818182
Configure Fit
server round: 8
[2024-04-26 23:14:08,420][flwr][DEBUG] - fit_round 8: strategy sampled 15 clients (out of 50)
[2024-04-26 23:17:53,667][flwr][DEBUG] - fit_round 8 received 15 results and 0 failures
315 Current GPU Memory: 8519680
malicious is ['0', '0', '0', '0']
Number of Evil Clients: 11
Number of Preset Malicious Clients is 0
Number of Preset Benign Clients is 4
Average poisoning accuracy: 0.4964090909090908
KMeans
intra_cluster distance is 4.114280539609947
Now, comb_C is [0 0 0 0]
Clustering Accuracy is 1.0
length of good results is 4 and length of bad results is 0
acc_diff is 0
Evaluate
Global Poisoning Accuracy: 0.0194
[2024-04-26 23:18:18,667][flwr][INFO] - fit progress: (8, 146.87806153297424, {'accuracy': 0.374}, 2054.321145146969)
Configure Evaluate
[2024-04-26 23:18:18,668][flwr][DEBUG] - evaluate_round 8: strategy sampled 15 clients (out of 50)
[2024-04-26 23:18:33,316][flwr][DEBUG] - evaluate_round 8 received 15 results and 0 failures
Aggregate evaluate
benign record is ['8', '29', '24', '26', '19', '18', '15', '28', '14', '20', '34', '11', '35', '13', '6', '0']
Federated Accuracy: 0.6704807692307693
Configure Fit
server round: 9
[2024-04-26 23:18:33,316][flwr][DEBUG] - fit_round 9: strategy sampled 15 clients (out of 50)
[2024-04-26 23:21:56,616][flwr][DEBUG] - fit_round 9 received 15 results and 0 failures
315 Current GPU Memory: 8519680
malicious is ['0', '0', '0', '0', '0']
Number of Evil Clients: 10
Number of Preset Malicious Clients is 0
Number of Preset Benign Clients is 5
Average poisoning accuracy: 0.5835700000000001
KMeans
intra_cluster distance is 4.268582701204663
Now, comb_C is [0 0 0 0 0]
Clustering Accuracy is 1.0
length of good results is 5 and length of bad results is 0
acc_diff is 0
Evaluate
Global Poisoning Accuracy: 0.0241
[2024-04-26 23:22:20,435][flwr][INFO] - fit progress: (9, 148.86536812782288, {'accuracy': 0.377}, 2296.0884294819552)
Configure Evaluate
[2024-04-26 23:22:20,435][flwr][DEBUG] - evaluate_round 9: strategy sampled 15 clients (out of 50)
[2024-04-26 23:22:35,013][flwr][DEBUG] - evaluate_round 9 received 15 results and 0 failures
Aggregate evaluate
benign record is ['8', '29', '24', '26', '19', '18', '15', '28', '14', '20', '34', '11', '35', '13', '6', '0']
Federated Accuracy: 0.6969666666666666
Configure Fit
server round: 10
[2024-04-26 23:22:35,013][flwr][DEBUG] - fit_round 10: strategy sampled 15 clients (out of 50)
[2024-04-26 23:26:07,340][flwr][DEBUG] - fit_round 10 received 15 results and 0 failures
315 Current GPU Memory: 8519680
malicious is ['0', '0', '2', '0']
Number of Evil Clients: 11
Number of Preset Malicious Clients is 1
Number of Preset Benign Clients is 3
Average poisoning accuracy: 0.7028333333333333
KMeans
intra_cluster distance is 5.276371537011685
Now, comb_C is [0 0 0 0]
Clustering Accuracy is 0.75
length of good results is 4 and length of bad results is 0
acc_diff is 0
Evaluate
Global Poisoning Accuracy: 0.0347
[2024-04-26 23:26:35,706][flwr][INFO] - fit progress: (10, 146.93013334274292, {'accuracy': 0.3858}, 2551.359242022969)
Configure Evaluate
[2024-04-26 23:26:35,706][flwr][DEBUG] - evaluate_round 10: strategy sampled 15 clients (out of 50)
[2024-04-26 23:26:50,354][flwr][DEBUG] - evaluate_round 10 received 15 results and 0 failures
Aggregate evaluate
benign record is ['44', '8', '29', '24', '26', '19', '18', '15', '28', '14', '20', '34', '11', '35', '13', '6', '0']
Federated Accuracy: 0.7218399999999999
Configure Fit
server round: 11
[2024-04-26 23:26:50,355][flwr][DEBUG] - fit_round 11: strategy sampled 15 clients (out of 50)
[2024-04-26 23:30:21,840][flwr][DEBUG] - fit_round 11 received 15 results and 0 failures
315 Current GPU Memory: 8519680
malicious is ['0', '0', '2', '0']
Number of Evil Clients: 11
Number of Preset Malicious Clients is 1
Number of Preset Benign Clients is 3
Average poisoning accuracy: 0.539225
KMeans
intra_cluster distance is 5.4952120389431505
Now, comb_C is [0 2 2 2]
Clustering Accuracy is 0.5
length of good results is 1 and length of bad results is 3
acc_diff is 0
Evaluate
Global Poisoning Accuracy: 0.0602
[2024-04-26 23:30:52,056][flwr][INFO] - fit progress: (11, 175.77322232723236, {'accuracy': 0.3432}, 2807.709629785968)
Configure Evaluate
[2024-04-26 23:30:52,056][flwr][DEBUG] - evaluate_round 11: strategy sampled 15 clients (out of 50)
[2024-04-26 23:31:07,076][flwr][DEBUG] - evaluate_round 11 received 15 results and 0 failures
Aggregate evaluate
benign record is ['44', '8', '29', '24', '26', '19', '18', '15', '28', '14', '20', '34', '11', '35', '13', '6', '0']
Federated Accuracy: 0.6488720000000001
Configure Fit
server round: 12
[2024-04-26 23:31:07,076][flwr][DEBUG] - fit_round 12: strategy sampled 15 clients (out of 50)
[2024-04-26 23:34:25,334][flwr][DEBUG] - fit_round 12 received 15 results and 0 failures
315 Current GPU Memory: 8519680
malicious is ['0', '0', '0', '0', '2', '0']
Number of Evil Clients: 9
Number of Preset Malicious Clients is 1
Number of Preset Benign Clients is 5
Average poisoning accuracy: 0.60823
KMeans
intra_cluster distance is 5.919325288722129
Now, comb_C is [0 0 0 0 2 0]
Clustering Accuracy is 1.0
length of good results is 5 and length of bad results is 1
acc_diff is 0
Evaluate
Global Poisoning Accuracy: 0.0254
[2024-04-26 23:34:50,481][flwr][INFO] - fit progress: (12, 160.83073723316193, {'accuracy': 0.3742}, 3046.135057253996)
Configure Evaluate
[2024-04-26 23:34:50,482][flwr][DEBUG] - evaluate_round 12: strategy sampled 15 clients (out of 50)
[2024-04-26 23:35:05,378][flwr][DEBUG] - evaluate_round 12 received 15 results and 0 failures
Aggregate evaluate
benign record is ['44', '8', '29', '24', '26', '19', '18', '15', '28', '14', '20', '34', '11', '35', '13', '6', '0']
Federated Accuracy: 0.7402529411764708
Configure Fit
server round: 13
[2024-04-26 23:35:05,379][flwr][DEBUG] - fit_round 13: strategy sampled 15 clients (out of 50)
[2024-04-26 23:38:15,851][flwr][DEBUG] - fit_round 13 received 15 results and 0 failures
315 Current GPU Memory: 8519680
malicious is ['0', '0', '0', '0', '0']
Number of Evil Clients: 10
Number of Preset Malicious Clients is 0
Number of Preset Benign Clients is 5
Average poisoning accuracy: 0.39136999999999994
KMeans
intra_cluster distance is 3.9584443192292302
Now, comb_C is [0 0 0 0 0]
Clustering Accuracy is 1.0
length of good results is 5 and length of bad results is 0
acc_diff is 0
Evaluate
Global Poisoning Accuracy: 0.0175
[2024-04-26 23:38:39,657][flwr][INFO] - fit progress: (13, 161.83636724948883, {'accuracy': 0.3952}, 3275.3112415670184)
Configure Evaluate
[2024-04-26 23:38:39,658][flwr][DEBUG] - evaluate_round 13: strategy sampled 15 clients (out of 50)
[2024-04-26 23:38:54,517][flwr][DEBUG] - evaluate_round 13 received 15 results and 0 failures
Aggregate evaluate
benign record is ['44', '8', '29', '24', '26', '19', '18', '15', '28', '14', '20', '34', '11', '35', '13', '6', '0']
Federated Accuracy: 0.7558578947368421
Configure Fit
server round: 14
[2024-04-26 23:38:54,517][flwr][DEBUG] - fit_round 14: strategy sampled 15 clients (out of 50)
[2024-04-26 23:42:21,130][flwr][DEBUG] - fit_round 14 received 15 results and 0 failures
315 Current GPU Memory: 8519680
malicious is ['0', '0', '0', '0', '0']
Number of Evil Clients: 10
Number of Preset Malicious Clients is 0
Number of Preset Benign Clients is 5
Average poisoning accuracy: 0.51849
KMeans
intra_cluster distance is 3.7026360389773942
Now, comb_C is [0 0 0 0 0]
Clustering Accuracy is 1.0
length of good results is 5 and length of bad results is 0
acc_diff is 0
Evaluate
Global Poisoning Accuracy: 0.0099
[2024-04-26 23:42:46,155][flwr][INFO] - fit progress: (14, 166.80235028266907, {'accuracy': 0.3912}, 3521.808899834985)
Configure Evaluate
[2024-04-26 23:42:46,156][flwr][DEBUG] - evaluate_round 14: strategy sampled 15 clients (out of 50)
[2024-04-26 23:43:00,695][flwr][DEBUG] - evaluate_round 14 received 15 results and 0 failures
Aggregate evaluate
benign record is ['44', '3', '8', '29', '24', '26', '19', '18', '15', '28', '14', '20', '34', '11', '35', '13', '6', '0']
Federated Accuracy: 0.7006034482758622
Configure Fit
server round: 15
[2024-04-26 23:43:00,695][flwr][DEBUG] - fit_round 15: strategy sampled 15 clients (out of 50)
[2024-04-26 23:46:25,086][flwr][DEBUG] - fit_round 15 received 15 results and 0 failures
315 Current GPU Memory: 8519680
malicious is ['0', '0']
Number of Evil Clients: 13
Number of Preset Malicious Clients is 0
Number of Preset Benign Clients is 2
Average poisoning accuracy: 0.5651538461538461
KMeans
intra_cluster distance is 5.525479545408912
Now, comb_C is [0 0]
Clustering Accuracy is 1.0
length of good results is 2 and length of bad results is 0
acc_diff is 0
Evaluate
Global Poisoning Accuracy: 0.0407
[2024-04-26 23:46:54,445][flwr][INFO] - fit progress: (15, 165.56220626831055, {'accuracy': 0.3781}, 3770.0984228960006)
Configure Evaluate
[2024-04-26 23:46:54,445][flwr][DEBUG] - evaluate_round 15: strategy sampled 15 clients (out of 50)
[2024-04-26 23:47:09,403][flwr][DEBUG] - evaluate_round 15 received 15 results and 0 failures
Aggregate evaluate
benign record is ['44', '3', '8', '29', '24', '26', '19', '18', '15', '28', '14', '20', '34', '11', '35', '13', '6', '0']
Federated Accuracy: 0.6779074074074074
Configure Fit
server round: 16
[2024-04-26 23:47:09,404][flwr][DEBUG] - fit_round 16: strategy sampled 15 clients (out of 50)
[2024-04-26 23:50:37,366][flwr][DEBUG] - fit_round 16 received 15 results and 0 failures
315 Current GPU Memory: 8519680
malicious is ['0', '0']
Number of Evil Clients: 13
Number of Preset Malicious Clients is 0
Number of Preset Benign Clients is 2
Average poisoning accuracy: 0.5939307692307693
KMeans
intra_cluster distance is 4.327097602480455
Now, comb_C is [0 0]
Clustering Accuracy is 1.0
length of good results is 2 and length of bad results is 0
acc_diff is 0
Evaluate
Global Poisoning Accuracy: 0.0376
[2024-04-26 23:51:07,453][flwr][INFO] - fit progress: (16, 163.90057718753815, {'accuracy': 0.3984}, 4023.1062627349747)
Configure Evaluate
[2024-04-26 23:51:07,453][flwr][DEBUG] - evaluate_round 16: strategy sampled 15 clients (out of 50)
[2024-04-26 23:51:22,512][flwr][DEBUG] - evaluate_round 16 received 15 results and 0 failures
Aggregate evaluate
benign record is ['44', '3', '8', '29', '24', '26', '19', '18', '15', '28', '14', '20', '34', '11', '35', '13', '6', '0']
Federated Accuracy: 0.7657454545454545
Configure Fit
server round: 17
[2024-04-26 23:51:22,512][flwr][DEBUG] - fit_round 17: strategy sampled 15 clients (out of 50)
[2024-04-26 23:55:02,717][flwr][DEBUG] - fit_round 17 received 15 results and 0 failures
315 Current GPU Memory: 8519680
malicious is ['0', '0', '0']
Number of Evil Clients: 12
Number of Preset Malicious Clients is 0
Number of Preset Benign Clients is 3
Average poisoning accuracy: 0.4750083333333333
KMeans
intra_cluster distance is 4.0947619871868595
Now, comb_C is [0 0 0]
Clustering Accuracy is 1.0
length of good results is 3 and length of bad results is 0
acc_diff is 0
Evaluate
Global Poisoning Accuracy: 0.0334
[2024-04-26 23:55:29,989][flwr][INFO] - fit progress: (17, 165.20399951934814, {'accuracy': 0.4006}, 4285.643188518006)
Configure Evaluate
[2024-04-26 23:55:29,990][flwr][DEBUG] - evaluate_round 17: strategy sampled 15 clients (out of 50)
[2024-04-26 23:55:44,947][flwr][DEBUG] - evaluate_round 17 received 15 results and 0 failures
Aggregate evaluate
benign record is ['44', '3', '8', '29', '24', '26', '19', '18', '15', '28', '14', '20', '34', '11', '35', '13', '6', '0']
Federated Accuracy: 0.7425142857142858
Configure Fit
server round: 18
[2024-04-26 23:55:44,948][flwr][DEBUG] - fit_round 18: strategy sampled 15 clients (out of 50)
[2024-04-26 23:59:06,744][flwr][DEBUG] - fit_round 18 received 15 results and 0 failures
315 Current GPU Memory: 8519680
malicious is ['0', '0', '0', '0']
Number of Evil Clients: 11
Number of Preset Malicious Clients is 0
Number of Preset Benign Clients is 4
Average poisoning accuracy: 0.5215818181818183
KMeans
intra_cluster distance is 4.193229581212971
Now, comb_C is [0 0 0 0]
Clustering Accuracy is 1.0
length of good results is 4 and length of bad results is 0
acc_diff is 0
Evaluate
Global Poisoning Accuracy: 0.0268
[2024-04-26 23:59:32,564][flwr][INFO] - fit progress: (18, 166.45681631565094, {'accuracy': 0.405}, 4528.217437005951)
Configure Evaluate
[2024-04-26 23:59:32,564][flwr][DEBUG] - evaluate_round 18: strategy sampled 15 clients (out of 50)
[2024-04-26 23:59:47,407][flwr][DEBUG] - evaluate_round 18 received 15 results and 0 failures
Aggregate evaluate
benign record is ['44', '3', '8', '29', '24', '26', '19', '18', '15', '28', '14', '20', '34', '11', '35', '13', '6', '0']
Federated Accuracy: 0.76104
Configure Fit
server round: 19
[2024-04-26 23:59:47,407][flwr][DEBUG] - fit_round 19: strategy sampled 15 clients (out of 50)
[2024-04-27 00:02:54,900][flwr][DEBUG] - fit_round 19 received 15 results and 0 failures
315 Current GPU Memory: 8519680
malicious is ['0', '0']
Number of Evil Clients: 13
Number of Preset Malicious Clients is 0
Number of Preset Benign Clients is 2
Average poisoning accuracy: 0.5433692307692308
KMeans
intra_cluster distance is 3.3708829960044175
Now, comb_C is [0 0]
Clustering Accuracy is 1.0
length of good results is 2 and length of bad results is 0
acc_diff is 0
Evaluate
Global Poisoning Accuracy: 0.0474
[2024-04-27 00:03:25,470][flwr][INFO] - fit progress: (19, 171.69341444969177, {'accuracy': 0.4023}, 4761.123687469051)
Configure Evaluate
[2024-04-27 00:03:25,470][flwr][DEBUG] - evaluate_round 19: strategy sampled 15 clients (out of 50)
[2024-04-27 00:03:40,463][flwr][DEBUG] - evaluate_round 19 received 15 results and 0 failures
Aggregate evaluate
benign record is ['44', '3', '8', '29', '24', '26', '19', '18', '15', '28', '14', '20', '34', '11', '35', '13', '6', '0']
Federated Accuracy: 0.7531538461538461
Configure Fit
server round: 20
[2024-04-27 00:03:40,464][flwr][DEBUG] - fit_round 20: strategy sampled 15 clients (out of 50)
[2024-04-27 00:06:52,828][flwr][DEBUG] - fit_round 20 received 15 results and 0 failures
315 Current GPU Memory: 8519680
malicious is ['0', '0', '0', '0', '0']
Number of Evil Clients: 10
Number of Preset Malicious Clients is 0
Number of Preset Benign Clients is 5
Average poisoning accuracy: 0.6701599999999999
KMeans
intra_cluster distance is 4.09315081761908
Now, comb_C is [0 0 0 0 0]
Clustering Accuracy is 1.0
length of good results is 5 and length of bad results is 0
acc_diff is 0
Evaluate
Global Poisoning Accuracy: 0.0512
[2024-04-27 00:07:18,443][flwr][INFO] - fit progress: (20, 166.96976721286774, {'accuracy': 0.4121}, 4994.09671297099)
Configure Evaluate
[2024-04-27 00:07:18,443][flwr][DEBUG] - evaluate_round 20: strategy sampled 15 clients (out of 50)
[2024-04-27 00:07:33,044][flwr][DEBUG] - evaluate_round 20 received 15 results and 0 failures
Aggregate evaluate
benign record is ['44', '3', '8', '29', '24', '26', '19', '18', '15', '28', '14', '20', '34', '11', '35', '13', '6', '0']
Federated Accuracy: 0.8384736842105264
Configure Fit
server round: 21
[2024-04-27 00:07:33,044][flwr][DEBUG] - fit_round 21: strategy sampled 15 clients (out of 50)
[2024-04-27 00:10:45,543][flwr][DEBUG] - fit_round 21 received 15 results and 0 failures
315 Current GPU Memory: 8519680
malicious is ['0', '0', '0', '0']
Number of Evil Clients: 11
Number of Preset Malicious Clients is 0
Number of Preset Benign Clients is 4
Average poisoning accuracy: 0.49734545454545454
KMeans
intra_cluster distance is 4.390521878842891
Now, comb_C is [0 0 0 0]
Clustering Accuracy is 1.0
length of good results is 4 and length of bad results is 0
acc_diff is 0
Evaluate
Global Poisoning Accuracy: 0.0753
[2024-04-27 00:11:12,619][flwr][INFO] - fit progress: (21, 163.8230001926422, {'accuracy': 0.4171}, 5228.27319930098)
Configure Evaluate
[2024-04-27 00:11:12,620][flwr][DEBUG] - evaluate_round 21: strategy sampled 15 clients (out of 50)
[2024-04-27 00:11:27,277][flwr][DEBUG] - evaluate_round 21 received 15 results and 0 failures
Aggregate evaluate
benign record is ['44', '3', '8', '29', '24', '26', '19', '18', '15', '28', '14', '20', '34', '11', '35', '13', '6', '0']
Federated Accuracy: 0.792125641025641
Configure Fit
server round: 22
[2024-04-27 00:11:27,277][flwr][DEBUG] - fit_round 22: strategy sampled 15 clients (out of 50)
[2024-04-27 00:14:41,731][flwr][DEBUG] - fit_round 22 received 15 results and 0 failures
315 Current GPU Memory: 8519680
malicious is ['0', '0', '0']
Number of Evil Clients: 12
Number of Preset Malicious Clients is 0
Number of Preset Benign Clients is 3
Average poisoning accuracy: 0.5604666666666667
KMeans
intra_cluster distance is 3.584463593853256
Now, comb_C is [0 0 0]
Clustering Accuracy is 1.0
length of good results is 3 and length of bad results is 0
acc_diff is 0
Evaluate
Global Poisoning Accuracy: 0.0223
[2024-04-27 00:15:11,254][flwr][INFO] - fit progress: (22, 173.05350053310394, {'accuracy': 0.4131}, 5466.907749740058)
Configure Evaluate
[2024-04-27 00:15:11,254][flwr][DEBUG] - evaluate_round 22: strategy sampled 15 clients (out of 50)
[2024-04-27 00:15:26,357][flwr][DEBUG] - evaluate_round 22 received 15 results and 0 failures
Aggregate evaluate
benign record is ['44', '3', '8', '29', '24', '26', '19', '18', '15', '28', '14', '20', '34', '11', '35', '13', '6', '0']
Federated Accuracy: 0.8368047619047619
Configure Fit
server round: 23
[2024-04-27 00:15:26,358][flwr][DEBUG] - fit_round 23: strategy sampled 15 clients (out of 50)
[2024-04-27 00:18:22,598][flwr][DEBUG] - fit_round 23 received 15 results and 0 failures
315 Current GPU Memory: 8519680
malicious is ['0', '0', '0']
Number of Evil Clients: 12
Number of Preset Malicious Clients is 0
Number of Preset Benign Clients is 3
Average poisoning accuracy: 0.5108083333333332
KMeans
intra_cluster distance is 4.61063308487511
Now, comb_C is [0 0 0]
Clustering Accuracy is 1.0
length of good results is 3 and length of bad results is 0
acc_diff is 0
Evaluate
Global Poisoning Accuracy: 0.0384
[2024-04-27 00:18:49,704][flwr][INFO] - fit progress: (23, 175.9891916513443, {'accuracy': 0.4111}, 5685.358178975992)
Configure Evaluate
[2024-04-27 00:18:49,705][flwr][DEBUG] - evaluate_round 23: strategy sampled 15 clients (out of 50)
[2024-04-27 00:19:04,753][flwr][DEBUG] - evaluate_round 23 received 15 results and 0 failures
Aggregate evaluate
benign record is ['24', '18', '13', '3', '19', '28', '6', '15', '35', '34', '11', '44', '22', '8', '29', '26', '20', '14', '0']
Federated Accuracy: 0.6187666666666667
Configure Fit
server round: 24
[2024-04-27 00:19:04,754][flwr][DEBUG] - fit_round 24: strategy sampled 15 clients (out of 50)
[2024-04-27 00:22:11,644][flwr][DEBUG] - fit_round 24 received 15 results and 0 failures
315 Current GPU Memory: 8519680
malicious is ['0', '0', '0']
Number of Evil Clients: 12
Number of Preset Malicious Clients is 0
Number of Preset Benign Clients is 3
Average poisoning accuracy: 0.5403833333333333
KMeans
intra_cluster distance is 2.9421433543879507
Now, comb_C is [0 0 0]
Clustering Accuracy is 1.0
length of good results is 3 and length of bad results is 0
acc_diff is 0
Evaluate
Global Poisoning Accuracy: 0.0432
[2024-04-27 00:22:39,276][flwr][INFO] - fit progress: (24, 173.61371088027954, {'accuracy': 0.4173}, 5914.929896146059)
Configure Evaluate
[2024-04-27 00:22:39,277][flwr][DEBUG] - evaluate_round 24: strategy sampled 15 clients (out of 50)
[2024-04-27 00:22:54,171][flwr][DEBUG] - evaluate_round 24 received 15 results and 0 failures
Aggregate evaluate
benign record is ['24', '18', '13', '3', '19', '28', '6', '15', '35', '34', '11', '44', '22', '8', '29', '26', '20', '14', '0']
Federated Accuracy: 0.7683199999999999
Configure Fit
server round: 25
[2024-04-27 00:22:54,172][flwr][DEBUG] - fit_round 25: strategy sampled 15 clients (out of 50)
[2024-04-27 00:26:19,714][flwr][DEBUG] - fit_round 25 received 15 results and 0 failures
315 Current GPU Memory: 8519680
malicious is ['0', '0', '0', '0']
Number of Evil Clients: 11
Number of Preset Malicious Clients is 0
Number of Preset Benign Clients is 4
Average poisoning accuracy: 0.5919636363636364
KMeans
intra_cluster distance is 3.857054903795967
Now, comb_C is [0 0 0 0]
Clustering Accuracy is 1.0
length of good results is 4 and length of bad results is 0
acc_diff is 0
Evaluate
Global Poisoning Accuracy: 0.0503
[2024-04-27 00:26:45,619][flwr][INFO] - fit progress: (25, 173.29139292240143, {'accuracy': 0.416}, 6161.272669058992)
Configure Evaluate
[2024-04-27 00:26:45,619][flwr][DEBUG] - evaluate_round 25: strategy sampled 15 clients (out of 50)
[2024-04-27 00:27:00,709][flwr][DEBUG] - evaluate_round 25 received 15 results and 0 failures
Aggregate evaluate
benign record is ['24', '18', '13', '3', '19', '28', '6', '15', '35', '34', '11', '44', '22', '8', '29', '26', '20', '14', '0']
Federated Accuracy: 0.8539125000000002
Configure Fit
server round: 26
[2024-04-27 00:27:00,710][flwr][DEBUG] - fit_round 26: strategy sampled 15 clients (out of 50)
[2024-04-27 00:29:29,546][flwr][DEBUG] - fit_round 26 received 15 results and 0 failures
315 Current GPU Memory: 8519680
malicious is ['0', '0', '0', '0', '0', '0']
Number of Evil Clients: 9
Number of Preset Malicious Clients is 0
Number of Preset Benign Clients is 6
Average poisoning accuracy: 0.27037777777777783
KMeans
intra_cluster distance is 3.9934983404886135
Now, comb_C is [0 0 0 0 0 0]
Clustering Accuracy is 1.0
length of good results is 6 and length of bad results is 0
acc_diff is 0
Evaluate
Global Poisoning Accuracy: 0.0595
[2024-04-27 00:29:51,848][flwr][INFO] - fit progress: (26, 174.16274070739746, {'accuracy': 0.4133}, 6347.501912171952)
Configure Evaluate
[2024-04-27 00:29:51,848][flwr][DEBUG] - evaluate_round 26: strategy sampled 15 clients (out of 50)
[2024-04-27 00:30:06,958][flwr][DEBUG] - evaluate_round 26 received 15 results and 0 failures
Aggregate evaluate
benign record is ['24', '18', '13', '3', '19', '28', '6', '15', '35', '34', '11', '44', '22', '8', '29', '26', '20', '14', '0']
Federated Accuracy: 0.64118
Configure Fit
server round: 27
[2024-04-27 00:30:06,958][flwr][DEBUG] - fit_round 27: strategy sampled 15 clients (out of 50)
[2024-04-27 00:33:35,571][flwr][DEBUG] - fit_round 27 received 15 results and 0 failures
315 Current GPU Memory: 8519680
malicious is ['0', '0', '0']
Number of Evil Clients: 12
Number of Preset Malicious Clients is 0
Number of Preset Benign Clients is 3
Average poisoning accuracy: 0.6803083333333332
KMeans
intra_cluster distance is 3.7907855686982095
Now, comb_C is [0 0 0]
Clustering Accuracy is 1.0
length of good results is 3 and length of bad results is 0
acc_diff is 0
Evaluate
Global Poisoning Accuracy: 0.0585
[2024-04-27 00:34:04,266][flwr][INFO] - fit progress: (27, 180.6993237733841, {'accuracy': 0.4128}, 6599.919355942053)
Configure Evaluate
[2024-04-27 00:34:04,266][flwr][DEBUG] - evaluate_round 27: strategy sampled 15 clients (out of 50)
[2024-04-27 00:34:19,340][flwr][DEBUG] - evaluate_round 27 received 15 results and 0 failures
Aggregate evaluate
benign record is ['24', '18', '13', '3', '19', '28', '6', '15', '35', '34', '11', '44', '22', '8', '29', '26', '20', '14', '0']
Federated Accuracy: 0.8283263157894737
Configure Fit
server round: 28
[2024-04-27 00:34:19,341][flwr][DEBUG] - fit_round 28: strategy sampled 15 clients (out of 50)
[2024-04-27 00:37:26,428][flwr][DEBUG] - fit_round 28 received 15 results and 0 failures
315 Current GPU Memory: 8519680
malicious is ['0', '0', '0', '0']
Number of Evil Clients: 11
Number of Preset Malicious Clients is 0
Number of Preset Benign Clients is 4
Average poisoning accuracy: 0.4571454545454545
KMeans
intra_cluster distance is 3.04496186382199
Now, comb_C is [0 0 0 0]
Clustering Accuracy is 1.0
length of good results is 4 and length of bad results is 0
acc_diff is 0
Evaluate
Global Poisoning Accuracy: 0.059
[2024-04-27 00:37:53,356][flwr][INFO] - fit progress: (28, 181.43181562423706, {'accuracy': 0.4059}, 6829.009969022009)
Configure Evaluate
[2024-04-27 00:37:53,357][flwr][DEBUG] - evaluate_round 28: strategy sampled 15 clients (out of 50)
[2024-04-27 00:38:08,516][flwr][DEBUG] - evaluate_round 28 received 15 results and 0 failures
Aggregate evaluate
benign record is ['24', '18', '13', '3', '19', '28', '6', '15', '35', '34', '11', '44', '22', '8', '29', '26', '20', '14', '0']
Federated Accuracy: 0.8312387096774192
Configure Fit
server round: 29
[2024-04-27 00:38:08,516][flwr][DEBUG] - fit_round 29: strategy sampled 15 clients (out of 50)
[2024-04-27 00:41:17,520][flwr][DEBUG] - fit_round 29 received 15 results and 0 failures
315 Current GPU Memory: 8519680
malicious is ['0', '0', '0']
Number of Evil Clients: 12
Number of Preset Malicious Clients is 0
Number of Preset Benign Clients is 3
Average poisoning accuracy: 0.5045166666666666
KMeans
intra_cluster distance is 2.4976821860717333
Now, comb_C is [0 0 0]
Clustering Accuracy is 1.0
length of good results is 3 and length of bad results is 0
acc_diff is 0
Evaluate
Global Poisoning Accuracy: 0.0589
[2024-04-27 00:41:45,117][flwr][INFO] - fit progress: (29, 175.79501807689667, {'accuracy': 0.4124}, 7060.770682881004)
Configure Evaluate
[2024-04-27 00:41:45,117][flwr][DEBUG] - evaluate_round 29: strategy sampled 15 clients (out of 50)
[2024-04-27 00:41:59,738][flwr][DEBUG] - evaluate_round 29 received 15 results and 0 failures
Aggregate evaluate
benign record is ['24', '18', '13', '3', '19', '28', '6', '15', '35', '34', '11', '44', '22', '8', '29', '26', '20', '14', '0']
Federated Accuracy: 0.6784259259259259
Configure Fit
server round: 30
[2024-04-27 00:41:59,738][flwr][DEBUG] - fit_round 30: strategy sampled 15 clients (out of 50)
[2024-04-27 00:44:44,869][flwr][DEBUG] - fit_round 30 received 15 results and 0 failures
315 Current GPU Memory: 8519680
malicious is ['0', '0']
Number of Evil Clients: 13
Number of Preset Malicious Clients is 0
Number of Preset Benign Clients is 2
Average poisoning accuracy: 0.4988923076923077
KMeans
intra_cluster distance is 2.6894342502742665
Now, comb_C is [0 0]
Clustering Accuracy is 1.0
length of good results is 2 and length of bad results is 0
acc_diff is 0
Evaluate
Global Poisoning Accuracy: 0.0548
[2024-04-27 00:45:14,915][flwr][INFO] - fit progress: (30, 179.4319328069687, {'accuracy': 0.4195}, 7270.569170583971)
Configure Evaluate
[2024-04-27 00:45:14,916][flwr][DEBUG] - evaluate_round 30: strategy sampled 15 clients (out of 50)
[2024-04-27 00:45:29,858][flwr][DEBUG] - evaluate_round 30 received 15 results and 0 failures
Aggregate evaluate
benign record is ['24', '18', '13', '3', '19', '28', '6', '15', '35', '34', '11', '44', '22', '8', '29', '26', '20', '14', '0']
Federated Accuracy: 0.7206242424242425
Configure Fit
server round: 31
[2024-04-27 00:45:29,859][flwr][DEBUG] - fit_round 31: strategy sampled 15 clients (out of 50)
[2024-04-27 00:48:43,222][flwr][DEBUG] - fit_round 31 received 15 results and 0 failures
315 Current GPU Memory: 8519680
malicious is ['0']
Number of Evil Clients: 14
Number of Preset Malicious Clients is 0
Number of Preset Benign Clients is 1
Average poisoning accuracy: 0.6324571428571428
Now, comb_C is [0]
Clustering Accuracy is 1.0
length of good results is 1 and length of bad results is 0
acc_diff is 0
Evaluate
Global Poisoning Accuracy: 0.0632
[2024-04-27 00:49:16,954][flwr][INFO] - fit progress: (31, 181.06484711170197, {'accuracy': 0.4133}, 7512.607661820017)
Configure Evaluate
[2024-04-27 00:49:16,955][flwr][DEBUG] - evaluate_round 31: strategy sampled 15 clients (out of 50)
[2024-04-27 00:49:31,502][flwr][DEBUG] - evaluate_round 31 received 15 results and 0 failures
Aggregate evaluate
benign record is ['24', '18', '13', '3', '19', '28', '6', '15', '35', '34', '11', '44', '22', '8', '29', '26', '20', '14', '0']
Federated Accuracy: 0.836175
Configure Fit
server round: 32
[2024-04-27 00:49:31,503][flwr][DEBUG] - fit_round 32: strategy sampled 15 clients (out of 50)
[2024-04-27 00:52:35,798][flwr][DEBUG] - fit_round 32 received 15 results and 0 failures
315 Current GPU Memory: 8519680
malicious is ['0', '0']
Number of Evil Clients: 13
Number of Preset Malicious Clients is 0
Number of Preset Benign Clients is 2
Average poisoning accuracy: 0.4767538461538461
KMeans
intra_cluster distance is 5.971279503415715
Now, comb_C is [0 0]
Clustering Accuracy is 1.0
length of good results is 2 and length of bad results is 0
acc_diff is 0
Evaluate
Global Poisoning Accuracy: 0.0284
[2024-04-27 00:53:05,774][flwr][INFO] - fit progress: (32, 185.61739599704742, {'accuracy': 0.4074}, 7741.427586916019)
Configure Evaluate
[2024-04-27 00:53:05,774][flwr][DEBUG] - evaluate_round 32: strategy sampled 15 clients (out of 50)
[2024-04-27 00:53:20,512][flwr][DEBUG] - evaluate_round 32 received 15 results and 0 failures
Aggregate evaluate
benign record is ['24', '18', '13', '3', '19', '28', '6', '15', '35', '34', '11', '44', '22', '8', '29', '26', '20', '14', '0']
Federated Accuracy: 0.8420099999999999
Configure Fit
server round: 33
[2024-04-27 00:53:20,512][flwr][DEBUG] - fit_round 33: strategy sampled 15 clients (out of 50)
[2024-04-27 00:56:27,122][flwr][DEBUG] - fit_round 33 received 15 results and 0 failures
315 Current GPU Memory: 8519680
malicious is ['0']
Number of Evil Clients: 14
Number of Preset Malicious Clients is 0
Number of Preset Benign Clients is 1
Average poisoning accuracy: 0.5063142857142857
Now, comb_C is [0]
Clustering Accuracy is 1.0
length of good results is 1 and length of bad results is 0
acc_diff is 0
Evaluate
Global Poisoning Accuracy: 0.0349
[2024-04-27 00:56:59,358][flwr][INFO] - fit progress: (33, 191.52334415912628, {'accuracy': 0.4024}, 7975.012184503954)
Configure Evaluate
[2024-04-27 00:56:59,359][flwr][DEBUG] - evaluate_round 33: strategy sampled 15 clients (out of 50)
[2024-04-27 00:57:14,359][flwr][DEBUG] - evaluate_round 33 received 15 results and 0 failures
Aggregate evaluate
benign record is ['24', '18', '13', '3', '19', '28', '6', '15', '35', '34', '11', '44', '22', '8', '29', '26', '20', '14', '0']
Federated Accuracy: 0.8737571428571428
Configure Fit
server round: 34
[2024-04-27 00:57:14,360][flwr][DEBUG] - fit_round 34: strategy sampled 15 clients (out of 50)
[2024-04-27 01:00:13,638][flwr][DEBUG] - fit_round 34 received 15 results and 0 failures
315 Current GPU Memory: 8519680
malicious is ['0', '0', '0', '0']
Number of Evil Clients: 11
Number of Preset Malicious Clients is 0
Number of Preset Benign Clients is 4
Average poisoning accuracy: 0.5817818181818183
KMeans
intra_cluster distance is 3.8344299359391867
Now, comb_C is [0 0 0 0]
Clustering Accuracy is 1.0
length of good results is 4 and length of bad results is 0
acc_diff is 0
Evaluate
Global Poisoning Accuracy: 0.041
[2024-04-27 01:00:41,235][flwr][INFO] - fit progress: (34, 185.41292536258698, {'accuracy': 0.4097}, 8196.888849955983)
Configure Evaluate
[2024-04-27 01:00:41,235][flwr][DEBUG] - evaluate_round 34: strategy sampled 15 clients (out of 50)
[2024-04-27 01:00:55,932][flwr][DEBUG] - evaluate_round 34 received 15 results and 0 failures
Aggregate evaluate
benign record is ['24', '18', '13', '3', '19', '28', '6', '15', '35', '34', '11', '44', '22', '8', '29', '26', '20', '14', '0']
Federated Accuracy: 0.8359473684210527
Configure Fit
server round: 35
[2024-04-27 01:00:55,932][flwr][DEBUG] - fit_round 35: strategy sampled 15 clients (out of 50)
[2024-04-27 01:03:59,391][flwr][DEBUG] - fit_round 35 received 15 results and 0 failures
315 Current GPU Memory: 8519680
malicious is ['0', '0', '0', '0', '0']
Number of Evil Clients: 10
Number of Preset Malicious Clients is 0
Number of Preset Benign Clients is 5
Average poisoning accuracy: 0.6641999999999999
KMeans
intra_cluster distance is 2.684879377359533
Now, comb_C is [0 0 0 0 0]
Clustering Accuracy is 1.0
length of good results is 5 and length of bad results is 0
acc_diff is 0
Evaluate
Global Poisoning Accuracy: 0.0462
[2024-04-27 01:04:23,684][flwr][INFO] - fit progress: (35, 183.49815344810486, {'accuracy': 0.413}, 8419.33730922197)
Configure Evaluate
[2024-04-27 01:04:23,684][flwr][DEBUG] - evaluate_round 35: strategy sampled 15 clients (out of 50)
[2024-04-27 01:04:38,311][flwr][DEBUG] - evaluate_round 35 received 15 results and 0 failures
Aggregate evaluate
benign record is ['24', '18', '13', '3', '19', '28', '6', '15', '35', '34', '11', '44', '22', '8', '29', '26', '20', '14', '0']
Federated Accuracy: 0.7576818181818182
Configure Fit
server round: 36
[2024-04-27 01:04:38,312][flwr][DEBUG] - fit_round 36: strategy sampled 15 clients (out of 50)
[2024-04-27 01:07:58,521][flwr][DEBUG] - fit_round 36 received 15 results and 0 failures
315 Current GPU Memory: 8519680
malicious is ['0', '0']
Number of Evil Clients: 13
Number of Preset Malicious Clients is 0
Number of Preset Benign Clients is 2
Average poisoning accuracy: 0.5430538461538461
KMeans
intra_cluster distance is 2.5042654855808486
Now, comb_C is [0 0]
Clustering Accuracy is 1.0
length of good results is 2 and length of bad results is 0
acc_diff is 0
Evaluate
Global Poisoning Accuracy: 0.0349
[2024-04-27 01:08:27,981][flwr][INFO] - fit progress: (36, 189.33541059494019, {'accuracy': 0.4072}, 8663.634306180058)
Configure Evaluate
[2024-04-27 01:08:27,981][flwr][DEBUG] - evaluate_round 36: strategy sampled 15 clients (out of 50)
[2024-04-27 01:08:42,773][flwr][DEBUG] - evaluate_round 36 received 15 results and 0 failures
Aggregate evaluate
benign record is ['24', '18', '13', '3', '19', '28', '6', '15', '35', '34', '11', '44', '22', '8', '29', '26', '20', '14', '0']
Federated Accuracy: 0.7983894736842106
Configure Fit
server round: 37
[2024-04-27 01:08:42,774][flwr][DEBUG] - fit_round 37: strategy sampled 15 clients (out of 50)
[2024-04-27 01:11:34,165][flwr][DEBUG] - fit_round 37 received 15 results and 0 failures
315 Current GPU Memory: 8519680
malicious is ['0', '0', '0', '0', '0', '0']
Number of Evil Clients: 9
Number of Preset Malicious Clients is 0
Number of Preset Benign Clients is 6
Average poisoning accuracy: 0.28732222222222226
KMeans
intra_cluster distance is 1.8809084917267964
Now, comb_C is [0 0 0 0 0 0]
Clustering Accuracy is 1.0
length of good results is 6 and length of bad results is 0
acc_diff is 0
Evaluate
Global Poisoning Accuracy: 0.0465
[2024-04-27 01:11:56,985][flwr][INFO] - fit progress: (37, 188.52520287036896, {'accuracy': 0.4109}, 8872.638598992955)
Configure Evaluate
[2024-04-27 01:11:56,985][flwr][DEBUG] - evaluate_round 37: strategy sampled 15 clients (out of 50)
[2024-04-27 01:12:11,313][flwr][DEBUG] - evaluate_round 37 received 15 results and 0 failures
Aggregate evaluate
benign record is ['24', '18', '13', '3', '19', '28', '6', '15', '35', '34', '11', '44', '22', '8', '29', '26', '20', '14', '0']
Federated Accuracy: 0.7222428571428571
Configure Fit
server round: 38
[2024-04-27 01:12:11,314][flwr][DEBUG] - fit_round 38: strategy sampled 15 clients (out of 50)
[2024-04-27 01:14:57,328][flwr][DEBUG] - fit_round 38 received 15 results and 0 failures
315 Current GPU Memory: 8519680
malicious is ['0', '0', '0', '0']
Number of Evil Clients: 11
Number of Preset Malicious Clients is 0
Number of Preset Benign Clients is 4
Average poisoning accuracy: 0.6020818181818182
KMeans
intra_cluster distance is 2.053510198255656
Now, comb_C is [0 0 0 0]
Clustering Accuracy is 1.0
length of good results is 4 and length of bad results is 0
acc_diff is 0
Evaluate
Global Poisoning Accuracy: 0.0505
[2024-04-27 01:15:24,781][flwr][INFO] - fit progress: (38, 183.94788265228271, {'accuracy': 0.4145}, 9080.434626798029)
Configure Evaluate
[2024-04-27 01:15:24,781][flwr][DEBUG] - evaluate_round 38: strategy sampled 15 clients (out of 50)
[2024-04-27 01:15:38,983][flwr][DEBUG] - evaluate_round 38 received 15 results and 0 failures
Aggregate evaluate
benign record is ['24', '18', '13', '3', '19', '28', '6', '15', '35', '34', '11', '44', '22', '8', '29', '26', '20', '14', '0']
Federated Accuracy: 0.8731043478260869
Configure Fit
server round: 39
[2024-04-27 01:15:38,983][flwr][DEBUG] - fit_round 39: strategy sampled 15 clients (out of 50)
[2024-04-27 01:19:08,080][flwr][DEBUG] - fit_round 39 received 15 results and 0 failures
315 Current GPU Memory: 8519680
malicious is ['0', '0', '0', '0']
Number of Evil Clients: 11
Number of Preset Malicious Clients is 0
Number of Preset Benign Clients is 4
Average poisoning accuracy: 0.6410545454545455
KMeans
intra_cluster distance is 4.459972402163785
Now, comb_C is [0 0 0 0]
Clustering Accuracy is 1.0
length of good results is 4 and length of bad results is 0
acc_diff is 0
Evaluate
Global Poisoning Accuracy: 0.0547
[2024-04-27 01:19:35,817][flwr][INFO] - fit progress: (39, 181.76351964473724, {'accuracy': 0.416}, 9331.471003063023)
Configure Evaluate
[2024-04-27 01:19:35,818][flwr][DEBUG] - evaluate_round 39: strategy sampled 15 clients (out of 50)
[2024-04-27 01:19:50,530][flwr][DEBUG] - evaluate_round 39 received 15 results and 0 failures
Aggregate evaluate
benign record is ['24', '18', '13', '3', '19', '28', '6', '15', '35', '34', '11', '44', '22', '8', '29', '26', '20', '14', '0']
Federated Accuracy: 0.756528947368421
Configure Fit
server round: 40
[2024-04-27 01:19:50,531][flwr][DEBUG] - fit_round 40: strategy sampled 15 clients (out of 50)
[2024-04-27 01:22:57,628][flwr][DEBUG] - fit_round 40 received 15 results and 0 failures
315 Current GPU Memory: 8519680
malicious is ['0', '0', '0', '0', '0']
Number of Evil Clients: 10
Number of Preset Malicious Clients is 0
Number of Preset Benign Clients is 5
Average poisoning accuracy: 0.50323
KMeans
intra_cluster distance is 2.6362824255793096
Now, comb_C is [0 0 0 0 0]
Clustering Accuracy is 1.0
length of good results is 5 and length of bad results is 0
acc_diff is 0
Evaluate
Global Poisoning Accuracy: 0.0493
[2024-04-27 01:23:21,408][flwr][INFO] - fit progress: (40, 185.8639600276947, {'accuracy': 0.4108}, 9557.062198098982)
Configure Evaluate
[2024-04-27 01:23:21,409][flwr][DEBUG] - evaluate_round 40: strategy sampled 15 clients (out of 50)
[2024-04-27 01:23:36,031][flwr][DEBUG] - evaluate_round 40 received 15 results and 0 failures
Aggregate evaluate
benign record is ['24', '18', '13', '3', '19', '28', '6', '15', '35', '34', '11', '44', '22', '8', '29', '26', '20', '14', '0']
Federated Accuracy: 0.7918166666666667
Configure Fit
server round: 41
[2024-04-27 01:23:36,031][flwr][DEBUG] - fit_round 41: strategy sampled 15 clients (out of 50)
[2024-04-27 01:26:40,020][flwr][DEBUG] - fit_round 41 received 15 results and 0 failures
315 Current GPU Memory: 8519680
malicious is ['0', '0', '0']
Number of Evil Clients: 12
Number of Preset Malicious Clients is 0
Number of Preset Benign Clients is 3
Average poisoning accuracy: 0.44599999999999995
KMeans
intra_cluster distance is 2.876680198606604
Now, comb_C is [0 0 0]
Clustering Accuracy is 1.0
length of good results is 3 and length of bad results is 0
acc_diff is 0
Evaluate
Global Poisoning Accuracy: 0.0261
[2024-04-27 01:27:07,500][flwr][INFO] - fit progress: (41, 198.56739926338196, {'accuracy': 0.3929}, 9783.153758825036)
Configure Evaluate
[2024-04-27 01:27:07,500][flwr][DEBUG] - evaluate_round 41: strategy sampled 15 clients (out of 50)
[2024-04-27 01:27:22,197][flwr][DEBUG] - evaluate_round 41 received 15 results and 0 failures
Aggregate evaluate
benign record is ['24', '18', '13', '3', '19', '28', '6', '15', '35', '34', '11', '44', '22', '8', '29', '26', '20', '14', '0']
Federated Accuracy: 0.6538375000000001
Configure Fit
server round: 42
[2024-04-27 01:27:22,197][flwr][DEBUG] - fit_round 42: strategy sampled 15 clients (out of 50)
[2024-04-27 01:30:23,757][flwr][DEBUG] - fit_round 42 received 15 results and 0 failures
315 Current GPU Memory: 8519680
malicious is ['0', '0', '0', '0']
Number of Evil Clients: 11
Number of Preset Malicious Clients is 0
Number of Preset Benign Clients is 4
Average poisoning accuracy: 0.5591
KMeans
intra_cluster distance is 2.7751454415742782
Now, comb_C is [0 0 0 0]
Clustering Accuracy is 1.0
length of good results is 4 and length of bad results is 0
acc_diff is 0
Evaluate
Global Poisoning Accuracy: 0.0276
[2024-04-27 01:30:51,274][flwr][INFO] - fit progress: (42, 187.4962089061737, {'accuracy': 0.4152}, 10006.928093452007)
Configure Evaluate
[2024-04-27 01:30:51,275][flwr][DEBUG] - evaluate_round 42: strategy sampled 15 clients (out of 50)
[2024-04-27 01:31:05,946][flwr][DEBUG] - evaluate_round 42 received 15 results and 0 failures
Aggregate evaluate
benign record is ['24', '18', '13', '3', '19', '28', '6', '15', '35', '34', '11', '44', '22', '8', '29', '26', '20', '14', '0']
Federated Accuracy: 0.7190928571428571
Configure Fit
server round: 43
[2024-04-27 01:31:05,947][flwr][DEBUG] - fit_round 43: strategy sampled 15 clients (out of 50)
[2024-04-27 01:34:10,847][flwr][DEBUG] - fit_round 43 received 15 results and 0 failures
315 Current GPU Memory: 8519680
malicious is ['0', '0', '0', '0', '0']
Number of Evil Clients: 10
Number of Preset Malicious Clients is 0
Number of Preset Benign Clients is 5
Average poisoning accuracy: 0.6899399999999999
KMeans
intra_cluster distance is 4.558037293926216
Now, comb_C is [0 0 0 0 0]
Clustering Accuracy is 1.0
length of good results is 5 and length of bad results is 0
acc_diff is 0
Evaluate
Global Poisoning Accuracy: 0.0356
[2024-04-27 01:34:36,141][flwr][INFO] - fit progress: (43, 188.34392535686493, {'accuracy': 0.4104}, 10231.794776716968)
Configure Evaluate
[2024-04-27 01:34:36,141][flwr][DEBUG] - evaluate_round 43: strategy sampled 15 clients (out of 50)
[2024-04-27 01:34:51,021][flwr][DEBUG] - evaluate_round 43 received 15 results and 0 failures
Aggregate evaluate
benign record is ['24', '18', '13', '3', '19', '28', '6', '15', '35', '34', '11', '44', '22', '8', '29', '26', '20', '14', '0']
Federated Accuracy: 0.745324
Configure Fit
server round: 44
[2024-04-27 01:34:51,022][flwr][DEBUG] - fit_round 44: strategy sampled 15 clients (out of 50)
[2024-04-27 01:38:13,477][flwr][DEBUG] - fit_round 44 received 15 results and 0 failures
315 Current GPU Memory: 8519680
malicious is ['0', '0']
Number of Evil Clients: 13
Number of Preset Malicious Clients is 0
Number of Preset Benign Clients is 2
Average poisoning accuracy: 0.5354307692307694
KMeans
intra_cluster distance is 3.3341344675427673
Now, comb_C is [0 0]
Clustering Accuracy is 1.0
length of good results is 2 and length of bad results is 0
acc_diff is 0
Evaluate
Global Poisoning Accuracy: 0.0473
[2024-04-27 01:38:43,537][flwr][INFO] - fit progress: (44, 181.94048142433167, {'accuracy': 0.4173}, 10479.190559264971)
Configure Evaluate
[2024-04-27 01:38:43,537][flwr][DEBUG] - evaluate_round 44: strategy sampled 15 clients (out of 50)
[2024-04-27 01:38:58,171][flwr][DEBUG] - evaluate_round 44 received 15 results and 0 failures
Aggregate evaluate
benign record is ['24', '18', '13', '3', '19', '28', '6', '15', '35', '34', '11', '44', '22', '8', '29', '26', '20', '14', '0']
Federated Accuracy: 0.8671851851851853
Configure Fit
server round: 45
[2024-04-27 01:38:58,172][flwr][DEBUG] - fit_round 45: strategy sampled 15 clients (out of 50)
[2024-04-27 01:41:43,709][flwr][DEBUG] - fit_round 45 received 15 results and 0 failures
315 Current GPU Memory: 8519680
malicious is ['0', '0', '0']
Number of Evil Clients: 12
Number of Preset Malicious Clients is 0
Number of Preset Benign Clients is 3
Average poisoning accuracy: 0.601125
KMeans
intra_cluster distance is 2.185754031719246
Now, comb_C is [0 0 0]
Clustering Accuracy is 1.0
length of good results is 3 and length of bad results is 0
acc_diff is 0
Evaluate
Global Poisoning Accuracy: 0.0391
[2024-04-27 01:42:12,881][flwr][INFO] - fit progress: (45, 183.27266132831573, {'accuracy': 0.421}, 10688.534747525002)
Configure Evaluate
[2024-04-27 01:42:12,881][flwr][DEBUG] - evaluate_round 45: strategy sampled 15 clients (out of 50)
[2024-04-27 01:42:27,040][flwr][DEBUG] - evaluate_round 45 received 15 results and 0 failures
Aggregate evaluate
benign record is ['24', '18', '13', '3', '19', '28', '6', '15', '35', '34', '11', '44', '22', '8', '29', '26', '20', '14', '0']
Federated Accuracy: 0.769692
Configure Fit
server round: 46
[2024-04-27 01:42:27,041][flwr][DEBUG] - fit_round 46: strategy sampled 15 clients (out of 50)
[2024-04-27 01:45:23,929][flwr][DEBUG] - fit_round 46 received 15 results and 0 failures
315 Current GPU Memory: 8519680
malicious is ['0', '0', '0']
Number of Evil Clients: 12
Number of Preset Malicious Clients is 0
Number of Preset Benign Clients is 3
Average poisoning accuracy: 0.4222916666666667
KMeans
intra_cluster distance is 3.16002204339154
Now, comb_C is [0 0 0]
Clustering Accuracy is 1.0
length of good results is 3 and length of bad results is 0
acc_diff is 0
Evaluate
Global Poisoning Accuracy: 0.0397
[2024-04-27 01:45:51,898][flwr][INFO] - fit progress: (46, 185.15354144573212, {'accuracy': 0.4167}, 10907.551673059002)
Configure Evaluate
[2024-04-27 01:45:51,898][flwr][DEBUG] - evaluate_round 46: strategy sampled 15 clients (out of 50)
[2024-04-27 01:46:06,311][flwr][DEBUG] - evaluate_round 46 received 15 results and 0 failures
Aggregate evaluate
benign record is ['24', '18', '13', '3', '19', '28', '6', '15', '35', '34', '11', '44', '22', '8', '29', '26', '20', '14', '0']
Federated Accuracy: 0.747671875
Configure Fit
server round: 47
[2024-04-27 01:46:06,312][flwr][DEBUG] - fit_round 47: strategy sampled 15 clients (out of 50)
[2024-04-27 01:49:12,850][flwr][DEBUG] - fit_round 47 received 15 results and 0 failures
315 Current GPU Memory: 8519680
malicious is ['0', '0']
Number of Evil Clients: 13
Number of Preset Malicious Clients is 0
Number of Preset Benign Clients is 2
Average poisoning accuracy: 0.4237307692307693
KMeans
intra_cluster distance is 2.1918279352165406
Now, comb_C is [0 0]
Clustering Accuracy is 1.0
length of good results is 2 and length of bad results is 0
acc_diff is 0
Evaluate
Global Poisoning Accuracy: 0.0258
[2024-04-27 01:49:44,344][flwr][INFO] - fit progress: (47, 190.08325397968292, {'accuracy': 0.4175}, 11139.99749493401)
Configure Evaluate
[2024-04-27 01:49:44,344][flwr][DEBUG] - evaluate_round 47: strategy sampled 15 clients (out of 50)
[2024-04-27 01:49:58,465][flwr][DEBUG] - evaluate_round 47 received 15 results and 0 failures
Aggregate evaluate
benign record is ['24', '18', '13', '3', '19', '28', '6', '15', '35', '34', '11', '44', '22', '8', '29', '26', '20', '14', '0']
Federated Accuracy: 0.782608695652174
Configure Fit
server round: 48
[2024-04-27 01:49:58,466][flwr][DEBUG] - fit_round 48: strategy sampled 15 clients (out of 50)
[2024-04-27 01:52:52,570][flwr][DEBUG] - fit_round 48 received 15 results and 0 failures
315 Current GPU Memory: 8519680
malicious is ['0', '0', '0', '0']
Number of Evil Clients: 11
Number of Preset Malicious Clients is 0
Number of Preset Benign Clients is 4
Average poisoning accuracy: 0.43036363636363634
KMeans
intra_cluster distance is 1.8976225911243931
Now, comb_C is [0 0 0 0]
Clustering Accuracy is 1.0
length of good results is 4 and length of bad results is 0
acc_diff is 0
Evaluate
Global Poisoning Accuracy: 0.0218
[2024-04-27 01:53:19,038][flwr][INFO] - fit progress: (48, 189.58261847496033, {'accuracy': 0.4178}, 11354.691277647042)
Configure Evaluate
[2024-04-27 01:53:19,038][flwr][DEBUG] - evaluate_round 48: strategy sampled 15 clients (out of 50)
[2024-04-27 01:53:33,286][flwr][DEBUG] - evaluate_round 48 received 15 results and 0 failures
Aggregate evaluate
benign record is ['24', '18', '13', '3', '19', '28', '6', '15', '35', '34', '11', '44', '22', '8', '29', '26', '20', '14', '0']
Federated Accuracy: 0.7587071428571429
Configure Fit
server round: 49
[2024-04-27 01:53:33,286][flwr][DEBUG] - fit_round 49: strategy sampled 15 clients (out of 50)
[2024-04-27 01:56:41,615][flwr][DEBUG] - fit_round 49 received 15 results and 0 failures
315 Current GPU Memory: 8519680
malicious is ['0', '0', '0']
Number of Evil Clients: 12
Number of Preset Malicious Clients is 0
Number of Preset Benign Clients is 3
Average poisoning accuracy: 0.6273916666666667
KMeans
intra_cluster distance is 3.352086765498517
Now, comb_C is [0 0 0]
Clustering Accuracy is 1.0
length of good results is 3 and length of bad results is 0
acc_diff is 0
Evaluate
Global Poisoning Accuracy: 0.0308
[2024-04-27 01:57:12,049][flwr][INFO] - fit progress: (49, 193.555713057518, {'accuracy': 0.4097}, 11587.702472759061)
Configure Evaluate
[2024-04-27 01:57:12,049][flwr][DEBUG] - evaluate_round 49: strategy sampled 15 clients (out of 50)
[2024-04-27 01:57:26,300][flwr][DEBUG] - evaluate_round 49 received 15 results and 0 failures
Aggregate evaluate
benign record is ['24', '18', '13', '3', '19', '28', '6', '15', '35', '34', '11', '44', '22', '8', '29', '26', '20', '14', '0']
Federated Accuracy: 0.8481350000000001
Configure Fit
server round: 50
[2024-04-27 01:57:26,300][flwr][DEBUG] - fit_round 50: strategy sampled 15 clients (out of 50)
[2024-04-27 02:00:34,951][flwr][DEBUG] - fit_round 50 received 15 results and 0 failures
315 Current GPU Memory: 8519680
malicious is ['0', '0', '0', '0', '0', '0']
Number of Evil Clients: 9
Number of Preset Malicious Clients is 0
Number of Preset Benign Clients is 6
Average poisoning accuracy: 0.4484222222222221
KMeans
intra_cluster distance is 2.231561421839021
Now, comb_C is [0 0 0 0 0 0]
Clustering Accuracy is 1.0
length of good results is 6 and length of bad results is 0
acc_diff is 0
Evaluate
Global Poisoning Accuracy: 0.0319
[2024-04-27 02:00:57,073][flwr][INFO] - fit progress: (50, 187.1024113893509, {'accuracy': 0.42}, 11812.726581261959)
Configure Evaluate
[2024-04-27 02:00:57,073][flwr][DEBUG] - evaluate_round 50: strategy sampled 15 clients (out of 50)
[2024-04-27 02:01:11,380][flwr][DEBUG] - evaluate_round 50 received 15 results and 0 failures
Aggregate evaluate
benign record is ['24', '18', '13', '3', '19', '28', '6', '15', '35', '34', '11', '44', '22', '8', '29', '26', '20', '14', '0']
Federated Accuracy: 0.8178535714285714
Configure Fit
server round: 51
[2024-04-27 02:01:11,380][flwr][DEBUG] - fit_round 51: strategy sampled 15 clients (out of 50)
[2024-04-27 02:04:14,548][flwr][DEBUG] - fit_round 51 received 15 results and 0 failures
315 Current GPU Memory: 8519680
malicious is ['0', '0']
Number of Evil Clients: 13
Number of Preset Malicious Clients is 0
Number of Preset Benign Clients is 2
Average poisoning accuracy: 0.4874538461538461
KMeans
intra_cluster distance is 2.1030286397682953
Now, comb_C is [0 0]
Clustering Accuracy is 1.0
length of good results is 2 and length of bad results is 0
acc_diff is 0
Evaluate
Global Poisoning Accuracy: 0.026
[2024-04-27 02:04:45,804][flwr][INFO] - fit progress: (51, 187.83236384391785, {'accuracy': 0.4197}, 12041.457613931037)
Configure Evaluate
[2024-04-27 02:04:45,804][flwr][DEBUG] - evaluate_round 51: strategy sampled 15 clients (out of 50)
[2024-04-27 02:05:00,345][flwr][DEBUG] - evaluate_round 51 received 15 results and 0 failures
Aggregate evaluate
benign record is ['24', '18', '13', '3', '19', '28', '6', '15', '35', '34', '11', '44', '22', '8', '29', '26', '20', '14', '0']
Federated Accuracy: 0.868784
Configure Fit
server round: 52
[2024-04-27 02:05:00,345][flwr][DEBUG] - fit_round 52: strategy sampled 15 clients (out of 50)
[2024-04-27 02:08:05,031][flwr][DEBUG] - fit_round 52 received 15 results and 0 failures
315 Current GPU Memory: 8519680
malicious is ['0', '0', '0', '0']
Number of Evil Clients: 11
Number of Preset Malicious Clients is 0
Number of Preset Benign Clients is 4
Average poisoning accuracy: 0.3925181818181818
KMeans
intra_cluster distance is 3.1574740762819755
Now, comb_C is [0 0 0 0]
Clustering Accuracy is 1.0
length of good results is 4 and length of bad results is 0
acc_diff is 0
Evaluate
Global Poisoning Accuracy: 0.0312
[2024-04-27 02:08:31,021][flwr][INFO] - fit progress: (52, 188.57574021816254, {'accuracy': 0.4173}, 12266.674945860053)
Configure Evaluate
[2024-04-27 02:08:31,022][flwr][DEBUG] - evaluate_round 52: strategy sampled 15 clients (out of 50)
[2024-04-27 02:08:45,347][flwr][DEBUG] - evaluate_round 52 received 15 results and 0 failures
Aggregate evaluate
benign record is ['24', '18', '13', '3', '19', '28', '6', '15', '35', '34', '11', '44', '22', '8', '29', '26', '20', '14', '0']
Federated Accuracy: 0.7897916666666666
Configure Fit
server round: 53
[2024-04-27 02:08:45,348][flwr][DEBUG] - fit_round 53: strategy sampled 15 clients (out of 50)
[2024-04-27 02:11:51,432][flwr][DEBUG] - fit_round 53 received 15 results and 0 failures
315 Current GPU Memory: 8519680
malicious is ['0', '0', '0', '0']
Number of Evil Clients: 11
Number of Preset Malicious Clients is 0
Number of Preset Benign Clients is 4
Average poisoning accuracy: 0.4198636363636364
KMeans
intra_cluster distance is 2.6326401180720236
Now, comb_C is [0 0 0 0]
Clustering Accuracy is 1.0
length of good results is 4 and length of bad results is 0
acc_diff is 0
Evaluate
Global Poisoning Accuracy: 0.0408
[2024-04-27 02:12:17,420][flwr][INFO] - fit progress: (53, 187.53891479969025, {'accuracy': 0.4227}, 12493.073707194999)
Configure Evaluate
[2024-04-27 02:12:17,420][flwr][DEBUG] - evaluate_round 53: strategy sampled 15 clients (out of 50)
[2024-04-27 02:12:31,962][flwr][DEBUG] - evaluate_round 53 received 15 results and 0 failures
Aggregate evaluate
benign record is ['24', '18', '13', '3', '19', '28', '6', '15', '35', '34', '11', '44', '22', '8', '29', '26', '20', '14', '0']
Federated Accuracy: 0.7835625
Configure Fit
server round: 54
[2024-04-27 02:12:31,962][flwr][DEBUG] - fit_round 54: strategy sampled 15 clients (out of 50)
[2024-04-27 02:15:13,869][flwr][DEBUG] - fit_round 54 received 15 results and 0 failures
315 Current GPU Memory: 8519680
malicious is ['0', '0', '0', '0']
Number of Evil Clients: 11
Number of Preset Malicious Clients is 0
Number of Preset Benign Clients is 4
Average poisoning accuracy: 0.47078181818181813
KMeans
intra_cluster distance is 2.66135332892936
Now, comb_C is [0 0 0 0]
Clustering Accuracy is 1.0
length of good results is 4 and length of bad results is 0
acc_diff is 0
Evaluate
Global Poisoning Accuracy: 0.0381
[2024-04-27 02:15:39,911][flwr][INFO] - fit progress: (54, 187.02145779132843, {'accuracy': 0.4218}, 12695.564759299043)
Configure Evaluate
[2024-04-27 02:15:39,911][flwr][DEBUG] - evaluate_round 54: strategy sampled 15 clients (out of 50)
[2024-04-27 02:15:54,219][flwr][DEBUG] - evaluate_round 54 received 15 results and 0 failures
Aggregate evaluate
benign record is ['24', '18', '13', '3', '19', '28', '6', '15', '35', '34', '11', '44', '22', '8', '29', '26', '20', '14', '0']
Federated Accuracy: 0.8162266666666668
Configure Fit
server round: 55
[2024-04-27 02:15:54,219][flwr][DEBUG] - fit_round 55: strategy sampled 15 clients (out of 50)
[2024-04-27 02:18:33,447][flwr][DEBUG] - fit_round 55 received 15 results and 0 failures
315 Current GPU Memory: 8519680
malicious is ['0', '0', '0', '0']
Number of Evil Clients: 11
Number of Preset Malicious Clients is 0
Number of Preset Benign Clients is 4
Average poisoning accuracy: 0.49270909090909093
KMeans
intra_cluster distance is 2.2787758841278665
Now, comb_C is [0 0 0 0]
Clustering Accuracy is 1.0
length of good results is 4 and length of bad results is 0
acc_diff is 0
Evaluate
Global Poisoning Accuracy: 0.0431
[2024-04-27 02:18:58,694][flwr][INFO] - fit progress: (55, 188.51607263088226, {'accuracy': 0.424}, 12894.34754623298)
Configure Evaluate
[2024-04-27 02:18:58,694][flwr][DEBUG] - evaluate_round 55: strategy sampled 15 clients (out of 50)
[2024-04-27 02:19:12,869][flwr][DEBUG] - evaluate_round 55 received 15 results and 0 failures
Aggregate evaluate
benign record is ['24', '18', '13', '3', '19', '28', '6', '15', '35', '34', '11', '44', '22', '8', '29', '26', '20', '14', '0']
Federated Accuracy: 0.8516199999999999
Configure Fit
server round: 56
[2024-04-27 02:19:12,869][flwr][DEBUG] - fit_round 56: strategy sampled 15 clients (out of 50)
[2024-04-27 02:22:13,712][flwr][DEBUG] - fit_round 56 received 15 results and 0 failures
315 Current GPU Memory: 8519680
malicious is ['0', '0']
Number of Evil Clients: 13
Number of Preset Malicious Clients is 0
Number of Preset Benign Clients is 2
Average poisoning accuracy: 0.6296999999999999
KMeans
intra_cluster distance is 1.3925325164591382
Now, comb_C is [0 0]
Clustering Accuracy is 1.0
length of good results is 2 and length of bad results is 0
acc_diff is 0
Evaluate
Global Poisoning Accuracy: 0.0354
[2024-04-27 02:22:43,756][flwr][INFO] - fit progress: (56, 189.8101842403412, {'accuracy': 0.4218}, 13119.409345144988)
Configure Evaluate
[2024-04-27 02:22:43,756][flwr][DEBUG] - evaluate_round 56: strategy sampled 15 clients (out of 50)
[2024-04-27 02:22:58,552][flwr][DEBUG] - evaluate_round 56 received 15 results and 0 failures
Aggregate evaluate
benign record is ['24', '18', '13', '3', '19', '28', '6', '15', '35', '34', '11', '44', '22', '8', '29', '26', '20', '14', '0']
Federated Accuracy: 0.8316333333333333
Configure Fit
server round: 57
[2024-04-27 02:22:58,553][flwr][DEBUG] - fit_round 57: strategy sampled 15 clients (out of 50)
[2024-04-27 02:25:56,144][flwr][DEBUG] - fit_round 57 received 15 results and 0 failures
315 Current GPU Memory: 8519680
malicious is ['0', '0', '0', '0', '0']
Number of Evil Clients: 10
Number of Preset Malicious Clients is 0
Number of Preset Benign Clients is 5
Average poisoning accuracy: 0.46962000000000004
KMeans
intra_cluster distance is 2.633423602854138
Now, comb_C is [0 0 0 0 0]
Clustering Accuracy is 1.0
length of good results is 5 and length of bad results is 0
acc_diff is 0
Evaluate
Global Poisoning Accuracy: 0.0335
[2024-04-27 02:26:21,617][flwr][INFO] - fit progress: (57, 187.31427776813507, {'accuracy': 0.4249}, 13337.27118027897)
Configure Evaluate
[2024-04-27 02:26:21,618][flwr][DEBUG] - evaluate_round 57: strategy sampled 15 clients (out of 50)
[2024-04-27 02:26:36,239][flwr][DEBUG] - evaluate_round 57 received 15 results and 0 failures
Aggregate evaluate
benign record is ['24', '18', '13', '3', '19', '28', '6', '15', '35', '34', '11', '44', '22', '8', '29', '26', '20', '14', '0']
Federated Accuracy: 0.7807846153846154
Configure Fit
server round: 58
[2024-04-27 02:26:36,239][flwr][DEBUG] - fit_round 58: strategy sampled 15 clients (out of 50)
[2024-04-27 02:29:17,644][flwr][DEBUG] - fit_round 58 received 15 results and 0 failures
315 Current GPU Memory: 8519680
malicious is ['0', '0', '0', '0']
Number of Evil Clients: 11
Number of Preset Malicious Clients is 0
Number of Preset Benign Clients is 4
Average poisoning accuracy: 0.37577272727272726
KMeans
intra_cluster distance is 1.5667832663724737
Now, comb_C is [0 0 0 0]
Clustering Accuracy is 1.0
length of good results is 4 and length of bad results is 0
acc_diff is 0
Evaluate
Global Poisoning Accuracy: 0.0314
[2024-04-27 02:29:45,161][flwr][INFO] - fit progress: (58, 190.53639435768127, {'accuracy': 0.4248}, 13540.814296194003)
Configure Evaluate
[2024-04-27 02:29:45,161][flwr][DEBUG] - evaluate_round 58: strategy sampled 15 clients (out of 50)
[2024-04-27 02:30:00,128][flwr][DEBUG] - evaluate_round 58 received 15 results and 0 failures
Aggregate evaluate
benign record is ['24', '18', '13', '3', '19', '28', '6', '15', '35', '34', '11', '44', '22', '8', '29', '26', '20', '14', '0']
Federated Accuracy: 0.7091962962962964
Configure Fit
server round: 59
[2024-04-27 02:30:00,128][flwr][DEBUG] - fit_round 59: strategy sampled 15 clients (out of 50)
[2024-04-27 02:33:11,123][flwr][DEBUG] - fit_round 59 received 15 results and 0 failures
315 Current GPU Memory: 8519680
malicious is ['0', '0', '0']
Number of Evil Clients: 12
Number of Preset Malicious Clients is 0
Number of Preset Benign Clients is 3
Average poisoning accuracy: 0.5432666666666667
KMeans
intra_cluster distance is 1.8041648601285332
Now, comb_C is [0 0 0]
Clustering Accuracy is 1.0
length of good results is 3 and length of bad results is 0
acc_diff is 0
Evaluate
Global Poisoning Accuracy: 0.02
[2024-04-27 02:33:40,369][flwr][INFO] - fit progress: (59, 194.6332310438156, {'accuracy': 0.4264}, 13776.022299819044)
Configure Evaluate
[2024-04-27 02:33:40,369][flwr][DEBUG] - evaluate_round 59: strategy sampled 15 clients (out of 50)
[2024-04-27 02:33:54,667][flwr][DEBUG] - evaluate_round 59 received 15 results and 0 failures
Aggregate evaluate
benign record is ['24', '18', '13', '3', '19', '28', '6', '15', '35', '34', '11', '44', '22', '8', '29', '26', '20', '14', '0']
Federated Accuracy: 0.791335294117647
Configure Fit
server round: 60
[2024-04-27 02:33:54,667][flwr][DEBUG] - fit_round 60: strategy sampled 15 clients (out of 50)
[2024-04-27 02:36:55,802][flwr][DEBUG] - fit_round 60 received 15 results and 0 failures
315 Current GPU Memory: 8519680
malicious is ['0', '0', '0']
Number of Evil Clients: 12
Number of Preset Malicious Clients is 0
Number of Preset Benign Clients is 3
Average poisoning accuracy: 0.47737499999999994
KMeans
intra_cluster distance is 1.5997410502724567
Now, comb_C is [0 0 0]
Clustering Accuracy is 1.0
length of good results is 3 and length of bad results is 0
acc_diff is 0
Evaluate
Global Poisoning Accuracy: 0.0292
[2024-04-27 02:37:25,024][flwr][INFO] - fit progress: (60, 193.06924653053284, {'accuracy': 0.4276}, 14000.678071644972)
Configure Evaluate
[2024-04-27 02:37:25,025][flwr][DEBUG] - evaluate_round 60: strategy sampled 15 clients (out of 50)
[2024-04-27 02:37:38,921][flwr][DEBUG] - evaluate_round 60 received 15 results and 0 failures
Aggregate evaluate
benign record is ['24', '18', '13', '3', '19', '28', '6', '15', '35', '34', '11', '44', '22', '8', '29', '26', '20', '14', '0']
Federated Accuracy: 0.6908000000000001
Configure Fit
server round: 61
[2024-04-27 02:37:38,921][flwr][DEBUG] - fit_round 61: strategy sampled 15 clients (out of 50)
[2024-04-27 02:40:45,307][flwr][DEBUG] - fit_round 61 received 15 results and 0 failures
315 Current GPU Memory: 8519680
malicious is ['0', '0', '0', '0', '0', '0']
Number of Evil Clients: 9
Number of Preset Malicious Clients is 0
Number of Preset Benign Clients is 6
Average poisoning accuracy: 0.7545666666666667
KMeans
intra_cluster distance is 2.9951486702344527
Now, comb_C is [0 0 0 0 0 0]
Clustering Accuracy is 1.0
length of good results is 6 and length of bad results is 0
acc_diff is 0
Evaluate
Global Poisoning Accuracy: 0.0256
[2024-04-27 02:41:08,961][flwr][INFO] - fit progress: (61, 192.99073827266693, {'accuracy': 0.4222}, 14224.614726562984)
Configure Evaluate
[2024-04-27 02:41:08,961][flwr][DEBUG] - evaluate_round 61: strategy sampled 15 clients (out of 50)
[2024-04-27 02:41:23,334][flwr][DEBUG] - evaluate_round 61 received 15 results and 0 failures
Aggregate evaluate
benign record is ['24', '18', '13', '3', '19', '28', '6', '15', '35', '34', '11', '44', '22', '8', '29', '26', '20', '14', '0']
Federated Accuracy: 0.8225157894736842
Configure Fit
server round: 62
[2024-04-27 02:41:23,335][flwr][DEBUG] - fit_round 62: strategy sampled 15 clients (out of 50)
[2024-04-27 02:44:17,452][flwr][DEBUG] - fit_round 62 received 15 results and 0 failures
315 Current GPU Memory: 8519680
malicious is ['0', '0', '0', '0']
Number of Evil Clients: 11
Number of Preset Malicious Clients is 0
Number of Preset Benign Clients is 4
Average poisoning accuracy: 0.5268727272727273
KMeans
intra_cluster distance is 0.9260357748942611
Now, comb_C is [0 0 0 0]
Clustering Accuracy is 1.0
length of good results is 4 and length of bad results is 0
acc_diff is 0
Evaluate
Global Poisoning Accuracy: 0.0298
[2024-04-27 02:44:45,018][flwr][INFO] - fit progress: (62, 194.2624934911728, {'accuracy': 0.4204}, 14440.671622819034)
Configure Evaluate
[2024-04-27 02:44:45,018][flwr][DEBUG] - evaluate_round 62: strategy sampled 15 clients (out of 50)
[2024-04-27 02:44:59,290][flwr][DEBUG] - evaluate_round 62 received 15 results and 0 failures
Aggregate evaluate
benign record is ['24', '18', '13', '3', '19', '28', '6', '15', '35', '34', '11', '44', '22', '8', '29', '26', '20', '14', '0']
Federated Accuracy: 0.7907250000000001
Configure Fit
server round: 63
[2024-04-27 02:44:59,290][flwr][DEBUG] - fit_round 63: strategy sampled 15 clients (out of 50)
[2024-04-27 02:47:57,949][flwr][DEBUG] - fit_round 63 received 15 results and 0 failures
315 Current GPU Memory: 8519680
malicious is ['0', '0', '0', '0']
Number of Evil Clients: 11
Number of Preset Malicious Clients is 0
Number of Preset Benign Clients is 4
Average poisoning accuracy: 0.4921
KMeans
intra_cluster distance is 1.0884903167879292
Now, comb_C is [0 0 0 0]
Clustering Accuracy is 1.0
length of good results is 4 and length of bad results is 0
acc_diff is 0
Evaluate
Global Poisoning Accuracy: 0.0327
[2024-04-27 02:48:24,817][flwr][INFO] - fit progress: (63, 190.77189564704895, {'accuracy': 0.4289}, 14660.471043493017)
Configure Evaluate
[2024-04-27 02:48:24,818][flwr][DEBUG] - evaluate_round 63: strategy sampled 15 clients (out of 50)
[2024-04-27 02:48:38,866][flwr][DEBUG] - evaluate_round 63 received 15 results and 0 failures
Aggregate evaluate
benign record is ['24', '18', '13', '3', '19', '28', '6', '15', '35', '34', '11', '44', '22', '8', '29', '26', '20', '14', '0']
Federated Accuracy: 0.6945318181818181
Configure Fit
server round: 64
[2024-04-27 02:48:38,866][flwr][DEBUG] - fit_round 64: strategy sampled 15 clients (out of 50)
[2024-04-27 02:51:36,983][flwr][DEBUG] - fit_round 64 received 15 results and 0 failures
315 Current GPU Memory: 8519680
malicious is ['0', '0', '0', '0', '0', '0']
Number of Evil Clients: 9
Number of Preset Malicious Clients is 0
Number of Preset Benign Clients is 6
Average poisoning accuracy: 0.3877777777777778
KMeans
intra_cluster distance is 3.1197453753246323
Now, comb_C is [0 0 0 0 0 0]
Clustering Accuracy is 1.0
length of good results is 6 and length of bad results is 0
acc_diff is 0
Evaluate
Global Poisoning Accuracy: 0.0352
[2024-04-27 02:51:59,965][flwr][INFO] - fit progress: (64, 192.24779069423676, {'accuracy': 0.4229}, 14875.618696857011)
Configure Evaluate
[2024-04-27 02:51:59,965][flwr][DEBUG] - evaluate_round 64: strategy sampled 15 clients (out of 50)
[2024-04-27 02:52:14,213][flwr][DEBUG] - evaluate_round 64 received 15 results and 0 failures
Aggregate evaluate
benign record is ['24', '18', '13', '3', '19', '28', '6', '15', '35', '34', '11', '44', '22', '8', '29', '26', '20', '14', '0']
Federated Accuracy: 0.75535
Configure Fit
server round: 65
[2024-04-27 02:52:14,213][flwr][DEBUG] - fit_round 65: strategy sampled 15 clients (out of 50)
[2024-04-27 02:55:24,453][flwr][DEBUG] - fit_round 65 received 15 results and 0 failures
315 Current GPU Memory: 8519680
malicious is ['0', '0', '0', '0', '0']
Number of Evil Clients: 10
Number of Preset Malicious Clients is 0
Number of Preset Benign Clients is 5
Average poisoning accuracy: 0.6197400000000001
KMeans
intra_cluster distance is 2.6575102177582637
Now, comb_C is [0 0 0 0 0]
Clustering Accuracy is 1.0
length of good results is 5 and length of bad results is 0
acc_diff is 0
Evaluate
Global Poisoning Accuracy: 0.0275
[2024-04-27 02:55:49,876][flwr][INFO] - fit progress: (65, 193.44729590415955, {'accuracy': 0.4158}, 15105.529405817972)
Configure Evaluate
[2024-04-27 02:55:49,876][flwr][DEBUG] - evaluate_round 65: strategy sampled 15 clients (out of 50)
[2024-04-27 02:56:04,180][flwr][DEBUG] - evaluate_round 65 received 15 results and 0 failures
Aggregate evaluate
benign record is ['24', '18', '13', '3', '19', '28', '6', '15', '35', '34', '11', '44', '22', '8', '29', '26', '20', '14', '0']
Federated Accuracy: 0.8545157894736841
Configure Fit
server round: 66
[2024-04-27 02:56:04,180][flwr][DEBUG] - fit_round 66: strategy sampled 15 clients (out of 50)
[2024-04-27 02:58:54,926][flwr][DEBUG] - fit_round 66 received 15 results and 0 failures
315 Current GPU Memory: 8519680
malicious is ['0', '0']
Number of Evil Clients: 13
Number of Preset Malicious Clients is 0
Number of Preset Benign Clients is 2
Average poisoning accuracy: 0.4874230769230769
KMeans
intra_cluster distance is 2.495918135409201
Now, comb_C is [0 0]
Clustering Accuracy is 1.0
length of good results is 2 and length of bad results is 0
acc_diff is 0
Evaluate
Global Poisoning Accuracy: 0.0355
[2024-04-27 02:59:25,764][flwr][INFO] - fit progress: (66, 193.79973542690277, {'accuracy': 0.4185}, 15321.417315845028)
Configure Evaluate
[2024-04-27 02:59:25,764][flwr][DEBUG] - evaluate_round 66: strategy sampled 15 clients (out of 50)
[2024-04-27 02:59:39,868][flwr][DEBUG] - evaluate_round 66 received 15 results and 0 failures
Aggregate evaluate
benign record is ['24', '18', '13', '3', '19', '28', '6', '15', '35', '34', '11', '44', '22', '8', '29', '26', '20', '14', '0']
Federated Accuracy: 0.8749521739130435
Configure Fit
server round: 67
[2024-04-27 02:59:39,868][flwr][DEBUG] - fit_round 67: strategy sampled 15 clients (out of 50)
[2024-04-27 03:02:54,873][flwr][DEBUG] - fit_round 67 received 15 results and 0 failures
315 Current GPU Memory: 8519680
malicious is ['0', '0']
Number of Evil Clients: 13
Number of Preset Malicious Clients is 0
Number of Preset Benign Clients is 2
Average poisoning accuracy: 0.5628846153846154
KMeans
intra_cluster distance is 1.2947368282912564
Now, comb_C is [0 0]
Clustering Accuracy is 1.0
length of good results is 2 and length of bad results is 0
acc_diff is 0
Evaluate
Global Poisoning Accuracy: 0.0329
[2024-04-27 03:03:25,483][flwr][INFO] - fit progress: (67, 192.8873029947281, {'accuracy': 0.4286}, 15561.136867234949)
Configure Evaluate
[2024-04-27 03:03:25,484][flwr][DEBUG] - evaluate_round 67: strategy sampled 15 clients (out of 50)
[2024-04-27 03:03:39,730][flwr][DEBUG] - evaluate_round 67 received 15 results and 0 failures
Aggregate evaluate
benign record is ['24', '18', '13', '3', '19', '28', '6', '15', '35', '34', '11', '44', '22', '8', '29', '26', '20', '14', '0']
Federated Accuracy: 0.8184533333333333
Configure Fit
server round: 68
[2024-04-27 03:03:39,731][flwr][DEBUG] - fit_round 68: strategy sampled 15 clients (out of 50)
[2024-04-27 03:06:49,604][flwr][DEBUG] - fit_round 68 received 15 results and 0 failures
315 Current GPU Memory: 8519680
malicious is ['0', '0', '0']
Number of Evil Clients: 12
Number of Preset Malicious Clients is 0
Number of Preset Benign Clients is 3
Average poisoning accuracy: 0.5847166666666668
KMeans
intra_cluster distance is 1.174548439518725
Now, comb_C is [0 0 0]
Clustering Accuracy is 1.0
length of good results is 3 and length of bad results is 0
acc_diff is 0
Evaluate
Global Poisoning Accuracy: 0.0411
[2024-04-27 03:07:17,482][flwr][INFO] - fit progress: (68, 192.25588405132294, {'accuracy': 0.4256}, 15793.13576676906)
Configure Evaluate
[2024-04-27 03:07:17,482][flwr][DEBUG] - evaluate_round 68: strategy sampled 15 clients (out of 50)
[2024-04-27 03:07:31,889][flwr][DEBUG] - evaluate_round 68 received 15 results and 0 failures
Aggregate evaluate
benign record is ['24', '18', '13', '3', '19', '28', '6', '15', '35', '34', '11', '44', '22', '8', '29', '26', '20', '14', '0']
Federated Accuracy: 0.7265
Configure Fit
server round: 69
[2024-04-27 03:07:31,890][flwr][DEBUG] - fit_round 69: strategy sampled 15 clients (out of 50)
[2024-04-27 03:10:38,362][flwr][DEBUG] - fit_round 69 received 15 results and 0 failures
315 Current GPU Memory: 8519680
malicious is ['0', '0', '0', '0']
Number of Evil Clients: 11
Number of Preset Malicious Clients is 0
Number of Preset Benign Clients is 4
Average poisoning accuracy: 0.605790909090909
KMeans
intra_cluster distance is 1.4233939431998268
Now, comb_C is [0 0 0 0]
Clustering Accuracy is 1.0
length of good results is 4 and length of bad results is 0
acc_diff is 0
Evaluate
Global Poisoning Accuracy: 0.0329
[2024-04-27 03:11:03,730][flwr][INFO] - fit progress: (69, 192.06757855415344, {'accuracy': 0.4245}, 16019.383276859997)
Configure Evaluate
[2024-04-27 03:11:03,730][flwr][DEBUG] - evaluate_round 69: strategy sampled 15 clients (out of 50)
[2024-04-27 03:11:17,902][flwr][DEBUG] - evaluate_round 69 received 15 results and 0 failures
Aggregate evaluate
benign record is ['24', '18', '13', '3', '19', '28', '6', '15', '35', '34', '11', '44', '22', '8', '29', '26', '20', '14', '0']
Federated Accuracy: 0.8085448275862068
Configure Fit
server round: 70
[2024-04-27 03:11:17,903][flwr][DEBUG] - fit_round 70: strategy sampled 15 clients (out of 50)
[2024-04-27 03:14:13,921][flwr][DEBUG] - fit_round 70 received 15 results and 0 failures
315 Current GPU Memory: 8519680
malicious is ['0', '0', '0']
Number of Evil Clients: 12
Number of Preset Malicious Clients is 0
Number of Preset Benign Clients is 3
Average poisoning accuracy: 0.5546833333333334
KMeans
intra_cluster distance is 2.539649679204543
Now, comb_C is [0 0 0]
Clustering Accuracy is 1.0
length of good results is 3 and length of bad results is 0
acc_diff is 0
Evaluate
Global Poisoning Accuracy: 0.04
[2024-04-27 03:14:41,096][flwr][INFO] - fit progress: (70, 192.23383116722107, {'accuracy': 0.4237}, 16236.74930245895)
Configure Evaluate
[2024-04-27 03:14:41,096][flwr][DEBUG] - evaluate_round 70: strategy sampled 15 clients (out of 50)
[2024-04-27 03:14:55,154][flwr][DEBUG] - evaluate_round 70 received 15 results and 0 failures
Aggregate evaluate
benign record is ['24', '18', '13', '3', '19', '28', '6', '15', '35', '34', '11', '44', '22', '8', '29', '26', '20', '14', '0']
Federated Accuracy: 0.8037185185185186
Configure Fit
server round: 71
[2024-04-27 03:14:55,154][flwr][DEBUG] - fit_round 71: strategy sampled 15 clients (out of 50)
[2024-04-27 03:17:37,332][flwr][DEBUG] - fit_round 71 received 15 results and 0 failures
315 Current GPU Memory: 8519680
malicious is ['0', '0', '0', '0']
Number of Evil Clients: 11
Number of Preset Malicious Clients is 0
Number of Preset Benign Clients is 4
Average poisoning accuracy: 0.6244090909090909
KMeans
intra_cluster distance is 2.2183327996743674
Now, comb_C is [0 0 0 0]
Clustering Accuracy is 1.0
length of good results is 4 and length of bad results is 0
acc_diff is 0
Evaluate
Global Poisoning Accuracy: 0.0438
[2024-04-27 03:18:03,200][flwr][INFO] - fit progress: (71, 192.9683781862259, {'accuracy': 0.4244}, 16438.853905934957)
Configure Evaluate
[2024-04-27 03:18:03,201][flwr][DEBUG] - evaluate_round 71: strategy sampled 15 clients (out of 50)
[2024-04-27 03:18:17,746][flwr][DEBUG] - evaluate_round 71 received 15 results and 0 failures
Aggregate evaluate
benign record is ['24', '18', '13', '3', '19', '28', '6', '15', '35', '34', '11', '44', '22', '8', '29', '26', '20', '14', '0']
Federated Accuracy: 0.8112125
Configure Fit
server round: 72
[2024-04-27 03:18:17,747][flwr][DEBUG] - fit_round 72: strategy sampled 15 clients (out of 50)
[2024-04-27 03:21:20,625][flwr][DEBUG] - fit_round 72 received 15 results and 0 failures
315 Current GPU Memory: 8519680
malicious is ['0', '0', '0', '0', '0', '0']
Number of Evil Clients: 9
Number of Preset Malicious Clients is 0
Number of Preset Benign Clients is 6
Average poisoning accuracy: 0.5896888888888889
KMeans
intra_cluster distance is 2.463044363017808
Now, comb_C is [0 0 0 0 0 0]
Clustering Accuracy is 1.0
length of good results is 6 and length of bad results is 0
acc_diff is 0
Evaluate
Global Poisoning Accuracy: 0.0496
[2024-04-27 03:21:42,078][flwr][INFO] - fit progress: (72, 187.73419165611267, {'accuracy': 0.4282}, 16657.731865106965)
Configure Evaluate
[2024-04-27 03:21:42,078][flwr][DEBUG] - evaluate_round 72: strategy sampled 15 clients (out of 50)
[2024-04-27 03:21:56,675][flwr][DEBUG] - evaluate_round 72 received 15 results and 0 failures
Aggregate evaluate
benign record is ['24', '18', '13', '3', '19', '28', '6', '15', '35', '34', '11', '44', '22', '8', '29', '26', '20', '14', '0']
Federated Accuracy: 0.7266190476190476
Configure Fit
server round: 73
[2024-04-27 03:21:56,675][flwr][DEBUG] - fit_round 73: strategy sampled 15 clients (out of 50)
[2024-04-27 03:24:50,031][flwr][DEBUG] - fit_round 73 received 15 results and 0 failures
315 Current GPU Memory: 8519680
malicious is ['0', '0', '0', '0']
Number of Evil Clients: 11
Number of Preset Malicious Clients is 0
Number of Preset Benign Clients is 4
Average poisoning accuracy: 0.6365636363636362
KMeans
intra_cluster distance is 2.7351732664505692
Now, comb_C is [0 0 0 0]
Clustering Accuracy is 1.0
length of good results is 4 and length of bad results is 0
acc_diff is 0
Evaluate
Global Poisoning Accuracy: 0.0459
[2024-04-27 03:25:15,320][flwr][INFO] - fit progress: (73, 188.63529908657074, {'accuracy': 0.4284}, 16870.973816929036)
Configure Evaluate
[2024-04-27 03:25:15,320][flwr][DEBUG] - evaluate_round 73: strategy sampled 15 clients (out of 50)
[2024-04-27 03:25:29,330][flwr][DEBUG] - evaluate_round 73 received 15 results and 0 failures
Aggregate evaluate
benign record is ['24', '18', '13', '3', '19', '28', '6', '15', '35', '34', '11', '44', '22', '8', '29', '26', '20', '14', '0']
Federated Accuracy: 0.8938057142857143
Configure Fit
server round: 74
[2024-04-27 03:25:29,330][flwr][DEBUG] - fit_round 74: strategy sampled 15 clients (out of 50)
[2024-04-27 03:28:14,930][flwr][DEBUG] - fit_round 74 received 15 results and 0 failures
315 Current GPU Memory: 8519680
malicious is ['0', '0', '0', '0', '0']
Number of Evil Clients: 10
Number of Preset Malicious Clients is 0
Number of Preset Benign Clients is 5
Average poisoning accuracy: 0.5715800000000001
KMeans
intra_cluster distance is 2.214707306968899
Now, comb_C is [0 0 0 0 0]
Clustering Accuracy is 1.0
length of good results is 5 and length of bad results is 0
acc_diff is 0
Evaluate
Global Poisoning Accuracy: 0.0424
[2024-04-27 03:28:40,408][flwr][INFO] - fit progress: (74, 189.8022494316101, {'accuracy': 0.4264}, 17076.06136169203)
Configure Evaluate
[2024-04-27 03:28:40,408][flwr][DEBUG] - evaluate_round 74: strategy sampled 15 clients (out of 50)
[2024-04-27 03:28:55,124][flwr][DEBUG] - evaluate_round 74 received 15 results and 0 failures
Aggregate evaluate
benign record is ['24', '18', '13', '3', '19', '28', '6', '15', '35', '34', '11', '44', '22', '8', '29', '26', '20', '14', '0']
Federated Accuracy: 0.8901473684210527
Configure Fit
server round: 75
[2024-04-27 03:28:55,125][flwr][DEBUG] - fit_round 75: strategy sampled 15 clients (out of 50)
[2024-04-27 03:31:57,588][flwr][DEBUG] - fit_round 75 received 15 results and 0 failures
315 Current GPU Memory: 8519680
malicious is ['0', '0', '0', '0', '0']
Number of Evil Clients: 10
Number of Preset Malicious Clients is 0
Number of Preset Benign Clients is 5
Average poisoning accuracy: 0.53221
KMeans
intra_cluster distance is 1.6807831115506293
Now, comb_C is [0 0 0 0 0]
Clustering Accuracy is 1.0
length of good results is 5 and length of bad results is 0
acc_diff is 0
Evaluate
Global Poisoning Accuracy: 0.0346
[2024-04-27 03:32:21,764][flwr][INFO] - fit progress: (75, 189.75748705863953, {'accuracy': 0.4254}, 17297.418042805977)
Configure Evaluate
[2024-04-27 03:32:21,765][flwr][DEBUG] - evaluate_round 75: strategy sampled 15 clients (out of 50)
[2024-04-27 03:32:36,050][flwr][DEBUG] - evaluate_round 75 received 15 results and 0 failures
Aggregate evaluate
benign record is ['24', '18', '13', '3', '19', '28', '6', '15', '35', '34', '11', '44', '22', '8', '29', '26', '20', '14', '0']
Federated Accuracy: 0.8444767441860465
Configure Fit
server round: 76
[2024-04-27 03:32:36,050][flwr][DEBUG] - fit_round 76: strategy sampled 15 clients (out of 50)
[2024-04-27 03:35:46,713][flwr][DEBUG] - fit_round 76 received 15 results and 0 failures
315 Current GPU Memory: 8519680
malicious is ['0', '0']
Number of Evil Clients: 13
Number of Preset Malicious Clients is 0
Number of Preset Benign Clients is 2
Average poisoning accuracy: 0.5346153846153846
KMeans
intra_cluster distance is 1.391403253683773
Now, comb_C is [0 0]
Clustering Accuracy is 1.0
length of good results is 2 and length of bad results is 0
acc_diff is 0
Evaluate
Global Poisoning Accuracy: 0.0264
[2024-04-27 03:36:18,431][flwr][INFO] - fit progress: (76, 196.49013245105743, {'accuracy': 0.42}, 17534.085109050968)
Configure Evaluate
[2024-04-27 03:36:18,432][flwr][DEBUG] - evaluate_round 76: strategy sampled 15 clients (out of 50)
[2024-04-27 03:36:33,086][flwr][DEBUG] - evaluate_round 76 received 15 results and 0 failures
Aggregate evaluate
benign record is ['24', '18', '13', '3', '19', '28', '6', '15', '35', '34', '11', '44', '22', '8', '29', '26', '20', '14', '0']
Federated Accuracy: 0.7954814814814816
Configure Fit
server round: 77
[2024-04-27 03:36:33,087][flwr][DEBUG] - fit_round 77: strategy sampled 15 clients (out of 50)
[2024-04-27 03:39:34,121][flwr][DEBUG] - fit_round 77 received 15 results and 0 failures
315 Current GPU Memory: 8519680
malicious is ['0', '0', '0']
Number of Evil Clients: 12
Number of Preset Malicious Clients is 0
Number of Preset Benign Clients is 3
Average poisoning accuracy: 0.41405833333333336
KMeans
intra_cluster distance is 1.3139098436752281
Now, comb_C is [0 0 0]
Clustering Accuracy is 1.0
length of good results is 3 and length of bad results is 0
acc_diff is 0
Evaluate
Global Poisoning Accuracy: 0.0258
[2024-04-27 03:40:04,119][flwr][INFO] - fit progress: (77, 197.44487941265106, {'accuracy': 0.4215}, 17759.772231891984)
Configure Evaluate
[2024-04-27 03:40:04,119][flwr][DEBUG] - evaluate_round 77: strategy sampled 15 clients (out of 50)
[2024-04-27 03:40:18,028][flwr][DEBUG] - evaluate_round 77 received 15 results and 0 failures
Aggregate evaluate
benign record is ['24', '18', '13', '3', '19', '28', '6', '15', '35', '34', '11', '44', '22', '8', '29', '26', '20', '14', '0']
Federated Accuracy: 0.8686625000000001
Configure Fit
server round: 78
[2024-04-27 03:40:18,028][flwr][DEBUG] - fit_round 78: strategy sampled 15 clients (out of 50)
[2024-04-27 03:43:03,834][flwr][DEBUG] - fit_round 78 received 15 results and 0 failures
315 Current GPU Memory: 8519680
malicious is ['0', '0', '0', '0']
Number of Evil Clients: 11
Number of Preset Malicious Clients is 0
Number of Preset Benign Clients is 4
Average poisoning accuracy: 0.5303181818181818
KMeans
intra_cluster distance is 1.1132604604451115
Now, comb_C is [0 0 0 0]
Clustering Accuracy is 1.0
length of good results is 4 and length of bad results is 0
acc_diff is 0
Evaluate
Global Poisoning Accuracy: 0.0246
[2024-04-27 03:43:30,366][flwr][INFO] - fit progress: (78, 193.50229859352112, {'accuracy': 0.425}, 17966.020147579955)
Configure Evaluate
[2024-04-27 03:43:30,367][flwr][DEBUG] - evaluate_round 78: strategy sampled 15 clients (out of 50)
[2024-04-27 03:43:44,512][flwr][DEBUG] - evaluate_round 78 received 15 results and 0 failures
Aggregate evaluate
benign record is ['24', '18', '13', '3', '19', '28', '6', '15', '35', '34', '11', '44', '22', '8', '29', '26', '20', '14', '0']
Federated Accuracy: 0.8714083333333332
Configure Fit
server round: 79
[2024-04-27 03:43:44,513][flwr][DEBUG] - fit_round 79: strategy sampled 15 clients (out of 50)
[2024-04-27 03:46:31,711][flwr][DEBUG] - fit_round 79 received 15 results and 0 failures
315 Current GPU Memory: 8519680
malicious is ['0', '0', '0', '0', '0']
Number of Evil Clients: 10
Number of Preset Malicious Clients is 0
Number of Preset Benign Clients is 5
Average poisoning accuracy: 0.60312
KMeans
intra_cluster distance is 1.098148349169754
Now, comb_C is [0 0 0 0 0]
Clustering Accuracy is 1.0
length of good results is 5 and length of bad results is 0
acc_diff is 0
Evaluate
Global Poisoning Accuracy: 0.0244
[2024-04-27 03:46:55,500][flwr][INFO] - fit progress: (79, 195.13580513000488, {'accuracy': 0.4215}, 18171.15353386395)
Configure Evaluate
[2024-04-27 03:46:55,500][flwr][DEBUG] - evaluate_round 79: strategy sampled 15 clients (out of 50)
[2024-04-27 03:47:10,092][flwr][DEBUG] - evaluate_round 79 received 15 results and 0 failures
Aggregate evaluate
benign record is ['24', '18', '13', '3', '19', '28', '6', '15', '35', '34', '11', '44', '22', '8', '29', '26', '20', '14', '0']
Federated Accuracy: 0.8920625
Configure Fit
server round: 80
[2024-04-27 03:47:10,092][flwr][DEBUG] - fit_round 80: strategy sampled 15 clients (out of 50)
[2024-04-27 03:49:53,269][flwr][DEBUG] - fit_round 80 received 15 results and 0 failures
315 Current GPU Memory: 8519680
malicious is ['0', '0', '0', '0']
Number of Evil Clients: 11
Number of Preset Malicious Clients is 0
Number of Preset Benign Clients is 4
Average poisoning accuracy: 0.5385181818181818
KMeans
intra_cluster distance is 1.4680083278109026
Now, comb_C is [0 0 0 0]
Clustering Accuracy is 1.0
length of good results is 4 and length of bad results is 0
acc_diff is 0
Evaluate
Global Poisoning Accuracy: 0.0236
[2024-04-27 03:50:18,446][flwr][INFO] - fit progress: (80, 199.2408001422882, {'accuracy': 0.4194}, 18374.099433026975)
Configure Evaluate
[2024-04-27 03:50:18,446][flwr][DEBUG] - evaluate_round 80: strategy sampled 15 clients (out of 50)
[2024-04-27 03:50:32,746][flwr][DEBUG] - evaluate_round 80 received 15 results and 0 failures
Aggregate evaluate
benign record is ['24', '18', '13', '3', '19', '28', '6', '15', '35', '34', '11', '44', '22', '8', '29', '26', '20', '14', '0']
Federated Accuracy: 0.7609307692307692
Configure Fit
server round: 81
[2024-04-27 03:50:32,746][flwr][DEBUG] - fit_round 81: strategy sampled 15 clients (out of 50)
[2024-04-27 03:53:18,042][flwr][DEBUG] - fit_round 81 received 15 results and 0 failures
315 Current GPU Memory: 8519680
malicious is ['0', '0']
Number of Evil Clients: 13
Number of Preset Malicious Clients is 0
Number of Preset Benign Clients is 2
Average poisoning accuracy: 0.4687384615384615
KMeans
intra_cluster distance is 0.9380381831346575
Now, comb_C is [0 0]
Clustering Accuracy is 1.0
length of good results is 2 and length of bad results is 0
acc_diff is 0
Evaluate
Global Poisoning Accuracy: 0.0259
[2024-04-27 03:53:48,135][flwr][INFO] - fit progress: (81, 203.87540805339813, {'accuracy': 0.4175}, 18583.78882724396)
Configure Evaluate
[2024-04-27 03:53:48,135][flwr][DEBUG] - evaluate_round 81: strategy sampled 15 clients (out of 50)
[2024-04-27 03:54:02,791][flwr][DEBUG] - evaluate_round 81 received 15 results and 0 failures
Aggregate evaluate
benign record is ['24', '18', '13', '3', '19', '28', '6', '15', '35', '34', '11', '44', '22', '8', '29', '26', '20', '14', '0']
Federated Accuracy: 0.74081
Configure Fit
server round: 82
[2024-04-27 03:54:02,791][flwr][DEBUG] - fit_round 82: strategy sampled 15 clients (out of 50)
[2024-04-27 03:57:10,449][flwr][DEBUG] - fit_round 82 received 15 results and 0 failures
315 Current GPU Memory: 8519680
malicious is ['0', '0']
Number of Evil Clients: 13
Number of Preset Malicious Clients is 0
Number of Preset Benign Clients is 2
Average poisoning accuracy: 0.5506230769230769
KMeans
intra_cluster distance is 0.6027919921068037
Now, comb_C is [0 0]
Clustering Accuracy is 1.0
length of good results is 2 and length of bad results is 0
acc_diff is 0
Evaluate
Global Poisoning Accuracy: 0.0366
[2024-04-27 03:57:41,394][flwr][INFO] - fit progress: (82, 197.9728001356125, {'accuracy': 0.4206}, 18817.047810361022)
Configure Evaluate
[2024-04-27 03:57:41,394][flwr][DEBUG] - evaluate_round 82: strategy sampled 15 clients (out of 50)
[2024-04-27 03:57:55,612][flwr][DEBUG] - evaluate_round 82 received 15 results and 0 failures
Aggregate evaluate
benign record is ['24', '18', '13', '3', '19', '28', '6', '15', '35', '34', '11', '44', '22', '8', '29', '26', '20', '14', '0']
Federated Accuracy: 0.8821466666666666
Configure Fit
server round: 83
[2024-04-27 03:57:55,613][flwr][DEBUG] - fit_round 83: strategy sampled 15 clients (out of 50)
[2024-04-27 04:01:09,356][flwr][DEBUG] - fit_round 83 received 15 results and 0 failures
315 Current GPU Memory: 8519680
malicious is ['0', '0']
Number of Evil Clients: 13
Number of Preset Malicious Clients is 0
Number of Preset Benign Clients is 2
Average poisoning accuracy: 0.4490769230769231
KMeans
intra_cluster distance is 1.2971755420912117
Now, comb_C is [0 0]
Clustering Accuracy is 1.0
length of good results is 2 and length of bad results is 0
acc_diff is 0
Evaluate
Global Poisoning Accuracy: 0.0344
[2024-04-27 04:01:40,258][flwr][INFO] - fit progress: (83, 196.60257768630981, {'accuracy': 0.4235}, 19055.91196373198)
Configure Evaluate
[2024-04-27 04:01:40,259][flwr][DEBUG] - evaluate_round 83: strategy sampled 15 clients (out of 50)
[2024-04-27 04:01:55,043][flwr][DEBUG] - evaluate_round 83 received 15 results and 0 failures
Aggregate evaluate
benign record is ['24', '18', '13', '3', '19', '28', '6', '15', '35', '34', '11', '44', '22', '8', '29', '26', '20', '14', '0']
Federated Accuracy: 0.6774600000000001
Configure Fit
server round: 84
[2024-04-27 04:01:55,043][flwr][DEBUG] - fit_round 84: strategy sampled 15 clients (out of 50)
[2024-04-27 04:05:03,197][flwr][DEBUG] - fit_round 84 received 15 results and 0 failures
315 Current GPU Memory: 8519680
malicious is ['0', '0', '0', '0', '0']
Number of Evil Clients: 10
Number of Preset Malicious Clients is 0
Number of Preset Benign Clients is 5
Average poisoning accuracy: 0.38412
KMeans
intra_cluster distance is 2.98212381198822
Now, comb_C is [0 0 0 0 0]
Clustering Accuracy is 1.0
length of good results is 5 and length of bad results is 0
acc_diff is 0
Evaluate
Global Poisoning Accuracy: 0.0325
[2024-04-27 04:05:28,228][flwr][INFO] - fit progress: (84, 191.95406591892242, {'accuracy': 0.4275}, 19283.88147706201)
Configure Evaluate
[2024-04-27 04:05:28,228][flwr][DEBUG] - evaluate_round 84: strategy sampled 15 clients (out of 50)
[2024-04-27 04:05:42,405][flwr][DEBUG] - evaluate_round 84 received 15 results and 0 failures
Aggregate evaluate
benign record is ['24', '18', '13', '3', '19', '28', '6', '15', '35', '34', '11', '44', '22', '8', '29', '26', '20', '14', '0']
Federated Accuracy: 0.8179120000000001
Configure Fit
server round: 85
[2024-04-27 04:05:42,405][flwr][DEBUG] - fit_round 85: strategy sampled 15 clients (out of 50)
[2024-04-27 04:08:38,146][flwr][DEBUG] - fit_round 85 received 15 results and 0 failures
315 Current GPU Memory: 8519680
malicious is ['0', '0', '0']
Number of Evil Clients: 12
Number of Preset Malicious Clients is 0
Number of Preset Benign Clients is 3
Average poisoning accuracy: 0.42662500000000003
KMeans
intra_cluster distance is 1.1729843175994057
Now, comb_C is [0 0 0]
Clustering Accuracy is 1.0
length of good results is 3 and length of bad results is 0
acc_diff is 0
Evaluate
Global Poisoning Accuracy: 0.0214
[2024-04-27 04:09:07,974][flwr][INFO] - fit progress: (85, 196.2332034111023, {'accuracy': 0.4221}, 19503.627776560956)
Configure Evaluate
[2024-04-27 04:09:07,974][flwr][DEBUG] - evaluate_round 85: strategy sampled 15 clients (out of 50)
[2024-04-27 04:09:22,447][flwr][DEBUG] - evaluate_round 85 received 15 results and 0 failures
Aggregate evaluate
benign record is ['24', '18', '13', '3', '19', '28', '6', '15', '35', '34', '11', '44', '22', '8', '29', '26', '20', '14', '0']
Federated Accuracy: 0.8281379310344827
Configure Fit
server round: 86
[2024-04-27 04:09:22,448][flwr][DEBUG] - fit_round 86: strategy sampled 15 clients (out of 50)
[2024-04-27 04:12:41,170][flwr][DEBUG] - fit_round 86 received 15 results and 0 failures
315 Current GPU Memory: 8519680
malicious is ['0', '0', '0', '0']
Number of Evil Clients: 11
Number of Preset Malicious Clients is 0
Number of Preset Benign Clients is 4
Average poisoning accuracy: 0.7758363636363635
KMeans
intra_cluster distance is 2.5754492850849253
Now, comb_C is [0 0 0 0]
Clustering Accuracy is 1.0
length of good results is 4 and length of bad results is 0
acc_diff is 0
Evaluate
Global Poisoning Accuracy: 0.0278
[2024-04-27 04:13:07,738][flwr][INFO] - fit progress: (86, 193.8484902381897, {'accuracy': 0.4296}, 19743.391544903046)
Configure Evaluate
[2024-04-27 04:13:07,738][flwr][DEBUG] - evaluate_round 86: strategy sampled 15 clients (out of 50)
[2024-04-27 04:13:22,085][flwr][DEBUG] - evaluate_round 86 received 15 results and 0 failures
Aggregate evaluate
benign record is ['24', '18', '13', '3', '19', '28', '6', '15', '35', '34', '11', '44', '22', '8', '29', '26', '20', '14', '0']
Federated Accuracy: 0.87517
Configure Fit
server round: 87
[2024-04-27 04:13:22,085][flwr][DEBUG] - fit_round 87: strategy sampled 15 clients (out of 50)
[2024-04-27 04:16:27,084][flwr][DEBUG] - fit_round 87 received 15 results and 0 failures
315 Current GPU Memory: 8519680
malicious is ['0', '0', '0']
Number of Evil Clients: 12
Number of Preset Malicious Clients is 0
Number of Preset Benign Clients is 3
Average poisoning accuracy: 0.5232083333333334
KMeans
intra_cluster distance is 2.237909290691009
Now, comb_C is [0 0 0]
Clustering Accuracy is 1.0
length of good results is 3 and length of bad results is 0
acc_diff is 0
Evaluate
Global Poisoning Accuracy: 0.0355
[2024-04-27 04:16:53,960][flwr][INFO] - fit progress: (87, 198.48109602928162, {'accuracy': 0.4237}, 19969.614141711965)
Configure Evaluate
[2024-04-27 04:16:53,961][flwr][DEBUG] - evaluate_round 87: strategy sampled 15 clients (out of 50)
[2024-04-27 04:17:08,463][flwr][DEBUG] - evaluate_round 87 received 15 results and 0 failures
Aggregate evaluate
benign record is ['24', '18', '13', '3', '19', '28', '6', '15', '35', '34', '11', '44', '22', '8', '29', '26', '20', '14', '0']
Federated Accuracy: 0.8354333333333334
Configure Fit
server round: 88
[2024-04-27 04:17:08,464][flwr][DEBUG] - fit_round 88: strategy sampled 15 clients (out of 50)
[2024-04-27 04:20:00,033][flwr][DEBUG] - fit_round 88 received 15 results and 0 failures
315 Current GPU Memory: 8519680
malicious is ['0', '0', '0', '0']
Number of Evil Clients: 11
Number of Preset Malicious Clients is 0
Number of Preset Benign Clients is 4
Average poisoning accuracy: 0.3919909090909091
KMeans
intra_cluster distance is 0.9739668796890891
Now, comb_C is [0 0 0 0]
Clustering Accuracy is 1.0
length of good results is 4 and length of bad results is 0
acc_diff is 0
Evaluate
Global Poisoning Accuracy: 0.0397
[2024-04-27 04:20:25,830][flwr][INFO] - fit progress: (88, 191.38472419977188, {'accuracy': 0.4215}, 20181.48419750505)
Configure Evaluate
[2024-04-27 04:20:25,831][flwr][DEBUG] - evaluate_round 88: strategy sampled 15 clients (out of 50)
[2024-04-27 04:20:40,642][flwr][DEBUG] - evaluate_round 88 received 15 results and 0 failures
Aggregate evaluate
benign record is ['24', '18', '13', '3', '19', '28', '6', '15', '35', '34', '11', '44', '22', '8', '29', '26', '20', '14', '0']
Federated Accuracy: 0.792211111111111
Configure Fit
server round: 89
[2024-04-27 04:20:40,642][flwr][DEBUG] - fit_round 89: strategy sampled 15 clients (out of 50)
[2024-04-27 04:23:54,638][flwr][DEBUG] - fit_round 89 received 15 results and 0 failures
315 Current GPU Memory: 8519680
malicious is ['0', '0', '0']
Number of Evil Clients: 12
Number of Preset Malicious Clients is 0
Number of Preset Benign Clients is 3
Average poisoning accuracy: 0.6352083333333334
KMeans
intra_cluster distance is 0.9557715063124248
Now, comb_C is [0 0 0]
Clustering Accuracy is 1.0
length of good results is 3 and length of bad results is 0
acc_diff is 0
Evaluate
Global Poisoning Accuracy: 0.0306
[2024-04-27 04:24:22,094][flwr][INFO] - fit progress: (89, 195.1756772994995, {'accuracy': 0.4214}, 20417.747586740996)
Configure Evaluate
[2024-04-27 04:24:22,094][flwr][DEBUG] - evaluate_round 89: strategy sampled 15 clients (out of 50)
[2024-04-27 04:24:36,563][flwr][DEBUG] - evaluate_round 89 received 15 results and 0 failures
Aggregate evaluate
benign record is ['24', '18', '13', '3', '19', '28', '6', '15', '35', '34', '11', '44', '22', '8', '29', '26', '20', '14', '0']
Federated Accuracy: 0.869812
Configure Fit
server round: 90
[2024-04-27 04:24:36,564][flwr][DEBUG] - fit_round 90: strategy sampled 15 clients (out of 50)
[2024-04-27 04:27:33,803][flwr][DEBUG] - fit_round 90 received 15 results and 0 failures
315 Current GPU Memory: 8519680
malicious is ['0', '0', '0', '0']
Number of Evil Clients: 11
Number of Preset Malicious Clients is 0
Number of Preset Benign Clients is 4
Average poisoning accuracy: 0.4881818181818182
KMeans
intra_cluster distance is 2.0222829214346247
Now, comb_C is [0 0 0 0]
Clustering Accuracy is 1.0
length of good results is 4 and length of bad results is 0
acc_diff is 0
Evaluate
Global Poisoning Accuracy: 0.0363
[2024-04-27 04:28:01,248][flwr][INFO] - fit progress: (90, 195.8344291448593, {'accuracy': 0.4179}, 20636.90186582203)
Configure Evaluate
[2024-04-27 04:28:01,249][flwr][DEBUG] - evaluate_round 90: strategy sampled 15 clients (out of 50)
[2024-04-27 04:28:15,399][flwr][DEBUG] - evaluate_round 90 received 15 results and 0 failures
Aggregate evaluate
benign record is ['24', '18', '13', '3', '19', '28', '6', '15', '35', '34', '11', '44', '22', '8', '29', '26', '20', '14', '0']
Federated Accuracy: 0.7909303030303029
Configure Fit
server round: 91
[2024-04-27 04:28:15,400][flwr][DEBUG] - fit_round 91: strategy sampled 15 clients (out of 50)
[2024-04-27 04:31:16,976][flwr][DEBUG] - fit_round 91 received 15 results and 0 failures
315 Current GPU Memory: 8519680
malicious is ['0', '0', '0', '0']
Number of Evil Clients: 11
Number of Preset Malicious Clients is 0
Number of Preset Benign Clients is 4
Average poisoning accuracy: 0.6339454545454546
KMeans
intra_cluster distance is 1.460195475472546
Now, comb_C is [0 0 0 0]
Clustering Accuracy is 1.0
length of good results is 4 and length of bad results is 0
acc_diff is 0
Evaluate
Global Poisoning Accuracy: 0.0375
[2024-04-27 04:31:45,557][flwr][INFO] - fit progress: (91, 191.53472554683685, {'accuracy': 0.4233}, 20861.21038621501)
Configure Evaluate
[2024-04-27 04:31:45,557][flwr][DEBUG] - evaluate_round 91: strategy sampled 15 clients (out of 50)
[2024-04-27 04:31:59,738][flwr][DEBUG] - evaluate_round 91 received 15 results and 0 failures
Aggregate evaluate
benign record is ['24', '18', '13', '3', '19', '28', '6', '15', '35', '34', '11', '44', '22', '8', '29', '26', '20', '14', '0']
Federated Accuracy: 0.8838636363636364
Configure Fit
server round: 92
[2024-04-27 04:31:59,738][flwr][DEBUG] - fit_round 92: strategy sampled 15 clients (out of 50)
[2024-04-27 04:34:59,993][flwr][DEBUG] - fit_round 92 received 15 results and 0 failures
315 Current GPU Memory: 8519680
malicious is ['0', '0']
Number of Evil Clients: 13
Number of Preset Malicious Clients is 0
Number of Preset Benign Clients is 2
Average poisoning accuracy: 0.5748307692307693
KMeans
intra_cluster distance is 1.6481153034737794
Now, comb_C is [0 0]
Clustering Accuracy is 1.0
length of good results is 2 and length of bad results is 0
acc_diff is 0
Evaluate
Global Poisoning Accuracy: 0.0275
[2024-04-27 04:35:31,861][flwr][INFO] - fit progress: (92, 198.75703930854797, {'accuracy': 0.4158}, 21087.515009138966)
Configure Evaluate
[2024-04-27 04:35:31,862][flwr][DEBUG] - evaluate_round 92: strategy sampled 15 clients (out of 50)
[2024-04-27 04:35:46,025][flwr][DEBUG] - evaluate_round 92 received 15 results and 0 failures
Aggregate evaluate
benign record is ['24', '18', '13', '3', '19', '28', '6', '15', '35', '34', '11', '44', '22', '8', '29', '26', '20', '14', '0']
Federated Accuracy: 0.8526846153846154
Configure Fit
server round: 93
[2024-04-27 04:35:46,025][flwr][DEBUG] - fit_round 93: strategy sampled 15 clients (out of 50)
[2024-04-27 04:38:36,138][flwr][DEBUG] - fit_round 93 received 15 results and 0 failures
315 Current GPU Memory: 8519680
malicious is ['0', '0', '0', '0', '0']
Number of Evil Clients: 10
Number of Preset Malicious Clients is 0
Number of Preset Benign Clients is 5
Average poisoning accuracy: 0.5435700000000001
KMeans
intra_cluster distance is 2.751670028186418
Now, comb_C is [0 0 0 0 0]
Clustering Accuracy is 1.0
length of good results is 5 and length of bad results is 0
acc_diff is 0
Evaluate
Global Poisoning Accuracy: 0.0246
[2024-04-27 04:39:00,084][flwr][INFO] - fit progress: (93, 199.26912999153137, {'accuracy': 0.4184}, 21295.738029537955)
Configure Evaluate
[2024-04-27 04:39:00,084][flwr][DEBUG] - evaluate_round 93: strategy sampled 15 clients (out of 50)
[2024-04-27 04:39:15,418][flwr][DEBUG] - evaluate_round 93 received 15 results and 0 failures
Aggregate evaluate
benign record is ['24', '18', '13', '3', '19', '28', '6', '15', '35', '34', '11', '44', '22', '8', '29', '26', '20', '14', '0']
Federated Accuracy: 0.8112727272727274
Configure Fit
server round: 94
[2024-04-27 04:39:15,419][flwr][DEBUG] - fit_round 94: strategy sampled 15 clients (out of 50)
[2024-04-27 04:42:01,767][flwr][DEBUG] - fit_round 94 received 15 results and 0 failures
315 Current GPU Memory: 8519680
malicious is ['0', '0']
Number of Evil Clients: 13
Number of Preset Malicious Clients is 0
Number of Preset Benign Clients is 2
Average poisoning accuracy: 0.4383846153846154
KMeans
intra_cluster distance is 1.1195104490736503
Now, comb_C is [0 0]
Clustering Accuracy is 1.0
length of good results is 2 and length of bad results is 0
acc_diff is 0
Evaluate
Global Poisoning Accuracy: 0.0256
[2024-04-27 04:42:32,919][flwr][INFO] - fit progress: (94, 203.80485796928406, {'accuracy': 0.4207}, 21508.572703032987)
Configure Evaluate
[2024-04-27 04:42:32,919][flwr][DEBUG] - evaluate_round 94: strategy sampled 15 clients (out of 50)
[2024-04-27 04:42:47,373][flwr][DEBUG] - evaluate_round 94 received 15 results and 0 failures
Aggregate evaluate
benign record is ['24', '18', '13', '3', '19', '28', '6', '15', '35', '34', '11', '44', '22', '8', '29', '26', '20', '14', '0']
Federated Accuracy: 0.7911238095238095
Configure Fit
server round: 95
[2024-04-27 04:42:47,373][flwr][DEBUG] - fit_round 95: strategy sampled 15 clients (out of 50)
[2024-04-27 04:45:51,868][flwr][DEBUG] - fit_round 95 received 15 results and 0 failures
315 Current GPU Memory: 8519680
malicious is ['0', '0', '0']
Number of Evil Clients: 12
Number of Preset Malicious Clients is 0
Number of Preset Benign Clients is 3
Average poisoning accuracy: 0.6091333333333333
KMeans
intra_cluster distance is 1.4713384441999462
Now, comb_C is [0 0 0]
Clustering Accuracy is 1.0
length of good results is 3 and length of bad results is 0
acc_diff is 0
Evaluate
Global Poisoning Accuracy: 0.0272
[2024-04-27 04:46:21,654][flwr][INFO] - fit progress: (95, 195.28091168403625, {'accuracy': 0.424}, 21737.308120136033)
Configure Evaluate
[2024-04-27 04:46:21,655][flwr][DEBUG] - evaluate_round 95: strategy sampled 15 clients (out of 50)
[2024-04-27 04:46:35,796][flwr][DEBUG] - evaluate_round 95 received 15 results and 0 failures
Aggregate evaluate
benign record is ['24', '18', '13', '3', '19', '28', '6', '15', '35', '34', '11', '44', '22', '8', '29', '26', '20', '14', '0']
Federated Accuracy: 0.7752952380952381
Configure Fit
server round: 96
[2024-04-27 04:46:35,796][flwr][DEBUG] - fit_round 96: strategy sampled 15 clients (out of 50)
[2024-04-27 04:49:20,856][flwr][DEBUG] - fit_round 96 received 15 results and 0 failures
315 Current GPU Memory: 8519680
malicious is ['0', '0', '0', '0', '0']
Number of Evil Clients: 10
Number of Preset Malicious Clients is 0
Number of Preset Benign Clients is 5
Average poisoning accuracy: 0.45922999999999997
KMeans
intra_cluster distance is 1.7032721897483774
Now, comb_C is [0 0 0 0 0]
Clustering Accuracy is 1.0
length of good results is 5 and length of bad results is 0
acc_diff is 0
Evaluate
Global Poisoning Accuracy: 0.0291
[2024-04-27 04:49:45,524][flwr][INFO] - fit progress: (96, 194.7700493335724, {'accuracy': 0.4274}, 21941.17773020803)
Configure Evaluate
[2024-04-27 04:49:45,524][flwr][DEBUG] - evaluate_round 96: strategy sampled 15 clients (out of 50)
[2024-04-27 04:50:00,640][flwr][DEBUG] - evaluate_round 96 received 15 results and 0 failures
Aggregate evaluate
benign record is ['24', '18', '13', '3', '19', '28', '6', '15', '35', '34', '11', '44', '22', '8', '29', '26', '20', '14', '0']
Federated Accuracy: 0.8558470588235293
Configure Fit
server round: 97
[2024-04-27 04:50:00,641][flwr][DEBUG] - fit_round 97: strategy sampled 15 clients (out of 50)
[2024-04-27 04:53:04,725][flwr][DEBUG] - fit_round 97 received 15 results and 0 failures
315 Current GPU Memory: 8519680
malicious is ['0', '0', '0', '0']
Number of Evil Clients: 11
Number of Preset Malicious Clients is 0
Number of Preset Benign Clients is 4
Average poisoning accuracy: 0.5630454545454545
KMeans
intra_cluster distance is 2.3208757923176324
Now, comb_C is [0 0 0 0]
Clustering Accuracy is 1.0
length of good results is 4 and length of bad results is 0
acc_diff is 0
Evaluate
Global Poisoning Accuracy: 0.0348
[2024-04-27 04:53:31,100][flwr][INFO] - fit progress: (97, 195.34050524234772, {'accuracy': 0.4204}, 22166.754074433004)
Configure Evaluate
[2024-04-27 04:53:31,101][flwr][DEBUG] - evaluate_round 97: strategy sampled 15 clients (out of 50)
[2024-04-27 04:53:45,487][flwr][DEBUG] - evaluate_round 97 received 15 results and 0 failures
Aggregate evaluate
benign record is ['24', '18', '13', '3', '19', '28', '6', '15', '35', '34', '11', '44', '22', '8', '29', '26', '20', '14', '0']
Federated Accuracy: 0.7970026315789474
Configure Fit
server round: 98
[2024-04-27 04:53:45,488][flwr][DEBUG] - fit_round 98: strategy sampled 15 clients (out of 50)
[2024-04-27 04:56:28,093][flwr][DEBUG] - fit_round 98 received 15 results and 0 failures
315 Current GPU Memory: 8519680
malicious is ['0', '0', '0', '0', '0']
Number of Evil Clients: 10
Number of Preset Malicious Clients is 0
Number of Preset Benign Clients is 5
Average poisoning accuracy: 0.45065999999999995
KMeans
intra_cluster distance is 1.5096446069350054
Now, comb_C is [0 0 0 0 0]
Clustering Accuracy is 1.0
length of good results is 5 and length of bad results is 0
acc_diff is 0
Evaluate
Global Poisoning Accuracy: 0.0328
[2024-04-27 04:56:52,014][flwr][INFO] - fit progress: (98, 197.16962337493896, {'accuracy': 0.4206}, 22367.667489766027)
Configure Evaluate
[2024-04-27 04:56:52,014][flwr][DEBUG] - evaluate_round 98: strategy sampled 15 clients (out of 50)
[2024-04-27 04:57:06,288][flwr][DEBUG] - evaluate_round 98 received 15 results and 0 failures
Aggregate evaluate
benign record is ['24', '18', '13', '3', '19', '28', '6', '15', '35', '34', '11', '44', '22', '8', '29', '26', '20', '14', '0']
Federated Accuracy: 0.8102714285714284
Configure Fit
server round: 99
[2024-04-27 04:57:06,288][flwr][DEBUG] - fit_round 99: strategy sampled 15 clients (out of 50)
[2024-04-27 05:00:04,859][flwr][DEBUG] - fit_round 99 received 15 results and 0 failures
315 Current GPU Memory: 8519680
malicious is ['0', '0', '0', '0']
Number of Evil Clients: 11
Number of Preset Malicious Clients is 0
Number of Preset Benign Clients is 4
Average poisoning accuracy: 0.4716181818181818
KMeans
intra_cluster distance is 1.1762576362002477
Now, comb_C is [0 0 0 0]
Clustering Accuracy is 1.0
length of good results is 4 and length of bad results is 0
acc_diff is 0
Evaluate
Global Poisoning Accuracy: 0.0346
[2024-04-27 05:00:31,362][flwr][INFO] - fit progress: (99, 193.86813366413116, {'accuracy': 0.4212}, 22587.01601810602)
Configure Evaluate
[2024-04-27 05:00:31,363][flwr][DEBUG] - evaluate_round 99: strategy sampled 15 clients (out of 50)
[2024-04-27 05:00:45,687][flwr][DEBUG] - evaluate_round 99 received 15 results and 0 failures
Aggregate evaluate
benign record is ['24', '18', '13', '3', '19', '28', '6', '15', '35', '34', '11', '44', '22', '8', '29', '26', '20', '14', '0']
Federated Accuracy: 0.8716241379310344
Configure Fit
server round: 100
[2024-04-27 05:00:45,688][flwr][DEBUG] - fit_round 100: strategy sampled 15 clients (out of 50)
[2024-04-27 05:03:33,213][flwr][DEBUG] - fit_round 100 received 15 results and 0 failures
315 Current GPU Memory: 8519680
malicious is ['0', '0', '0', '0', '0']
Number of Evil Clients: 10
Number of Preset Malicious Clients is 0
Number of Preset Benign Clients is 5
Average poisoning accuracy: 0.6114900000000001
KMeans
intra_cluster distance is 1.6417014097622378
Now, comb_C is [0 0 0 0 0]
Clustering Accuracy is 1.0
length of good results is 5 and length of bad results is 0
acc_diff is 0
Evaluate
Global Poisoning Accuracy: 0.0246
[2024-04-27 05:04:00,512][flwr][INFO] - fit progress: (100, 199.9495587348938, {'accuracy': 0.418}, 22796.166074192035)
Configure Evaluate
[2024-04-27 05:04:00,513][flwr][DEBUG] - evaluate_round 100: strategy sampled 15 clients (out of 50)
[2024-04-27 05:04:14,866][flwr][DEBUG] - evaluate_round 100 received 15 results and 0 failures
Aggregate evaluate
benign record is ['24', '18', '13', '3', '19', '28', '6', '15', '35', '34', '11', '44', '22', '8', '29', '26', '20', '14', '0']
Federated Accuracy: 0.7535888888888889
[2024-04-27 05:04:14,866][flwr][INFO] - FL finished in 22810.51956008596
[2024-04-27 05:04:14,868][flwr][INFO] - app_fit: losses_distributed [(1, 14.558217938129719), (2, 8.912436756822798), (3, 10.150217714133086), (4, 7.446665574522579), (5, 7.2115349769592285), (6, 7.281481767522878), (7, 7.030330736528743), (8, 4.151995937411602), (9, 3.0966385155916214), (10, 4.0555015206336975), (11, 4.624861701726913), (12, 2.687819352044779), (13, 1.7861628253993236), (14, 3.642275759886051), (15, 4.095469244652325), (16, 2.2132952084595505), (17, 2.4212763285530463), (18, 2.053798385026554), (19, 1.7804242343856738), (20, 1.5344729409798195), (21, 2.3217219812198517), (22, 1.3845691592432559), (23, 5.230078611704004), (24, 2.073080512229353), (25, 0.8183736114879139), (26, 5.225579622387886), (27, 1.8946337834074114), (28, 1.041726611817496), (29, 3.6406137413103825), (30, 3.174597637360972), (31, 1.3655294287927973), (32, 1.291949999332428), (33, 1.4923985764118177), (34, 1.4039585371869372), (35, 2.9591317493045195), (36, 2.179129687857839), (37, 3.052031942138759), (38, 1.2313735328599527), (39, 2.6335196095138884), (40, 2.5149414867676874), (41, 4.36878816067474), (42, 3.188747616875584), (43, 2.782181776640937), (44, 1.2264089508551277), (45, 2.3146958171622827), (46, 3.271250653313473), (47, 2.5384124501750036), (48, 2.310357264382349), (49, 1.1349577211221913), (50, 1.736887518399661), (51, 1.2742722923355176), (52, 2.7109176890856665), (53, 1.905711324634467), (54, 1.8686185341574149), (55, 1.1232363090408035), (56, 1.1850341642809024), (57, 2.878964272522493), (58, 3.864930462842393), (59, 2.2092354436360493), (60, 3.731584436400391), (61, 2.3226461332554833), (62, 1.699711543590335), (63, 3.626407032661849), (64, 3.3161641312203405), (65, 1.0772155056244963), (66, 0.9640203072492074), (67, 1.7760388295172662), (68, 3.354735631775111), (69, 1.702821139665722), (70, 2.9169733488427787), (71, 2.766338634712156), (72, 3.1765075718839872), (73, 0.5901096888568386), (74, 0.6522282031969793), (75, 1.5933512222616755), (76, 2.584352613724251), (77, 1.5189999332505977), (78, 1.3111440042957838), (79, 0.47852380928743515), (80, 2.7183318859281895), (81, 3.3280812512042757), (82, 1.2423122724178635), (83, 3.980990572810212), (84, 2.4332929420645812), (85, 1.7098235540967113), (86, 0.36251062690862457), (87, 1.1843803594487585), (88, 2.3034328426201007), (89, 0.552817916724598), (90, 1.8313697115875336), (91, 1.1670956764590465), (92, 1.6478610474508828), (93, 1.2063431104907067), (94, 1.9242275187238451), (95, 2.6547974939160106), (96, 0.5202599805505836), (97, 2.413593486219294), (98, 1.8664833627418764), (99, 0.728807955147831), (100, 2.826219030691492)]
[2024-04-27 05:04:14,868][flwr][INFO] - app_fit: metrics_distributed_fit {}
[2024-04-27 05:04:14,868][flwr][INFO] - app_fit: metrics_distributed {'accuracy': [(1, 0.16905384615384617), (2, 0.3072777777777778), (3, 0.3550481481481481), (4, 0.36746470588235297), (5, 0.4225521739130435), (6, 0.4515517241379311), (7, 0.5457318181818182), (8, 0.6704807692307693), (9, 0.6969666666666666), (10, 0.7218399999999999), (11, 0.6488720000000001), (12, 0.7402529411764708), (13, 0.7558578947368421), (14, 0.7006034482758622), (15, 0.6779074074074074), (16, 0.7657454545454545), (17, 0.7425142857142858), (18, 0.76104), (19, 0.7531538461538461), (20, 0.8384736842105264), (21, 0.792125641025641), (22, 0.8368047619047619), (23, 0.6187666666666667), (24, 0.7683199999999999), (25, 0.8539125000000002), (26, 0.64118), (27, 0.8283263157894737), (28, 0.8312387096774192), (29, 0.6784259259259259), (30, 0.7206242424242425), (31, 0.836175), (32, 0.8420099999999999), (33, 0.8737571428571428), (34, 0.8359473684210527), (35, 0.7576818181818182), (36, 0.7983894736842106), (37, 0.7222428571428571), (38, 0.8731043478260869), (39, 0.756528947368421), (40, 0.7918166666666667), (41, 0.6538375000000001), (42, 0.7190928571428571), (43, 0.745324), (44, 0.8671851851851853), (45, 0.769692), (46, 0.747671875), (47, 0.782608695652174), (48, 0.7587071428571429), (49, 0.8481350000000001), (50, 0.8178535714285714), (51, 0.868784), (52, 0.7897916666666666), (53, 0.7835625), (54, 0.8162266666666668), (55, 0.8516199999999999), (56, 0.8316333333333333), (57, 0.7807846153846154), (58, 0.7091962962962964), (59, 0.791335294117647), (60, 0.6908000000000001), (61, 0.8225157894736842), (62, 0.7907250000000001), (63, 0.6945318181818181), (64, 0.75535), (65, 0.8545157894736841), (66, 0.8749521739130435), (67, 0.8184533333333333), (68, 0.7265), (69, 0.8085448275862068), (70, 0.8037185185185186), (71, 0.8112125), (72, 0.7266190476190476), (73, 0.8938057142857143), (74, 0.8901473684210527), (75, 0.8444767441860465), (76, 0.7954814814814816), (77, 0.8686625000000001), (78, 0.8714083333333332), (79, 0.8920625), (80, 0.7609307692307692), (81, 0.74081), (82, 0.8821466666666666), (83, 0.6774600000000001), (84, 0.8179120000000001), (85, 0.8281379310344827), (86, 0.87517), (87, 0.8354333333333334), (88, 0.792211111111111), (89, 0.869812), (90, 0.7909303030303029), (91, 0.8838636363636364), (92, 0.8526846153846154), (93, 0.8112727272727274), (94, 0.7911238095238095), (95, 0.7752952380952381), (96, 0.8558470588235293), (97, 0.7970026315789474), (98, 0.8102714285714284), (99, 0.8716241379310344), (100, 0.7535888888888889)]}
[2024-04-27 05:04:14,868][flwr][INFO] - app_fit: losses_centralized [(0, 183.73383736610413), (1, 182.50703239440918), (2, 172.3159772157669), (3, 162.3665999174118), (4, 159.8220294713974), (5, 146.99270689487457), (6, 151.7437961101532), (7, 146.67004787921906), (8, 146.87806153297424), (9, 148.86536812782288), (10, 146.93013334274292), (11, 175.77322232723236), (12, 160.83073723316193), (13, 161.83636724948883), (14, 166.80235028266907), (15, 165.56220626831055), (16, 163.90057718753815), (17, 165.20399951934814), (18, 166.45681631565094), (19, 171.69341444969177), (20, 166.96976721286774), (21, 163.8230001926422), (22, 173.05350053310394), (23, 175.9891916513443), (24, 173.61371088027954), (25, 173.29139292240143), (26, 174.16274070739746), (27, 180.6993237733841), (28, 181.43181562423706), (29, 175.79501807689667), (30, 179.4319328069687), (31, 181.06484711170197), (32, 185.61739599704742), (33, 191.52334415912628), (34, 185.41292536258698), (35, 183.49815344810486), (36, 189.33541059494019), (37, 188.52520287036896), (38, 183.94788265228271), (39, 181.76351964473724), (40, 185.8639600276947), (41, 198.56739926338196), (42, 187.4962089061737), (43, 188.34392535686493), (44, 181.94048142433167), (45, 183.27266132831573), (46, 185.15354144573212), (47, 190.08325397968292), (48, 189.58261847496033), (49, 193.555713057518), (50, 187.1024113893509), (51, 187.83236384391785), (52, 188.57574021816254), (53, 187.53891479969025), (54, 187.02145779132843), (55, 188.51607263088226), (56, 189.8101842403412), (57, 187.31427776813507), (58, 190.53639435768127), (59, 194.6332310438156), (60, 193.06924653053284), (61, 192.99073827266693), (62, 194.2624934911728), (63, 190.77189564704895), (64, 192.24779069423676), (65, 193.44729590415955), (66, 193.79973542690277), (67, 192.8873029947281), (68, 192.25588405132294), (69, 192.06757855415344), (70, 192.23383116722107), (71, 192.9683781862259), (72, 187.73419165611267), (73, 188.63529908657074), (74, 189.8022494316101), (75, 189.75748705863953), (76, 196.49013245105743), (77, 197.44487941265106), (78, 193.50229859352112), (79, 195.13580513000488), (80, 199.2408001422882), (81, 203.87540805339813), (82, 197.9728001356125), (83, 196.60257768630981), (84, 191.95406591892242), (85, 196.2332034111023), (86, 193.8484902381897), (87, 198.48109602928162), (88, 191.38472419977188), (89, 195.1756772994995), (90, 195.8344291448593), (91, 191.53472554683685), (92, 198.75703930854797), (93, 199.26912999153137), (94, 203.80485796928406), (95, 195.28091168403625), (96, 194.7700493335724), (97, 195.34050524234772), (98, 197.16962337493896), (99, 193.86813366413116), (100, 199.9495587348938)]
[2024-04-27 05:04:14,869][flwr][INFO] - app_fit: metrics_centralized {'accuracy': [(0, 0.0973), (1, 0.1559), (2, 0.2242), (3, 0.2894), (4, 0.3171), (5, 0.3351), (6, 0.3224), (7, 0.3625), (8, 0.374), (9, 0.377), (10, 0.3858), (11, 0.3432), (12, 0.3742), (13, 0.3952), (14, 0.3912), (15, 0.3781), (16, 0.3984), (17, 0.4006), (18, 0.405), (19, 0.4023), (20, 0.4121), (21, 0.4171), (22, 0.4131), (23, 0.4111), (24, 0.4173), (25, 0.416), (26, 0.4133), (27, 0.4128), (28, 0.4059), (29, 0.4124), (30, 0.4195), (31, 0.4133), (32, 0.4074), (33, 0.4024), (34, 0.4097), (35, 0.413), (36, 0.4072), (37, 0.4109), (38, 0.4145), (39, 0.416), (40, 0.4108), (41, 0.3929), (42, 0.4152), (43, 0.4104), (44, 0.4173), (45, 0.421), (46, 0.4167), (47, 0.4175), (48, 0.4178), (49, 0.4097), (50, 0.42), (51, 0.4197), (52, 0.4173), (53, 0.4227), (54, 0.4218), (55, 0.424), (56, 0.4218), (57, 0.4249), (58, 0.4248), (59, 0.4264), (60, 0.4276), (61, 0.4222), (62, 0.4204), (63, 0.4289), (64, 0.4229), (65, 0.4158), (66, 0.4185), (67, 0.4286), (68, 0.4256), (69, 0.4245), (70, 0.4237), (71, 0.4244), (72, 0.4282), (73, 0.4284), (74, 0.4264), (75, 0.4254), (76, 0.42), (77, 0.4215), (78, 0.425), (79, 0.4215), (80, 0.4194), (81, 0.4175), (82, 0.4206), (83, 0.4235), (84, 0.4275), (85, 0.4221), (86, 0.4296), (87, 0.4237), (88, 0.4215), (89, 0.4214), (90, 0.4179), (91, 0.4233), (92, 0.4158), (93, 0.4184), (94, 0.4207), (95, 0.424), (96, 0.4274), (97, 0.4204), (98, 0.4206), (99, 0.4212), (100, 0.418)]}
