Using CUDA: False
Using MPS: False
dataset: cifar10
num_rounds: 100
num_clients: 50
batch_size: 20
num_classes: 10
num_channels: 3
target_label: 9
num_clients_per_round_fit: 15
num_clients_per_round_eval: 15
config_fit:
  poisoning_rate: 0.7
  lr: 0.01
  momentum: 0.9
  local_epochs: 5
  proximal_mu: 2.0
dataset_config:
  ratio_benign_client: 0.4
  iid: false
  balance: false
  power_law: false
  dirichlet: true
  alpha: 0.9
constants:
  EVIL_LAMBDA: 0
  MALI_LAMBDA: 0
  EXCEL_CELL: AT

Files already downloaded and verified
Files already downloaded and verified
[2024-05-18 16:14:52,424][flwr][INFO] - Starting Flower simulation, config: ServerConfig(num_rounds=100, round_timeout=None)
[2024-05-18 16:14:58,351][flwr][INFO] - Flower VCE: Ray initialized with resources: {'CPU': 40.0, 'object_store_memory': 19297386086.0, 'node:137.205.113.151': 1.0, 'memory': 38594772174.0, 'node:__internal_head__': 1.0}
[2024-05-18 16:14:58,352][flwr][INFO] - Initializing global parameters
[2024-05-18 16:14:58,353][flwr][INFO] - Using initial parameters provided by strategy
[2024-05-18 16:14:58,353][flwr][INFO] - Evaluating initial parameters
Evaluate
[2024-05-18 16:14:58,353][flwr][INFO] - FL starting
Configure Fit
server round: 1
[2024-05-18 16:14:58,353][flwr][DEBUG] - fit_round 1: strategy sampled 15 clients (out of 50)
[2024-05-18 16:18:12,086][flwr][DEBUG] - fit_round 1 received 15 results and 0 failures
malicious is ['2', '0', '0', '2', '2', '2', '2', '0', '0', '2', '0', '2', '2', '2', '0']
Number of Evil Clients: 0
Number of Preset Malicious Clients is 9
Number of Preset Benign Clients is 6
Average Clean Data Accuracy: 0.1661
Target label is 9
Now, comb_C is [2 0 0 2 2 2 2 0 0 2 0 2 2 2 0]
Clustering Accuracy is 1.0
length of good results is 6 and length of bad results is 9
Weights
0 of them have 0 sim weights out of 10 elements
10 of them have sim weight > 0.005
sim weight list is [1.0, 1.0, 1.0, 1.0, 1.0, 1.0, 1.0, 1.0, 1.0, 1.0]
Bias
sim weight list is [1.0, 1.0, 1.0, 1.0, 1.0, 1.0, 1.0, 1.0, 1.0, 1.0]
[2024-05-18 16:18:26,488][flwr][WARNING] - No fit_metrics_aggregation_fn provided
Evaluate
Configure Evaluate
[2024-05-18 16:18:26,490][flwr][DEBUG] - evaluate_round 1: strategy sampled 15 clients (out of 50)
[2024-05-18 16:18:42,930][flwr][DEBUG] - evaluate_round 1 received 15 results and 0 failures
Aggregate evaluate
benign record is []
No valid result
Federated Accuracy on Clean Data: 0.15688615384615387
Federated Accuracy on Dirty Data: 0.15688615384615387
Configure Fit
server round: 2
[2024-05-18 16:18:42,930][flwr][DEBUG] - fit_round 2: strategy sampled 15 clients (out of 50)
[2024-05-18 16:21:37,161][flwr][DEBUG] - fit_round 2 received 15 results and 0 failures
malicious is ['2', '2', '2', '2', '2', '2', '2', '2', '0', '2', '2', '0', '0', '2', '0']
Number of Evil Clients: 0
Number of Preset Malicious Clients is 11
Number of Preset Benign Clients is 4
Average Clean Data Accuracy: 0.17354545454545453
all malicious is 0
acc_diff is 0
Now, comb_C is [2 2 2 2 2 2 2 2 0 2 2 0 0 2 0]
Clustering Accuracy is 1.0
length of good results is 4 and length of bad results is 11
Weights
0 of them have 0 sim weights out of 10 elements
10 of them have sim weight > 0.005
sim weight list is [1.0, 1.0, 1.0, 1.0, 1.0, 1.0, 1.0, 1.0, 1.0, 1.0]
Bias
sim weight list is [1.0, 1.0, 1.0, 1.0, 1.0, 1.0, 1.0, 1.0, 1.0, 1.0]
Evaluate
Configure Evaluate
[2024-05-18 16:21:54,094][flwr][DEBUG] - evaluate_round 2: strategy sampled 15 clients (out of 50)
[2024-05-18 16:22:10,264][flwr][DEBUG] - evaluate_round 2 received 15 results and 0 failures
Aggregate evaluate
benign record is ['6', '9', '7', '5']
Federated Accuracy on Clean Data: 0.23149999999999998
Federated Accuracy on Dirty Data: 0.2500111111111111
Configure Fit
server round: 3
[2024-05-18 16:22:10,265][flwr][DEBUG] - fit_round 3: strategy sampled 15 clients (out of 50)
[2024-05-18 16:25:03,783][flwr][DEBUG] - fit_round 3 received 15 results and 0 failures
malicious is ['0', '0', '0', '0', '2', '0', '0', '0', '2', '2', '2', '2']
Number of Evil Clients: 3
Number of Preset Malicious Clients is 5
Number of Preset Benign Clients is 7
Average Clean Data Accuracy: 0.1697875
all malicious is 0
acc_diff is 0
Now, comb_C is [0 0 0 0 2 0 0 0 2 2 2 2]
Clustering Accuracy is 1.0
length of good results is 7 and length of bad results is 5
Weights
0 of them have 0 sim weights out of 10 elements
10 of them have sim weight > 0.005
sim weight list is [1.0, 1.0, 1.0, 1.0, 1.0, 1.0, 1.0, 1.0, 1.0, 1.0]
Bias
sim weight list is [1.0, 1.0, 1.0, 1.0, 1.0, 1.0, 1.0, 1.0, 1.0, 1.0]
Evaluate
Configure Evaluate
[2024-05-18 16:25:16,001][flwr][DEBUG] - evaluate_round 3: strategy sampled 15 clients (out of 50)
[2024-05-18 16:25:32,341][flwr][DEBUG] - evaluate_round 3 received 15 results and 0 failures
Aggregate evaluate
benign record is ['8', '18', '6', '10', '7', '9', '4', '0', '13', '5']
Federated Accuracy on Clean Data: 0.30963333333333337
Federated Accuracy on Dirty Data: 0.26352
Configure Fit
server round: 4
[2024-05-18 16:25:32,342][flwr][DEBUG] - fit_round 4: strategy sampled 15 clients (out of 50)
[2024-05-18 16:28:43,710][flwr][DEBUG] - fit_round 4 received 15 results and 0 failures
malicious is ['0', '2', '0', '2', '2', '2', '0', '0', '0', '2', '0']
Number of Evil Clients: 4
Number of Preset Malicious Clients is 5
Number of Preset Benign Clients is 6
Average Clean Data Accuracy: 0.18484444444444442
all malicious is 0
acc_diff is 0
Now, comb_C is [0 2 0 2 2 2 0 0 0 2 0]
Clustering Accuracy is 1.0
length of good results is 6 and length of bad results is 5
Weights
0 of them have 0 sim weights out of 10 elements
10 of them have sim weight > 0.005
sim weight list is [1.0, 1.0, 1.0, 1.0, 1.0, 1.0, 1.0, 1.0, 1.0, 1.0]
Bias
sim weight list is [1.0, 1.0, 1.0, 1.0, 1.0, 1.0, 1.0, 1.0, 1.0, 1.0]
Evaluate
Configure Evaluate
[2024-05-18 16:28:57,721][flwr][DEBUG] - evaluate_round 4: strategy sampled 15 clients (out of 50)
[2024-05-18 16:29:14,177][flwr][DEBUG] - evaluate_round 4 received 15 results and 0 failures
Aggregate evaluate
benign record is ['8', '17', '18', '16', '6', '10', '12', '15', '7', '9', '4', '0', '13', '5']
Federated Accuracy on Clean Data: 0.3169444444444444
Federated Accuracy on Dirty Data: 0.330865
Configure Fit
server round: 5
[2024-05-18 16:29:14,178][flwr][DEBUG] - fit_round 5: strategy sampled 15 clients (out of 50)
[2024-05-18 16:32:16,480][flwr][DEBUG] - fit_round 5 received 15 results and 0 failures
malicious is ['0', '0', '2', '2', '0', '0']
Number of Evil Clients: 9
Number of Preset Malicious Clients is 2
Number of Preset Benign Clients is 4
Average Clean Data Accuracy: 0.2763818181818182
all malicious is 0
acc_diff is 0
Now, comb_C is [0 0 2 2 0 0]
Clustering Accuracy is 1.0
length of good results is 4 and length of bad results is 2
Weights
0 of them have 0 sim weights out of 10 elements
10 of them have sim weight > 0.005
sim weight list is [1.0, 1.0, 1.0, 1.0, 1.0, 1.0, 1.0, 1.0, 1.0, 1.0]
Bias
sim weight list is [1.0, 1.0, 1.0, 1.0, 1.0, 1.0, 1.0, 1.0, 1.0, 1.0]
Evaluate
Configure Evaluate
[2024-05-18 16:32:33,839][flwr][DEBUG] - evaluate_round 5: strategy sampled 15 clients (out of 50)
[2024-05-18 16:32:49,920][flwr][DEBUG] - evaluate_round 5 received 15 results and 0 failures
Aggregate evaluate
benign record is ['8', '18', '5', '6', '10', '12', '15', '0', '7', '11', '9', '4', '16', '13', '17']
Federated Accuracy on Clean Data: 0.3220684210526315
Federated Accuracy on Dirty Data: 0.297075
Configure Fit
server round: 6
[2024-05-18 16:32:49,921][flwr][DEBUG] - fit_round 6: strategy sampled 15 clients (out of 50)
[2024-05-18 16:36:04,504][flwr][DEBUG] - fit_round 6 received 15 results and 0 failures
malicious is ['0', '0', '0', '0', '0', '2', '0']
Number of Evil Clients: 8
Number of Preset Malicious Clients is 1
Number of Preset Benign Clients is 6
Average Clean Data Accuracy: 0.19455555555555556
all malicious is 0
acc_diff is 0
Now, comb_C is [0 0 0 0 0 2 0]
Clustering Accuracy is 1.0
length of good results is 6 and length of bad results is 1
Weights
0 of them have 0 sim weights out of 10 elements
10 of them have sim weight > 0.005
sim weight list is [1.0, 1.0, 1.0, 1.0, 1.0, 1.0, 1.0, 1.0, 1.0, 1.0]
Bias
sim weight list is [1.0, 1.0, 1.0, 1.0, 1.0, 1.0, 1.0, 1.0, 1.0, 1.0]
Evaluate
Configure Evaluate
[2024-05-18 16:36:18,545][flwr][DEBUG] - evaluate_round 6: strategy sampled 15 clients (out of 50)
[2024-05-18 16:36:34,762][flwr][DEBUG] - evaluate_round 6 received 15 results and 0 failures
Aggregate evaluate
benign record is ['8', '17', '18', '16', '6', '10', '15', '0', '7', '11', '9', '4', '12', '13', '14', '5']
Federated Accuracy on Clean Data: 0.4844
Federated Accuracy on Dirty Data: 0.358675
Configure Fit
server round: 7
[2024-05-18 16:36:34,763][flwr][DEBUG] - fit_round 7: strategy sampled 15 clients (out of 50)
[2024-05-18 16:39:38,705][flwr][DEBUG] - fit_round 7 received 15 results and 0 failures
malicious is ['2', '0', '0', '0', '0', '2', '0']
Number of Evil Clients: 8
Number of Preset Malicious Clients is 2
Number of Preset Benign Clients is 5
Average Clean Data Accuracy: 0.25719
all malicious is 0
acc_diff is 0
Now, comb_C is [2 0 0 0 0 2 0]
Clustering Accuracy is 1.0
length of good results is 5 and length of bad results is 2
Weights
0 of them have 0 sim weights out of 10 elements
10 of them have sim weight > 0.005
sim weight list is [1.0, 1.0, 1.0, 1.0, 1.0, 1.0, 1.0, 1.0, 1.0, 1.0]
Bias
sim weight list is [1.0, 1.0, 1.0, 1.0, 1.0, 1.0, 1.0, 1.0, 1.0, 1.0]
Evaluate
Configure Evaluate
[2024-05-18 16:39:54,289][flwr][DEBUG] - evaluate_round 7: strategy sampled 15 clients (out of 50)
[2024-05-18 16:40:10,440][flwr][DEBUG] - evaluate_round 7 received 15 results and 0 failures
Aggregate evaluate
benign record is ['3', '8', '18', '5', '6', '10', '15', '0', '12', '7', '1', '11', '9', '4', '16', '13', '14', '17']
Federated Accuracy on Clean Data: 0.4825761904761905
Federated Accuracy on Dirty Data: 0.34099999999999997
Configure Fit
server round: 8
[2024-05-18 16:40:10,441][flwr][DEBUG] - fit_round 8: strategy sampled 15 clients (out of 50)
[2024-05-18 16:43:19,109][flwr][DEBUG] - fit_round 8 received 15 results and 0 failures
malicious is ['0', '0', '2', '0', '0', '0', '0', '2']
Number of Evil Clients: 7
Number of Preset Malicious Clients is 2
Number of Preset Benign Clients is 6
Average Clean Data Accuracy: 0.28038888888888885
all malicious is 0
acc_diff is 0
Now, comb_C is [0 0 2 0 0 0 0 2]
Clustering Accuracy is 1.0
length of good results is 6 and length of bad results is 2
Weights
0 of them have 0 sim weights out of 10 elements
10 of them have sim weight > 0.005
sim weight list is [1.0, 1.0, 1.0, 1.0, 1.0, 1.0, 1.0, 1.0, 1.0, 1.0]
Bias
sim weight list is [1.0, 1.0, 1.0, 1.0, 1.0, 1.0, 1.0, 1.0, 1.0, 1.0]
Evaluate
Configure Evaluate
[2024-05-18 16:43:33,337][flwr][DEBUG] - evaluate_round 8: strategy sampled 15 clients (out of 50)
[2024-05-18 16:43:49,339][flwr][DEBUG] - evaluate_round 8 received 15 results and 0 failures
Aggregate evaluate
benign record is ['3', '8', '17', '18', '16', '6', '10', '15', '12', '7', '1', '11', '9', '4', '0', '13', '14', '5']
Federated Accuracy on Clean Data: 0.49096875000000006
Federated Accuracy on Dirty Data: 0.363497435897436
Configure Fit
server round: 9
[2024-05-18 16:43:49,340][flwr][DEBUG] - fit_round 9: strategy sampled 15 clients (out of 50)
[2024-05-18 16:46:42,447][flwr][DEBUG] - fit_round 9 received 15 results and 0 failures
malicious is ['0', '0', '0', '0', '0']
Number of Evil Clients: 10
Number of Preset Malicious Clients is 0
Number of Preset Benign Clients is 5
Average Clean Data Accuracy: 0.37181
all malicious is 0
acc_diff is 0
Now, comb_C is [0 0 0 0 0]
Clustering Accuracy is 1.0
length of good results is 5 and length of bad results is 0
Bias
evil sim weight is [1. 1. 1. 1. 1. 1. 1. 1. 1. 1.]
Evaluate
Configure Evaluate
[2024-05-18 16:46:58,431][flwr][DEBUG] - evaluate_round 9: strategy sampled 15 clients (out of 50)
[2024-05-18 16:47:14,418][flwr][DEBUG] - evaluate_round 9 received 15 results and 0 failures
Aggregate evaluate
benign record is ['3', '8', '17', '18', '16', '6', '10', '15', '12', '7', '1', '11', '9', '4', '0', '13', '14', '5']
Federated Accuracy on Clean Data: 0.5516653846153846
Federated Accuracy on Dirty Data: 0.39239772727272726
Configure Fit
server round: 10
[2024-05-18 16:47:14,419][flwr][DEBUG] - fit_round 10: strategy sampled 15 clients (out of 50)
[2024-05-18 16:50:18,788][flwr][DEBUG] - fit_round 10 received 15 results and 0 failures
malicious is ['0', '0', '0', '0', '0', '0', '0', '0', '0']
Number of Evil Clients: 6
Number of Preset Malicious Clients is 0
Number of Preset Benign Clients is 9
Average Clean Data Accuracy: 0.3849666666666667
all malicious is 0
acc_diff is 0
Now, comb_C is [0 0 0 0 0 0 0 0 0]
Clustering Accuracy is 1.0
length of good results is 9 and length of bad results is 0
Bias
evil sim weight is [1. 1. 1. 1. 1. 1. 1. 1. 1. 1.]
Evaluate
Configure Evaluate
[2024-05-18 16:50:29,049][flwr][DEBUG] - evaluate_round 10: strategy sampled 15 clients (out of 50)
[2024-05-18 16:50:45,526][flwr][DEBUG] - evaluate_round 10 received 15 results and 0 failures
Aggregate evaluate
benign record is ['3', '8', '17', '18', '16', '6', '10', '15', '12', '7', '1', '11', '9', '4', '0', '13', '14', '5']
Federated Accuracy on Clean Data: 0.6343290322580645
Federated Accuracy on Dirty Data: 0.3890657142857143
Configure Fit
server round: 11
[2024-05-18 16:50:45,527][flwr][DEBUG] - fit_round 11: strategy sampled 15 clients (out of 50)
[2024-05-18 16:53:44,969][flwr][DEBUG] - fit_round 11 received 15 results and 0 failures
malicious is ['0', '0', '0', '0', '0', '0', '0', '2']
Number of Evil Clients: 7
Number of Preset Malicious Clients is 1
Number of Preset Benign Clients is 7
Average Clean Data Accuracy: 0.4466375
all malicious is 0
acc_diff is 0
Now, comb_C is [0 0 0 0 0 0 0 2]
Clustering Accuracy is 1.0
length of good results is 7 and length of bad results is 1
Weights
0 of them have 0 sim weights out of 10 elements
10 of them have sim weight > 0.005
sim weight list is [1.0, 1.0, 1.0, 1.0, 1.0, 1.0, 1.0, 1.0, 1.0, 1.0]
Bias
sim weight list is [1.0, 1.0, 1.0, 1.0, 1.0, 1.0, 1.0, 1.0, 1.0, 1.0]
Evaluate
Configure Evaluate
[2024-05-18 16:53:58,079][flwr][DEBUG] - evaluate_round 11: strategy sampled 15 clients (out of 50)
[2024-05-18 16:54:14,639][flwr][DEBUG] - evaluate_round 11 received 15 results and 0 failures
Aggregate evaluate
benign record is ['3', '8', '18', '5', '6', '10', '15', '12', '0', '7', '1', '11', '9', '4', '16', '13', '14', '17']
Federated Accuracy on Clean Data: 0.69745
Federated Accuracy on Dirty Data: 0.3560236842105264
Configure Fit
server round: 12
[2024-05-18 16:54:14,640][flwr][DEBUG] - fit_round 12: strategy sampled 15 clients (out of 50)
[2024-05-18 16:57:00,617][flwr][DEBUG] - fit_round 12 received 15 results and 0 failures
malicious is ['0', '2', '0', '0', '0', '0', '0', '0', '0']
Number of Evil Clients: 6
Number of Preset Malicious Clients is 1
Number of Preset Benign Clients is 8
Average Clean Data Accuracy: 0.5066285714285714
all malicious is 0
acc_diff is 0
Now, comb_C is [0 2 0 0 0 0 0 0 0]
Clustering Accuracy is 1.0
length of good results is 8 and length of bad results is 1
Weights
0 of them have 0 sim weights out of 10 elements
10 of them have sim weight > 0.005
sim weight list is [1.0, 1.0, 1.0, 1.0, 1.0, 1.0, 1.0, 1.0, 1.0, 1.0]
Bias
sim weight list is [1.0, 1.0, 1.0, 1.0, 1.0, 1.0, 1.0, 1.0, 1.0, 1.0]
Evaluate
Configure Evaluate
[2024-05-18 16:57:12,787][flwr][DEBUG] - evaluate_round 12: strategy sampled 15 clients (out of 50)
[2024-05-18 16:57:29,002][flwr][DEBUG] - evaluate_round 12 received 15 results and 0 failures
Aggregate evaluate
benign record is ['3', '8', '17', '18', '16', '6', '10', '15', '0', '7', '1', '11', '9', '4', '12', '13', '14', '5']
Federated Accuracy on Clean Data: 0.6724343749999999
Federated Accuracy on Dirty Data: 0.3665634146341463
Configure Fit
server round: 13
[2024-05-18 16:57:29,004][flwr][DEBUG] - fit_round 13: strategy sampled 15 clients (out of 50)
[2024-05-18 17:00:40,270][flwr][DEBUG] - fit_round 13 received 15 results and 0 failures
malicious is ['0', '0', '0', '0', '0']
Number of Evil Clients: 10
Number of Preset Malicious Clients is 0
Number of Preset Benign Clients is 5
Average Clean Data Accuracy: 0.48618000000000006
all malicious is 0
acc_diff is 0
Now, comb_C is [0 0 0 0 0]
Clustering Accuracy is 1.0
length of good results is 5 and length of bad results is 0
Bias
evil sim weight is [1. 1. 1. 1. 1. 1. 1. 1. 1. 1.]
Evaluate
Configure Evaluate
[2024-05-18 17:00:57,070][flwr][DEBUG] - evaluate_round 13: strategy sampled 15 clients (out of 50)
[2024-05-18 17:01:13,660][flwr][DEBUG] - evaluate_round 13 received 15 results and 0 failures
Aggregate evaluate
benign record is ['3', '8', '17', '18', '16', '6', '10', '15', '0', '7', '1', '11', '9', '4', '12', '13', '14', '5']
Federated Accuracy on Clean Data: 0.77279375
Federated Accuracy on Dirty Data: 0.35516603773584904
Configure Fit
server round: 14
[2024-05-18 17:01:13,660][flwr][DEBUG] - fit_round 14: strategy sampled 15 clients (out of 50)
[2024-05-18 17:04:03,094][flwr][DEBUG] - fit_round 14 received 15 results and 0 failures
malicious is ['0', '0', '0', '0', '0', '0']
Number of Evil Clients: 9
Number of Preset Malicious Clients is 0
Number of Preset Benign Clients is 6
Average Clean Data Accuracy: 0.5490222222222222
all malicious is 0
acc_diff is 0
Now, comb_C is [0 0 0 0 0 0]
Clustering Accuracy is 1.0
length of good results is 6 and length of bad results is 0
Bias
evil sim weight is [1. 1. 1. 1. 1. 1. 1. 1. 1. 1.]
Evaluate
Configure Evaluate
[2024-05-18 17:04:18,489][flwr][DEBUG] - evaluate_round 14: strategy sampled 15 clients (out of 50)
[2024-05-18 17:04:34,529][flwr][DEBUG] - evaluate_round 14 received 15 results and 0 failures
Aggregate evaluate
benign record is ['3', '8', '17', '18', '16', '6', '10', '15', '0', '7', '1', '11', '9', '4', '12', '13', '14', '5']
Federated Accuracy on Clean Data: 0.7964199999999999
Federated Accuracy on Dirty Data: 0.359625
Configure Fit
server round: 15
[2024-05-18 17:04:34,530][flwr][DEBUG] - fit_round 15: strategy sampled 15 clients (out of 50)
[2024-05-18 17:07:29,555][flwr][DEBUG] - fit_round 15 received 15 results and 0 failures
malicious is ['0', '0', '0', '0', '0']
Number of Evil Clients: 10
Number of Preset Malicious Clients is 0
Number of Preset Benign Clients is 5
Average Clean Data Accuracy: 0.48073
all malicious is 0
acc_diff is 0
Now, comb_C is [0 0 0 0 0]
Clustering Accuracy is 1.0
length of good results is 5 and length of bad results is 0
Bias
evil sim weight is [1. 1. 1. 1. 1. 1. 1. 1. 1. 1.]
Evaluate
Configure Evaluate
[2024-05-18 17:07:45,901][flwr][DEBUG] - evaluate_round 15: strategy sampled 15 clients (out of 50)
[2024-05-18 17:08:02,457][flwr][DEBUG] - evaluate_round 15 received 15 results and 0 failures
Aggregate evaluate
benign record is ['3', '8', '17', '18', '16', '6', '10', '15', '0', '7', '1', '11', '9', '4', '12', '13', '14', '5']
Federated Accuracy on Clean Data: 0.7119935483870968
Federated Accuracy on Dirty Data: 0.373375
Configure Fit
server round: 16
[2024-05-18 17:08:02,458][flwr][DEBUG] - fit_round 16: strategy sampled 15 clients (out of 50)
[2024-05-18 17:11:11,122][flwr][DEBUG] - fit_round 16 received 15 results and 0 failures
malicious is ['0', '0', '0', '0', '0']
Number of Evil Clients: 10
Number of Preset Malicious Clients is 0
Number of Preset Benign Clients is 5
Average Clean Data Accuracy: 0.55552
all malicious is 0
acc_diff is 0
Now, comb_C is [0 0 0 0 0]
Clustering Accuracy is 1.0
length of good results is 5 and length of bad results is 0
Bias
evil sim weight is [1. 1. 1. 1. 1. 1. 1. 1. 1. 1.]
Evaluate
Configure Evaluate
[2024-05-18 17:11:27,625][flwr][DEBUG] - evaluate_round 16: strategy sampled 15 clients (out of 50)
[2024-05-18 17:11:43,299][flwr][DEBUG] - evaluate_round 16 received 15 results and 0 failures
Aggregate evaluate
benign record is ['3', '8', '17', '18', '16', '6', '10', '15', '0', '7', '1', '11', '9', '4', '12', '13', '14', '5']
Federated Accuracy on Clean Data: 0.7775923076923076
Federated Accuracy on Dirty Data: 0.36959333333333333
Configure Fit
server round: 17
[2024-05-18 17:11:43,300][flwr][DEBUG] - fit_round 17: strategy sampled 15 clients (out of 50)
[2024-05-18 17:14:43,885][flwr][DEBUG] - fit_round 17 received 15 results and 0 failures
malicious is ['0', '0', '0', '0']
Number of Evil Clients: 11
Number of Preset Malicious Clients is 0
Number of Preset Benign Clients is 4
Average Clean Data Accuracy: 0.5059454545454545
all malicious is 1
acc_diff is 1.0252368450164795
Now, comb_C is [0 0 0 0]
Clustering Accuracy is 1.0
length of good results is 4 and length of bad results is 0
Evaluate
Configure Evaluate
[2024-05-18 17:15:01,855][flwr][DEBUG] - evaluate_round 17: strategy sampled 15 clients (out of 50)
[2024-05-18 17:15:18,389][flwr][DEBUG] - evaluate_round 17 received 15 results and 0 failures
Aggregate evaluate
benign record is ['3', '8', '17', '18', '16', '6', '10', '15', '0', '7', '1', '11', '9', '4', '12', '13', '14', '5']
Federated Accuracy on Clean Data: 0.8111045454545455
Federated Accuracy on Dirty Data: 0.3990513513513514
Configure Fit
server round: 18
[2024-05-18 17:15:18,390][flwr][DEBUG] - fit_round 18: strategy sampled 15 clients (out of 50)
[2024-05-18 17:18:40,870][flwr][DEBUG] - fit_round 18 received 15 results and 0 failures
malicious is ['0', '0', '0']
Number of Evil Clients: 12
Number of Preset Malicious Clients is 0
Number of Preset Benign Clients is 3
Average Clean Data Accuracy: 0.5722083333333333
all malicious is 1
acc_diff is 0.5094250043233235
Now, comb_C is [0 0 0]
Clustering Accuracy is 1.0
length of good results is 3 and length of bad results is 0
Evaluate
Configure Evaluate
[2024-05-18 17:19:01,075][flwr][DEBUG] - evaluate_round 18: strategy sampled 15 clients (out of 50)
[2024-05-18 17:19:17,996][flwr][DEBUG] - evaluate_round 18 received 15 results and 0 failures
Aggregate evaluate
benign record is ['3', '8', '17', '18', '16', '6', '10', '15', '0', '7', '1', '11', '9', '4', '12', '13', '14', '5']
Federated Accuracy on Clean Data: 0.7645642857142857
Federated Accuracy on Dirty Data: 0.3797178571428571
Configure Fit
server round: 19
[2024-05-18 17:19:17,997][flwr][DEBUG] - fit_round 19: strategy sampled 15 clients (out of 50)
[2024-05-18 17:22:06,610][flwr][DEBUG] - fit_round 19 received 15 results and 0 failures
malicious is ['0', '0', '0', '0', '0', '0', '0', '0']
Number of Evil Clients: 7
Number of Preset Malicious Clients is 0
Number of Preset Benign Clients is 8
Average Clean Data Accuracy: 0.5438285714285713
all malicious is 0
acc_diff is 0
Now, comb_C is [0 0 0 0 0 0 0 0]
Clustering Accuracy is 1.0
length of good results is 8 and length of bad results is 0
Bias
evil sim weight is [1. 1. 1. 1. 1. 1. 1. 1. 1. 1.]
Evaluate
Configure Evaluate
[2024-05-18 17:22:18,169][flwr][DEBUG] - evaluate_round 19: strategy sampled 15 clients (out of 50)
[2024-05-18 17:22:34,066][flwr][DEBUG] - evaluate_round 19 received 15 results and 0 failures
Aggregate evaluate
benign record is ['3', '8', '17', '18', '16', '6', '10', '15', '0', '7', '1', '11', '9', '4', '12', '13', '14', '5']
Federated Accuracy on Clean Data: 0.7574609756097561
Federated Accuracy on Dirty Data: 0.44511
Configure Fit
server round: 20
[2024-05-18 17:22:34,067][flwr][DEBUG] - fit_round 20: strategy sampled 15 clients (out of 50)
[2024-05-18 17:24:59,581][flwr][DEBUG] - fit_round 20 received 15 results and 0 failures
malicious is ['0', '0', '0', '0', '0', '0', '0', '0', '0']
Number of Evil Clients: 6
Number of Preset Malicious Clients is 0
Number of Preset Benign Clients is 9
Average Clean Data Accuracy: 0.576
all malicious is 0
acc_diff is 0
Now, comb_C is [0 0 0 0 0 0 0 0 0]
Clustering Accuracy is 1.0
length of good results is 9 and length of bad results is 0
Bias
evil sim weight is [1. 1. 1. 1. 1. 1. 1. 1. 1. 1.]
Evaluate
Configure Evaluate
[2024-05-18 17:25:10,173][flwr][DEBUG] - evaluate_round 20: strategy sampled 15 clients (out of 50)
[2024-05-18 17:25:26,435][flwr][DEBUG] - evaluate_round 20 received 15 results and 0 failures
Aggregate evaluate
benign record is ['3', '8', '17', '18', '16', '6', '10', '15', '0', '7', '1', '11', '9', '4', '12', '13', '14', '5']
Federated Accuracy on Clean Data: 0.8532999999999998
Federated Accuracy on Dirty Data: 0.42158571428571434
Configure Fit
server round: 21
[2024-05-18 17:25:26,436][flwr][DEBUG] - fit_round 21: strategy sampled 15 clients (out of 50)
[2024-05-18 17:27:52,840][flwr][DEBUG] - fit_round 21 received 15 results and 0 failures
malicious is ['0', '0', '0', '0', '0', '0', '0', '0', '0']
Number of Evil Clients: 6
Number of Preset Malicious Clients is 0
Number of Preset Benign Clients is 9
Average Clean Data Accuracy: 0.5544833333333333
all malicious is 1
acc_diff is 0.9397046830919054
Now, comb_C is [0 0 0 0 0 0 0 0 0]
Clustering Accuracy is 1.0
length of good results is 9 and length of bad results is 0
Evaluate
Configure Evaluate
[2024-05-18 17:28:03,492][flwr][DEBUG] - evaluate_round 21: strategy sampled 15 clients (out of 50)
[2024-05-18 17:28:20,336][flwr][DEBUG] - evaluate_round 21 received 15 results and 0 failures
Aggregate evaluate
benign record is ['3', '8', '17', '18', '16', '6', '10', '15', '0', '7', '1', '11', '9', '4', '12', '13', '14', '5']
Federated Accuracy on Clean Data: 0.8555851851851851
Federated Accuracy on Dirty Data: 0.43567500000000003
Configure Fit
server round: 22
[2024-05-18 17:28:20,338][flwr][DEBUG] - fit_round 22: strategy sampled 15 clients (out of 50)
[2024-05-18 17:31:24,030][flwr][DEBUG] - fit_round 22 received 15 results and 0 failures
malicious is ['0', '0', '0', '0', '0', '0', '0']
Number of Evil Clients: 8
Number of Preset Malicious Clients is 0
Number of Preset Benign Clients is 7
Average Clean Data Accuracy: 0.5564125
all malicious is 0
acc_diff is 0
Now, comb_C is [0 0 0 0 0 0 0]
Clustering Accuracy is 1.0
length of good results is 7 and length of bad results is 0
Bias
evil sim weight is [1. 1. 1. 1. 1. 1. 1. 1. 1. 1.]
Evaluate
Configure Evaluate
[2024-05-18 17:31:37,120][flwr][DEBUG] - evaluate_round 22: strategy sampled 15 clients (out of 50)
[2024-05-18 17:31:53,804][flwr][DEBUG] - evaluate_round 22 received 15 results and 0 failures
Aggregate evaluate
benign record is ['3', '8', '17', '18', '16', '6', '10', '15', '0', '7', '1', '11', '9', '4', '12', '13', '14', '5']
Federated Accuracy on Clean Data: 0.8054399999999999
Federated Accuracy on Dirty Data: 0.4396394736842106
Configure Fit
server round: 23
[2024-05-18 17:31:53,806][flwr][DEBUG] - fit_round 23: strategy sampled 15 clients (out of 50)
[2024-05-18 17:34:44,679][flwr][DEBUG] - fit_round 23 received 15 results and 0 failures
malicious is ['0', '0', '0', '0', '0', '0', '0', '0']
Number of Evil Clients: 7
Number of Preset Malicious Clients is 0
Number of Preset Benign Clients is 8
Average Clean Data Accuracy: 0.6330428571428571
all malicious is 1
acc_diff is 1.1609894037246704
Now, comb_C is [0 0 0 0 0 0 0 0]
Clustering Accuracy is 1.0
length of good results is 8 and length of bad results is 0
Evaluate
Configure Evaluate
[2024-05-18 17:34:56,592][flwr][DEBUG] - evaluate_round 23: strategy sampled 15 clients (out of 50)
[2024-05-18 17:35:14,227][flwr][DEBUG] - evaluate_round 23 received 15 results and 0 failures
Aggregate evaluate
benign record is ['3', '8', '17', '18', '16', '6', '10', '15', '0', '7', '1', '11', '9', '4', '12', '13', '14', '5']
Federated Accuracy on Clean Data: 0.772938888888889
Federated Accuracy on Dirty Data: 0.4145785714285714
Configure Fit
server round: 24
[2024-05-18 17:35:14,228][flwr][DEBUG] - fit_round 24: strategy sampled 15 clients (out of 50)
[2024-05-18 17:38:08,412][flwr][DEBUG] - fit_round 24 received 15 results and 0 failures
malicious is ['0', '0', '0', '0', '0']
Number of Evil Clients: 10
Number of Preset Malicious Clients is 0
Number of Preset Benign Clients is 5
Average Clean Data Accuracy: 0.5750399999999999
all malicious is 0
acc_diff is 0
Now, comb_C is [0 0 0 0 0]
Clustering Accuracy is 1.0
length of good results is 5 and length of bad results is 0
Bias
evil sim weight is [1. 1. 1. 1. 1. 1. 1. 1. 1. 1.]
Evaluate
Configure Evaluate
[2024-05-18 17:38:25,292][flwr][DEBUG] - evaluate_round 24: strategy sampled 15 clients (out of 50)
[2024-05-18 17:38:41,029][flwr][DEBUG] - evaluate_round 24 received 15 results and 0 failures
Aggregate evaluate
benign record is ['3', '8', '17', '18', '16', '6', '10', '15', '0', '7', '1', '11', '9', '4', '12', '13', '14', '5']
Federated Accuracy on Clean Data: 0.8247318181818183
Federated Accuracy on Dirty Data: 0.411778947368421
Configure Fit
server round: 25
[2024-05-18 17:38:41,030][flwr][DEBUG] - fit_round 25: strategy sampled 15 clients (out of 50)
[2024-05-18 17:41:32,460][flwr][DEBUG] - fit_round 25 received 15 results and 0 failures
malicious is ['0', '0', '0', '0', '0', '0']
Number of Evil Clients: 9
Number of Preset Malicious Clients is 0
Number of Preset Benign Clients is 6
Average Clean Data Accuracy: 0.5603111111111111
all malicious is 0
acc_diff is 0
Now, comb_C is [0 0 0 0 0 0]
Clustering Accuracy is 1.0
length of good results is 6 and length of bad results is 0
Bias
evil sim weight is [1. 1. 1. 1. 1. 1. 1. 1. 1. 1.]
Evaluate
Configure Evaluate
[2024-05-18 17:41:47,778][flwr][DEBUG] - evaluate_round 25: strategy sampled 15 clients (out of 50)
[2024-05-18 17:42:04,243][flwr][DEBUG] - evaluate_round 25 received 15 results and 0 failures
Aggregate evaluate
benign record is ['3', '8', '17', '18', '16', '6', '10', '15', '0', '7', '1', '11', '9', '4', '12', '13', '14', '5']
Federated Accuracy on Clean Data: 0.7605333333333334
Federated Accuracy on Dirty Data: 0.4077891891891892
Configure Fit
server round: 26
[2024-05-18 17:42:04,243][flwr][DEBUG] - fit_round 26: strategy sampled 15 clients (out of 50)
[2024-05-18 17:44:59,650][flwr][DEBUG] - fit_round 26 received 15 results and 0 failures
malicious is ['0', '0', '0', '0', '0', '0']
Number of Evil Clients: 9
Number of Preset Malicious Clients is 0
Number of Preset Benign Clients is 6
Average Clean Data Accuracy: 0.5841333333333333
all malicious is 1
acc_diff is 0.9530423482259114
Now, comb_C is [0 0 0 0 0 0]
Clustering Accuracy is 1.0
length of good results is 6 and length of bad results is 0
Evaluate
Configure Evaluate
[2024-05-18 17:45:13,899][flwr][DEBUG] - evaluate_round 26: strategy sampled 15 clients (out of 50)
[2024-05-18 17:45:30,550][flwr][DEBUG] - evaluate_round 26 received 15 results and 0 failures
Aggregate evaluate
benign record is ['3', '8', '17', '18', '16', '6', '10', '15', '0', '7', '1', '11', '9', '4', '12', '13', '14', '5']
Federated Accuracy on Clean Data: 0.8685
Federated Accuracy on Dirty Data: 0.41322749999999997
Configure Fit
server round: 27
[2024-05-18 17:45:30,551][flwr][DEBUG] - fit_round 27: strategy sampled 15 clients (out of 50)
[2024-05-18 17:48:28,803][flwr][DEBUG] - fit_round 27 received 15 results and 0 failures
malicious is ['0', '0', '0', '0', '0', '0']
Number of Evil Clients: 9
Number of Preset Malicious Clients is 0
Number of Preset Benign Clients is 6
Average Clean Data Accuracy: 0.6400333333333332
all malicious is 0
acc_diff is 0
Now, comb_C is [0 0 0 0 0 0]
Clustering Accuracy is 1.0
length of good results is 6 and length of bad results is 0
Bias
evil sim weight is [1. 1. 1. 1. 1. 1. 1. 1. 1. 1.]
Evaluate
Configure Evaluate
[2024-05-18 17:48:43,678][flwr][DEBUG] - evaluate_round 27: strategy sampled 15 clients (out of 50)
[2024-05-18 17:49:00,337][flwr][DEBUG] - evaluate_round 27 received 15 results and 0 failures
Aggregate evaluate
benign record is ['3', '8', '17', '18', '16', '6', '10', '15', '0', '7', '1', '11', '9', '4', '12', '13', '14', '5']
Federated Accuracy on Clean Data: 0.808675
Federated Accuracy on Dirty Data: 0.4239130434782609
Configure Fit
server round: 28
[2024-05-18 17:49:00,338][flwr][DEBUG] - fit_round 28: strategy sampled 15 clients (out of 50)
[2024-05-18 17:52:03,054][flwr][DEBUG] - fit_round 28 received 15 results and 0 failures
malicious is ['0', '0', '0', '0']
Number of Evil Clients: 11
Number of Preset Malicious Clients is 0
Number of Preset Benign Clients is 4
Average Clean Data Accuracy: 0.6492545454545454
all malicious is 1
acc_diff is 1.04219388961792
Now, comb_C is [0 0 0 0]
Clustering Accuracy is 1.0
length of good results is 4 and length of bad results is 0
Evaluate
Configure Evaluate
[2024-05-18 17:52:20,506][flwr][DEBUG] - evaluate_round 28: strategy sampled 15 clients (out of 50)
[2024-05-18 17:52:36,964][flwr][DEBUG] - evaluate_round 28 received 15 results and 0 failures
Aggregate evaluate
benign record is ['3', '8', '17', '18', '16', '6', '10', '15', '0', '7', '1', '11', '9', '4', '12', '13', '14', '5']
Federated Accuracy on Clean Data: 0.8519346153846153
Federated Accuracy on Dirty Data: 0.4819516129032258
Configure Fit
server round: 29
[2024-05-18 17:52:36,965][flwr][DEBUG] - fit_round 29: strategy sampled 15 clients (out of 50)
[2024-05-18 17:55:38,069][flwr][DEBUG] - fit_round 29 received 15 results and 0 failures
malicious is ['0', '0', '0', '0', '0', '0']
Number of Evil Clients: 9
Number of Preset Malicious Clients is 0
Number of Preset Benign Clients is 6
Average Clean Data Accuracy: 0.6375444444444445
all malicious is 0
acc_diff is 0
Now, comb_C is [0 0 0 0 0 0]
Clustering Accuracy is 1.0
length of good results is 6 and length of bad results is 0
Bias
evil sim weight is [1. 1. 1. 1. 1. 1. 1. 1. 1. 1.]
Evaluate
Configure Evaluate
[2024-05-18 17:55:52,729][flwr][DEBUG] - evaluate_round 29: strategy sampled 15 clients (out of 50)
[2024-05-18 17:56:09,326][flwr][DEBUG] - evaluate_round 29 received 15 results and 0 failures
Aggregate evaluate
benign record is ['3', '8', '17', '18', '16', '6', '10', '15', '0', '7', '1', '11', '9', '4', '12', '13', '14', '5']
Federated Accuracy on Clean Data: 0.7900685714285715
Federated Accuracy on Dirty Data: 0.413775
Configure Fit
server round: 30
[2024-05-18 17:56:09,327][flwr][DEBUG] - fit_round 30: strategy sampled 15 clients (out of 50)
[2024-05-18 17:59:04,650][flwr][DEBUG] - fit_round 30 received 15 results and 0 failures
malicious is ['0', '0', '0', '0', '0', '0', '0']
Number of Evil Clients: 8
Number of Preset Malicious Clients is 0
Number of Preset Benign Clients is 7
Average Clean Data Accuracy: 0.5729625
all malicious is 1
acc_diff is 0.7178164890834264
Now, comb_C is [0 0 0 0 0 0 0]
Clustering Accuracy is 1.0
length of good results is 7 and length of bad results is 0
Evaluate
Configure Evaluate
[2024-05-18 17:59:18,365][flwr][DEBUG] - evaluate_round 30: strategy sampled 15 clients (out of 50)
[2024-05-18 17:59:35,710][flwr][DEBUG] - evaluate_round 30 received 15 results and 0 failures
Aggregate evaluate
benign record is ['3', '8', '17', '18', '16', '6', '10', '15', '0', '7', '1', '11', '9', '4', '12', '13', '14', '5']
Federated Accuracy on Clean Data: 0.8535217391304348
Federated Accuracy on Dirty Data: 0.45440500000000006
Configure Fit
server round: 31
[2024-05-18 17:59:35,713][flwr][DEBUG] - fit_round 31: strategy sampled 15 clients (out of 50)
[2024-05-18 18:02:13,532][flwr][DEBUG] - fit_round 31 received 15 results and 0 failures
malicious is ['0', '0', '0', '0', '0', '0', '0', '0', '0']
Number of Evil Clients: 6
Number of Preset Malicious Clients is 0
Number of Preset Benign Clients is 9
Average Clean Data Accuracy: 0.6042166666666667
all malicious is 0
acc_diff is 0
Now, comb_C is [0 0 0 0 0 0 0 0 0]
Clustering Accuracy is 1.0
length of good results is 9 and length of bad results is 0
Bias
evil sim weight is [1. 1. 1. 1. 1. 1. 1. 1. 1. 1.]
Evaluate
Configure Evaluate
[2024-05-18 18:02:23,524][flwr][DEBUG] - evaluate_round 31: strategy sampled 15 clients (out of 50)
[2024-05-18 18:02:39,488][flwr][DEBUG] - evaluate_round 31 received 15 results and 0 failures
Aggregate evaluate
benign record is ['3', '8', '17', '18', '16', '6', '10', '15', '0', '7', '1', '11', '9', '4', '12', '13', '14', '5']
Federated Accuracy on Clean Data: 0.8209321428571429
Federated Accuracy on Dirty Data: 0.40081860465116276
Configure Fit
server round: 32
[2024-05-18 18:02:39,489][flwr][DEBUG] - fit_round 32: strategy sampled 15 clients (out of 50)
[2024-05-18 18:05:35,486][flwr][DEBUG] - fit_round 32 received 15 results and 0 failures
malicious is ['0', '0', '0', '0', '0', '0']
Number of Evil Clients: 9
Number of Preset Malicious Clients is 0
Number of Preset Benign Clients is 6
Average Clean Data Accuracy: 0.5370111111111111
all malicious is 1
acc_diff is 0.9910707473754883
Now, comb_C is [0 0 0 0 0 0]
Clustering Accuracy is 1.0
length of good results is 6 and length of bad results is 0
Evaluate
Configure Evaluate
[2024-05-18 18:05:50,532][flwr][DEBUG] - evaluate_round 32: strategy sampled 15 clients (out of 50)
[2024-05-18 18:06:07,162][flwr][DEBUG] - evaluate_round 32 received 15 results and 0 failures
Aggregate evaluate
benign record is ['3', '8', '17', '18', '16', '6', '10', '15', '0', '7', '1', '11', '9', '4', '12', '13', '14', '5']
Federated Accuracy on Clean Data: 0.8320142857142857
Federated Accuracy on Dirty Data: 0.43660666666666664
Configure Fit
server round: 33
[2024-05-18 18:06:07,163][flwr][DEBUG] - fit_round 33: strategy sampled 15 clients (out of 50)
[2024-05-18 18:09:00,162][flwr][DEBUG] - fit_round 33 received 15 results and 0 failures
malicious is ['0', '0', '0', '0', '0']
Number of Evil Clients: 10
Number of Preset Malicious Clients is 0
Number of Preset Benign Clients is 5
Average Clean Data Accuracy: 0.59633
all malicious is 0
acc_diff is 0
Now, comb_C is [0 0 0 0 0]
Clustering Accuracy is 1.0
length of good results is 5 and length of bad results is 0
Bias
evil sim weight is [1. 1. 1. 1. 1. 1. 1. 1. 1. 1.]
Evaluate
Configure Evaluate
[2024-05-18 18:09:16,858][flwr][DEBUG] - evaluate_round 33: strategy sampled 15 clients (out of 50)
[2024-05-18 18:09:33,084][flwr][DEBUG] - evaluate_round 33 received 15 results and 0 failures
Aggregate evaluate
benign record is ['3', '8', '17', '18', '16', '6', '10', '15', '0', '7', '1', '11', '9', '4', '12', '13', '14', '5']
Federated Accuracy on Clean Data: 0.794275
Federated Accuracy on Dirty Data: 0.40556315789473685
Configure Fit
server round: 34
[2024-05-18 18:09:33,086][flwr][DEBUG] - fit_round 34: strategy sampled 15 clients (out of 50)
[2024-05-18 18:12:34,074][flwr][DEBUG] - fit_round 34 received 15 results and 0 failures
malicious is ['0', '0', '0', '0', '0', '0']
Number of Evil Clients: 9
Number of Preset Malicious Clients is 0
Number of Preset Benign Clients is 6
Average Clean Data Accuracy: 0.6001777777777778
all malicious is 1
acc_diff is 1.0145479838053386
Now, comb_C is [0 0 0 0 0 0]
Clustering Accuracy is 1.0
length of good results is 6 and length of bad results is 0
Evaluate
Configure Evaluate
[2024-05-18 18:12:49,282][flwr][DEBUG] - evaluate_round 34: strategy sampled 15 clients (out of 50)
[2024-05-18 18:13:06,030][flwr][DEBUG] - evaluate_round 34 received 15 results and 0 failures
Aggregate evaluate
benign record is ['3', '8', '17', '18', '16', '6', '10', '15', '0', '7', '1', '11', '9', '4', '12', '13', '14', '5']
Federated Accuracy on Clean Data: 0.8224216216216217
Federated Accuracy on Dirty Data: 0.4152352941176471
Configure Fit
server round: 35
[2024-05-18 18:13:06,032][flwr][DEBUG] - fit_round 35: strategy sampled 15 clients (out of 50)
[2024-05-18 18:16:09,504][flwr][DEBUG] - fit_round 35 received 15 results and 0 failures
malicious is ['0', '0', '0', '0', '0', '0']
Number of Evil Clients: 9
Number of Preset Malicious Clients is 0
Number of Preset Benign Clients is 6
Average Clean Data Accuracy: 0.645988888888889
all malicious is 1
acc_diff is 1.0710139274597168
Now, comb_C is [0 0 0 0 0 0]
Clustering Accuracy is 1.0
length of good results is 6 and length of bad results is 0
Evaluate
Configure Evaluate
[2024-05-18 18:16:24,182][flwr][DEBUG] - evaluate_round 35: strategy sampled 15 clients (out of 50)
[2024-05-18 18:16:40,363][flwr][DEBUG] - evaluate_round 35 received 15 results and 0 failures
Aggregate evaluate
benign record is ['3', '8', '17', '18', '16', '6', '10', '15', '0', '7', '1', '11', '9', '4', '12', '13', '14', '5']
Federated Accuracy on Clean Data: 0.7991727272727274
Federated Accuracy on Dirty Data: 0.4297333333333334
Configure Fit
server round: 36
[2024-05-18 18:16:40,364][flwr][DEBUG] - fit_round 36: strategy sampled 15 clients (out of 50)
[2024-05-18 18:19:52,719][flwr][DEBUG] - fit_round 36 received 15 results and 0 failures
malicious is ['0', '0', '0', '0']
Number of Evil Clients: 11
Number of Preset Malicious Clients is 0
Number of Preset Benign Clients is 4
Average Clean Data Accuracy: 0.6025272727272727
all malicious is 0
acc_diff is 0
Now, comb_C is [0 0 0 0]
Clustering Accuracy is 1.0
length of good results is 4 and length of bad results is 0
Bias
evil sim weight is [1. 1. 1. 1. 1. 1. 1. 1. 1. 1.]
Evaluate
Configure Evaluate
[2024-05-18 18:20:10,598][flwr][DEBUG] - evaluate_round 36: strategy sampled 15 clients (out of 50)
[2024-05-18 18:20:26,586][flwr][DEBUG] - evaluate_round 36 received 15 results and 0 failures
Aggregate evaluate
benign record is ['3', '8', '17', '18', '16', '6', '10', '15', '0', '7', '1', '11', '9', '4', '12', '13', '14', '5']
Federated Accuracy on Clean Data: 0.8635727272727273
Federated Accuracy on Dirty Data: 0.42341041666666673
Configure Fit
server round: 37
[2024-05-18 18:20:26,587][flwr][DEBUG] - fit_round 37: strategy sampled 15 clients (out of 50)
[2024-05-18 18:23:52,151][flwr][DEBUG] - fit_round 37 received 15 results and 0 failures
malicious is ['0', '0', '0', '0', '0', '0']
Number of Evil Clients: 9
Number of Preset Malicious Clients is 0
Number of Preset Benign Clients is 6
Average Clean Data Accuracy: 0.5828444444444445
all malicious is 1
acc_diff is 0.42658487955729174
Now, comb_C is [0 0 0 0 0 0]
Clustering Accuracy is 1.0
length of good results is 6 and length of bad results is 0
Evaluate
Configure Evaluate
[2024-05-18 18:24:07,303][flwr][DEBUG] - evaluate_round 37: strategy sampled 15 clients (out of 50)
[2024-05-18 18:24:24,174][flwr][DEBUG] - evaluate_round 37 received 15 results and 0 failures
Aggregate evaluate
benign record is ['3', '8', '17', '18', '16', '6', '10', '15', '0', '7', '1', '11', '9', '4', '12', '13', '14', '5']
Federated Accuracy on Clean Data: 0.8494269230769231
Federated Accuracy on Dirty Data: 0.4555418604651163
Configure Fit
server round: 38
[2024-05-18 18:24:24,175][flwr][DEBUG] - fit_round 38: strategy sampled 15 clients (out of 50)
[2024-05-18 18:27:28,210][flwr][DEBUG] - fit_round 38 received 15 results and 0 failures
malicious is ['0', '0', '0', '0', '0', '0']
Number of Evil Clients: 9
Number of Preset Malicious Clients is 0
Number of Preset Benign Clients is 6
Average Clean Data Accuracy: 0.6417111111111111
all malicious is 1
acc_diff is 0.5940281550089519
Now, comb_C is [0 0 0 0 0 0]
Clustering Accuracy is 1.0
length of good results is 6 and length of bad results is 0
Evaluate
Configure Evaluate
[2024-05-18 18:27:42,443][flwr][DEBUG] - evaluate_round 38: strategy sampled 15 clients (out of 50)
[2024-05-18 18:27:58,630][flwr][DEBUG] - evaluate_round 38 received 15 results and 0 failures
Aggregate evaluate
benign record is ['3', '8', '17', '18', '16', '6', '10', '15', '0', '7', '1', '11', '9', '4', '12', '13', '14', '5']
Federated Accuracy on Clean Data: 0.8487681818181817
Federated Accuracy on Dirty Data: 0.3977595238095238
Configure Fit
server round: 39
[2024-05-18 18:27:58,631][flwr][DEBUG] - fit_round 39: strategy sampled 15 clients (out of 50)
[2024-05-18 18:30:59,979][flwr][DEBUG] - fit_round 39 received 15 results and 0 failures
malicious is ['0', '0', '0', '0', '0', '0']
Number of Evil Clients: 9
Number of Preset Malicious Clients is 0
Number of Preset Benign Clients is 6
Average Clean Data Accuracy: 0.609488888888889
all malicious is 0
acc_diff is 0
Now, comb_C is [0 0 0 0 0 0]
Clustering Accuracy is 1.0
length of good results is 6 and length of bad results is 0
Bias
evil sim weight is [1. 1. 1. 1. 1. 1. 1. 1. 1. 1.]
Evaluate
Configure Evaluate
[2024-05-18 18:31:14,851][flwr][DEBUG] - evaluate_round 39: strategy sampled 15 clients (out of 50)
[2024-05-18 18:31:30,962][flwr][DEBUG] - evaluate_round 39 received 15 results and 0 failures
Aggregate evaluate
benign record is ['3', '8', '17', '18', '16', '6', '10', '15', '0', '7', '1', '11', '9', '4', '12', '13', '14', '5']
Federated Accuracy on Clean Data: 0.8220826086956522
Federated Accuracy on Dirty Data: 0.441176923076923
Configure Fit
server round: 40
[2024-05-18 18:31:30,963][flwr][DEBUG] - fit_round 40: strategy sampled 15 clients (out of 50)
[2024-05-18 18:34:33,915][flwr][DEBUG] - fit_round 40 received 15 results and 0 failures
malicious is ['0', '0', '0', '0', '0', '0']
Number of Evil Clients: 9
Number of Preset Malicious Clients is 0
Number of Preset Benign Clients is 6
Average Clean Data Accuracy: 0.6408555555555556
all malicious is 1
acc_diff is 0.7241264979044597
Now, comb_C is [0 0 0 0 0 0]
Clustering Accuracy is 1.0
length of good results is 6 and length of bad results is 0
Evaluate
Configure Evaluate
[2024-05-18 18:34:48,120][flwr][DEBUG] - evaluate_round 40: strategy sampled 15 clients (out of 50)
[2024-05-18 18:35:04,594][flwr][DEBUG] - evaluate_round 40 received 15 results and 0 failures
Aggregate evaluate
benign record is ['3', '8', '17', '18', '16', '6', '10', '15', '0', '7', '1', '11', '9', '4', '12', '13', '14', '5']
Federated Accuracy on Clean Data: 0.8800363636363635
Federated Accuracy on Dirty Data: 0.4335879310344828
Configure Fit
server round: 41
[2024-05-18 18:35:04,595][flwr][DEBUG] - fit_round 41: strategy sampled 15 clients (out of 50)
[2024-05-18 18:37:22,989][flwr][DEBUG] - fit_round 41 received 15 results and 0 failures
malicious is ['0', '0', '0', '0', '0', '0']
Number of Evil Clients: 9
Number of Preset Malicious Clients is 0
Number of Preset Benign Clients is 6
Average Clean Data Accuracy: 0.6867333333333332
all malicious is 1
acc_diff is 0.638099193572998
Now, comb_C is [0 0 0 0 0 0]
Clustering Accuracy is 1.0
length of good results is 6 and length of bad results is 0
Evaluate
Configure Evaluate
[2024-05-18 18:37:37,579][flwr][DEBUG] - evaluate_round 41: strategy sampled 15 clients (out of 50)
[2024-05-18 18:37:54,560][flwr][DEBUG] - evaluate_round 41 received 15 results and 0 failures
Aggregate evaluate
benign record is ['3', '8', '17', '18', '16', '6', '10', '15', '0', '7', '1', '11', '9', '4', '12', '13', '14', '5']
Federated Accuracy on Clean Data: 0.8480882352941177
Federated Accuracy on Dirty Data: 0.40941399999999994
Configure Fit
server round: 42
[2024-05-18 18:37:54,561][flwr][DEBUG] - fit_round 42: strategy sampled 15 clients (out of 50)
[2024-05-18 18:40:45,481][flwr][DEBUG] - fit_round 42 received 15 results and 0 failures
malicious is ['0', '0', '0', '0', '0', '0']
Number of Evil Clients: 9
Number of Preset Malicious Clients is 0
Number of Preset Benign Clients is 6
Average Clean Data Accuracy: 0.5970666666666666
all malicious is 1
acc_diff is 1.1832631429036458
Now, comb_C is [0 0 0 0 0 0]
Clustering Accuracy is 1.0
length of good results is 6 and length of bad results is 0
Evaluate
Configure Evaluate
[2024-05-18 18:41:00,022][flwr][DEBUG] - evaluate_round 42: strategy sampled 15 clients (out of 50)
[2024-05-18 18:41:16,561][flwr][DEBUG] - evaluate_round 42 received 15 results and 0 failures
Aggregate evaluate
benign record is ['3', '8', '17', '18', '16', '6', '10', '15', '0', '7', '1', '11', '9', '4', '12', '13', '14', '5']
Federated Accuracy on Clean Data: 0.8491722222222222
Federated Accuracy on Dirty Data: 0.39999666666666667
Configure Fit
server round: 43
[2024-05-18 18:41:16,562][flwr][DEBUG] - fit_round 43: strategy sampled 15 clients (out of 50)
[2024-05-18 18:44:22,338][flwr][DEBUG] - fit_round 43 received 15 results and 0 failures
malicious is ['0', '0', '0', '0', '0', '0']
Number of Evil Clients: 9
Number of Preset Malicious Clients is 0
Number of Preset Benign Clients is 6
Average Clean Data Accuracy: 0.6625111111111112
all malicious is 0
acc_diff is 0
Now, comb_C is [0 0 0 0 0 0]
Clustering Accuracy is 1.0
length of good results is 6 and length of bad results is 0
Bias
evil sim weight is [1. 1. 1. 1. 1. 1. 1. 1. 1. 1.]
Evaluate
Configure Evaluate
[2024-05-18 18:44:37,347][flwr][DEBUG] - evaluate_round 43: strategy sampled 15 clients (out of 50)
[2024-05-18 18:44:54,123][flwr][DEBUG] - evaluate_round 43 received 15 results and 0 failures
Aggregate evaluate
benign record is ['3', '8', '17', '18', '16', '6', '10', '15', '0', '7', '1', '11', '9', '4', '12', '13', '14', '5']
Federated Accuracy on Clean Data: 0.8770576923076923
Federated Accuracy on Dirty Data: 0.4202842105263158
Configure Fit
server round: 44
[2024-05-18 18:44:54,124][flwr][DEBUG] - fit_round 44: strategy sampled 15 clients (out of 50)
[2024-05-18 18:47:46,134][flwr][DEBUG] - fit_round 44 received 15 results and 0 failures
malicious is ['0', '0', '0', '0', '0', '0', '0']
Number of Evil Clients: 8
Number of Preset Malicious Clients is 0
Number of Preset Benign Clients is 7
Average Clean Data Accuracy: 0.62995
all malicious is 1
acc_diff is 0.32303864615304123
Now, comb_C is [0 0 0 0 0 0 0]
Clustering Accuracy is 1.0
length of good results is 7 and length of bad results is 0
Evaluate
Configure Evaluate
[2024-05-18 18:47:59,320][flwr][DEBUG] - evaluate_round 44: strategy sampled 15 clients (out of 50)
[2024-05-18 18:48:15,868][flwr][DEBUG] - evaluate_round 44 received 15 results and 0 failures
Aggregate evaluate
benign record is ['3', '8', '17', '18', '16', '6', '10', '15', '0', '7', '1', '11', '9', '4', '12', '13', '14', '5']
Federated Accuracy on Clean Data: 0.85289
Federated Accuracy on Dirty Data: 0.43116363636363625
Configure Fit
server round: 45
[2024-05-18 18:48:15,869][flwr][DEBUG] - fit_round 45: strategy sampled 15 clients (out of 50)
[2024-05-18 18:51:17,211][flwr][DEBUG] - fit_round 45 received 15 results and 0 failures
malicious is ['0', '0', '0', '0', '0', '0']
Number of Evil Clients: 9
Number of Preset Malicious Clients is 0
Number of Preset Benign Clients is 6
Average Clean Data Accuracy: 0.5761666666666667
all malicious is 1
acc_diff is 0.7097123463948567
Now, comb_C is [0 0 0 0 0 0]
Clustering Accuracy is 1.0
length of good results is 6 and length of bad results is 0
Evaluate
Configure Evaluate
[2024-05-18 18:51:31,559][flwr][DEBUG] - evaluate_round 45: strategy sampled 15 clients (out of 50)
[2024-05-18 18:51:47,870][flwr][DEBUG] - evaluate_round 45 received 15 results and 0 failures
Aggregate evaluate
benign record is ['3', '8', '17', '18', '16', '6', '10', '15', '0', '7', '1', '11', '9', '4', '12', '13', '14', '5']
Federated Accuracy on Clean Data: 0.8341700000000001
Federated Accuracy on Dirty Data: 0.44538285714285714
Configure Fit
server round: 46
[2024-05-18 18:51:47,871][flwr][DEBUG] - fit_round 46: strategy sampled 15 clients (out of 50)
[2024-05-18 18:54:16,154][flwr][DEBUG] - fit_round 46 received 15 results and 0 failures
malicious is ['0', '0', '0', '0', '0', '0', '0']
Number of Evil Clients: 8
Number of Preset Malicious Clients is 0
Number of Preset Benign Clients is 7
Average Clean Data Accuracy: 0.6288874999999999
all malicious is 1
acc_diff is 0.53697327205113
Now, comb_C is [0 0 0 0 0 0 0]
Clustering Accuracy is 1.0
length of good results is 7 and length of bad results is 0
Evaluate
Configure Evaluate
[2024-05-18 18:54:29,504][flwr][DEBUG] - evaluate_round 46: strategy sampled 15 clients (out of 50)
[2024-05-18 18:54:46,409][flwr][DEBUG] - evaluate_round 46 received 15 results and 0 failures
Aggregate evaluate
benign record is ['3', '8', '17', '18', '16', '6', '10', '15', '0', '7', '1', '11', '9', '4', '12', '13', '14', '5']
Federated Accuracy on Clean Data: 0.846384090909091
Federated Accuracy on Dirty Data: 0.4817379310344828
Configure Fit
server round: 47
[2024-05-18 18:54:46,410][flwr][DEBUG] - fit_round 47: strategy sampled 15 clients (out of 50)
[2024-05-18 18:57:39,491][flwr][DEBUG] - fit_round 47 received 15 results and 0 failures
malicious is ['0', '0', '0', '0', '0']
Number of Evil Clients: 10
Number of Preset Malicious Clients is 0
Number of Preset Benign Clients is 5
Average Clean Data Accuracy: 0.6007499999999999
all malicious is 1
acc_diff is 0.7346452713012694
Now, comb_C is [0 0 0 0 0]
Clustering Accuracy is 1.0
length of good results is 5 and length of bad results is 0
Evaluate
Configure Evaluate
[2024-05-18 18:57:55,949][flwr][DEBUG] - evaluate_round 47: strategy sampled 15 clients (out of 50)
[2024-05-18 18:58:13,359][flwr][DEBUG] - evaluate_round 47 received 15 results and 0 failures
Aggregate evaluate
benign record is ['3', '8', '17', '18', '16', '6', '10', '15', '0', '7', '1', '11', '9', '4', '12', '13', '14', '5']
Federated Accuracy on Clean Data: 0.8413111111111111
Federated Accuracy on Dirty Data: 0.4346555555555556
Configure Fit
server round: 48
[2024-05-18 18:58:13,360][flwr][DEBUG] - fit_round 48: strategy sampled 15 clients (out of 50)
[2024-05-18 19:01:13,753][flwr][DEBUG] - fit_round 48 received 15 results and 0 failures
malicious is ['0', '0', '0', '0']
Number of Evil Clients: 11
Number of Preset Malicious Clients is 0
Number of Preset Benign Clients is 4
Average Clean Data Accuracy: 0.6754181818181819
all malicious is 0
acc_diff is 0
Now, comb_C is [0 0 0 0]
Clustering Accuracy is 1.0
length of good results is 4 and length of bad results is 0
Bias
evil sim weight is [1. 1. 1. 1. 1. 1. 1. 1. 1. 1.]
Evaluate
Configure Evaluate
[2024-05-18 19:01:31,904][flwr][DEBUG] - evaluate_round 48: strategy sampled 15 clients (out of 50)
[2024-05-18 19:01:48,572][flwr][DEBUG] - evaluate_round 48 received 15 results and 0 failures
Aggregate evaluate
benign record is ['3', '8', '17', '18', '16', '6', '10', '15', '0', '7', '1', '11', '9', '4', '12', '13', '14', '5']
Federated Accuracy on Clean Data: 0.871237037037037
Federated Accuracy on Dirty Data: 0.4117744186046512
Configure Fit
server round: 49
[2024-05-18 19:01:48,575][flwr][DEBUG] - fit_round 49: strategy sampled 15 clients (out of 50)
[2024-05-18 19:04:33,691][flwr][DEBUG] - fit_round 49 received 15 results and 0 failures
malicious is ['0', '0', '0', '0', '0', '0']
Number of Evil Clients: 9
Number of Preset Malicious Clients is 0
Number of Preset Benign Clients is 6
Average Clean Data Accuracy: 0.6718444444444444
all malicious is 1
acc_diff is 0.26975742975870753
Now, comb_C is [0 0 0 0 0 0]
Clustering Accuracy is 1.0
length of good results is 6 and length of bad results is 0
Evaluate
Configure Evaluate
[2024-05-18 19:04:48,636][flwr][DEBUG] - evaluate_round 49: strategy sampled 15 clients (out of 50)
[2024-05-18 19:05:05,990][flwr][DEBUG] - evaluate_round 49 received 15 results and 0 failures
Aggregate evaluate
benign record is ['3', '8', '17', '18', '16', '6', '10', '15', '0', '7', '1', '11', '9', '4', '12', '13', '14', '5']
Federated Accuracy on Clean Data: 0.8966277777777777
Federated Accuracy on Dirty Data: 0.43640697674418605
Configure Fit
server round: 50
[2024-05-18 19:05:05,991][flwr][DEBUG] - fit_round 50: strategy sampled 15 clients (out of 50)
[2024-05-18 19:07:28,444][flwr][DEBUG] - fit_round 50 received 15 results and 0 failures
malicious is ['0', '0', '0', '0', '0', '0', '0']
Number of Evil Clients: 8
Number of Preset Malicious Clients is 0
Number of Preset Benign Clients is 7
Average Clean Data Accuracy: 0.5740125
all malicious is 1
acc_diff is 0.6987269265311105
Now, comb_C is [0 0 0 0 0 0 0]
Clustering Accuracy is 1.0
length of good results is 7 and length of bad results is 0
Evaluate
Configure Evaluate
[2024-05-18 19:07:41,907][flwr][DEBUG] - evaluate_round 50: strategy sampled 15 clients (out of 50)
[2024-05-18 19:07:58,795][flwr][DEBUG] - evaluate_round 50 received 15 results and 0 failures
Aggregate evaluate
benign record is ['3', '8', '17', '18', '16', '6', '10', '15', '0', '7', '1', '11', '9', '4', '12', '13', '14', '5']
Federated Accuracy on Clean Data: 0.8637424242424242
Federated Accuracy on Dirty Data: 0.46218571428571426
Configure Fit
server round: 51
[2024-05-18 19:07:58,796][flwr][DEBUG] - fit_round 51: strategy sampled 15 clients (out of 50)
[2024-05-18 19:10:51,019][flwr][DEBUG] - fit_round 51 received 15 results and 0 failures
malicious is ['0', '0', '0', '0', '0', '0', '0']
Number of Evil Clients: 8
Number of Preset Malicious Clients is 0
Number of Preset Benign Clients is 7
Average Clean Data Accuracy: 0.709525
all malicious is 1
acc_diff is 0.8523292541503906
Now, comb_C is [0 0 0 0 0 0 0]
Clustering Accuracy is 1.0
length of good results is 7 and length of bad results is 0
Evaluate
Configure Evaluate
[2024-05-18 19:11:03,905][flwr][DEBUG] - evaluate_round 51: strategy sampled 15 clients (out of 50)
[2024-05-18 19:11:20,134][flwr][DEBUG] - evaluate_round 51 received 15 results and 0 failures
Aggregate evaluate
benign record is ['3', '8', '17', '18', '16', '6', '10', '15', '0', '7', '1', '11', '9', '4', '12', '13', '14', '5']
Federated Accuracy on Clean Data: 0.877068
Federated Accuracy on Dirty Data: 0.4362666666666667
Configure Fit
server round: 52
[2024-05-18 19:11:20,135][flwr][DEBUG] - fit_round 52: strategy sampled 15 clients (out of 50)
[2024-05-18 19:14:10,966][flwr][DEBUG] - fit_round 52 received 15 results and 0 failures
malicious is ['0', '0', '0', '0', '0', '0', '0']
Number of Evil Clients: 8
Number of Preset Malicious Clients is 0
Number of Preset Benign Clients is 7
Average Clean Data Accuracy: 0.67845
all malicious is 1
acc_diff is 0.8535507747105189
Now, comb_C is [0 0 0 0 0 0 0]
Clustering Accuracy is 1.0
length of good results is 7 and length of bad results is 0
Evaluate
Configure Evaluate
[2024-05-18 19:14:25,255][flwr][DEBUG] - evaluate_round 52: strategy sampled 15 clients (out of 50)
[2024-05-18 19:14:43,010][flwr][DEBUG] - evaluate_round 52 received 15 results and 0 failures
Aggregate evaluate
benign record is ['3', '8', '17', '18', '16', '6', '10', '15', '0', '7', '1', '11', '9', '4', '12', '13', '14', '5']
Federated Accuracy on Clean Data: 0.8478913043478261
Federated Accuracy on Dirty Data: 0.4069891891891892
Configure Fit
server round: 53
[2024-05-18 19:14:43,011][flwr][DEBUG] - fit_round 53: strategy sampled 15 clients (out of 50)
[2024-05-18 19:17:31,877][flwr][DEBUG] - fit_round 53 received 15 results and 0 failures
malicious is ['0', '0', '0', '0']
Number of Evil Clients: 11
Number of Preset Malicious Clients is 0
Number of Preset Benign Clients is 4
Average Clean Data Accuracy: 0.6149727272727273
all malicious is 1
acc_diff is 0.6153481006622314
Now, comb_C is [0 0 0 0]
Clustering Accuracy is 1.0
length of good results is 4 and length of bad results is 0
Evaluate
Configure Evaluate
[2024-05-18 19:17:49,768][flwr][DEBUG] - evaluate_round 53: strategy sampled 15 clients (out of 50)
[2024-05-18 19:18:06,878][flwr][DEBUG] - evaluate_round 53 received 15 results and 0 failures
Aggregate evaluate
benign record is ['3', '8', '17', '18', '16', '6', '10', '15', '0', '7', '1', '11', '9', '4', '12', '13', '14', '5']
Federated Accuracy on Clean Data: 0.8786318181818181
Federated Accuracy on Dirty Data: 0.4479125
Configure Fit
server round: 54
[2024-05-18 19:18:06,880][flwr][DEBUG] - fit_round 54: strategy sampled 15 clients (out of 50)
[2024-05-18 19:20:54,302][flwr][DEBUG] - fit_round 54 received 15 results and 0 failures
malicious is ['0', '0', '0', '0', '0', '0', '0', '0']
Number of Evil Clients: 7
Number of Preset Malicious Clients is 0
Number of Preset Benign Clients is 8
Average Clean Data Accuracy: 0.6404571428571428
all malicious is 1
acc_diff is 0.6538143157958984
Now, comb_C is [0 0 0 0 0 0 0 0]
Clustering Accuracy is 1.0
length of good results is 8 and length of bad results is 0
Evaluate
Configure Evaluate
[2024-05-18 19:21:06,236][flwr][DEBUG] - evaluate_round 54: strategy sampled 15 clients (out of 50)
[2024-05-18 19:21:23,154][flwr][DEBUG] - evaluate_round 54 received 15 results and 0 failures
Aggregate evaluate
benign record is ['3', '8', '17', '18', '16', '6', '10', '15', '0', '7', '1', '11', '9', '4', '12', '13', '14', '5']
Federated Accuracy on Clean Data: 0.851372
Federated Accuracy on Dirty Data: 0.4085022222222222
Configure Fit
server round: 55
[2024-05-18 19:21:23,155][flwr][DEBUG] - fit_round 55: strategy sampled 15 clients (out of 50)
[2024-05-18 19:24:23,044][flwr][DEBUG] - fit_round 55 received 15 results and 0 failures
malicious is ['0', '0', '0', '0', '0']
Number of Evil Clients: 10
Number of Preset Malicious Clients is 0
Number of Preset Benign Clients is 5
Average Clean Data Accuracy: 0.60006
all malicious is 1
acc_diff is 0.9665333747863769
Now, comb_C is [0 0 0 0 0]
Clustering Accuracy is 1.0
length of good results is 5 and length of bad results is 0
Evaluate
Configure Evaluate
[2024-05-18 19:24:39,465][flwr][DEBUG] - evaluate_round 55: strategy sampled 15 clients (out of 50)
[2024-05-18 19:24:56,444][flwr][DEBUG] - evaluate_round 55 received 15 results and 0 failures
Aggregate evaluate
benign record is ['3', '8', '17', '18', '16', '6', '10', '15', '0', '7', '1', '11', '9', '4', '12', '13', '14', '5']
Federated Accuracy on Clean Data: 0.8914217391304347
Federated Accuracy on Dirty Data: 0.4398093023255814
Configure Fit
server round: 56
[2024-05-18 19:24:56,445][flwr][DEBUG] - fit_round 56: strategy sampled 15 clients (out of 50)
[2024-05-18 19:27:53,379][flwr][DEBUG] - fit_round 56 received 15 results and 0 failures
malicious is ['0', '0', '0', '0', '0']
Number of Evil Clients: 10
Number of Preset Malicious Clients is 0
Number of Preset Benign Clients is 5
Average Clean Data Accuracy: 0.63479
all malicious is 1
acc_diff is 0.844945240020752
Now, comb_C is [0 0 0 0 0]
Clustering Accuracy is 1.0
length of good results is 5 and length of bad results is 0
Evaluate
Configure Evaluate
[2024-05-18 19:28:09,308][flwr][DEBUG] - evaluate_round 56: strategy sampled 15 clients (out of 50)
[2024-05-18 19:28:25,963][flwr][DEBUG] - evaluate_round 56 received 15 results and 0 failures
Aggregate evaluate
benign record is ['3', '8', '17', '18', '16', '6', '10', '15', '0', '7', '1', '11', '9', '4', '12', '13', '14', '5']
Federated Accuracy on Clean Data: 0.8645710526315789
Federated Accuracy on Dirty Data: 0.4670393939393939
Configure Fit
server round: 57
[2024-05-18 19:28:25,964][flwr][DEBUG] - fit_round 57: strategy sampled 15 clients (out of 50)
[2024-05-18 19:31:02,689][flwr][DEBUG] - fit_round 57 received 15 results and 0 failures
malicious is ['0', '0', '0', '0', '0']
Number of Evil Clients: 10
Number of Preset Malicious Clients is 0
Number of Preset Benign Clients is 5
Average Clean Data Accuracy: 0.6430899999999999
all malicious is 0
acc_diff is 0
Now, comb_C is [0 0 0 0 0]
Clustering Accuracy is 1.0
length of good results is 5 and length of bad results is 0
Bias
evil sim weight is [1. 1. 1. 1. 1. 1. 1. 1. 1. 1.]
Evaluate
Configure Evaluate
[2024-05-18 19:31:19,265][flwr][DEBUG] - evaluate_round 57: strategy sampled 15 clients (out of 50)
[2024-05-18 19:31:36,327][flwr][DEBUG] - evaluate_round 57 received 15 results and 0 failures
Aggregate evaluate
benign record is ['3', '8', '17', '18', '16', '6', '10', '15', '0', '7', '1', '11', '9', '4', '12', '13', '14', '5']
Federated Accuracy on Clean Data: 0.853044
Federated Accuracy on Dirty Data: 0.41705384615384616
Configure Fit
server round: 58
[2024-05-18 19:31:36,328][flwr][DEBUG] - fit_round 58: strategy sampled 15 clients (out of 50)
[2024-05-18 19:34:37,943][flwr][DEBUG] - fit_round 58 received 15 results and 0 failures
malicious is ['0', '0', '0', '0']
Number of Evil Clients: 11
Number of Preset Malicious Clients is 0
Number of Preset Benign Clients is 4
Average Clean Data Accuracy: 0.6619636363636364
all malicious is 1
acc_diff is 0.08331441879272461
Now, comb_C is [0 0 0 0]
Clustering Accuracy is 1.0
length of good results is 4 and length of bad results is 0
Evaluate
Configure Evaluate
[2024-05-18 19:34:56,154][flwr][DEBUG] - evaluate_round 58: strategy sampled 15 clients (out of 50)
[2024-05-18 19:35:13,342][flwr][DEBUG] - evaluate_round 58 received 15 results and 0 failures
Aggregate evaluate
benign record is ['3', '8', '17', '18', '16', '6', '10', '15', '0', '7', '1', '11', '9', '4', '12', '13', '14', '5']
Federated Accuracy on Clean Data: 0.9173333333333334
Federated Accuracy on Dirty Data: 0.45454727272727274
Configure Fit
server round: 59
[2024-05-18 19:35:13,344][flwr][DEBUG] - fit_round 59: strategy sampled 15 clients (out of 50)
[2024-05-18 19:38:03,290][flwr][DEBUG] - fit_round 59 received 15 results and 0 failures
malicious is ['0', '0', '0', '0', '0', '0']
Number of Evil Clients: 9
Number of Preset Malicious Clients is 0
Number of Preset Benign Clients is 6
Average Clean Data Accuracy: 0.6739666666666667
all malicious is 1
acc_diff is 0.5835097630818684
Now, comb_C is [0 0 0 0 0 0]
Clustering Accuracy is 1.0
length of good results is 6 and length of bad results is 0
Evaluate
Configure Evaluate
[2024-05-18 19:38:18,240][flwr][DEBUG] - evaluate_round 59: strategy sampled 15 clients (out of 50)
[2024-05-18 19:38:35,516][flwr][DEBUG] - evaluate_round 59 received 15 results and 0 failures
Aggregate evaluate
benign record is ['3', '8', '17', '18', '16', '6', '10', '15', '0', '7', '1', '11', '9', '4', '12', '13', '14', '5']
Federated Accuracy on Clean Data: 0.8637592592592592
Federated Accuracy on Dirty Data: 0.45667368421052634
Configure Fit
server round: 60
[2024-05-18 19:38:35,519][flwr][DEBUG] - fit_round 60: strategy sampled 15 clients (out of 50)
[2024-05-18 19:41:28,332][flwr][DEBUG] - fit_round 60 received 15 results and 0 failures
malicious is ['0', '0', '0', '0', '0', '0', '0']
Number of Evil Clients: 8
Number of Preset Malicious Clients is 0
Number of Preset Benign Clients is 7
Average Clean Data Accuracy: 0.6046875
all malicious is 1
acc_diff is 1.0496301651000977
Now, comb_C is [0 0 0 0 0 0 0]
Clustering Accuracy is 1.0
length of good results is 7 and length of bad results is 0
Evaluate
Configure Evaluate
[2024-05-18 19:41:41,773][flwr][DEBUG] - evaluate_round 60: strategy sampled 15 clients (out of 50)
[2024-05-18 19:41:58,778][flwr][DEBUG] - evaluate_round 60 received 15 results and 0 failures
Aggregate evaluate
benign record is ['3', '8', '17', '18', '16', '6', '10', '15', '0', '7', '1', '11', '9', '4', '12', '13', '14', '5']
Federated Accuracy on Clean Data: 0.8922799999999999
Federated Accuracy on Dirty Data: 0.4548571428571429
Configure Fit
server round: 61
[2024-05-18 19:41:58,779][flwr][DEBUG] - fit_round 61: strategy sampled 15 clients (out of 50)
[2024-05-18 19:45:22,185][flwr][DEBUG] - fit_round 61 received 15 results and 0 failures
malicious is ['0', '0', '0', '0', '0']
Number of Evil Clients: 10
Number of Preset Malicious Clients is 0
Number of Preset Benign Clients is 5
Average Clean Data Accuracy: 0.6131
all malicious is 1
acc_diff is 0.7873878479003906
Now, comb_C is [0 0 0 0 0]
Clustering Accuracy is 1.0
length of good results is 5 and length of bad results is 0
Evaluate
Configure Evaluate
[2024-05-18 19:45:38,775][flwr][DEBUG] - evaluate_round 61: strategy sampled 15 clients (out of 50)
[2024-05-18 19:45:55,984][flwr][DEBUG] - evaluate_round 61 received 15 results and 0 failures
Aggregate evaluate
benign record is ['3', '8', '17', '18', '16', '6', '10', '15', '0', '7', '1', '11', '9', '4', '12', '13', '14', '5']
Federated Accuracy on Clean Data: 0.858083870967742
Federated Accuracy on Dirty Data: 0.4567676470588235
Configure Fit
server round: 62
[2024-05-18 19:45:55,985][flwr][DEBUG] - fit_round 62: strategy sampled 15 clients (out of 50)
[2024-05-18 19:48:40,398][flwr][DEBUG] - fit_round 62 received 15 results and 0 failures
malicious is ['0', '0', '0', '0', '0', '0', '0']
Number of Evil Clients: 8
Number of Preset Malicious Clients is 0
Number of Preset Benign Clients is 7
Average Clean Data Accuracy: 0.6328625
all malicious is 0
acc_diff is 0
Now, comb_C is [0 0 0 0 0 0 0]
Clustering Accuracy is 1.0
length of good results is 7 and length of bad results is 0
Bias
evil sim weight is [1. 1. 1. 1. 1. 1. 1. 1. 1. 1.]
Evaluate
Configure Evaluate
[2024-05-18 19:48:53,424][flwr][DEBUG] - evaluate_round 62: strategy sampled 15 clients (out of 50)
[2024-05-18 19:49:09,815][flwr][DEBUG] - evaluate_round 62 received 15 results and 0 failures
Aggregate evaluate
benign record is ['3', '8', '17', '18', '16', '6', '10', '15', '0', '7', '1', '11', '9', '4', '12', '13', '14', '5']
Federated Accuracy on Clean Data: 0.82254
Federated Accuracy on Dirty Data: 0.4462653846153847
Configure Fit
server round: 63
[2024-05-18 19:49:09,816][flwr][DEBUG] - fit_round 63: strategy sampled 15 clients (out of 50)
[2024-05-18 19:52:10,008][flwr][DEBUG] - fit_round 63 received 15 results and 0 failures
malicious is ['0', '0', '0', '0', '0', '0', '0']
Number of Evil Clients: 8
Number of Preset Malicious Clients is 0
Number of Preset Benign Clients is 7
Average Clean Data Accuracy: 0.6242375
all malicious is 1
acc_diff is 0.0849197932652066
Now, comb_C is [0 0 0 0 0 0 0]
Clustering Accuracy is 1.0
length of good results is 7 and length of bad results is 0
Evaluate
Configure Evaluate
[2024-05-18 19:52:23,792][flwr][DEBUG] - evaluate_round 63: strategy sampled 15 clients (out of 50)
[2024-05-18 19:52:40,820][flwr][DEBUG] - evaluate_round 63 received 15 results and 0 failures
Aggregate evaluate
benign record is ['3', '8', '17', '18', '16', '6', '10', '15', '0', '7', '1', '11', '9', '4', '12', '13', '14', '5']
Federated Accuracy on Clean Data: 0.8703142857142857
Federated Accuracy on Dirty Data: 0.43718644067796614
Configure Fit
server round: 64
[2024-05-18 19:52:40,821][flwr][DEBUG] - fit_round 64: strategy sampled 15 clients (out of 50)
[2024-05-18 19:55:30,360][flwr][DEBUG] - fit_round 64 received 15 results and 0 failures
malicious is ['0', '0', '0', '0', '0']
Number of Evil Clients: 10
Number of Preset Malicious Clients is 0
Number of Preset Benign Clients is 5
Average Clean Data Accuracy: 0.63881
all malicious is 1
acc_diff is 0.15348243713378906
Now, comb_C is [0 0 0 0 0]
Clustering Accuracy is 1.0
length of good results is 5 and length of bad results is 0
Evaluate
Configure Evaluate
[2024-05-18 19:55:46,306][flwr][DEBUG] - evaluate_round 64: strategy sampled 15 clients (out of 50)
[2024-05-18 19:56:03,147][flwr][DEBUG] - evaluate_round 64 received 15 results and 0 failures
Aggregate evaluate
benign record is ['3', '8', '17', '18', '16', '6', '10', '15', '0', '7', '1', '11', '9', '4', '12', '13', '14', '5']
Federated Accuracy on Clean Data: 0.8796833333333333
Federated Accuracy on Dirty Data: 0.4056679245283019
Configure Fit
server round: 65
[2024-05-18 19:56:03,148][flwr][DEBUG] - fit_round 65: strategy sampled 15 clients (out of 50)
[2024-05-18 19:58:44,966][flwr][DEBUG] - fit_round 65 received 15 results and 0 failures
malicious is ['0', '0', '0', '0', '0', '0', '0']
Number of Evil Clients: 8
Number of Preset Malicious Clients is 0
Number of Preset Benign Clients is 7
Average Clean Data Accuracy: 0.6
all malicious is 1
acc_diff is 0.24184036254882812
Now, comb_C is [0 0 0 0 0 0 0]
Clustering Accuracy is 1.0
length of good results is 7 and length of bad results is 0
Evaluate
Configure Evaluate
[2024-05-18 19:58:58,443][flwr][DEBUG] - evaluate_round 65: strategy sampled 15 clients (out of 50)
[2024-05-18 19:59:15,068][flwr][DEBUG] - evaluate_round 65 received 15 results and 0 failures
Aggregate evaluate
benign record is ['3', '8', '17', '18', '16', '6', '10', '15', '0', '7', '1', '11', '9', '4', '12', '13', '14', '5']
Federated Accuracy on Clean Data: 0.8514687500000001
Federated Accuracy on Dirty Data: 0.45142558139534883
Configure Fit
server round: 66
[2024-05-18 19:59:15,069][flwr][DEBUG] - fit_round 66: strategy sampled 15 clients (out of 50)
[2024-05-18 20:02:16,388][flwr][DEBUG] - fit_round 66 received 15 results and 0 failures
malicious is ['0', '0', '0', '0', '0', '0', '0', '0']
Number of Evil Clients: 7
Number of Preset Malicious Clients is 0
Number of Preset Benign Clients is 8
Average Clean Data Accuracy: 0.6875571428571429
all malicious is 1
acc_diff is 0.7561028003692627
Now, comb_C is [0 0 0 0 0 0 0 0]
Clustering Accuracy is 1.0
length of good results is 8 and length of bad results is 0
Evaluate
Configure Evaluate
[2024-05-18 20:02:28,157][flwr][DEBUG] - evaluate_round 66: strategy sampled 15 clients (out of 50)
[2024-05-18 20:02:45,008][flwr][DEBUG] - evaluate_round 66 received 15 results and 0 failures
Aggregate evaluate
benign record is ['3', '8', '17', '18', '16', '6', '10', '15', '0', '7', '1', '11', '9', '4', '12', '13', '14', '5']
Federated Accuracy on Clean Data: 0.835048
Federated Accuracy on Dirty Data: 0.4607857142857143
Configure Fit
server round: 67
[2024-05-18 20:02:45,009][flwr][DEBUG] - fit_round 67: strategy sampled 15 clients (out of 50)
[2024-05-18 20:05:32,879][flwr][DEBUG] - fit_round 67 received 15 results and 0 failures
malicious is ['0', '0', '0', '0', '0']
Number of Evil Clients: 10
Number of Preset Malicious Clients is 0
Number of Preset Benign Clients is 5
Average Clean Data Accuracy: 0.5385199999999999
all malicious is 1
acc_diff is 0.8755766868591308
Now, comb_C is [0 0 0 0 0]
Clustering Accuracy is 1.0
length of good results is 5 and length of bad results is 0
Evaluate
Configure Evaluate
[2024-05-18 20:05:49,504][flwr][DEBUG] - evaluate_round 67: strategy sampled 15 clients (out of 50)
[2024-05-18 20:06:06,502][flwr][DEBUG] - evaluate_round 67 received 15 results and 0 failures
Aggregate evaluate
benign record is ['3', '8', '17', '18', '16', '6', '10', '15', '0', '7', '1', '11', '9', '4', '12', '13', '14', '5']
Federated Accuracy on Clean Data: 0.87110625
Federated Accuracy on Dirty Data: 0.45178055555555563
Configure Fit
server round: 68
[2024-05-18 20:06:06,503][flwr][DEBUG] - fit_round 68: strategy sampled 15 clients (out of 50)
[2024-05-18 20:08:53,038][flwr][DEBUG] - fit_round 68 received 15 results and 0 failures
malicious is ['0', '0', '0', '0', '0', '0', '0', '0']
Number of Evil Clients: 7
Number of Preset Malicious Clients is 0
Number of Preset Benign Clients is 8
Average Clean Data Accuracy: 0.5917142857142856
all malicious is 0
acc_diff is 0
Now, comb_C is [0 0 0 0 0 0 0 0]
Clustering Accuracy is 1.0
length of good results is 8 and length of bad results is 0
Bias
evil sim weight is [1. 1. 1. 1. 1. 1. 1. 1. 1. 1.]
Evaluate
Configure Evaluate
[2024-05-18 20:09:04,377][flwr][DEBUG] - evaluate_round 68: strategy sampled 15 clients (out of 50)
[2024-05-18 20:09:20,275][flwr][DEBUG] - evaluate_round 68 received 15 results and 0 failures
Aggregate evaluate
benign record is ['3', '8', '17', '18', '16', '6', '10', '15', '0', '7', '1', '11', '9', '4', '12', '13', '14', '5']
Federated Accuracy on Clean Data: 0.8681240000000001
Federated Accuracy on Dirty Data: 0.44028181818181816
Configure Fit
server round: 69
[2024-05-18 20:09:20,276][flwr][DEBUG] - fit_round 69: strategy sampled 15 clients (out of 50)
[2024-05-18 20:12:16,056][flwr][DEBUG] - fit_round 69 received 15 results and 0 failures
malicious is ['0', '0', '0', '0']
Number of Evil Clients: 11
Number of Preset Malicious Clients is 0
Number of Preset Benign Clients is 4
Average Clean Data Accuracy: 0.6101818181818182
all malicious is 1
acc_diff is 0.03724050521850586
Now, comb_C is [0 0 0 0]
Clustering Accuracy is 1.0
length of good results is 4 and length of bad results is 0
Evaluate
Configure Evaluate
[2024-05-18 20:12:34,195][flwr][DEBUG] - evaluate_round 69: strategy sampled 15 clients (out of 50)
[2024-05-18 20:12:51,163][flwr][DEBUG] - evaluate_round 69 received 15 results and 0 failures
Aggregate evaluate
benign record is ['3', '8', '17', '18', '16', '6', '10', '15', '0', '7', '1', '11', '9', '4', '12', '13', '14', '5']
Federated Accuracy on Clean Data: 0.81918
Federated Accuracy on Dirty Data: 0.4323575
Configure Fit
server round: 70
[2024-05-18 20:12:51,164][flwr][DEBUG] - fit_round 70: strategy sampled 15 clients (out of 50)
[2024-05-18 20:16:16,073][flwr][DEBUG] - fit_round 70 received 15 results and 0 failures
malicious is ['0', '0', '0', '0', '0']
Number of Evil Clients: 10
Number of Preset Malicious Clients is 0
Number of Preset Benign Clients is 5
Average Clean Data Accuracy: 0.59514
all malicious is 1
acc_diff is 0.1338117599487303
Now, comb_C is [0 0 0 0 0]
Clustering Accuracy is 1.0
length of good results is 5 and length of bad results is 0
Evaluate
Configure Evaluate
[2024-05-18 20:16:32,853][flwr][DEBUG] - evaluate_round 70: strategy sampled 15 clients (out of 50)
[2024-05-18 20:16:50,047][flwr][DEBUG] - evaluate_round 70 received 15 results and 0 failures
Aggregate evaluate
benign record is ['3', '8', '17', '18', '16', '6', '10', '15', '0', '7', '1', '11', '9', '4', '12', '13', '14', '5']
Federated Accuracy on Clean Data: 0.8604242424242424
Federated Accuracy on Dirty Data: 0.43603249999999993
Configure Fit
server round: 71
[2024-05-18 20:16:50,048][flwr][DEBUG] - fit_round 71: strategy sampled 15 clients (out of 50)
[2024-05-18 20:19:56,742][flwr][DEBUG] - fit_round 71 received 15 results and 0 failures
malicious is ['0', '0', '0', '0', '0', '0', '0']
Number of Evil Clients: 8
Number of Preset Malicious Clients is 0
Number of Preset Benign Clients is 7
Average Clean Data Accuracy: 0.6071125
all malicious is 1
acc_diff is 0.6556976863316126
Now, comb_C is [0 0 0 0 0 0 0]
Clustering Accuracy is 1.0
length of good results is 7 and length of bad results is 0
Evaluate
Configure Evaluate
[2024-05-18 20:20:10,130][flwr][DEBUG] - evaluate_round 71: strategy sampled 15 clients (out of 50)
[2024-05-18 20:20:27,665][flwr][DEBUG] - evaluate_round 71 received 15 results and 0 failures
Aggregate evaluate
benign record is ['3', '8', '17', '18', '16', '6', '10', '15', '0', '7', '1', '11', '9', '4', '12', '13', '14', '5']
Federated Accuracy on Clean Data: 0.8425312500000001
Federated Accuracy on Dirty Data: 0.4521348837209302
Configure Fit
server round: 72
[2024-05-18 20:20:27,666][flwr][DEBUG] - fit_round 72: strategy sampled 15 clients (out of 50)
[2024-05-18 20:23:05,479][flwr][DEBUG] - fit_round 72 received 15 results and 0 failures
malicious is ['0', '0', '0', '0', '0', '0', '0', '0']
Number of Evil Clients: 7
Number of Preset Malicious Clients is 0
Number of Preset Benign Clients is 8
Average Clean Data Accuracy: 0.5833285714285713
all malicious is 1
acc_diff is 1.124587059020996
Now, comb_C is [0 0 0 0 0 0 0 0]
Clustering Accuracy is 1.0
length of good results is 8 and length of bad results is 0
Evaluate
Configure Evaluate
[2024-05-18 20:23:16,802][flwr][DEBUG] - evaluate_round 72: strategy sampled 15 clients (out of 50)
[2024-05-18 20:23:33,328][flwr][DEBUG] - evaluate_round 72 received 15 results and 0 failures
Aggregate evaluate
benign record is ['3', '8', '17', '18', '16', '6', '10', '15', '0', '7', '1', '11', '9', '4', '12', '13', '14', '5']
Federated Accuracy on Clean Data: 0.8477823529411764
Federated Accuracy on Dirty Data: 0.45587272727272726
Configure Fit
server round: 73
[2024-05-18 20:23:33,330][flwr][DEBUG] - fit_round 73: strategy sampled 15 clients (out of 50)
[2024-05-18 20:26:05,451][flwr][DEBUG] - fit_round 73 received 15 results and 0 failures
malicious is ['0', '0', '0', '0', '0', '0', '0', '0']
Number of Evil Clients: 7
Number of Preset Malicious Clients is 0
Number of Preset Benign Clients is 8
Average Clean Data Accuracy: 0.5761000000000001
all malicious is 0
acc_diff is 0
Now, comb_C is [0 0 0 0 0 0 0 0]
Clustering Accuracy is 1.0
length of good results is 8 and length of bad results is 0
Bias
evil sim weight is [1. 1. 1. 1. 1. 1. 1. 1. 1. 1.]
Evaluate
Configure Evaluate
[2024-05-18 20:26:17,420][flwr][DEBUG] - evaluate_round 73: strategy sampled 15 clients (out of 50)
[2024-05-18 20:26:34,119][flwr][DEBUG] - evaluate_round 73 received 15 results and 0 failures
Aggregate evaluate
benign record is ['3', '8', '17', '18', '16', '6', '10', '15', '0', '7', '1', '11', '9', '4', '12', '13', '14', '5']
Federated Accuracy on Clean Data: 0.842491304347826
Federated Accuracy on Dirty Data: 0.4313638888888889
Configure Fit
server round: 74
[2024-05-18 20:26:34,120][flwr][DEBUG] - fit_round 74: strategy sampled 15 clients (out of 50)
[2024-05-18 20:29:27,215][flwr][DEBUG] - fit_round 74 received 15 results and 0 failures
malicious is ['0', '0', '0', '0', '0', '0']
Number of Evil Clients: 9
Number of Preset Malicious Clients is 0
Number of Preset Benign Clients is 6
Average Clean Data Accuracy: 0.6770555555555556
all malicious is 1
acc_diff is 0.2991441090901694
Now, comb_C is [0 0 0 0 0 0]
Clustering Accuracy is 1.0
length of good results is 6 and length of bad results is 0
Evaluate
Configure Evaluate
[2024-05-18 20:29:41,671][flwr][DEBUG] - evaluate_round 74: strategy sampled 15 clients (out of 50)
[2024-05-18 20:29:58,271][flwr][DEBUG] - evaluate_round 74 received 15 results and 0 failures
Aggregate evaluate
benign record is ['3', '8', '17', '18', '16', '6', '10', '15', '0', '7', '1', '11', '9', '4', '12', '13', '14', '5']
Federated Accuracy on Clean Data: 0.8508899999999999
Federated Accuracy on Dirty Data: 0.4093864864864865
Configure Fit
server round: 75
[2024-05-18 20:29:58,272][flwr][DEBUG] - fit_round 75: strategy sampled 15 clients (out of 50)
[2024-05-18 20:32:44,693][flwr][DEBUG] - fit_round 75 received 15 results and 0 failures
malicious is ['0', '0', '0', '0', '0', '0', '0', '0']
Number of Evil Clients: 7
Number of Preset Malicious Clients is 0
Number of Preset Benign Clients is 8
Average Clean Data Accuracy: 0.6320428571428571
all malicious is 1
acc_diff is 0.41990983486175537
Now, comb_C is [0 0 0 0 0 0 0 0]
Clustering Accuracy is 1.0
length of good results is 8 and length of bad results is 0
Evaluate
Configure Evaluate
[2024-05-18 20:32:56,467][flwr][DEBUG] - evaluate_round 75: strategy sampled 15 clients (out of 50)
[2024-05-18 20:33:13,315][flwr][DEBUG] - evaluate_round 75 received 15 results and 0 failures
Aggregate evaluate
benign record is ['3', '8', '17', '18', '16', '6', '10', '15', '0', '7', '1', '11', '9', '4', '12', '13', '14', '5']
Federated Accuracy on Clean Data: 0.8519888888888889
Federated Accuracy on Dirty Data: 0.42785952380952386
Configure Fit
server round: 76
[2024-05-18 20:33:13,316][flwr][DEBUG] - fit_round 76: strategy sampled 15 clients (out of 50)
[2024-05-18 20:36:23,742][flwr][DEBUG] - fit_round 76 received 15 results and 0 failures
malicious is ['0', '0', '0', '0', '0']
Number of Evil Clients: 10
Number of Preset Malicious Clients is 0
Number of Preset Benign Clients is 5
Average Clean Data Accuracy: 0.5744400000000001
all malicious is 1
acc_diff is 0.3072158813476564
Now, comb_C is [0 0 0 0 0]
Clustering Accuracy is 1.0
length of good results is 5 and length of bad results is 0
Evaluate
Configure Evaluate
[2024-05-18 20:36:40,054][flwr][DEBUG] - evaluate_round 76: strategy sampled 15 clients (out of 50)
[2024-05-18 20:36:56,868][flwr][DEBUG] - evaluate_round 76 received 15 results and 0 failures
Aggregate evaluate
benign record is ['3', '8', '17', '18', '16', '6', '10', '15', '0', '7', '1', '11', '9', '4', '12', '13', '14', '5']
Federated Accuracy on Clean Data: 0.8110222222222222
Federated Accuracy on Dirty Data: 0.4558975
Configure Fit
server round: 77
[2024-05-18 20:36:56,869][flwr][DEBUG] - fit_round 77: strategy sampled 15 clients (out of 50)
[2024-05-18 20:39:51,013][flwr][DEBUG] - fit_round 77 received 15 results and 0 failures
malicious is ['0', '0', '0', '0', '0']
Number of Evil Clients: 10
Number of Preset Malicious Clients is 0
Number of Preset Benign Clients is 5
Average Clean Data Accuracy: 0.6431
all malicious is 1
acc_diff is 0.5936954498291016
Now, comb_C is [0 0 0 0 0]
Clustering Accuracy is 1.0
length of good results is 5 and length of bad results is 0
Evaluate
Configure Evaluate
[2024-05-18 20:40:07,932][flwr][DEBUG] - evaluate_round 77: strategy sampled 15 clients (out of 50)
[2024-05-18 20:40:25,144][flwr][DEBUG] - evaluate_round 77 received 15 results and 0 failures
Aggregate evaluate
benign record is ['3', '8', '17', '18', '16', '6', '10', '15', '0', '7', '1', '11', '9', '4', '12', '13', '14', '5']
Federated Accuracy on Clean Data: 0.8691055555555557
Federated Accuracy on Dirty Data: 0.4604344827586207
Configure Fit
server round: 78
[2024-05-18 20:40:25,145][flwr][DEBUG] - fit_round 78: strategy sampled 15 clients (out of 50)
[2024-05-18 20:43:30,243][flwr][DEBUG] - fit_round 78 received 15 results and 0 failures
malicious is ['0', '0', '0', '0', '0', '0', '0']
Number of Evil Clients: 8
Number of Preset Malicious Clients is 0
Number of Preset Benign Clients is 7
Average Clean Data Accuracy: 0.5545875
all malicious is 1
acc_diff is 0.9973724910191126
Now, comb_C is [0 0 0 0 0 0 0]
Clustering Accuracy is 1.0
length of good results is 7 and length of bad results is 0
Evaluate
Configure Evaluate
[2024-05-18 20:43:44,011][flwr][DEBUG] - evaluate_round 78: strategy sampled 15 clients (out of 50)
[2024-05-18 20:44:00,853][flwr][DEBUG] - evaluate_round 78 received 15 results and 0 failures
Aggregate evaluate
benign record is ['3', '8', '17', '18', '16', '6', '10', '15', '0', '7', '1', '11', '9', '4', '12', '13', '14', '5']
Federated Accuracy on Clean Data: 0.84594
Federated Accuracy on Dirty Data: 0.4271318181818182
Configure Fit
server round: 79
[2024-05-18 20:44:00,854][flwr][DEBUG] - fit_round 79: strategy sampled 15 clients (out of 50)
[2024-05-18 20:47:01,042][flwr][DEBUG] - fit_round 79 received 15 results and 0 failures
malicious is ['0', '0', '0', '0']
Number of Evil Clients: 11
Number of Preset Malicious Clients is 0
Number of Preset Benign Clients is 4
Average Clean Data Accuracy: 0.6079272727272728
all malicious is 1
acc_diff is 1.1631226539611816
Now, comb_C is [0 0 0 0]
Clustering Accuracy is 1.0
length of good results is 4 and length of bad results is 0
Evaluate
Configure Evaluate
[2024-05-18 20:47:18,932][flwr][DEBUG] - evaluate_round 79: strategy sampled 15 clients (out of 50)
[2024-05-18 20:47:35,417][flwr][DEBUG] - evaluate_round 79 received 15 results and 0 failures
Aggregate evaluate
benign record is ['3', '8', '17', '18', '16', '6', '10', '15', '0', '7', '1', '11', '9', '4', '12', '13', '14', '5']
Federated Accuracy on Clean Data: 0.898217391304348
Federated Accuracy on Dirty Data: 0.4390785714285715
Configure Fit
server round: 80
[2024-05-18 20:47:35,418][flwr][DEBUG] - fit_round 80: strategy sampled 15 clients (out of 50)
[2024-05-18 20:50:45,810][flwr][DEBUG] - fit_round 80 received 15 results and 0 failures
malicious is ['0', '0', '0', '0', '0']
Number of Evil Clients: 10
Number of Preset Malicious Clients is 0
Number of Preset Benign Clients is 5
Average Clean Data Accuracy: 0.6245
all malicious is 0
acc_diff is 0
Now, comb_C is [0 0 0 0 0]
Clustering Accuracy is 1.0
length of good results is 5 and length of bad results is 0
Bias
evil sim weight is [1. 1. 1. 1. 1. 1. 1. 1. 1. 1.]
Evaluate
Configure Evaluate
[2024-05-18 20:51:02,426][flwr][DEBUG] - evaluate_round 80: strategy sampled 15 clients (out of 50)
[2024-05-18 20:51:19,273][flwr][DEBUG] - evaluate_round 80 received 15 results and 0 failures
Aggregate evaluate
benign record is ['3', '8', '17', '18', '16', '6', '10', '15', '0', '7', '1', '11', '9', '4', '12', '13', '14', '5']
Federated Accuracy on Clean Data: 0.8419448275862069
Federated Accuracy on Dirty Data: 0.4489979591836736
Configure Fit
server round: 81
[2024-05-18 20:51:19,274][flwr][DEBUG] - fit_round 81: strategy sampled 15 clients (out of 50)
[2024-05-18 20:54:19,998][flwr][DEBUG] - fit_round 81 received 15 results and 0 failures
malicious is ['0', '0', '0', '0', '0']
Number of Evil Clients: 10
Number of Preset Malicious Clients is 0
Number of Preset Benign Clients is 5
Average Clean Data Accuracy: 0.6222799999999999
all malicious is 1
acc_diff is 0.41376724243164054
Now, comb_C is [0 0 0 0 0]
Clustering Accuracy is 1.0
length of good results is 5 and length of bad results is 0
Evaluate
Configure Evaluate
[2024-05-18 20:54:36,237][flwr][DEBUG] - evaluate_round 81: strategy sampled 15 clients (out of 50)
[2024-05-18 20:54:53,256][flwr][DEBUG] - evaluate_round 81 received 15 results and 0 failures
Aggregate evaluate
benign record is ['3', '8', '17', '18', '16', '6', '10', '15', '0', '7', '1', '11', '9', '4', '12', '13', '14', '5']
Federated Accuracy on Clean Data: 0.8919809523809524
Federated Accuracy on Dirty Data: 0.45587105263157895
Configure Fit
server round: 82
[2024-05-18 20:54:53,257][flwr][DEBUG] - fit_round 82: strategy sampled 15 clients (out of 50)
[2024-05-18 20:57:49,277][flwr][DEBUG] - fit_round 82 received 15 results and 0 failures
malicious is ['0', '0', '0', '0', '0', '0', '0', '0', '0']
Number of Evil Clients: 6
Number of Preset Malicious Clients is 0
Number of Preset Benign Clients is 9
Average Clean Data Accuracy: 0.46974999999999995
all malicious is 1
acc_diff is 0.2094593048095703
Now, comb_C is [0 0 0 0 0 0 0 0 0]
Clustering Accuracy is 1.0
length of good results is 9 and length of bad results is 0
Evaluate
Configure Evaluate
[2024-05-18 20:57:59,606][flwr][DEBUG] - evaluate_round 82: strategy sampled 15 clients (out of 50)
[2024-05-18 20:58:16,222][flwr][DEBUG] - evaluate_round 82 received 15 results and 0 failures
Aggregate evaluate
benign record is ['3', '8', '17', '18', '16', '6', '10', '15', '0', '7', '1', '11', '9', '4', '12', '13', '14', '5']
Federated Accuracy on Clean Data: 0.8338909090909091
Federated Accuracy on Dirty Data: 0.4427909090909091
Configure Fit
server round: 83
[2024-05-18 20:58:16,223][flwr][DEBUG] - fit_round 83: strategy sampled 15 clients (out of 50)
[2024-05-18 21:01:25,103][flwr][DEBUG] - fit_round 83 received 15 results and 0 failures
malicious is ['0', '0', '0', '0', '0', '0', '0']
Number of Evil Clients: 8
Number of Preset Malicious Clients is 0
Number of Preset Benign Clients is 7
Average Clean Data Accuracy: 0.6000624999999999
all malicious is 1
acc_diff is 0.5170615059988839
Now, comb_C is [0 0 0 0 0 0 0]
Clustering Accuracy is 1.0
length of good results is 7 and length of bad results is 0
Evaluate
Configure Evaluate
[2024-05-18 21:01:38,578][flwr][DEBUG] - evaluate_round 83: strategy sampled 15 clients (out of 50)
[2024-05-18 21:01:55,734][flwr][DEBUG] - evaluate_round 83 received 15 results and 0 failures
Aggregate evaluate
benign record is ['3', '8', '17', '18', '16', '6', '10', '15', '0', '7', '1', '11', '9', '4', '12', '13', '14', '5']
Federated Accuracy on Clean Data: 0.8301111111111111
Federated Accuracy on Dirty Data: 0.4320041666666667
Configure Fit
server round: 84
[2024-05-18 21:01:55,734][flwr][DEBUG] - fit_round 84: strategy sampled 15 clients (out of 50)
[2024-05-18 21:04:16,373][flwr][DEBUG] - fit_round 84 received 15 results and 0 failures
malicious is ['0', '0', '0', '0', '0', '0', '0', '0']
Number of Evil Clients: 7
Number of Preset Malicious Clients is 0
Number of Preset Benign Clients is 8
Average Clean Data Accuracy: 0.5772714285714285
all malicious is 1
acc_diff is 0.8507070541381836
Now, comb_C is [0 0 0 0 0 0 0 0]
Clustering Accuracy is 1.0
length of good results is 8 and length of bad results is 0
Evaluate
Configure Evaluate
[2024-05-18 21:04:28,475][flwr][DEBUG] - evaluate_round 84: strategy sampled 15 clients (out of 50)
[2024-05-18 21:04:45,436][flwr][DEBUG] - evaluate_round 84 received 15 results and 0 failures
Aggregate evaluate
benign record is ['3', '8', '17', '18', '16', '6', '10', '15', '0', '7', '1', '11', '9', '4', '12', '13', '14', '5']
Federated Accuracy on Clean Data: 0.8594542857142857
Federated Accuracy on Dirty Data: 0.45812121212121215
Configure Fit
server round: 85
[2024-05-18 21:04:45,437][flwr][DEBUG] - fit_round 85: strategy sampled 15 clients (out of 50)
[2024-05-18 21:07:32,650][flwr][DEBUG] - fit_round 85 received 15 results and 0 failures
malicious is ['0', '0', '0', '0', '0', '0']
Number of Evil Clients: 9
Number of Preset Malicious Clients is 0
Number of Preset Benign Clients is 6
Average Clean Data Accuracy: 0.6806333333333332
all malicious is 1
acc_diff is 1.07372252146403
Now, comb_C is [0 0 0 0 0 0]
Clustering Accuracy is 1.0
length of good results is 6 and length of bad results is 0
Evaluate
Configure Evaluate
[2024-05-18 21:07:46,904][flwr][DEBUG] - evaluate_round 85: strategy sampled 15 clients (out of 50)
[2024-05-18 21:08:03,230][flwr][DEBUG] - evaluate_round 85 received 15 results and 0 failures
Aggregate evaluate
benign record is ['3', '8', '17', '18', '16', '6', '10', '15', '0', '7', '1', '11', '9', '4', '12', '13', '14', '5']
Federated Accuracy on Clean Data: 0.8768166666666666
Federated Accuracy on Dirty Data: 0.44385151515151516
Configure Fit
server round: 86
[2024-05-18 21:08:03,231][flwr][DEBUG] - fit_round 86: strategy sampled 15 clients (out of 50)
[2024-05-18 21:10:57,192][flwr][DEBUG] - fit_round 86 received 15 results and 0 failures
malicious is ['0', '0', '0', '0', '0', '0', '0', '0']
Number of Evil Clients: 7
Number of Preset Malicious Clients is 0
Number of Preset Benign Clients is 8
Average Clean Data Accuracy: 0.6348857142857144
all malicious is 1
acc_diff is 0.9445807933807373
Now, comb_C is [0 0 0 0 0 0 0 0]
Clustering Accuracy is 1.0
length of good results is 8 and length of bad results is 0
Evaluate
Configure Evaluate
[2024-05-18 21:11:08,717][flwr][DEBUG] - evaluate_round 86: strategy sampled 15 clients (out of 50)
[2024-05-18 21:11:25,704][flwr][DEBUG] - evaluate_round 86 received 15 results and 0 failures
Aggregate evaluate
benign record is ['3', '8', '17', '18', '16', '6', '10', '15', '0', '7', '1', '11', '9', '4', '12', '13', '14', '5']
Federated Accuracy on Clean Data: 0.9096176470588235
Federated Accuracy on Dirty Data: 0.4451044444444444
Configure Fit
server round: 87
[2024-05-18 21:11:25,706][flwr][DEBUG] - fit_round 87: strategy sampled 15 clients (out of 50)
[2024-05-18 21:14:14,626][flwr][DEBUG] - fit_round 87 received 15 results and 0 failures
malicious is ['0', '0', '0', '0', '0', '0']
Number of Evil Clients: 9
Number of Preset Malicious Clients is 0
Number of Preset Benign Clients is 6
Average Clean Data Accuracy: 0.6670777777777777
all malicious is 1
acc_diff is 0.6077712376912434
Now, comb_C is [0 0 0 0 0 0]
Clustering Accuracy is 1.0
length of good results is 6 and length of bad results is 0
Evaluate
Configure Evaluate
[2024-05-18 21:14:29,481][flwr][DEBUG] - evaluate_round 87: strategy sampled 15 clients (out of 50)
[2024-05-18 21:14:46,174][flwr][DEBUG] - evaluate_round 87 received 15 results and 0 failures
Aggregate evaluate
benign record is ['3', '8', '17', '18', '16', '6', '10', '15', '0', '7', '1', '11', '9', '4', '12', '13', '14', '5']
Federated Accuracy on Clean Data: 0.8775967741935485
Federated Accuracy on Dirty Data: 0.4179
Configure Fit
server round: 88
[2024-05-18 21:14:46,174][flwr][DEBUG] - fit_round 88: strategy sampled 15 clients (out of 50)
[2024-05-18 21:17:55,248][flwr][DEBUG] - fit_round 88 received 15 results and 0 failures
malicious is ['0', '0', '0', '0', '0']
Number of Evil Clients: 10
Number of Preset Malicious Clients is 0
Number of Preset Benign Clients is 5
Average Clean Data Accuracy: 0.5783
all malicious is 1
acc_diff is 1.1347103118896484
Now, comb_C is [0 0 0 0 0]
Clustering Accuracy is 1.0
length of good results is 5 and length of bad results is 0
Evaluate
Configure Evaluate
[2024-05-18 21:18:11,723][flwr][DEBUG] - evaluate_round 88: strategy sampled 15 clients (out of 50)
[2024-05-18 21:18:28,270][flwr][DEBUG] - evaluate_round 88 received 15 results and 0 failures
Aggregate evaluate
benign record is ['3', '8', '17', '18', '16', '6', '10', '15', '0', '7', '1', '11', '9', '4', '12', '13', '14', '5']
Federated Accuracy on Clean Data: 0.8519214285714286
Federated Accuracy on Dirty Data: 0.45361333333333337
Configure Fit
server round: 89
[2024-05-18 21:18:28,271][flwr][DEBUG] - fit_round 89: strategy sampled 15 clients (out of 50)
[2024-05-18 21:21:32,042][flwr][DEBUG] - fit_round 89 received 15 results and 0 failures
malicious is ['0', '0', '0', '0', '0', '0', '0']
Number of Evil Clients: 8
Number of Preset Malicious Clients is 0
Number of Preset Benign Clients is 7
Average Clean Data Accuracy: 0.6205125
all malicious is 0
acc_diff is 0
Now, comb_C is [0 0 0 0 0 0 0]
Clustering Accuracy is 1.0
length of good results is 7 and length of bad results is 0
Bias
evil sim weight is [1. 1. 1. 1. 1. 1. 1. 1. 1. 1.]
Evaluate
Configure Evaluate
[2024-05-18 21:21:45,542][flwr][DEBUG] - evaluate_round 89: strategy sampled 15 clients (out of 50)
[2024-05-18 21:22:02,132][flwr][DEBUG] - evaluate_round 89 received 15 results and 0 failures
Aggregate evaluate
benign record is ['3', '8', '17', '18', '16', '6', '10', '15', '0', '7', '1', '11', '9', '4', '12', '13', '14', '5']
Federated Accuracy on Clean Data: 0.8660575757575757
Federated Accuracy on Dirty Data: 0.4320413793103448
Configure Fit
server round: 90
[2024-05-18 21:22:02,133][flwr][DEBUG] - fit_round 90: strategy sampled 15 clients (out of 50)
[2024-05-18 21:24:48,171][flwr][DEBUG] - fit_round 90 received 15 results and 0 failures
malicious is ['0', '0', '0', '0', '0', '0', '0']
Number of Evil Clients: 8
Number of Preset Malicious Clients is 0
Number of Preset Benign Clients is 7
Average Clean Data Accuracy: 0.6598750000000001
all malicious is 1
acc_diff is 0.101701463971819
Now, comb_C is [0 0 0 0 0 0 0]
Clustering Accuracy is 1.0
length of good results is 7 and length of bad results is 0
Evaluate
Configure Evaluate
[2024-05-18 21:25:01,421][flwr][DEBUG] - evaluate_round 90: strategy sampled 15 clients (out of 50)
[2024-05-18 21:25:17,886][flwr][DEBUG] - evaluate_round 90 received 15 results and 0 failures
Aggregate evaluate
benign record is ['3', '8', '17', '18', '16', '6', '10', '15', '0', '7', '1', '11', '9', '4', '12', '13', '14', '5']
Federated Accuracy on Clean Data: 0.8629457142857143
Federated Accuracy on Dirty Data: 0.4419368421052632
Configure Fit
server round: 91
[2024-05-18 21:25:17,887][flwr][DEBUG] - fit_round 91: strategy sampled 15 clients (out of 50)
[2024-05-18 21:28:33,597][flwr][DEBUG] - fit_round 91 received 15 results and 0 failures
malicious is ['0', '0', '0', '0', '0']
Number of Evil Clients: 10
Number of Preset Malicious Clients is 0
Number of Preset Benign Clients is 5
Average Clean Data Accuracy: 0.6433699999999999
all malicious is 1
acc_diff is 0.11793556213378897
Now, comb_C is [0 0 0 0 0]
Clustering Accuracy is 1.0
length of good results is 5 and length of bad results is 0
Evaluate
Configure Evaluate
[2024-05-18 21:28:50,151][flwr][DEBUG] - evaluate_round 91: strategy sampled 15 clients (out of 50)
[2024-05-18 21:29:06,976][flwr][DEBUG] - evaluate_round 91 received 15 results and 0 failures
Aggregate evaluate
benign record is ['3', '8', '17', '18', '16', '6', '10', '15', '0', '7', '1', '11', '9', '4', '12', '13', '14', '5']
Federated Accuracy on Clean Data: 0.8861702702702703
Federated Accuracy on Dirty Data: 0.470584
Configure Fit
server round: 92
[2024-05-18 21:29:06,977][flwr][DEBUG] - fit_round 92: strategy sampled 15 clients (out of 50)
[2024-05-18 21:32:15,385][flwr][DEBUG] - fit_round 92 received 15 results and 0 failures
malicious is ['0', '0', '0', '0', '0', '0', '0']
Number of Evil Clients: 8
Number of Preset Malicious Clients is 0
Number of Preset Benign Clients is 7
Average Clean Data Accuracy: 0.6457875
all malicious is 1
acc_diff is 0.5506606783185686
Now, comb_C is [0 0 0 0 0 0 0]
Clustering Accuracy is 1.0
length of good results is 7 and length of bad results is 0
Evaluate
Configure Evaluate
[2024-05-18 21:32:28,640][flwr][DEBUG] - evaluate_round 92: strategy sampled 15 clients (out of 50)
[2024-05-18 21:32:45,406][flwr][DEBUG] - evaluate_round 92 received 15 results and 0 failures
Aggregate evaluate
benign record is ['3', '8', '17', '18', '16', '6', '10', '15', '0', '7', '1', '11', '9', '4', '12', '13', '14', '5']
Federated Accuracy on Clean Data: 0.9019705882352942
Federated Accuracy on Dirty Data: 0.41780588235294114
Configure Fit
server round: 93
[2024-05-18 21:32:45,407][flwr][DEBUG] - fit_round 93: strategy sampled 15 clients (out of 50)
[2024-05-18 21:35:58,531][flwr][DEBUG] - fit_round 93 received 15 results and 0 failures
malicious is ['0', '0', '0', '0', '0']
Number of Evil Clients: 10
Number of Preset Malicious Clients is 0
Number of Preset Benign Clients is 5
Average Clean Data Accuracy: 0.55787
all malicious is 1
acc_diff is 1.0049060821533202
Now, comb_C is [0 0 0 0 0]
Clustering Accuracy is 1.0
length of good results is 5 and length of bad results is 0
Evaluate
Configure Evaluate
[2024-05-18 21:36:15,499][flwr][DEBUG] - evaluate_round 93: strategy sampled 15 clients (out of 50)
[2024-05-18 21:36:32,617][flwr][DEBUG] - evaluate_round 93 received 15 results and 0 failures
Aggregate evaluate
benign record is ['3', '8', '17', '18', '16', '6', '10', '15', '0', '7', '1', '11', '9', '4', '12', '13', '14', '5']
Federated Accuracy on Clean Data: 0.8646578947368421
Federated Accuracy on Dirty Data: 0.4307311111111111
Configure Fit
server round: 94
[2024-05-18 21:36:32,617][flwr][DEBUG] - fit_round 94: strategy sampled 15 clients (out of 50)
[2024-05-18 21:39:04,364][flwr][DEBUG] - fit_round 94 received 15 results and 0 failures
malicious is ['0', '0', '0', '0', '0', '0', '0', '0']
Number of Evil Clients: 7
Number of Preset Malicious Clients is 0
Number of Preset Benign Clients is 8
Average Clean Data Accuracy: 0.6326857142857143
all malicious is 1
acc_diff is 1.1034488677978516
Now, comb_C is [0 0 0 0 0 0 0 0]
Clustering Accuracy is 1.0
length of good results is 8 and length of bad results is 0
Evaluate
Configure Evaluate
[2024-05-18 21:39:15,913][flwr][DEBUG] - evaluate_round 94: strategy sampled 15 clients (out of 50)
[2024-05-18 21:39:32,897][flwr][DEBUG] - evaluate_round 94 received 15 results and 0 failures
Aggregate evaluate
benign record is ['3', '8', '17', '18', '16', '6', '10', '15', '0', '7', '1', '11', '9', '4', '12', '13', '14', '5']
Federated Accuracy on Clean Data: 0.865974193548387
Federated Accuracy on Dirty Data: 0.4033771428571429
Configure Fit
server round: 95
[2024-05-18 21:39:32,898][flwr][DEBUG] - fit_round 95: strategy sampled 15 clients (out of 50)
[2024-05-18 21:42:07,000][flwr][DEBUG] - fit_round 95 received 15 results and 0 failures
malicious is ['0', '0', '0', '0', '0', '0', '0', '0', '0']
Number of Evil Clients: 6
Number of Preset Malicious Clients is 0
Number of Preset Benign Clients is 9
Average Clean Data Accuracy: 0.6770166666666667
all malicious is 0
acc_diff is 0
Now, comb_C is [0 0 0 0 0 0 0 0 0]
Clustering Accuracy is 1.0
length of good results is 9 and length of bad results is 0
Bias
evil sim weight is [1. 1. 1. 1. 1. 1. 1. 1. 1. 1.]
Evaluate
Configure Evaluate
[2024-05-18 21:42:17,265][flwr][DEBUG] - evaluate_round 95: strategy sampled 15 clients (out of 50)
[2024-05-18 21:42:33,260][flwr][DEBUG] - evaluate_round 95 received 15 results and 0 failures
Aggregate evaluate
benign record is ['3', '8', '17', '18', '16', '6', '10', '15', '0', '7', '1', '11', '9', '4', '12', '13', '14', '5']
Federated Accuracy on Clean Data: 0.81755
Federated Accuracy on Dirty Data: 0.42127941176470585
Configure Fit
server round: 96
[2024-05-18 21:42:33,261][flwr][DEBUG] - fit_round 96: strategy sampled 15 clients (out of 50)
[2024-05-18 21:45:31,638][flwr][DEBUG] - fit_round 96 received 15 results and 0 failures
malicious is ['0', '0', '0', '0', '0', '0', '0']
Number of Evil Clients: 8
Number of Preset Malicious Clients is 0
Number of Preset Benign Clients is 7
Average Clean Data Accuracy: 0.58375
all malicious is 1
acc_diff is 0.2921930040631975
Now, comb_C is [0 0 0 0 0 0 0]
Clustering Accuracy is 1.0
length of good results is 7 and length of bad results is 0
Evaluate
Configure Evaluate
[2024-05-18 21:45:45,077][flwr][DEBUG] - evaluate_round 96: strategy sampled 15 clients (out of 50)
[2024-05-18 21:46:01,947][flwr][DEBUG] - evaluate_round 96 received 15 results and 0 failures
Aggregate evaluate
benign record is ['3', '8', '17', '18', '16', '6', '10', '15', '0', '7', '1', '11', '9', '4', '12', '13', '14', '5']
Federated Accuracy on Clean Data: 0.852208
Federated Accuracy on Dirty Data: 0.4524617021276596
Configure Fit
server round: 97
[2024-05-18 21:46:01,948][flwr][DEBUG] - fit_round 97: strategy sampled 15 clients (out of 50)
[2024-05-18 21:48:59,930][flwr][DEBUG] - fit_round 97 received 15 results and 0 failures
malicious is ['0', '0', '0', '0', '0', '0']
Number of Evil Clients: 9
Number of Preset Malicious Clients is 0
Number of Preset Benign Clients is 6
Average Clean Data Accuracy: 0.5763444444444444
all malicious is 1
acc_diff is 0.39031664530436183
Now, comb_C is [0 0 0 0 0 0]
Clustering Accuracy is 1.0
length of good results is 6 and length of bad results is 0
Evaluate
Configure Evaluate
[2024-05-18 21:49:15,210][flwr][DEBUG] - evaluate_round 97: strategy sampled 15 clients (out of 50)
[2024-05-18 21:49:32,163][flwr][DEBUG] - evaluate_round 97 received 15 results and 0 failures
Aggregate evaluate
benign record is ['3', '8', '17', '18', '16', '6', '10', '15', '0', '7', '1', '11', '9', '4', '12', '13', '14', '5']
Federated Accuracy on Clean Data: 0.8606055555555555
Federated Accuracy on Dirty Data: 0.42058
Configure Fit
server round: 98
[2024-05-18 21:49:32,163][flwr][DEBUG] - fit_round 98: strategy sampled 15 clients (out of 50)
[2024-05-18 21:52:29,679][flwr][DEBUG] - fit_round 98 received 15 results and 0 failures
malicious is ['0', '0', '0', '0']
Number of Evil Clients: 11
Number of Preset Malicious Clients is 0
Number of Preset Benign Clients is 4
Average Clean Data Accuracy: 0.6174999999999998
all malicious is 1
acc_diff is 0.5993325710296631
Now, comb_C is [0 0 0 0]
Clustering Accuracy is 1.0
length of good results is 4 and length of bad results is 0
Evaluate
Configure Evaluate
[2024-05-18 21:52:48,282][flwr][DEBUG] - evaluate_round 98: strategy sampled 15 clients (out of 50)
[2024-05-18 21:53:05,489][flwr][DEBUG] - evaluate_round 98 received 15 results and 0 failures
Aggregate evaluate
benign record is ['3', '8', '17', '18', '16', '6', '10', '15', '0', '7', '1', '11', '9', '4', '12', '13', '14', '5']
Federated Accuracy on Clean Data: 0.8895142857142858
Federated Accuracy on Dirty Data: 0.44980517241379303
Configure Fit
server round: 99
[2024-05-18 21:53:05,489][flwr][DEBUG] - fit_round 99: strategy sampled 15 clients (out of 50)
[2024-05-18 21:56:06,618][flwr][DEBUG] - fit_round 99 received 15 results and 0 failures
malicious is ['0', '0', '0', '0', '0', '0']
Number of Evil Clients: 9
Number of Preset Malicious Clients is 0
Number of Preset Benign Clients is 6
Average Clean Data Accuracy: 0.6142444444444445
all malicious is 1
acc_diff is 0.7792210578918457
Now, comb_C is [0 0 0 0 0 0]
Clustering Accuracy is 1.0
length of good results is 6 and length of bad results is 0
Evaluate
Configure Evaluate
[2024-05-18 21:56:21,679][flwr][DEBUG] - evaluate_round 99: strategy sampled 15 clients (out of 50)
[2024-05-18 21:56:38,709][flwr][DEBUG] - evaluate_round 99 received 15 results and 0 failures
Aggregate evaluate
benign record is ['3', '8', '17', '18', '16', '6', '10', '15', '0', '7', '1', '11', '9', '4', '12', '13', '14', '5']
Federated Accuracy on Clean Data: 0.8815500000000001
Federated Accuracy on Dirty Data: 0.44117777777777784
Configure Fit
server round: 100
[2024-05-18 21:56:38,710][flwr][DEBUG] - fit_round 100: strategy sampled 15 clients (out of 50)
[2024-05-18 21:59:49,891][flwr][DEBUG] - fit_round 100 received 15 results and 0 failures
malicious is ['0', '0', '0', '0', '0']
Number of Evil Clients: 10
Number of Preset Malicious Clients is 0
Number of Preset Benign Clients is 5
Average Clean Data Accuracy: 0.65657
all malicious is 1
acc_diff is 0.8569794654846192
Now, comb_C is [0 0 0 0 0]
Clustering Accuracy is 1.0
length of good results is 5 and length of bad results is 0
Evaluate
Configure Evaluate
[2024-05-18 22:00:07,239][flwr][DEBUG] - evaluate_round 100: strategy sampled 15 clients (out of 50)
[2024-05-18 22:00:24,393][flwr][DEBUG] - evaluate_round 100 received 15 results and 0 failures
Aggregate evaluate
benign record is ['3', '8', '17', '18', '16', '6', '10', '15', '0', '7', '1', '11', '9', '4', '12', '13', '14', '5']
Federated Accuracy on Clean Data: 0.8724588235294118
Federated Accuracy on Dirty Data: 0.4507836734693877
[2024-05-18 22:00:25,327][flwr][INFO] - FL finished in 20726.97387639497
[2024-05-18 22:00:25,342][flwr][INFO] - app_fit: losses_distributed [(1, 10.537475424546463), (2, 10.277674317359924), (3, 8.395230313142141), (4, 6.825629320409563), (5, 8.432385425818595), (6, 4.247283101081848), (7, 4.8539212005479), (8, 7.435318429023027), (9, 5.165026868765171), (10, 5.619144348367568), (11, 3.907667583652905), (12, 4.622649944387376), (13, 2.576218446716666), (14, 1.5781566580136617), (15, 3.4788260656979775), (16, 1.937365653136602), (17, 1.8872206160290674), (18, 1.3347145337611437), (19, 3.254036025666609), (20, 0.8475965414196253), (21, 1.376194405886862), (22, 2.228011289611459), (23, 2.8069896739390163), (24, 1.0004104599356651), (25, 3.250123848579824), (26, 1.0294780835371327), (27, 2.658674013800919), (28, 0.8340096068210326), (29, 2.6826004832983017), (30, 1.4861615389261558), (31, 1.8642751082245792), (32, 1.3500310854454125), (33, 2.7447464810296274), (34, 1.845499817785379), (35, 2.1739060519771143), (36, 0.7284258105368777), (37, 0.9122555501615772), (38, 0.24772756614468314), (39, 1.8080917588111176), (40, 0.7737949883819304), (41, 0.9173086549511508), (42, 1.4394239605818357), (43, 0.4247168447338761), (44, 1.2056555810384453), (45, 1.447160203095215), (46, 1.802281448035501), (47, 1.0877860539713529), (48, 0.6773315086546872), (49, 0.45287978616801816), (50, 0.7966138924274481), (51, 0.2969960769172758), (52, 1.3030460060209683), (53, 0.7542790809741498), (54, 0.8625076513644307), (55, 0.2944018520090891), (56, 0.9611446390565681), (57, 0.9972397361742332), (58, 0.1274736663326621), (59, 0.773462923536836), (60, 0.43807614243899784), (61, 1.2069837896739162), (62, 0.30489235948771237), (63, 0.6299614101049623), (64, 0.539526962959725), (65, 1.0372214777889894), (66, 1.4997558820107952), (67, 0.6883514726505382), (68, 1.3989996747579425), (69, 1.1867241218546405), (70, 1.028938026333256), (71, 0.8573271628119983), (72, 0.8103200590772116), (73, 0.9984787196811774), (74, 1.4848657706480783), (75, 0.17053286631643358), (76, 1.6511658632597472), (77, 0.9166787563946046), (78, 1.2222570733632891), (79, 0.609835000526484), (80, 1.389187257070544), (81, 0.4745275221565472), (82, 0.004741413492328403), (83, 1.0902550166970792), (84, 0.9153438242218856), (85, 0.3034076989327635), (86, 0.08408117678482085), (87, 0.3851494830695071), (88, 1.0020415678819907), (89, 0.8084561223248866), (90, 0.9631822404002638), (91, 0.6513407306582037), (92, 0.13264616647296967), (93, 0.05997429299781001), (94, 0.7465376592609251), (95, 1.67637438670947), (96, 0.38881263073999434), (97, 1.1323557935821655), (98, 0.20186330383876339), (99, 0.6240851054666564), (100, 0.8130156548063764)]
[2024-05-18 22:00:25,343][flwr][INFO] - app_fit: metrics_distributed_fit {}
[2024-05-18 22:00:25,343][flwr][INFO] - app_fit: metrics_distributed {'accuracy': [(1, 0.15688615384615387), (2, 0.23149999999999998), (3, 0.30963333333333337), (4, 0.3169444444444444), (5, 0.3220684210526315), (6, 0.4844), (7, 0.4825761904761905), (8, 0.49096875000000006), (9, 0.5516653846153846), (10, 0.6343290322580645), (11, 0.69745), (12, 0.6724343749999999), (13, 0.77279375), (14, 0.7964199999999999), (15, 0.7119935483870968), (16, 0.7775923076923076), (17, 0.8111045454545455), (18, 0.7645642857142857), (19, 0.7574609756097561), (20, 0.8532999999999998), (21, 0.8555851851851851), (22, 0.8054399999999999), (23, 0.772938888888889), (24, 0.8247318181818183), (25, 0.7605333333333334), (26, 0.8685), (27, 0.808675), (28, 0.8519346153846153), (29, 0.7900685714285715), (30, 0.8535217391304348), (31, 0.8209321428571429), (32, 0.8320142857142857), (33, 0.794275), (34, 0.8224216216216217), (35, 0.7991727272727274), (36, 0.8635727272727273), (37, 0.8494269230769231), (38, 0.8487681818181817), (39, 0.8220826086956522), (40, 0.8800363636363635), (41, 0.8480882352941177), (42, 0.8491722222222222), (43, 0.8770576923076923), (44, 0.85289), (45, 0.8341700000000001), (46, 0.846384090909091), (47, 0.8413111111111111), (48, 0.871237037037037), (49, 0.8966277777777777), (50, 0.8637424242424242), (51, 0.877068), (52, 0.8478913043478261), (53, 0.8786318181818181), (54, 0.851372), (55, 0.8914217391304347), (56, 0.8645710526315789), (57, 0.853044), (58, 0.9173333333333334), (59, 0.8637592592592592), (60, 0.8922799999999999), (61, 0.858083870967742), (62, 0.82254), (63, 0.8703142857142857), (64, 0.8796833333333333), (65, 0.8514687500000001), (66, 0.835048), (67, 0.87110625), (68, 0.8681240000000001), (69, 0.81918), (70, 0.8604242424242424), (71, 0.8425312500000001), (72, 0.8477823529411764), (73, 0.842491304347826), (74, 0.8508899999999999), (75, 0.8519888888888889), (76, 0.8110222222222222), (77, 0.8691055555555557), (78, 0.84594), (79, 0.898217391304348), (80, 0.8419448275862069), (81, 0.8919809523809524), (82, 0.8338909090909091), (83, 0.8301111111111111), (84, 0.8594542857142857), (85, 0.8768166666666666), (86, 0.9096176470588235), (87, 0.8775967741935485), (88, 0.8519214285714286), (89, 0.8660575757575757), (90, 0.8629457142857143), (91, 0.8861702702702703), (92, 0.9019705882352942), (93, 0.8646578947368421), (94, 0.865974193548387), (95, 0.81755), (96, 0.852208), (97, 0.8606055555555555), (98, 0.8895142857142858), (99, 0.8815500000000001), (100, 0.8724588235294118)]}
[2024-05-18 22:00:25,343][flwr][INFO] - app_fit: losses_centralized []
[2024-05-18 22:00:25,343][flwr][INFO] - app_fit: metrics_centralized {}
