Using CUDA: True
Using MPS: False
dataset: cifar10
num_rounds: 100
num_clients: 50
batch_size: 20
num_classes: 10
num_channels: 3
num_clients_per_round_fit: 15
num_clients_per_round_eval: 50
config_fit:
  poisoning_rate: 0.6
  lr: 0.01
  momentum: 0.9
  local_epochs: 5
  proximal_mu: 2.0
dataset_config:
  ratio_benign_client: 0.6
  iid: false
  balance: false
  power_law: false
  dirichlet: true
  alpha: 0.9

Files already downloaded and verified
Files already downloaded and verified
[2024-03-10 18:33:09,124][flwr][INFO] - Starting Flower simulation, config: ServerConfig(num_rounds=100, round_timeout=None)
[2024-03-10 18:33:20,784][flwr][INFO] - Flower VCE: Ray initialized with resources: {'node:10.131.34.76': 1.0, 'object_store_memory': 160693694054.0, 'node:__internal_head__': 1.0, 'accelerator_type:A10': 1.0, 'memory': 364951952794.0, 'CPU': 96.0, 'GPU': 1.0}
[2024-03-10 18:33:20,785][flwr][INFO] - Initializing global parameters
[2024-03-10 18:33:20,785][flwr][INFO] - Using initial parameters provided by strategy
[2024-03-10 18:33:20,785][flwr][INFO] - Evaluating initial parameters
Evaluate
[2024-03-10 18:33:25,627][flwr][INFO] - initial parameters (loss, other metrics): 181.98315906524658, {'accuracy': 0.0974}
[2024-03-10 18:33:25,627][flwr][INFO] - FL starting
Configure Fit
server round: 1
[2024-03-10 18:33:25,627][flwr][DEBUG] - fit_round 1: strategy sampled 15 clients (out of 50)
[2024-03-10 18:36:52,848][flwr][DEBUG] - fit_round 1 received 15 results and 0 failures
individual accuracies [0.1968, 0.189, 0.1602, 0.1566, 0.1598, 0.1367, 0.2092, 0.1577, 0.1794, 0.1975, 0.1537, 0.1777, 0.1601, 0.1581, 0.1368]
malicious is ['0', '0', '2', '2', '0', '2', '0', '2', '2', '0', '2', '0', '0', '2', '2']
Number of Evil Clients: 0
Number of Preset Malicious Clients is 8
Number of Preset Benign Clients is 7
Average poisoning accuracy: 0.931325
accuracies is [(0.1577, 0), (0.19290000000000002, 1)]
accuracies is [(0.1577, 0), (0.19290000000000002, 1)]
Not the same
benign class is 1
malicious class is 0
record is 0
Final Clustering acc is 0.9333333333333333
benign record is []
key neurons are {}
Target label is 9
length of good results is 6 and length of bad results is 9
acc_diff is 0
Other cases
[2024-03-10 18:37:34,593][flwr][WARNING] - No fit_metrics_aggregation_fn provided
Evaluate
Global Poisoning Accuracy: 0.0089
[2024-03-10 18:37:38,704][flwr][INFO] - fit progress: (1, 181.66179537773132, {'accuracy': 0.1398}, 253.07674986706115)
Configure Evaluate
[2024-03-10 18:37:38,704][flwr][DEBUG] - evaluate_round 1: strategy sampled 50 clients (out of 50)
[2024-03-10 18:38:21,067][flwr][DEBUG] - evaluate_round 1 received 50 results and 0 failures
Aggregate evaluate
benign record is []
Federated Accuracy: 0.12579244444444446
Configure Fit
server round: 2
[2024-03-10 18:38:21,187][flwr][DEBUG] - fit_round 2: strategy sampled 15 clients (out of 50)
[2024-03-10 18:41:24,265][flwr][DEBUG] - fit_round 2 received 15 results and 0 failures
individual accuracies [0.2039, 0.2165, 0.1398, 0.1626, 0.2356, 0.2308, 0.2215, 0.1556, 0.2106, 0.1685, 0.2234, 0.1907, 0.1812, 0.2756, 0.1704]
malicious is ['0', '0', '0', '2', '0', '0', '0', '2', '0', '2', '0', '2', '0', '0', '2']
Number of Evil Clients: 0
Number of Preset Malicious Clients is 5
Number of Preset Benign Clients is 10
Average poisoning accuracy: 0.93224
accuracies is [(0.1758, 0), (0.2215, 1)]
accuracies is [(0.1758, 0), (0.2215, 1)]
Not the same
benign class is 1
malicious class is 0
record is 0
Final Clustering acc is 0.8
benign record is []
key neurons are {}
Target label is 9
length of good results is 7 and length of bad results is 8
acc_diff is 0
Other cases
Evaluate
Global Poisoning Accuracy: 0.0126
[2024-03-10 18:42:06,089][flwr][INFO] - fit progress: (2, 168.6965788602829, {'accuracy': 0.2174}, 520.4615794180427)
Configure Evaluate
[2024-03-10 18:42:06,089][flwr][DEBUG] - evaluate_round 2: strategy sampled 50 clients (out of 50)
[2024-03-10 18:42:49,238][flwr][DEBUG] - evaluate_round 2 received 50 results and 0 failures
Aggregate evaluate
benign record is []
Federated Accuracy: 0.2064377777777778
Configure Fit
server round: 3
[2024-03-10 18:42:49,486][flwr][DEBUG] - fit_round 3: strategy sampled 15 clients (out of 50)
[2024-03-10 18:46:48,847][flwr][DEBUG] - fit_round 3 received 15 results and 0 failures
individual accuracies [0.2179, 0.2526, 0.2078, 0.2447, 0.1881, 0.2681, 0.2662, 0.1617, 0.1882, 0.1839, 0.1971, 0.2546, 0.2462, 0.2015, 0.2165]
malicious is ['0', '0', '0', '0', '2', '0', '0', '0', '2', '2', '2', '0', '0', '2', '0']
Number of Evil Clients: 0
Number of Preset Malicious Clients is 5
Number of Preset Benign Clients is 10
Average poisoning accuracy: 0.9252600000000001
accuracies is [(0.2494, 0), (0.2015, 1)]
accuracies is [(0.2494, 0), (0.2015, 1)]
Not the same
benign class is 0
malicious class is 1
record is 0
Final Clustering acc is 0.7333333333333333
benign record is []
key neurons are {}
Target label is 9
length of good results is 6 and length of bad results is 9
acc_diff is 0
Other cases
Evaluate
Global Poisoning Accuracy: 0.0241
[2024-03-10 18:47:31,189][flwr][INFO] - fit progress: (3, 158.27004492282867, {'accuracy': 0.289}, 845.5621133040404)
Configure Evaluate
[2024-03-10 18:47:31,190][flwr][DEBUG] - evaluate_round 3: strategy sampled 50 clients (out of 50)
[2024-03-10 18:48:13,491][flwr][DEBUG] - evaluate_round 3 received 50 results and 0 failures
Aggregate evaluate
benign record is []
Federated Accuracy: 0.2912142222222222
Configure Fit
server round: 4
[2024-03-10 18:48:13,608][flwr][DEBUG] - fit_round 4: strategy sampled 15 clients (out of 50)
[2024-03-10 18:52:00,531][flwr][DEBUG] - fit_round 4 received 15 results and 0 failures
individual accuracies [0.2325, 0.2361, 0.213, 0.2921, 0.2353, 0.2108, 0.1612, 0.2388, 0.2062, 0.2022, 0.2327, 0.2886, 0.2141, 0.2467, 0.2832]
malicious is ['0', '2', '0', '0', '2', '2', '2', '2', '2', '2', '0', '0', '2', '0', '0']
Number of Evil Clients: 0
Number of Preset Malicious Clients is 8
Number of Preset Benign Clients is 7
Average poisoning accuracy: 0.8901000000000001
accuracies is [(0.2397, 0), (0.2325, 1)]
accuracies is [(0.2397, 0), (0.2325, 1)]
Not the same
benign class is 0
malicious class is 1
record is 0
Final Clustering acc is 0.8
benign record is []
key neurons are {}
Target label is 9
length of good results is 4 and length of bad results is 11
acc_diff is 0
Other cases
Evaluate
Global Poisoning Accuracy: 0.0594
[2024-03-10 18:52:47,787][flwr][INFO] - fit progress: (4, 164.78108823299408, {'accuracy': 0.2657}, 1162.1596927840728)
Configure Evaluate
[2024-03-10 18:52:47,787][flwr][DEBUG] - evaluate_round 4: strategy sampled 50 clients (out of 50)
[2024-03-10 18:53:30,258][flwr][DEBUG] - evaluate_round 4 received 50 results and 0 failures
Aggregate evaluate
benign record is []
Federated Accuracy: 0.2724973333333334
Configure Fit
server round: 5
[2024-03-10 18:53:30,376][flwr][DEBUG] - fit_round 5: strategy sampled 15 clients (out of 50)
[2024-03-10 18:57:01,114][flwr][DEBUG] - fit_round 5 received 15 results and 0 failures
individual accuracies [0.2987, 0.1873, 0.2041, 0.2381, 0.2821, 0.2257, 0.1911, 0.2227, 0.3232, 0.215, 0.2189, 0.3117, 0.2514, 0.3238, 0.1994]
malicious is ['0', '2', '2', '0', '0', '2', '2', '2', '0', '2', '0', '0', '0', '0', '2']
Number of Evil Clients: 0
Number of Preset Malicious Clients is 7
Number of Preset Benign Clients is 8
Average poisoning accuracy: 0.9435428571428572
accuracies is [(0.2041, 0), (0.2904, 1)]
accuracies is [(0.2041, 0), (0.2904, 1)]
Not the same
Accuracy diff not within 0.05
benign class is 1
malicious class is 0
record is 1
Final Clustering acc is 1.0
7 added to evil list
benign record is ['10', '7', '2', '27', '4', '25', '8', '18']
key neurons are {}
Target label is 9
length of good results is 8 and length of bad results is 7
acc_diff is 0
Other cases
Evaluate
Global Poisoning Accuracy: 0.0508
[2024-03-10 18:57:46,729][flwr][INFO] - fit progress: (5, 146.0661425590515, {'accuracy': 0.3359}, 1461.1024365770863)
Configure Evaluate
[2024-03-10 18:57:46,730][flwr][DEBUG] - evaluate_round 5: strategy sampled 50 clients (out of 50)
[2024-03-10 18:58:29,326][flwr][DEBUG] - evaluate_round 5 received 50 results and 0 failures
Aggregate evaluate
benign record is ['10', '7', '2', '27', '4', '25', '8', '18']
Federated Accuracy: 0.42194193548387093
Configure Fit
server round: 6
[2024-03-10 18:58:29,442][flwr][DEBUG] - fit_round 6: strategy sampled 15 clients (out of 50)
[2024-03-10 19:01:59,651][flwr][DEBUG] - fit_round 6 received 15 results and 0 failures
individual accuracies [0.2691, 0.3142, 0.2396, 0.1983, 0.2566, 0.2593, 0.252, 0.3019, 0.2429, 0.1933, 0.2066, 0.2932, 0.2708]
malicious is ['0', '0', '0', '2', '0', '0', '2', '0', '0', '2', '2', '0', '0']
Number of Evil Clients: 2
Number of Preset Malicious Clients is 4
Number of Preset Benign Clients is 9
Average poisoning accuracy: 0.9278666666666666
accuracies is [(0.2932, -1), (0.25429999999999997, 0)]
accuracies is [(0.2932, -1), (0.25429999999999997, 0)]
Not the same
benign class is -1
malicious class is 0
record is 0
Final Clustering acc is 0.38461538461538464
benign record is ['10', '7', '2', '27', '4', '25', '8', '18']
key neurons are {}
Target label is 0
length of good results is 1 and length of bad results is 12
acc_diff is 0
Other cases
Evaluate
Global Poisoning Accuracy: 0.0115
[2024-03-10 19:02:37,539][flwr][INFO] - fit progress: (6, 179.8007596731186, {'accuracy': 0.2925}, 1751.9115976400208)
Configure Evaluate
[2024-03-10 19:02:37,539][flwr][DEBUG] - evaluate_round 6: strategy sampled 50 clients (out of 50)
[2024-03-10 19:03:20,886][flwr][DEBUG] - evaluate_round 6 received 50 results and 0 failures
Aggregate evaluate
benign record is ['10', '7', '2', '27', '4', '25', '8', '18']
Federated Accuracy: 0.4521516129032258
Configure Fit
server round: 7
[2024-03-10 19:03:20,987][flwr][DEBUG] - fit_round 7: strategy sampled 15 clients (out of 50)
[2024-03-10 19:06:21,174][flwr][DEBUG] - fit_round 7 received 15 results and 0 failures
individual accuracies [0.2881, 0.3369, 0.3092, 0.3298, 0.2563, 0.2774, 0.2088, 0.2831, 0.3097, 0.2637, 0.2846, 0.2108]
malicious is ['0', '0', '0', '0', '0', '0', '2', '0', '0', '2', '0', '2']
Number of Evil Clients: 3
Number of Preset Malicious Clients is 3
Number of Preset Benign Clients is 9
Average poisoning accuracy: 0.9022999999999999
accuracies is [(0.28025, -1), (0.28635, 0)]
accuracies is [(0.28025, -1), (0.28635, 0)]
Not the same
benign class is 0
malicious class is -1
record is 0
Final Clustering acc is 0.5833333333333334
benign record is ['10', '7', '2', '27', '4', '25', '8', '18']
key neurons are {}
Target label is 0
length of good results is 10 and length of bad results is 2
acc_diff is 0
Other cases
Evaluate
Global Poisoning Accuracy: 0.1132
[2024-03-10 19:06:58,007][flwr][INFO] - fit progress: (7, 136.76725673675537, {'accuracy': 0.3882}, 2012.379681679071)
Configure Evaluate
[2024-03-10 19:06:58,007][flwr][DEBUG] - evaluate_round 7: strategy sampled 50 clients (out of 50)
[2024-03-10 19:07:39,629][flwr][DEBUG] - evaluate_round 7 received 50 results and 0 failures
Aggregate evaluate
benign record is ['10', '7', '2', '27', '4', '25', '8', '18']
Federated Accuracy: 0.613716129032258
Configure Fit
server round: 8
[2024-03-10 19:07:39,724][flwr][DEBUG] - fit_round 8: strategy sampled 15 clients (out of 50)
[2024-03-10 19:11:20,028][flwr][DEBUG] - fit_round 8 received 15 results and 0 failures
individual accuracies [0.3426, 0.335, 0.3027, 0.2607, 0.2979, 0.3376, 0.2566, 0.2703, 0.2951, 0.2742, 0.3212, 0.3457]
malicious is ['0', '0', '0', '2', '0', '0', '2', '0', '0', '2', '0', '0']
Number of Evil Clients: 3
Number of Preset Malicious Clients is 3
Number of Preset Benign Clients is 9
Average poisoning accuracy: 0.8906
accuracies is [(0.3003, 0)]
accuracies is [(0.3003, 0)]
Only one type of cluster
benign class is 0
malicious class is 10
record is 0
Final Clustering acc is 0.75
benign record is ['10', '7', '2', '27', '4', '25', '8', '18']
key neurons are {}
Target label is 9
length of good results is 12 and length of bad results is 0
acc_diff is 0
Other cases
Evaluate
Global Poisoning Accuracy: 0.2205
[2024-03-10 19:11:57,134][flwr][INFO] - fit progress: (8, 133.1968673467636, {'accuracy': 0.4048}, 2311.5071785770124)
Configure Evaluate
[2024-03-10 19:11:57,135][flwr][DEBUG] - evaluate_round 8: strategy sampled 50 clients (out of 50)
[2024-03-10 19:12:40,287][flwr][DEBUG] - evaluate_round 8 received 50 results and 0 failures
Aggregate evaluate
benign record is ['10', '7', '2', '27', '4', '25', '8', '18']
Federated Accuracy: 0.6452322580645162
Configure Fit
server round: 9
[2024-03-10 19:12:40,527][flwr][DEBUG] - fit_round 9: strategy sampled 15 clients (out of 50)
[2024-03-10 19:16:11,324][flwr][DEBUG] - fit_round 9 received 15 results and 0 failures
individual accuracies [0.3546, 0.2603, 0.3146, 0.2445, 0.3154, 0.3583, 0.303, 0.3373, 0.3036, 0.3418, 0.3322]
malicious is ['0', '2', '0', '2', '0', '0', '0', '0', '0', '0', '0']
Number of Evil Clients: 4
Number of Preset Malicious Clients is 2
Number of Preset Benign Clients is 9
Average poisoning accuracy: 0.9401833333333333
accuracies is [(0.3154, 0)]
accuracies is [(0.3154, 0)]
Only one type of cluster
benign class is 0
malicious class is 10
record is 0
Final Clustering acc is 0.8181818181818182
benign record is ['10', '7', '2', '27', '4', '25', '8', '18']
key neurons are {}
Target label is 9
length of good results is 11 and length of bad results is 0
acc_diff is 0
Other cases
Evaluate
Global Poisoning Accuracy: 0.2434
[2024-03-10 19:16:45,898][flwr][INFO] - fit progress: (9, 136.24969446659088, {'accuracy': 0.4042}, 2600.2713700120803)
Configure Evaluate
[2024-03-10 19:16:45,899][flwr][DEBUG] - evaluate_round 9: strategy sampled 50 clients (out of 50)
[2024-03-10 19:17:29,187][flwr][DEBUG] - evaluate_round 9 received 50 results and 0 failures
Aggregate evaluate
benign record is ['10', '7', '2', '27', '4', '25', '8', '18']
Federated Accuracy: 0.7020000000000001
Configure Fit
server round: 10
[2024-03-10 19:17:29,290][flwr][DEBUG] - fit_round 10: strategy sampled 15 clients (out of 50)
[2024-03-10 19:20:51,723][flwr][DEBUG] - fit_round 10 received 15 results and 0 failures
individual accuracies [0.3312, 0.2939, 0.2445, 0.2575, 0.3236, 0.2915, 0.363, 0.3032, 0.3464, 0.2778, 0.3148, 0.3333, 0.3851]
malicious is ['0', '0', '2', '2', '0', '0', '0', '0', '0', '2', '0', '0', '0']
Number of Evil Clients: 2
Number of Preset Malicious Clients is 3
Number of Preset Benign Clients is 10
Average poisoning accuracy: 0.91234
accuracies is [(0.3148, 0)]
accuracies is [(0.3148, 0)]
Only one type of cluster
benign class is 0
malicious class is 10
record is 0
Final Clustering acc is 0.7692307692307693
benign record is ['10', '7', '2', '27', '4', '25', '8', '18']
key neurons are {}
Target label is 9
length of good results is 13 and length of bad results is 0
acc_diff is 0
Other cases
Evaluate
Global Poisoning Accuracy: 0.2845
[2024-03-10 19:21:27,617][flwr][INFO] - fit progress: (10, 135.73519825935364, {'accuracy': 0.4046}, 2881.98992667906)
Configure Evaluate
[2024-03-10 19:21:27,617][flwr][DEBUG] - evaluate_round 10: strategy sampled 50 clients (out of 50)
[2024-03-10 19:22:11,408][flwr][DEBUG] - evaluate_round 10 received 50 results and 0 failures
Aggregate evaluate
benign record is ['10', '7', '2', '27', '4', '25', '8', '18']
Federated Accuracy: 0.7480032258064517
Configure Fit
server round: 11
[2024-03-10 19:22:11,644][flwr][DEBUG] - fit_round 11: strategy sampled 15 clients (out of 50)
[2024-03-10 19:25:32,887][flwr][DEBUG] - fit_round 11 received 15 results and 0 failures
individual accuracies [0.3371, 0.3642, 0.339, 0.364, 0.3634, 0.258, 0.3263, 0.3435, 0.3222, 0.3554, 0.3233, 0.3865]
malicious is ['0', '0', '0', '0', '0', '2', '0', '0', '0', '0', '0', '0']
Number of Evil Clients: 3
Number of Preset Malicious Clients is 1
Number of Preset Benign Clients is 11
Average poisoning accuracy: 0.9351
accuracies is [(0.34125000000000005, 0)]
accuracies is [(0.34125000000000005, 0)]
Only one type of cluster
benign class is 0
malicious class is 10
record is 0
Final Clustering acc is 0.9166666666666666
benign record is ['10', '7', '2', '27', '4', '25', '8', '18']
key neurons are {}
Target label is 9
length of good results is 12 and length of bad results is 0
acc_diff is 0
Other cases
Evaluate
Global Poisoning Accuracy: 0.313
[2024-03-10 19:26:05,333][flwr][INFO] - fit progress: (11, 139.78887152671814, {'accuracy': 0.4064}, 3159.7059583320515)
Configure Evaluate
[2024-03-10 19:26:05,333][flwr][DEBUG] - evaluate_round 11: strategy sampled 50 clients (out of 50)
[2024-03-10 19:26:49,015][flwr][DEBUG] - evaluate_round 11 received 50 results and 0 failures
Aggregate evaluate
benign record is ['10', '7', '2', '27', '4', '25', '8', '18']
Federated Accuracy: 0.7608903225806452
Configure Fit
server round: 12
[2024-03-10 19:26:49,126][flwr][DEBUG] - fit_round 12: strategy sampled 15 clients (out of 50)
[2024-03-10 19:30:14,349][flwr][DEBUG] - fit_round 12 received 15 results and 0 failures
individual accuracies [0.2513, 0.3189, 0.278, 0.308, 0.3525, 0.3388, 0.3467, 0.3785, 0.3265, 0.371, 0.291, 0.3611, 0.2676]
malicious is ['2', '0', '2', '0', '0', '0', '0', '0', '0', '0', '0', '0', '2']
Number of Evil Clients: 2
Number of Preset Malicious Clients is 3
Number of Preset Benign Clients is 10
Average poisoning accuracy: 0.9156599999999999
accuracies is [(0.3265, 0)]
accuracies is [(0.3265, 0)]
Only one type of cluster
benign class is 0
malicious class is 10
record is 0
Final Clustering acc is 0.7692307692307693
benign record is ['10', '7', '2', '27', '4', '25', '8', '18']
key neurons are {}
Target label is 9
length of good results is 13 and length of bad results is 0
acc_diff is 0
Other cases
Evaluate
Global Poisoning Accuracy: 0.3369
[2024-03-10 19:30:50,030][flwr][INFO] - fit progress: (12, 141.48537838459015, {'accuracy': 0.4053}, 3444.4026741650887)
Configure Evaluate
[2024-03-10 19:30:50,030][flwr][DEBUG] - evaluate_round 12: strategy sampled 50 clients (out of 50)
[2024-03-10 19:31:32,602][flwr][DEBUG] - evaluate_round 12 received 50 results and 0 failures
Aggregate evaluate
benign record is ['10', '7', '2', '27', '4', '25', '8', '18']
Federated Accuracy: 0.7893354838709676
Configure Fit
server round: 13
[2024-03-10 19:31:32,715][flwr][DEBUG] - fit_round 13: strategy sampled 15 clients (out of 50)
[2024-03-10 19:34:33,604][flwr][DEBUG] - fit_round 13 received 15 results and 0 failures
individual accuracies [0.3762, 0.3504, 0.3744, 0.2721, 0.3701, 0.3306, 0.338, 0.2661, 0.246, 0.3498, 0.2886, 0.3097, 0.2621, 0.2655]
malicious is ['0', '0', '0', '2', '0', '0', '0', '2', '2', '0', '2', '0', '2', '2']
Number of Evil Clients: 1
Number of Preset Malicious Clients is 6
Number of Preset Benign Clients is 8
Average poisoning accuracy: 0.8979857142857143
accuracies is [(0.3498, -1), (0.3097, 0)]
accuracies is [(0.3498, -1), (0.3097, 0)]
Not the same
benign class is -1
malicious class is 0
record is 0
Final Clustering acc is 0.5
benign record is ['10', '7', '2', '27', '4', '25', '8', '18']
key neurons are {}
Target label is 0
length of good results is 1 and length of bad results is 13
acc_diff is 0
Other cases
Evaluate
Global Poisoning Accuracy: 0.2533
[2024-03-10 19:35:14,871][flwr][INFO] - fit progress: (13, 170.57048547267914, {'accuracy': 0.353}, 3709.2436287940945)
Configure Evaluate
[2024-03-10 19:35:14,871][flwr][DEBUG] - evaluate_round 13: strategy sampled 50 clients (out of 50)
[2024-03-10 19:35:57,283][flwr][DEBUG] - evaluate_round 13 received 50 results and 0 failures
Aggregate evaluate
benign record is ['10', '7', '2', '27', '4', '25', '8', '18']
Federated Accuracy: 0.678616129032258
Configure Fit
server round: 14
[2024-03-10 19:35:57,401][flwr][DEBUG] - fit_round 14: strategy sampled 15 clients (out of 50)
[2024-03-10 19:39:37,392][flwr][DEBUG] - fit_round 14 received 15 results and 0 failures
individual accuracies [0.2655, 0.3031, 0.2452, 0.3179, 0.2621, 0.3154, 0.3691, 0.2749, 0.3656, 0.2837, 0.3854, 0.2915]
malicious is ['2', '0', '2', '0', '2', '0', '0', '2', '0', '2', '0', '2']
Number of Evil Clients: 3
Number of Preset Malicious Clients is 6
Number of Preset Benign Clients is 6
Average poisoning accuracy: 0.8933444444444445
accuracies is [(0.2973, 0)]
accuracies is [(0.2973, 0)]
Only one type of cluster
benign class is 0
malicious class is 10
record is 0
Final Clustering acc is 0.5
benign record is ['10', '7', '2', '27', '4', '25', '8', '18']
key neurons are {}
Target label is 9
length of good results is 12 and length of bad results is 0
acc_diff is 0
Other cases
Evaluate
Global Poisoning Accuracy: 0.5447
[2024-03-10 19:40:18,025][flwr][INFO] - fit progress: (14, 152.94492530822754, {'accuracy': 0.3794}, 4012.398216787027)
Configure Evaluate
[2024-03-10 19:40:18,026][flwr][DEBUG] - evaluate_round 14: strategy sampled 50 clients (out of 50)
[2024-03-10 19:41:00,935][flwr][DEBUG] - evaluate_round 14 received 50 results and 0 failures
Aggregate evaluate
benign record is ['10', '7', '2', '27', '4', '25', '8', '18']
Federated Accuracy: 0.799683870967742
Configure Fit
server round: 15
[2024-03-10 19:41:01,159][flwr][DEBUG] - fit_round 15: strategy sampled 15 clients (out of 50)
[2024-03-10 19:44:07,463][flwr][DEBUG] - fit_round 15 received 15 results and 0 failures
individual accuracies [0.3109, 0.3106, 0.2693, 0.2718, 0.2588, 0.3263, 0.3006, 0.2648, 0.3573, 0.3449, 0.355, 0.2826, 0.3062, 0.3189]
malicious is ['0', '0', '2', '2', '2', '0', '0', '2', '0', '0', '0', '2', '0', '0']
Number of Evil Clients: 1
Number of Preset Malicious Clients is 5
Number of Preset Benign Clients is 9
Average poisoning accuracy: 0.9359000000000001
accuracies is [(0.3084, 0)]
accuracies is [(0.3084, 0)]
Only one type of cluster
benign class is 0
malicious class is 10
record is 0
Final Clustering acc is 0.6428571428571429
benign record is ['10', '7', '2', '27', '4', '25', '8', '18']
key neurons are {}
Target label is 2
length of good results is 14 and length of bad results is 0
acc_diff is 0
Other cases
Evaluate
Global Poisoning Accuracy: 0.7426
[2024-03-10 19:44:47,877][flwr][INFO] - fit progress: (15, 176.84000539779663, {'accuracy': 0.3509}, 4282.2497094620485)
Configure Evaluate
[2024-03-10 19:44:47,877][flwr][DEBUG] - evaluate_round 15: strategy sampled 50 clients (out of 50)
[2024-03-10 19:45:29,920][flwr][DEBUG] - evaluate_round 15 received 50 results and 0 failures
Aggregate evaluate
benign record is ['10', '7', '2', '27', '4', '25', '8', '18']
Federated Accuracy: 0.806683870967742
Configure Fit
server round: 16
[2024-03-10 19:45:30,026][flwr][DEBUG] - fit_round 16: strategy sampled 15 clients (out of 50)
[2024-03-10 19:49:00,455][flwr][DEBUG] - fit_round 16 received 15 results and 0 failures
individual accuracies [0.3419, 0.3523, 0.3354, 0.3223, 0.2933, 0.2342, 0.308, 0.274, 0.3535, 0.2534, 0.3464, 0.3398]
malicious is ['0', '0', '0', '0', '0', '2', '0', '2', '0', '0', '0', '0']
Number of Evil Clients: 3
Number of Preset Malicious Clients is 2
Number of Preset Benign Clients is 10
Average poisoning accuracy: 0.9597000000000001
accuracies is [(0.2342, -1), (0.3354, 0)]
accuracies is [(0.2342, -1), (0.3354, 0)]
Not the same
Accuracy diff not within 0.05
benign class is 0
malicious class is -1
record is 1
Final Clustering acc is 0.9166666666666666
1 added to evil list
benign record is ['11', '38', '10', '9', '7', '2', '20', '21', '27', '4', '25', '8', '18', '12', '19', '15', '1']
key neurons are {}
Target label is 9
length of good results is 11 and length of bad results is 1
acc_diff is 0
Other cases
Evaluate
Global Poisoning Accuracy: 0.7345
[2024-03-10 19:49:34,716][flwr][INFO] - fit progress: (16, 181.10037529468536, {'accuracy': 0.3523}, 4569.088876124006)
Configure Evaluate
[2024-03-10 19:49:34,716][flwr][DEBUG] - evaluate_round 16: strategy sampled 50 clients (out of 50)
[2024-03-10 19:50:17,743][flwr][DEBUG] - evaluate_round 16 received 50 results and 0 failures
Aggregate evaluate
benign record is ['11', '38', '10', '9', '7', '2', '20', '21', '27', '4', '25', '8', '18', '12', '19', '15', '1']
Federated Accuracy: 0.7787569444444444
Configure Fit
server round: 17
[2024-03-10 19:50:17,837][flwr][DEBUG] - fit_round 17: strategy sampled 15 clients (out of 50)
[2024-03-10 19:53:27,353][flwr][DEBUG] - fit_round 17 received 15 results and 0 failures
individual accuracies [0.3339, 0.3204, 0.2883, 0.2837, 0.3487, 0.3208, 0.334, 0.2881, 0.3735, 0.2998, 0.2612, 0.3069, 0.3167, 0.2747]
malicious is ['0', '0', '2', '2', '0', '0', '0', '0', '0', '2', '2', '0', '0', '2']
Number of Evil Clients: 1
Number of Preset Malicious Clients is 5
Number of Preset Benign Clients is 9
Average poisoning accuracy: 0.9311000000000001
accuracies is [(0.31179999999999997, 0)]
accuracies is [(0.31179999999999997, 0)]
Only one type of cluster
benign class is 0
malicious class is 10
record is 0
Final Clustering acc is 0.6428571428571429
benign record is ['11', '38', '10', '9', '7', '2', '20', '21', '27', '4', '25', '8', '18', '12', '19', '15', '1']
key neurons are {}
Target label is 9
length of good results is 14 and length of bad results is 0
acc_diff is 0
Other cases
Evaluate
Global Poisoning Accuracy: 0.6671
[2024-03-10 19:54:06,695][flwr][INFO] - fit progress: (17, 170.36559426784515, {'accuracy': 0.3649}, 4841.068422812037)
Configure Evaluate
[2024-03-10 19:54:06,696][flwr][DEBUG] - evaluate_round 17: strategy sampled 50 clients (out of 50)
[2024-03-10 19:54:50,125][flwr][DEBUG] - evaluate_round 17 received 50 results and 0 failures
Aggregate evaluate
benign record is ['11', '38', '10', '9', '7', '2', '20', '21', '27', '4', '25', '8', '18', '12', '19', '15', '1']
Federated Accuracy: 0.7809166666666667
Configure Fit
server round: 18
[2024-03-10 19:54:50,217][flwr][DEBUG] - fit_round 18: strategy sampled 15 clients (out of 50)
[2024-03-10 19:58:44,055][flwr][DEBUG] - fit_round 18 received 15 results and 0 failures
individual accuracies [0.281, 0.2602, 0.3407, 0.3607, 0.2738, 0.344, 0.2885, 0.357, 0.2958, 0.281, 0.299, 0.3463, 0.3575, 0.3217]
malicious is ['2', '2', '0', '0', '2', '0', '2', '0', '0', '2', '2', '0', '0', '0']
Number of Evil Clients: 1
Number of Preset Malicious Clients is 6
Number of Preset Benign Clients is 8
Average poisoning accuracy: 0.9164571428571427
accuracies is [(0.31035, 0)]
accuracies is [(0.31035, 0)]
Only one type of cluster
benign class is 0
malicious class is 10
record is 0
Final Clustering acc is 0.5714285714285714
benign record is ['11', '38', '10', '9', '7', '2', '20', '21', '27', '4', '25', '8', '18', '12', '19', '15', '1']
key neurons are {}
Target label is 9
length of good results is 14 and length of bad results is 0
acc_diff is 0
Other cases
Evaluate
Global Poisoning Accuracy: 0.7753
[2024-03-10 19:59:25,818][flwr][INFO] - fit progress: (18, 186.61705207824707, {'accuracy': 0.3553}, 5160.190724304062)
Configure Evaluate
[2024-03-10 19:59:25,818][flwr][DEBUG] - evaluate_round 18: strategy sampled 50 clients (out of 50)
[2024-03-10 20:00:07,778][flwr][DEBUG] - evaluate_round 18 received 50 results and 0 failures
Aggregate evaluate
benign record is ['11', '38', '10', '9', '7', '2', '20', '21', '27', '4', '25', '8', '18', '12', '19', '15', '1']
Federated Accuracy: 0.7907125000000002
Configure Fit
server round: 19
[2024-03-10 20:00:08,007][flwr][DEBUG] - fit_round 19: strategy sampled 15 clients (out of 50)
[2024-03-10 20:03:24,572][flwr][DEBUG] - fit_round 19 received 15 results and 0 failures
individual accuracies [0.3415, 0.2917, 0.3157, 0.3006, 0.3418, 0.2716, 0.2923, 0.2877, 0.2876, 0.324, 0.3373]
malicious is ['0', '2', '0', '0', '0', '2', '0', '0', '2', '0', '0']
Number of Evil Clients: 4
Number of Preset Malicious Clients is 3
Number of Preset Benign Clients is 8
Average poisoning accuracy: 0.9412714285714285
accuracies is [(0.3006, 0)]
accuracies is [(0.3006, 0)]
Only one type of cluster
benign class is 0
malicious class is 10
record is 0
Final Clustering acc is 0.7272727272727273
benign record is ['11', '38', '10', '9', '7', '2', '20', '21', '27', '4', '25', '8', '18', '12', '19', '15', '1']
key neurons are {}
Target label is 9
length of good results is 11 and length of bad results is 0
acc_diff is 0
Other cases
Evaluate
Global Poisoning Accuracy: 0.7947
[2024-03-10 20:04:02,477][flwr][INFO] - fit progress: (19, 191.4544234275818, {'accuracy': 0.3511}, 5436.849948015995)
Configure Evaluate
[2024-03-10 20:04:02,477][flwr][DEBUG] - evaluate_round 19: strategy sampled 50 clients (out of 50)
[2024-03-10 20:04:46,274][flwr][DEBUG] - evaluate_round 19 received 50 results and 0 failures
Aggregate evaluate
benign record is ['11', '38', '10', '9', '7', '2', '20', '21', '27', '4', '25', '8', '18', '12', '19', '15', '1']
Federated Accuracy: 0.7956861111111111
Configure Fit
server round: 20
[2024-03-10 20:04:46,390][flwr][DEBUG] - fit_round 20: strategy sampled 15 clients (out of 50)
[2024-03-10 20:08:25,582][flwr][DEBUG] - fit_round 20 received 15 results and 0 failures
individual accuracies [0.2642, 0.3469, 0.2827, 0.3396, 0.3049, 0.2897, 0.2967, 0.2887, 0.3184, 0.3097, 0.3457, 0.2825]
malicious is ['2', '0', '2', '0', '0', '2', '0', '2', '0', '0', '0', '2']
Number of Evil Clients: 3
Number of Preset Malicious Clients is 5
Number of Preset Benign Clients is 7
Average poisoning accuracy: 0.9440875
accuracies is [(0.3184, -1), (0.2967, 0)]
accuracies is [(0.3184, -1), (0.2967, 0)]
Not the same
benign class is -1
malicious class is 0
record is 0
Final Clustering acc is 0.5
benign record is ['11', '38', '10', '9', '7', '2', '20', '21', '27', '4', '25', '8', '18', '12', '19', '15', '1']
key neurons are {}
Target label is 6
length of good results is 1 and length of bad results is 11
acc_diff is 0
Other cases
Evaluate
Global Poisoning Accuracy: 0.7077
[2024-03-10 20:09:08,907][flwr][INFO] - fit progress: (20, 216.365873336792, {'accuracy': 0.3166}, 5743.279843267985)
Configure Evaluate
[2024-03-10 20:09:08,907][flwr][DEBUG] - evaluate_round 20: strategy sampled 50 clients (out of 50)
[2024-03-10 20:09:52,544][flwr][DEBUG] - evaluate_round 20 received 50 results and 0 failures
Aggregate evaluate
benign record is ['11', '38', '10', '9', '7', '2', '20', '21', '27', '4', '25', '8', '18', '12', '19', '15', '1']
Federated Accuracy: 0.70665
Configure Fit
server round: 21
[2024-03-10 20:09:52,791][flwr][DEBUG] - fit_round 21: strategy sampled 15 clients (out of 50)
[2024-03-10 20:13:15,977][flwr][DEBUG] - fit_round 21 received 15 results and 0 failures
individual accuracies [0.2556, 0.3435, 0.3602, 0.2645, 0.3268, 0.3505, 0.3179, 0.363, 0.2785, 0.2746, 0.3367]
malicious is ['2', '0', '0', '2', '0', '0', '0', '0', '2', '2', '0']
Number of Evil Clients: 4
Number of Preset Malicious Clients is 4
Number of Preset Benign Clients is 7
Average poisoning accuracy: 0.9350625000000001
accuracies is [(0.3505, -1), (0.32235, 0)]
accuracies is [(0.3505, -1), (0.32235, 0)]
Not the same
benign class is -1
malicious class is 0
record is 0
Final Clustering acc is 0.45454545454545453
benign record is ['11', '38', '10', '9', '7', '2', '20', '21', '27', '4', '25', '8', '18', '12', '19', '15', '1']
key neurons are {}
Target label is 7
length of good results is 1 and length of bad results is 10
acc_diff is 0
Other cases
Evaluate
Global Poisoning Accuracy: 0.4733
[2024-03-10 20:13:54,478][flwr][INFO] - fit progress: (21, 196.50243723392487, {'accuracy': 0.3488}, 6028.851177343982)
Configure Evaluate
[2024-03-10 20:13:54,479][flwr][DEBUG] - evaluate_round 21: strategy sampled 50 clients (out of 50)
[2024-03-10 20:14:37,552][flwr][DEBUG] - evaluate_round 21 received 50 results and 0 failures
Aggregate evaluate
benign record is ['11', '38', '10', '9', '7', '2', '20', '21', '27', '4', '25', '8', '18', '12', '19', '15', '1']
Federated Accuracy: 0.6999527777777778
Configure Fit
server round: 22
[2024-03-10 20:14:37,668][flwr][DEBUG] - fit_round 22: strategy sampled 15 clients (out of 50)
[2024-03-10 20:17:47,448][flwr][DEBUG] - fit_round 22 received 15 results and 0 failures
individual accuracies [0.2711, 0.2835, 0.3434, 0.2818, 0.2663, 0.305, 0.2856, 0.3478, 0.3392, 0.2847, 0.2543, 0.3147, 0.2603]
malicious is ['2', '2', '0', '2', '2', '0', '2', '0', '0', '2', '2', '0', '2']
Number of Evil Clients: 2
Number of Preset Malicious Clients is 8
Number of Preset Benign Clients is 5
Average poisoning accuracy: 0.9423499999999999
accuracies is [(0.3413, -1), (0.2818, 0)]
accuracies is [(0.3413, -1), (0.2818, 0)]
Not the same
Accuracy diff not within 0.05
benign class is -1
malicious class is 0
record is 1
Final Clustering acc is 0.9230769230769231
9 added to evil list
benign record is ['11', '10', '22', '27', '4', '9', '8', '7', '12', '23', '26', '21', '2', '1', '19', '38', '20', '25', '18', '15']
key neurons are {}
Target label is 9
length of good results is 4 and length of bad results is 9
acc_diff is 0
Other cases
Evaluate
Global Poisoning Accuracy: 0.5746
[2024-03-10 20:18:32,693][flwr][INFO] - fit progress: (22, 176.31260228157043, {'accuracy': 0.3676}, 6307.065626599011)
Configure Evaluate
[2024-03-10 20:18:32,693][flwr][DEBUG] - evaluate_round 22: strategy sampled 50 clients (out of 50)
[2024-03-10 20:19:17,360][flwr][DEBUG] - evaluate_round 22 received 50 results and 0 failures
Aggregate evaluate
benign record is ['11', '10', '22', '27', '4', '9', '8', '7', '12', '23', '26', '21', '2', '1', '19', '38', '20', '25', '18', '15']
Federated Accuracy: 0.7919349397590361
Configure Fit
server round: 23
[2024-03-10 20:19:17,588][flwr][DEBUG] - fit_round 23: strategy sampled 15 clients (out of 50)
[2024-03-10 20:22:52,519][flwr][DEBUG] - fit_round 23 received 15 results and 0 failures
individual accuracies [0.363, 0.2677, 0.3398, 0.3488, 0.3792, 0.2814, 0.3486, 0.3597, 0.3272, 0.3469]
malicious is ['0', '2', '0', '0', '0', '2', '0', '0', '0', '0']
Number of Evil Clients: 5
Number of Preset Malicious Clients is 2
Number of Preset Benign Clients is 8
Average poisoning accuracy: 0.9471857142857143
accuracies is [(0.3487, -1), (0.34335, 0)]
accuracies is [(0.3487, -1), (0.34335, 0)]
Not the same
benign class is -1
malicious class is 0
record is 0
Final Clustering acc is 0.4
benign record is ['11', '10', '22', '27', '4', '9', '8', '7', '12', '23', '26', '21', '2', '1', '19', '38', '20', '25', '18', '15']
key neurons are {}
Target label is 1
length of good results is 2 and length of bad results is 8
acc_diff is 0
Other cases
Evaluate
Global Poisoning Accuracy: 0.2351
[2024-03-10 20:23:27,409][flwr][INFO] - fit progress: (23, 189.00387954711914, {'accuracy': 0.3588}, 6601.781667707022)
Configure Evaluate
[2024-03-10 20:23:27,409][flwr][DEBUG] - evaluate_round 23: strategy sampled 50 clients (out of 50)
[2024-03-10 20:24:10,359][flwr][DEBUG] - evaluate_round 23 received 50 results and 0 failures
Aggregate evaluate
benign record is ['11', '10', '22', '27', '4', '9', '8', '7', '12', '23', '26', '21', '2', '1', '19', '38', '20', '25', '18', '15']
Federated Accuracy: 0.7334602409638553
Configure Fit
server round: 24
[2024-03-10 20:24:10,463][flwr][DEBUG] - fit_round 24: strategy sampled 15 clients (out of 50)
[2024-03-10 20:27:22,488][flwr][DEBUG] - fit_round 24 received 15 results and 0 failures
individual accuracies [0.3635, 0.3535, 0.3501, 0.3385, 0.3504, 0.3453, 0.3527, 0.3675, 0.3203]
malicious is ['0', '0', '0', '0', '0', '0', '0', '0', '0']
Number of Evil Clients: 6
Number of Preset Malicious Clients is 0
Number of Preset Benign Clients is 9
Average poisoning accuracy: 0.93145
accuracies is [(0.3504, 0)]
accuracies is [(0.3504, 0)]
Only one type of cluster
benign class is 0
malicious class is 10
record is 0
Final Clustering acc is 1.0
benign record is ['11', '10', '22', '27', '4', '9', '8', '7', '12', '23', '26', '21', '2', '1', '19', '38', '20', '25', '18', '15']
key neurons are {}
Target label is 9
length of good results is 9 and length of bad results is 0
acc_diff is 0
Other cases
Evaluate
Global Poisoning Accuracy: 0.4727
[2024-03-10 20:27:53,051][flwr][INFO] - fit progress: (24, 175.8996982574463, {'accuracy': 0.3889}, 6867.424360149074)
Configure Evaluate
[2024-03-10 20:27:53,052][flwr][DEBUG] - evaluate_round 24: strategy sampled 50 clients (out of 50)
[2024-03-10 20:28:36,787][flwr][DEBUG] - evaluate_round 24 received 50 results and 0 failures
Aggregate evaluate
benign record is ['11', '10', '22', '27', '4', '9', '8', '7', '12', '23', '26', '21', '2', '1', '19', '38', '20', '25', '18', '15']
Federated Accuracy: 0.8108012048192771
Configure Fit
server round: 25
[2024-03-10 20:28:37,000][flwr][DEBUG] - fit_round 25: strategy sampled 15 clients (out of 50)
[2024-03-10 20:32:29,190][flwr][DEBUG] - fit_round 25 received 15 results and 0 failures
individual accuracies [0.2639, 0.3834, 0.2923, 0.3634, 0.3585, 0.3593, 0.3437, 0.3727, 0.3628, 0.3265, 0.3405]
malicious is ['2', '0', '2', '0', '0', '0', '0', '0', '0', '0', '0']
Number of Evil Clients: 4
Number of Preset Malicious Clients is 2
Number of Preset Benign Clients is 9
Average poisoning accuracy: 0.8386166666666667
accuracies is [(0.3585, 0)]
accuracies is [(0.3585, 0)]
Only one type of cluster
benign class is 0
malicious class is 10
record is 0
Final Clustering acc is 0.8181818181818182
benign record is ['11', '10', '22', '27', '4', '9', '8', '7', '12', '23', '26', '21', '2', '1', '19', '38', '20', '25', '18', '15']
key neurons are {}
Target label is 9
length of good results is 11 and length of bad results is 0
acc_diff is 0
Other cases
Evaluate
Global Poisoning Accuracy: 0.5871
[2024-03-10 20:33:04,081][flwr][INFO] - fit progress: (25, 176.90737640857697, {'accuracy': 0.3825}, 7178.454136985005)
Configure Evaluate
[2024-03-10 20:33:04,082][flwr][DEBUG] - evaluate_round 25: strategy sampled 50 clients (out of 50)
[2024-03-10 20:33:47,537][flwr][DEBUG] - evaluate_round 25 received 50 results and 0 failures
Aggregate evaluate
benign record is ['11', '10', '22', '27', '4', '9', '8', '7', '12', '23', '26', '21', '2', '1', '19', '38', '20', '25', '18', '15']
Federated Accuracy: 0.8244975903614457
Configure Fit
server round: 26
[2024-03-10 20:33:47,668][flwr][DEBUG] - fit_round 26: strategy sampled 15 clients (out of 50)
[2024-03-10 20:37:10,583][flwr][DEBUG] - fit_round 26 received 15 results and 0 failures
individual accuracies [0.3508, 0.2942, 0.3591, 0.2694, 0.3626, 0.3569, 0.3604, 0.3359]
malicious is ['0', '2', '0', '2', '0', '0', '0', '0']
Number of Evil Clients: 7
Number of Preset Malicious Clients is 2
Number of Preset Benign Clients is 6
Average poisoning accuracy: 0.8813111111111112
accuracies is [(0.2694, -1), (0.3569, 0)]
accuracies is [(0.2694, -1), (0.3569, 0)]
Not the same
Accuracy diff not within 0.05
benign class is 0
malicious class is -1
record is 1
Final Clustering acc is 0.875
1 added to evil list
benign record is ['11', '10', '22', '27', '4', '9', '8', '7', '12', '23', '26', '21', '2', '1', '19', '38', '14', '6', '31', '20', '25', '24', '18', '15']
key neurons are {}
Target label is 9
length of good results is 7 and length of bad results is 1
acc_diff is 0
Other cases
Evaluate
Global Poisoning Accuracy: 0.6557
[2024-03-10 20:37:45,923][flwr][INFO] - fit progress: (26, 187.71693789958954, {'accuracy': 0.3727}, 7460.296384172048)
Configure Evaluate
[2024-03-10 20:37:45,924][flwr][DEBUG] - evaluate_round 26: strategy sampled 50 clients (out of 50)
[2024-03-10 20:38:29,044][flwr][DEBUG] - evaluate_round 26 received 50 results and 0 failures
Aggregate evaluate
benign record is ['11', '10', '22', '27', '4', '9', '8', '7', '12', '23', '26', '21', '2', '1', '19', '38', '14', '6', '31', '20', '25', '24', '18', '15']
Federated Accuracy: 0.820410891089109
Configure Fit
server round: 27
[2024-03-10 20:38:29,174][flwr][DEBUG] - fit_round 27: strategy sampled 15 clients (out of 50)
[2024-03-10 20:41:27,810][flwr][DEBUG] - fit_round 27 received 15 results and 0 failures
individual accuracies [0.3491, 0.3701, 0.3043, 0.3602, 0.3559, 0.3539, 0.3578, 0.3553, 0.3673, 0.3574]
malicious is ['0', '0', '2', '0', '0', '0', '0', '0', '0', '0']
Number of Evil Clients: 5
Number of Preset Malicious Clients is 1
Number of Preset Benign Clients is 9
Average poisoning accuracy: 0.9318166666666667
accuracies is [(0.3553, -1), (0.3574, 0)]
accuracies is [(0.3553, -1), (0.3574, 0)]
Not the same
benign class is 0
malicious class is -1
record is 0
Final Clustering acc is 0.8
benign record is ['11', '10', '22', '27', '4', '9', '8', '7', '12', '23', '26', '21', '2', '1', '19', '38', '14', '6', '31', '20', '25', '24', '18', '15']
key neurons are {}
Target label is 9
length of good results is 9 and length of bad results is 1
acc_diff is 0
Other cases
Evaluate
Global Poisoning Accuracy: 0.6911
[2024-03-10 20:42:01,365][flwr][INFO] - fit progress: (27, 192.7937170267105, {'accuracy': 0.3687}, 7715.737619046005)
Configure Evaluate
[2024-03-10 20:42:01,365][flwr][DEBUG] - evaluate_round 27: strategy sampled 50 clients (out of 50)
[2024-03-10 20:42:44,396][flwr][DEBUG] - evaluate_round 27 received 50 results and 0 failures
Aggregate evaluate
benign record is ['11', '10', '22', '27', '4', '9', '8', '7', '12', '23', '26', '21', '2', '1', '19', '38', '14', '6', '31', '20', '25', '24', '18', '15']
Federated Accuracy: 0.8277792079207921
Configure Fit
server round: 28
[2024-03-10 20:42:44,658][flwr][DEBUG] - fit_round 28: strategy sampled 15 clients (out of 50)
[2024-03-10 20:45:50,883][flwr][DEBUG] - fit_round 28 received 15 results and 0 failures
individual accuracies [0.3669, 0.3617, 0.3294, 0.3442, 0.3698, 0.3647, 0.3723, 0.2773, 0.367, 0.3508, 0.3537]
malicious is ['0', '0', '0', '0', '0', '0', '0', '2', '0', '0', '0']
Number of Evil Clients: 4
Number of Preset Malicious Clients is 1
Number of Preset Benign Clients is 10
Average poisoning accuracy: 0.9227000000000001
accuracies is [(0.3442, -1), (0.3632, 0)]
accuracies is [(0.3442, -1), (0.3632, 0)]
Not the same
benign class is 0
malicious class is -1
record is 0
Final Clustering acc is 0.8181818181818182
benign record is ['11', '10', '22', '27', '4', '9', '8', '7', '12', '23', '26', '21', '2', '1', '19', '38', '14', '6', '31', '20', '25', '24', '18', '15']
key neurons are {}
Target label is 9
length of good results is 10 and length of bad results is 1
acc_diff is 0
Other cases
Evaluate
Global Poisoning Accuracy: 0.7198
[2024-03-10 20:46:23,387][flwr][INFO] - fit progress: (28, 199.19203162193298, {'accuracy': 0.3672}, 7977.759661311051)
Configure Evaluate
[2024-03-10 20:46:23,387][flwr][DEBUG] - evaluate_round 28: strategy sampled 50 clients (out of 50)
[2024-03-10 20:47:07,245][flwr][DEBUG] - evaluate_round 28 received 50 results and 0 failures
Aggregate evaluate
benign record is ['11', '10', '22', '27', '4', '9', '8', '7', '12', '23', '26', '21', '2', '1', '19', '38', '14', '6', '31', '20', '25', '24', '18', '15']
Federated Accuracy: 0.8313495049504952
Configure Fit
server round: 29
[2024-03-10 20:47:07,379][flwr][DEBUG] - fit_round 29: strategy sampled 15 clients (out of 50)
[2024-03-10 20:50:43,078][flwr][DEBUG] - fit_round 29 received 15 results and 0 failures
individual accuracies [0.3506, 0.3634, 0.3369, 0.3602, 0.3617, 0.3538, 0.3419, 0.3595, 0.287, 0.3651]
malicious is ['0', '0', '0', '0', '0', '0', '0', '0', '2', '0']
Number of Evil Clients: 5
Number of Preset Malicious Clients is 1
Number of Preset Benign Clients is 9
Average poisoning accuracy: 0.9375
accuracies is [(0.34855, -1), (0.35665, 0)]
accuracies is [(0.34855, -1), (0.35665, 0)]
Not the same
benign class is 0
malicious class is -1
record is 0
Final Clustering acc is 0.7
benign record is ['11', '10', '22', '27', '4', '9', '8', '7', '12', '23', '26', '21', '2', '1', '19', '38', '14', '6', '31', '20', '25', '24', '18', '15']
key neurons are {}
Target label is 9
length of good results is 8 and length of bad results is 2
acc_diff is 0
Other cases
Evaluate
Global Poisoning Accuracy: 0.7431
[2024-03-10 20:51:16,235][flwr][INFO] - fit progress: (29, 203.3512660264969, {'accuracy': 0.3608}, 8270.607747651986)
Configure Evaluate
[2024-03-10 20:51:16,235][flwr][DEBUG] - evaluate_round 29: strategy sampled 50 clients (out of 50)
[2024-03-10 20:52:00,439][flwr][DEBUG] - evaluate_round 29 received 50 results and 0 failures
Aggregate evaluate
benign record is ['11', '10', '22', '27', '4', '9', '8', '7', '12', '23', '26', '21', '2', '1', '19', '38', '14', '6', '31', '20', '25', '24', '18', '15']
Federated Accuracy: 0.8318485148514851
Configure Fit
server round: 30
[2024-03-10 20:52:00,670][flwr][DEBUG] - fit_round 30: strategy sampled 15 clients (out of 50)
[2024-03-10 20:55:17,697][flwr][DEBUG] - fit_round 30 received 15 results and 0 failures
individual accuracies [0.2997, 0.3605, 0.3649, 0.3581, 0.3534, 0.3377, 0.36, 0.3635, 0.3425, 0.3548, 0.3529]
malicious is ['2', '0', '0', '0', '0', '0', '0', '0', '0', '0', '0']
Number of Evil Clients: 4
Number of Preset Malicious Clients is 1
Number of Preset Benign Clients is 10
Average poisoning accuracy: 0.92286
accuracies is [(0.3548, 0)]
accuracies is [(0.3548, 0)]
Only one type of cluster
benign class is 0
malicious class is 10
record is 0
Final Clustering acc is 0.9090909090909091
benign record is ['11', '10', '22', '27', '4', '9', '8', '7', '12', '23', '26', '21', '2', '1', '19', '38', '14', '6', '31', '20', '25', '24', '18', '15']
key neurons are {}
Target label is 9
length of good results is 11 and length of bad results is 0
acc_diff is 0
Other cases
Evaluate
Global Poisoning Accuracy: 0.7573
[2024-03-10 20:55:50,617][flwr][INFO] - fit progress: (30, 207.99958205223083, {'accuracy': 0.3567}, 8544.990319869015)
Configure Evaluate
[2024-03-10 20:55:50,618][flwr][DEBUG] - evaluate_round 30: strategy sampled 50 clients (out of 50)
[2024-03-10 20:56:34,965][flwr][DEBUG] - evaluate_round 30 received 50 results and 0 failures
Aggregate evaluate
benign record is ['11', '10', '22', '27', '4', '9', '8', '7', '12', '23', '26', '21', '2', '1', '19', '38', '14', '6', '31', '20', '25', '24', '18', '15']
Federated Accuracy: 0.8316237623762376
Configure Fit
server round: 31
[2024-03-10 20:56:35,076][flwr][DEBUG] - fit_round 31: strategy sampled 15 clients (out of 50)
[2024-03-10 21:00:12,790][flwr][DEBUG] - fit_round 31 received 15 results and 0 failures
individual accuracies [0.3503, 0.3493, 0.3609, 0.3312, 0.3601, 0.3242, 0.3493, 0.327, 0.2799, 0.3627, 0.3651, 0.3591]
malicious is ['0', '0', '0', '0', '0', '0', '0', '0', '2', '0', '0', '0']
Number of Evil Clients: 3
Number of Preset Malicious Clients is 1
Number of Preset Benign Clients is 11
Average poisoning accuracy: 0.916075
accuracies is [(0.3498, 0)]
accuracies is [(0.3498, 0)]
Only one type of cluster
benign class is 0
malicious class is 10
record is 0
Final Clustering acc is 0.9166666666666666
benign record is ['11', '10', '22', '27', '4', '9', '8', '7', '12', '23', '26', '21', '2', '1', '19', '38', '14', '6', '31', '20', '25', '24', '18', '15']
key neurons are {}
Target label is 9
length of good results is 12 and length of bad results is 0
acc_diff is 0
Other cases
Evaluate
Global Poisoning Accuracy: 0.7464
[2024-03-10 21:00:45,707][flwr][INFO] - fit progress: (31, 204.01113784313202, {'accuracy': 0.36}, 8840.079715608037)
Configure Evaluate
[2024-03-10 21:00:45,707][flwr][DEBUG] - evaluate_round 31: strategy sampled 50 clients (out of 50)
[2024-03-10 21:01:28,188][flwr][DEBUG] - evaluate_round 31 received 50 results and 0 failures
Aggregate evaluate
benign record is ['11', '10', '22', '27', '4', '9', '8', '7', '12', '23', '26', '21', '2', '1', '19', '38', '14', '6', '31', '20', '25', '24', '18', '15']
Federated Accuracy: 0.8332514851485149
Configure Fit
server round: 32
[2024-03-10 21:01:28,301][flwr][DEBUG] - fit_round 32: strategy sampled 15 clients (out of 50)
[2024-03-10 21:05:14,724][flwr][DEBUG] - fit_round 32 received 15 results and 0 failures
individual accuracies [0.3606, 0.3557, 0.3446, 0.3153, 0.3436, 0.3546, 0.3421, 0.3558, 0.3417, 0.3645]
malicious is ['0', '0', '0', '0', '0', '0', '0', '0', '0', '0']
Number of Evil Clients: 5
Number of Preset Malicious Clients is 0
Number of Preset Benign Clients is 10
Average poisoning accuracy: 0.85334
accuracies is [(0.3496, 0)]
accuracies is [(0.3496, 0)]
Only one type of cluster
benign class is 0
malicious class is 10
record is 0
Final Clustering acc is 1.0
benign record is ['11', '10', '22', '27', '4', '9', '8', '7', '12', '23', '26', '21', '2', '1', '19', '38', '14', '6', '31', '20', '25', '24', '18', '15']
key neurons are {}
Target label is 9
length of good results is 10 and length of bad results is 0
acc_diff is 0
Other cases
Evaluate
Global Poisoning Accuracy: 0.7293
[2024-03-10 21:05:45,816][flwr][INFO] - fit progress: (32, 205.03151738643646, {'accuracy': 0.3651}, 9140.189433680032)
Configure Evaluate
[2024-03-10 21:05:45,817][flwr][DEBUG] - evaluate_round 32: strategy sampled 50 clients (out of 50)
[2024-03-10 21:06:29,677][flwr][DEBUG] - evaluate_round 32 received 50 results and 0 failures
Aggregate evaluate
benign record is ['11', '10', '22', '27', '4', '9', '8', '7', '12', '23', '26', '21', '2', '1', '19', '38', '14', '6', '31', '20', '25', '24', '18', '15']
Federated Accuracy: 0.8387316831683169
Configure Fit
server round: 33
[2024-03-10 21:06:29,787][flwr][DEBUG] - fit_round 33: strategy sampled 15 clients (out of 50)
[2024-03-10 21:09:54,054][flwr][DEBUG] - fit_round 33 received 15 results and 0 failures
individual accuracies [0.3518, 0.3624, 0.3131, 0.3501, 0.358, 0.3649, 0.3668, 0.3578]
malicious is ['0', '0', '2', '0', '0', '0', '0', '0']
Number of Evil Clients: 7
Number of Preset Malicious Clients is 1
Number of Preset Benign Clients is 7
Average poisoning accuracy: 0.92385
accuracies is [(0.3518, -1), (0.358, 0)]
accuracies is [(0.3518, -1), (0.358, 0)]
Not the same
benign class is 0
malicious class is -1
record is 0
Final Clustering acc is 0.75
benign record is ['11', '10', '22', '27', '4', '9', '8', '7', '12', '23', '26', '21', '2', '1', '19', '38', '14', '6', '31', '20', '25', '24', '18', '15']
key neurons are {}
Target label is 9
length of good results is 7 and length of bad results is 1
acc_diff is 0
Other cases
Evaluate
Global Poisoning Accuracy: 0.7313
[2024-03-10 21:10:27,637][flwr][INFO] - fit progress: (33, 204.03261423110962, {'accuracy': 0.3639}, 9422.010473465081)
Configure Evaluate
[2024-03-10 21:10:27,638][flwr][DEBUG] - evaluate_round 33: strategy sampled 50 clients (out of 50)
[2024-03-10 21:11:11,497][flwr][DEBUG] - evaluate_round 33 received 50 results and 0 failures
Aggregate evaluate
benign record is ['11', '10', '22', '27', '4', '9', '8', '7', '12', '23', '26', '21', '2', '1', '19', '38', '14', '6', '31', '20', '25', '24', '18', '15']
Federated Accuracy: 0.8406821782178218
Configure Fit
server round: 34
[2024-03-10 21:11:11,599][flwr][DEBUG] - fit_round 34: strategy sampled 15 clients (out of 50)
[2024-03-10 21:15:09,143][flwr][DEBUG] - fit_round 34 received 15 results and 0 failures
individual accuracies [0.3623, 0.3607, 0.3666, 0.3543, 0.357, 0.3171, 0.3585, 0.3632, 0.3543, 0.3455]
malicious is ['0', '0', '0', '0', '0', '0', '0', '0', '0', '0']
Number of Evil Clients: 5
Number of Preset Malicious Clients is 0
Number of Preset Benign Clients is 10
Average poisoning accuracy: 0.9060400000000002
accuracies is [(0.35775, 0)]
accuracies is [(0.35775, 0)]
Only one type of cluster
benign class is 0
malicious class is 10
record is 0
Final Clustering acc is 1.0
benign record is ['11', '10', '22', '27', '4', '9', '8', '7', '12', '23', '26', '21', '2', '1', '19', '38', '14', '6', '31', '20', '25', '24', '18', '15']
key neurons are {}
Target label is 9
length of good results is 10 and length of bad results is 0
acc_diff is 0
Other cases
Evaluate
Global Poisoning Accuracy: 0.7283
[2024-03-10 21:15:40,515][flwr][INFO] - fit progress: (34, 206.35481095314026, {'accuracy': 0.3658}, 9734.88757631299)
Configure Evaluate
[2024-03-10 21:15:40,515][flwr][DEBUG] - evaluate_round 34: strategy sampled 50 clients (out of 50)
[2024-03-10 21:16:23,276][flwr][DEBUG] - evaluate_round 34 received 50 results and 0 failures
Aggregate evaluate
benign record is ['11', '10', '22', '27', '4', '9', '8', '7', '12', '23', '26', '21', '2', '1', '19', '38', '14', '6', '31', '20', '25', '24', '18', '15']
Federated Accuracy: 0.8404247524752473
Configure Fit
server round: 35
[2024-03-10 21:16:23,391][flwr][DEBUG] - fit_round 35: strategy sampled 15 clients (out of 50)
[2024-03-10 21:19:48,391][flwr][DEBUG] - fit_round 35 received 15 results and 0 failures
individual accuracies [0.3514, 0.3609, 0.3769, 0.3615, 0.3446, 0.3502, 0.3583, 0.3617, 0.3698, 0.2873, 0.2967, 0.3505]
malicious is ['0', '0', '0', '0', '0', '0', '0', '0', '0', '2', '2', '0']
Number of Evil Clients: 3
Number of Preset Malicious Clients is 2
Number of Preset Benign Clients is 10
Average poisoning accuracy: 0.9267
accuracies is [(0.3615, -1), (0.3514, 0)]
accuracies is [(0.3615, -1), (0.3514, 0)]
Not the same
benign class is -1
malicious class is 0
record is 0
Final Clustering acc is 0.25
benign record is ['11', '10', '22', '27', '4', '9', '8', '7', '12', '23', '26', '21', '2', '1', '19', '38', '14', '6', '31', '20', '25', '24', '18', '15']
key neurons are {}
Target label is 1
length of good results is 1 and length of bad results is 11
acc_diff is 0
Other cases
Evaluate
Global Poisoning Accuracy: 0.472
[2024-03-10 21:20:23,185][flwr][INFO] - fit progress: (35, 202.0267037153244, {'accuracy': 0.3617}, 10017.55766051705)
Configure Evaluate
[2024-03-10 21:20:23,185][flwr][DEBUG] - evaluate_round 35: strategy sampled 50 clients (out of 50)
[2024-03-10 21:21:07,496][flwr][DEBUG] - evaluate_round 35 received 50 results and 0 failures
Aggregate evaluate
benign record is ['11', '10', '22', '27', '4', '9', '8', '7', '12', '23', '26', '21', '2', '1', '19', '38', '14', '6', '31', '20', '25', '24', '18', '15']
Federated Accuracy: 0.815509900990099
Configure Fit
server round: 36
[2024-03-10 21:21:07,739][flwr][DEBUG] - fit_round 36: strategy sampled 15 clients (out of 50)
[2024-03-10 21:24:24,864][flwr][DEBUG] - fit_round 36 received 15 results and 0 failures
individual accuracies [0.3542, 0.3447, 0.3036, 0.356, 0.3482, 0.3578, 0.3721, 0.3294, 0.3418, 0.3546, 0.3552, 0.3531]
malicious is ['0', '0', '2', '0', '0', '0', '0', '0', '0', '0', '0', '0']
Number of Evil Clients: 3
Number of Preset Malicious Clients is 1
Number of Preset Benign Clients is 11
Average poisoning accuracy: 0.922175
accuracies is [(0.3578, -1), (0.3531, 0)]
accuracies is [(0.3578, -1), (0.3531, 0)]
Not the same
benign class is -1
malicious class is 0
record is 0
Final Clustering acc is 0.16666666666666666
benign record is ['11', '10', '22', '27', '4', '9', '8', '7', '12', '23', '26', '21', '2', '1', '19', '38', '14', '6', '31', '20', '25', '24', '18', '15']
key neurons are {}
Target label is 5
length of good results is 1 and length of bad results is 11
acc_diff is 0
Other cases
Evaluate
Global Poisoning Accuracy: 0.5149
[2024-03-10 21:24:57,582][flwr][INFO] - fit progress: (36, 215.7873342037201, {'accuracy': 0.3615}, 10291.955221338081)
Configure Evaluate
[2024-03-10 21:24:57,582][flwr][DEBUG] - evaluate_round 36: strategy sampled 50 clients (out of 50)
[2024-03-10 21:25:40,760][flwr][DEBUG] - evaluate_round 36 received 50 results and 0 failures
Aggregate evaluate
benign record is ['11', '10', '22', '27', '4', '9', '8', '7', '12', '23', '26', '21', '2', '1', '19', '38', '14', '6', '31', '20', '25', '24', '18', '15']
Federated Accuracy: 0.759640594059406
Configure Fit
server round: 37
[2024-03-10 21:25:40,865][flwr][DEBUG] - fit_round 37: strategy sampled 15 clients (out of 50)
[2024-03-10 21:28:47,230][flwr][DEBUG] - fit_round 37 received 15 results and 0 failures
individual accuracies [0.3715, 0.3395, 0.334, 0.3698, 0.3327, 0.3528, 0.3749, 0.3285]
malicious is ['0', '0', '0', '0', '0', '0', '0', '0']
Number of Evil Clients: 7
Number of Preset Malicious Clients is 0
Number of Preset Benign Clients is 8
Average poisoning accuracy: 0.8397857142857142
accuracies is [(0.3285, -1), (0.3528, 0)]
accuracies is [(0.3285, -1), (0.3528, 0)]
Not the same
benign class is 0
malicious class is -1
record is 0
Final Clustering acc is 0.875
benign record is ['11', '10', '22', '27', '4', '9', '8', '7', '12', '23', '26', '21', '2', '1', '19', '38', '14', '6', '31', '20', '25', '24', '18', '15']
key neurons are {}
Target label is 9
length of good results is 7 and length of bad results is 1
acc_diff is 0
Other cases
Evaluate
Global Poisoning Accuracy: 0.5433
[2024-03-10 21:29:19,064][flwr][INFO] - fit progress: (37, 194.57273137569427, {'accuracy': 0.3733}, 10553.43680491799)
Configure Evaluate
[2024-03-10 21:29:19,064][flwr][DEBUG] - evaluate_round 37: strategy sampled 50 clients (out of 50)
[2024-03-10 21:30:03,061][flwr][DEBUG] - evaluate_round 37 received 50 results and 0 failures
Aggregate evaluate
benign record is ['11', '10', '22', '27', '4', '9', '8', '7', '12', '23', '26', '21', '2', '1', '19', '38', '14', '6', '31', '20', '25', '24', '18', '15']
Federated Accuracy: 0.8379663366336634
Configure Fit
server round: 38
[2024-03-10 21:30:03,167][flwr][DEBUG] - fit_round 38: strategy sampled 15 clients (out of 50)
[2024-03-10 21:33:08,219][flwr][DEBUG] - fit_round 38 received 15 results and 0 failures
individual accuracies [0.359, 0.3791, 0.3749, 0.3446, 0.3646, 0.3629, 0.3828, 0.3775, 0.3175, 0.3628]
malicious is ['0', '0', '0', '0', '0', '0', '0', '0', '2', '0']
Number of Evil Clients: 5
Number of Preset Malicious Clients is 1
Number of Preset Benign Clients is 9
Average poisoning accuracy: 0.9059333333333334
accuracies is [(0.3175, -1), (0.3646, 0)]
accuracies is [(0.3175, -1), (0.3646, 0)]
Not the same
benign class is 0
malicious class is -1
record is 0
Final Clustering acc is 1.0
benign record is ['11', '10', '22', '27', '4', '9', '8', '7', '12', '23', '26', '21', '2', '1', '19', '38', '14', '6', '31', '20', '25', '24', '18', '15']
key neurons are {}
Target label is 9
length of good results is 9 and length of bad results is 1
acc_diff is 0
Other cases
Evaluate
Global Poisoning Accuracy: 0.5747
[2024-03-10 21:33:41,637][flwr][INFO] - fit progress: (38, 191.80912232398987, {'accuracy': 0.3804}, 10816.010415637982)
Configure Evaluate
[2024-03-10 21:33:41,638][flwr][DEBUG] - evaluate_round 38: strategy sampled 50 clients (out of 50)
[2024-03-10 21:34:25,289][flwr][DEBUG] - evaluate_round 38 received 50 results and 0 failures
Aggregate evaluate
benign record is ['11', '10', '22', '27', '4', '9', '8', '7', '12', '23', '26', '21', '2', '1', '19', '38', '14', '6', '31', '20', '25', '24', '18', '15']
Federated Accuracy: 0.8441514851485149
Configure Fit
server round: 39
[2024-03-10 21:34:25,395][flwr][DEBUG] - fit_round 39: strategy sampled 15 clients (out of 50)
[2024-03-10 21:38:00,605][flwr][DEBUG] - fit_round 39 received 15 results and 0 failures
individual accuracies [0.3661, 0.3484, 0.38, 0.3706, 0.3746, 0.3754, 0.3523, 0.371, 0.3821, 0.2814]
malicious is ['0', '0', '0', '0', '0', '0', '0', '0', '0', '2']
Number of Evil Clients: 5
Number of Preset Malicious Clients is 1
Number of Preset Benign Clients is 9
Average poisoning accuracy: 0.908
accuracies is [(0.3706, -1), (0.371, 0)]
accuracies is [(0.3706, -1), (0.371, 0)]
Not the same
benign class is 0
malicious class is -1
record is 0
Final Clustering acc is 0.8
benign record is ['11', '10', '22', '27', '4', '9', '8', '7', '12', '23', '26', '21', '2', '1', '19', '38', '14', '6', '31', '20', '25', '24', '18', '15']
key neurons are {}
Target label is 9
length of good results is 9 and length of bad results is 1
acc_diff is 0
Other cases
Evaluate
Global Poisoning Accuracy: 0.6355
[2024-03-10 21:38:33,872][flwr][INFO] - fit progress: (39, 200.16852688789368, {'accuracy': 0.37}, 11108.244582084008)
Configure Evaluate
[2024-03-10 21:38:33,872][flwr][DEBUG] - evaluate_round 39: strategy sampled 50 clients (out of 50)
[2024-03-10 21:39:16,762][flwr][DEBUG] - evaluate_round 39 received 50 results and 0 failures
Aggregate evaluate
benign record is ['11', '10', '22', '27', '4', '9', '8', '7', '12', '23', '26', '21', '2', '1', '19', '38', '14', '6', '31', '20', '25', '24', '18', '15']
Federated Accuracy: 0.8480742574257425
Configure Fit
server round: 40
[2024-03-10 21:39:16,871][flwr][DEBUG] - fit_round 40: strategy sampled 15 clients (out of 50)
[2024-03-10 21:42:17,996][flwr][DEBUG] - fit_round 40 received 15 results and 0 failures
individual accuracies [0.3615, 0.3649, 0.3643, 0.3645, 0.3535, 0.3503, 0.3476, 0.3519, 0.3553, 0.337]
malicious is ['0', '0', '0', '0', '0', '0', '0', '0', '0', '0']
Number of Evil Clients: 5
Number of Preset Malicious Clients is 0
Number of Preset Benign Clients is 10
Average poisoning accuracy: 0.9017
accuracies is [(0.3519, -1), (0.3553, 0)]
accuracies is [(0.3519, -1), (0.3553, 0)]
Not the same
benign class is 0
malicious class is -1
record is 0
Final Clustering acc is 0.9
benign record is ['11', '10', '22', '27', '4', '9', '8', '7', '12', '23', '26', '21', '2', '1', '19', '38', '14', '6', '31', '20', '25', '24', '18', '15']
key neurons are {}
Target label is 9
length of good results is 9 and length of bad results is 1
acc_diff is 0
Other cases
Evaluate
Global Poisoning Accuracy: 0.6669
[2024-03-10 21:42:49,678][flwr][INFO] - fit progress: (40, 203.42427027225494, {'accuracy': 0.3648}, 11364.051266977098)
Configure Evaluate
[2024-03-10 21:42:49,678][flwr][DEBUG] - evaluate_round 40: strategy sampled 50 clients (out of 50)
[2024-03-10 21:43:33,977][flwr][DEBUG] - evaluate_round 40 received 50 results and 0 failures
Aggregate evaluate
benign record is ['11', '10', '22', '27', '4', '9', '8', '7', '12', '23', '26', '21', '2', '1', '19', '38', '14', '6', '31', '20', '25', '24', '18', '15']
Federated Accuracy: 0.8473623762376237
Configure Fit
server round: 41
[2024-03-10 21:43:34,087][flwr][DEBUG] - fit_round 41: strategy sampled 15 clients (out of 50)
[2024-03-10 21:46:42,357][flwr][DEBUG] - fit_round 41 received 15 results and 0 failures
individual accuracies [0.3607, 0.3666, 0.3786, 0.3648, 0.381, 0.3523, 0.3674, 0.3703, 0.3617, 0.3632]
malicious is ['0', '0', '0', '0', '0', '0', '0', '0', '0', '0']
Number of Evil Clients: 5
Number of Preset Malicious Clients is 0
Number of Preset Benign Clients is 10
Average poisoning accuracy: 0.90358
accuracies is [(0.3632, -1), (0.3666, 0)]
accuracies is [(0.3632, -1), (0.3666, 0)]
Not the same
benign class is 0
malicious class is -1
record is 0
Final Clustering acc is 0.9
benign record is ['11', '10', '22', '27', '4', '9', '8', '7', '12', '23', '26', '21', '2', '1', '19', '38', '14', '6', '31', '20', '25', '24', '18', '15']
key neurons are {}
Target label is 9
length of good results is 9 and length of bad results is 1
acc_diff is 0
Other cases
Evaluate
Global Poisoning Accuracy: 0.5778
[2024-03-10 21:47:13,180][flwr][INFO] - fit progress: (41, 194.44573152065277, {'accuracy': 0.38}, 11627.552547564032)
Configure Evaluate
[2024-03-10 21:47:13,180][flwr][DEBUG] - evaluate_round 41: strategy sampled 50 clients (out of 50)
[2024-03-10 21:47:56,732][flwr][DEBUG] - evaluate_round 41 received 50 results and 0 failures
Aggregate evaluate
benign record is ['11', '10', '22', '27', '4', '9', '8', '7', '12', '23', '26', '21', '2', '1', '19', '38', '14', '6', '31', '20', '25', '24', '18', '15']
Federated Accuracy: 0.8486405940594061
Configure Fit
server round: 42
[2024-03-10 21:47:56,849][flwr][DEBUG] - fit_round 42: strategy sampled 15 clients (out of 50)
[2024-03-10 21:51:35,367][flwr][DEBUG] - fit_round 42 received 15 results and 0 failures
individual accuracies [0.3695, 0.3691, 0.3523, 0.354, 0.3679, 0.3768, 0.3538, 0.3658]
malicious is ['0', '0', '0', '0', '0', '0', '0', '0']
Number of Evil Clients: 7
Number of Preset Malicious Clients is 0
Number of Preset Benign Clients is 8
Average poisoning accuracy: 0.9084142857142857
accuracies is [(0.354, -1), (0.3679, 0)]
accuracies is [(0.354, -1), (0.3679, 0)]
Not the same
benign class is 0
malicious class is -1
record is 0
Final Clustering acc is 0.875
benign record is ['11', '10', '22', '27', '4', '9', '8', '7', '12', '23', '26', '21', '2', '1', '19', '38', '14', '6', '31', '20', '25', '24', '18', '15']
key neurons are {}
Target label is 9
length of good results is 7 and length of bad results is 1
acc_diff is 0
Other cases
Evaluate
Global Poisoning Accuracy: 0.624
[2024-03-10 21:52:06,958][flwr][INFO] - fit progress: (42, 200.04279172420502, {'accuracy': 0.3784}, 11921.331364754005)
Configure Evaluate
[2024-03-10 21:52:06,959][flwr][DEBUG] - evaluate_round 42: strategy sampled 50 clients (out of 50)
[2024-03-10 21:52:50,629][flwr][DEBUG] - evaluate_round 42 received 50 results and 0 failures
Aggregate evaluate
benign record is ['11', '10', '22', '27', '4', '9', '8', '7', '12', '23', '26', '21', '2', '1', '19', '38', '14', '6', '31', '20', '25', '24', '18', '15']
Federated Accuracy: 0.8488920792079209
Configure Fit
server round: 43
[2024-03-10 21:52:50,750][flwr][DEBUG] - fit_round 43: strategy sampled 15 clients (out of 50)
[2024-03-10 21:56:03,829][flwr][DEBUG] - fit_round 43 received 15 results and 0 failures
individual accuracies [0.3796, 0.3802, 0.381, 0.3669, 0.3573, 0.371, 0.3594, 0.3598, 0.3472, 0.3713, 0.3672, 0.3827]
malicious is ['0', '0', '0', '0', '0', '0', '0', '0', '0', '0', '0', '0']
Number of Evil Clients: 3
Number of Preset Malicious Clients is 0
Number of Preset Benign Clients is 12
Average poisoning accuracy: 0.9245000000000001
accuracies is [(0.3691, 0)]
accuracies is [(0.3691, 0)]
Only one type of cluster
benign class is 0
malicious class is 10
record is 0
Final Clustering acc is 1.0
benign record is ['11', '10', '22', '27', '4', '9', '8', '7', '12', '23', '26', '21', '2', '1', '19', '38', '14', '6', '31', '20', '25', '24', '18', '15']
key neurons are {}
Target label is 9
length of good results is 12 and length of bad results is 0
acc_diff is 0
Other cases
Evaluate
Global Poisoning Accuracy: 0.599
[2024-03-10 21:56:33,770][flwr][INFO] - fit progress: (43, 199.62855279445648, {'accuracy': 0.376}, 12188.142685502069)
Configure Evaluate
[2024-03-10 21:56:33,770][flwr][DEBUG] - evaluate_round 43: strategy sampled 50 clients (out of 50)
[2024-03-10 21:57:15,734][flwr][DEBUG] - evaluate_round 43 received 50 results and 0 failures
Aggregate evaluate
benign record is ['11', '10', '22', '27', '4', '9', '8', '7', '12', '23', '26', '21', '2', '1', '19', '38', '14', '6', '31', '20', '25', '24', '18', '15']
Federated Accuracy: 0.8508752475247526
Configure Fit
server round: 44
[2024-03-10 21:57:15,827][flwr][DEBUG] - fit_round 44: strategy sampled 15 clients (out of 50)
[2024-03-10 22:00:25,640][flwr][DEBUG] - fit_round 44 received 15 results and 0 failures
individual accuracies [0.3236, 0.3565, 0.3599, 0.3359, 0.37, 0.3573, 0.3066, 0.3674, 0.3782]
malicious is ['0', '0', '0', '0', '0', '0', '2', '0', '0']
Number of Evil Clients: 6
Number of Preset Malicious Clients is 1
Number of Preset Benign Clients is 8
Average poisoning accuracy: 0.9242
accuracies is [(0.3573, -1), (0.35819999999999996, 0)]
accuracies is [(0.3573, -1), (0.35819999999999996, 0)]
Not the same
benign class is 0
malicious class is -1
record is 0
Final Clustering acc is 0.7777777777777778
benign record is ['11', '10', '22', '27', '4', '9', '8', '7', '12', '23', '26', '21', '2', '1', '19', '38', '14', '6', '31', '20', '25', '24', '18', '15']
key neurons are {}
Target label is 9
length of good results is 8 and length of bad results is 1
acc_diff is 0
Other cases
Evaluate
Global Poisoning Accuracy: 0.6332
[2024-03-10 22:00:58,682][flwr][INFO] - fit progress: (44, 206.12435674667358, {'accuracy': 0.371}, 12453.055038767052)
Configure Evaluate
[2024-03-10 22:00:58,682][flwr][DEBUG] - evaluate_round 44: strategy sampled 50 clients (out of 50)
[2024-03-10 22:01:40,875][flwr][DEBUG] - evaluate_round 44 received 50 results and 0 failures
Aggregate evaluate
benign record is ['11', '10', '22', '27', '4', '9', '8', '7', '12', '23', '26', '21', '2', '1', '19', '38', '14', '6', '31', '20', '25', '24', '18', '15']
Federated Accuracy: 0.8473059405940595
Configure Fit
server round: 45
[2024-03-10 22:01:40,986][flwr][DEBUG] - fit_round 45: strategy sampled 15 clients (out of 50)
[2024-03-10 22:05:10,248][flwr][DEBUG] - fit_round 45 received 15 results and 0 failures
individual accuracies [0.3027, 0.3673, 0.2906, 0.3499, 0.3582, 0.3647, 0.3667, 0.3549, 0.341, 0.362]
malicious is ['2', '0', '2', '0', '0', '0', '0', '0', '0', '0']
Number of Evil Clients: 5
Number of Preset Malicious Clients is 2
Number of Preset Benign Clients is 8
Average poisoning accuracy: 0.934
accuracies is [(0.3499, -1), (0.3582, 0)]
accuracies is [(0.3499, -1), (0.3582, 0)]
Not the same
benign class is 0
malicious class is -1
record is 0
Final Clustering acc is 0.7
benign record is ['11', '10', '22', '27', '4', '9', '8', '7', '12', '23', '26', '21', '2', '1', '19', '38', '14', '6', '31', '20', '25', '24', '18', '15']
key neurons are {}
Target label is 9
length of good results is 9 and length of bad results is 1
acc_diff is 0
Other cases
Evaluate
Global Poisoning Accuracy: 0.7316
[2024-03-10 22:05:45,346][flwr][INFO] - fit progress: (45, 216.88943874835968, {'accuracy': 0.3603}, 12739.719287478016)
Configure Evaluate
[2024-03-10 22:05:45,347][flwr][DEBUG] - evaluate_round 45: strategy sampled 50 clients (out of 50)
[2024-03-10 22:06:29,206][flwr][DEBUG] - evaluate_round 45 received 50 results and 0 failures
Aggregate evaluate
benign record is ['11', '10', '22', '27', '4', '9', '8', '7', '12', '23', '26', '21', '2', '1', '19', '38', '14', '6', '31', '20', '25', '24', '18', '15']
Federated Accuracy: 0.8531970297029702
Configure Fit
server round: 46
[2024-03-10 22:06:29,622][flwr][DEBUG] - fit_round 46: strategy sampled 15 clients (out of 50)
[2024-03-10 22:10:19,654][flwr][DEBUG] - fit_round 46 received 15 results and 0 failures
individual accuracies [0.344, 0.3459, 0.3615, 0.3518, 0.359, 0.36, 0.355, 0.3582, 0.2657, 0.3516, 0.3647]
malicious is ['0', '0', '0', '0', '0', '0', '0', '0', '2', '0', '0']
Number of Evil Clients: 4
Number of Preset Malicious Clients is 1
Number of Preset Benign Clients is 10
Average poisoning accuracy: 0.93344
accuracies is [(0.344, -1), (0.35660000000000003, 0)]
accuracies is [(0.344, -1), (0.35660000000000003, 0)]
Not the same
benign class is 0
malicious class is -1
record is 0
Final Clustering acc is 0.8181818181818182
benign record is ['11', '10', '22', '27', '4', '9', '8', '7', '12', '23', '26', '21', '2', '1', '19', '38', '14', '6', '31', '20', '25', '24', '18', '15']
key neurons are {}
Target label is 9
length of good results is 10 and length of bad results is 1
acc_diff is 0
Other cases
Evaluate
Global Poisoning Accuracy: 0.7899
[2024-03-10 22:10:52,258][flwr][INFO] - fit progress: (46, 231.46530485153198, {'accuracy': 0.3553}, 13046.630624430021)
Configure Evaluate
[2024-03-10 22:10:52,258][flwr][DEBUG] - evaluate_round 46: strategy sampled 50 clients (out of 50)
[2024-03-10 22:11:34,979][flwr][DEBUG] - evaluate_round 46 received 50 results and 0 failures
Aggregate evaluate
benign record is ['11', '10', '22', '27', '4', '9', '8', '7', '12', '23', '26', '21', '2', '1', '19', '38', '14', '6', '31', '20', '25', '24', '18', '15']
Federated Accuracy: 0.8547524752475247
Configure Fit
server round: 47
[2024-03-10 22:11:35,219][flwr][DEBUG] - fit_round 47: strategy sampled 15 clients (out of 50)
[2024-03-10 22:15:08,829][flwr][DEBUG] - fit_round 47 received 15 results and 0 failures
individual accuracies [0.3407, 0.3503, 0.3486, 0.3545, 0.3057, 0.3082, 0.3523, 0.3334, 0.3318]
malicious is ['0', '0', '0', '0', '2', '2', '0', '0', '0']
Number of Evil Clients: 6
Number of Preset Malicious Clients is 2
Number of Preset Benign Clients is 7
Average poisoning accuracy: 0.9218374999999999
accuracies is [(0.30695, -1), (0.3486, 0)]
accuracies is [(0.30695, -1), (0.3486, 0)]
Not the same
benign class is 0
malicious class is -1
record is 0
Final Clustering acc is 1.0
benign record is ['11', '10', '22', '27', '4', '9', '8', '7', '12', '23', '26', '21', '2', '1', '19', '38', '14', '6', '31', '20', '25', '24', '18', '15']
key neurons are {}
Target label is 9
length of good results is 7 and length of bad results is 2
acc_diff is 0
Other cases
Evaluate
Global Poisoning Accuracy: 0.7783
[2024-03-10 22:15:44,649][flwr][INFO] - fit progress: (47, 233.02019798755646, {'accuracy': 0.355}, 13339.022051795037)
Configure Evaluate
[2024-03-10 22:15:44,649][flwr][DEBUG] - evaluate_round 47: strategy sampled 50 clients (out of 50)
[2024-03-10 22:16:28,384][flwr][DEBUG] - evaluate_round 47 received 50 results and 0 failures
Aggregate evaluate
benign record is ['11', '10', '22', '27', '4', '9', '8', '7', '12', '23', '26', '21', '2', '1', '19', '38', '14', '6', '31', '20', '25', '24', '18', '15']
Federated Accuracy: 0.8533653465346536
Configure Fit
server round: 48
[2024-03-10 22:16:28,481][flwr][DEBUG] - fit_round 48: strategy sampled 15 clients (out of 50)
[2024-03-10 22:19:44,506][flwr][DEBUG] - fit_round 48 received 15 results and 0 failures
individual accuracies [0.3631, 0.3444, 0.3393, 0.3479, 0.3478, 0.3002, 0.3591, 0.3521, 0.3577]
malicious is ['0', '0', '0', '0', '0', '2', '0', '0', '0']
Number of Evil Clients: 6
Number of Preset Malicious Clients is 1
Number of Preset Benign Clients is 8
Average poisoning accuracy: 0.9323714285714286
accuracies is [(0.3393, -1), (0.35, 0)]
accuracies is [(0.3393, -1), (0.35, 0)]
Not the same
benign class is 0
malicious class is -1
record is 0
Final Clustering acc is 0.7777777777777778
benign record is ['11', '10', '22', '27', '4', '9', '8', '7', '12', '23', '26', '21', '2', '1', '19', '38', '14', '6', '31', '20', '25', '24', '18', '15']
key neurons are {}
Target label is 9
length of good results is 8 and length of bad results is 1
acc_diff is 0
Other cases
Evaluate
Global Poisoning Accuracy: 0.7603
[2024-03-10 22:20:18,693][flwr][INFO] - fit progress: (48, 228.5293607711792, {'accuracy': 0.3569}, 13613.066186478012)
Configure Evaluate
[2024-03-10 22:20:18,693][flwr][DEBUG] - evaluate_round 48: strategy sampled 50 clients (out of 50)
[2024-03-10 22:21:02,615][flwr][DEBUG] - evaluate_round 48 received 50 results and 0 failures
Aggregate evaluate
benign record is ['11', '10', '22', '27', '4', '9', '8', '7', '12', '23', '26', '21', '2', '1', '19', '38', '14', '6', '31', '20', '25', '24', '18', '15']
Federated Accuracy: 0.852157425742574
Configure Fit
server round: 49
[2024-03-10 22:21:02,725][flwr][DEBUG] - fit_round 49: strategy sampled 15 clients (out of 50)
[2024-03-10 22:24:08,565][flwr][DEBUG] - fit_round 49 received 15 results and 0 failures
individual accuracies [0.346, 0.3504, 0.355, 0.3602, 0.345, 0.3548, 0.3577, 0.3464, 0.3521, 0.3565, 0.342]
malicious is ['0', '0', '0', '0', '0', '0', '0', '0', '0', '0', '0']
Number of Evil Clients: 4
Number of Preset Malicious Clients is 0
Number of Preset Benign Clients is 11
Average poisoning accuracy: 0.9307
accuracies is [(0.3521, 0)]
accuracies is [(0.3521, 0)]
Only one type of cluster
benign class is 0
malicious class is 10
record is 0
Final Clustering acc is 1.0
benign record is ['11', '10', '22', '27', '4', '9', '8', '7', '12', '23', '26', '21', '2', '1', '19', '38', '14', '6', '31', '20', '25', '24', '18', '15']
key neurons are {}
Target label is 9
length of good results is 11 and length of bad results is 0
acc_diff is 0
Other cases
Evaluate
Global Poisoning Accuracy: 0.765
[2024-03-10 22:24:39,745][flwr][INFO] - fit progress: (49, 230.8446168899536, {'accuracy': 0.3583}, 13874.11754432402)
Configure Evaluate
[2024-03-10 22:24:39,745][flwr][DEBUG] - evaluate_round 49: strategy sampled 50 clients (out of 50)
[2024-03-10 22:25:22,385][flwr][DEBUG] - evaluate_round 49 received 50 results and 0 failures
Aggregate evaluate
benign record is ['11', '10', '22', '27', '4', '9', '8', '7', '12', '23', '26', '21', '2', '1', '19', '38', '14', '6', '31', '20', '25', '24', '18', '15']
Federated Accuracy: 0.8567633663366339
Configure Fit
server round: 50
[2024-03-10 22:25:22,496][flwr][DEBUG] - fit_round 50: strategy sampled 15 clients (out of 50)
[2024-03-10 22:28:48,840][flwr][DEBUG] - fit_round 50 received 15 results and 0 failures
individual accuracies [0.3513, 0.3429, 0.3566, 0.3509, 0.3633, 0.3558, 0.3161, 0.3556]
malicious is ['0', '0', '0', '0', '0', '0', '0', '0']
Number of Evil Clients: 7
Number of Preset Malicious Clients is 0
Number of Preset Benign Clients is 8
Average poisoning accuracy: 0.9276857142857142
accuracies is [(0.3295, -1), (0.3557, 0)]
accuracies is [(0.3295, -1), (0.3557, 0)]
Not the same
benign class is 0
malicious class is -1
record is 0
Final Clustering acc is 0.75
benign record is ['11', '10', '22', '27', '4', '9', '8', '7', '12', '23', '26', '21', '2', '1', '19', '38', '14', '6', '31', '20', '25', '24', '18', '15']
key neurons are {}
Target label is 9
length of good results is 6 and length of bad results is 2
acc_diff is 0
Other cases
Evaluate
Global Poisoning Accuracy: 0.7526
[2024-03-10 22:29:19,255][flwr][INFO] - fit progress: (50, 227.77245461940765, {'accuracy': 0.3568}, 14153.62836078403)
Configure Evaluate
[2024-03-10 22:29:19,256][flwr][DEBUG] - evaluate_round 50: strategy sampled 50 clients (out of 50)
[2024-03-10 22:30:01,802][flwr][DEBUG] - evaluate_round 50 received 50 results and 0 failures
Aggregate evaluate
benign record is ['11', '10', '22', '27', '4', '9', '8', '7', '12', '23', '26', '21', '2', '1', '19', '38', '14', '6', '31', '20', '25', '24', '18', '15']
Federated Accuracy: 0.8566742574257424
Configure Fit
server round: 51
[2024-03-10 22:30:02,034][flwr][DEBUG] - fit_round 51: strategy sampled 15 clients (out of 50)
[2024-03-10 22:33:12,256][flwr][DEBUG] - fit_round 51 received 15 results and 0 failures
individual accuracies [0.3678, 0.3587, 0.3555, 0.3604, 0.3615, 0.357, 0.3567, 0.3576, 0.354, 0.3688, 0.3562]
malicious is ['0', '0', '0', '0', '0', '0', '0', '0', '0', '0', '0']
Number of Evil Clients: 4
Number of Preset Malicious Clients is 0
Number of Preset Benign Clients is 11
Average poisoning accuracy: 0.8508
accuracies is [(0.357, -1), (0.35814999999999997, 0)]
accuracies is [(0.357, -1), (0.35814999999999997, 0)]
Not the same
benign class is 0
malicious class is -1
record is 0
Final Clustering acc is 0.9090909090909091
benign record is ['11', '10', '22', '27', '4', '9', '8', '7', '12', '23', '26', '21', '2', '1', '19', '38', '14', '6', '31', '20', '25', '24', '18', '15']
key neurons are {}
Target label is 9
length of good results is 10 and length of bad results is 1
acc_diff is 0
Other cases
Evaluate
Global Poisoning Accuracy: 0.7314
[2024-03-10 22:33:44,763][flwr][INFO] - fit progress: (51, 221.3084008693695, {'accuracy': 0.3646}, 14419.135812433087)
Configure Evaluate
[2024-03-10 22:33:44,763][flwr][DEBUG] - evaluate_round 51: strategy sampled 50 clients (out of 50)
[2024-03-10 22:34:28,461][flwr][DEBUG] - evaluate_round 51 received 50 results and 0 failures
Aggregate evaluate
benign record is ['11', '10', '22', '27', '4', '9', '8', '7', '12', '23', '26', '21', '2', '1', '19', '38', '14', '6', '31', '20', '25', '24', '18', '15']
Federated Accuracy: 0.857609900990099
Configure Fit
server round: 52
[2024-03-10 22:34:28,558][flwr][DEBUG] - fit_round 52: strategy sampled 15 clients (out of 50)
[2024-03-10 22:38:25,603][flwr][DEBUG] - fit_round 52 received 15 results and 0 failures
individual accuracies [0.3683, 0.3137, 0.3604, 0.3554, 0.3553, 0.3454, 0.3637, 0.3615, 0.3038]
malicious is ['0', '2', '0', '0', '0', '0', '0', '0', '2']
Number of Evil Clients: 6
Number of Preset Malicious Clients is 2
Number of Preset Benign Clients is 7
Average poisoning accuracy: 0.9155750000000001
accuracies is [(0.3454, -1), (0.3579, 0)]
accuracies is [(0.3454, -1), (0.3579, 0)]
Not the same
benign class is 0
malicious class is -1
record is 0
Final Clustering acc is 0.6666666666666666
benign record is ['11', '10', '22', '27', '4', '9', '8', '7', '12', '23', '26', '21', '2', '1', '19', '38', '14', '6', '31', '20', '25', '24', '18', '15']
key neurons are {}
Target label is 9
length of good results is 8 and length of bad results is 1
acc_diff is 0
Other cases
Evaluate
Global Poisoning Accuracy: 0.7802
[2024-03-10 22:39:00,379][flwr][INFO] - fit progress: (52, 234.73797869682312, {'accuracy': 0.3543}, 14734.752357689082)
Configure Evaluate
[2024-03-10 22:39:00,380][flwr][DEBUG] - evaluate_round 52: strategy sampled 50 clients (out of 50)
[2024-03-10 22:39:42,912][flwr][DEBUG] - evaluate_round 52 received 50 results and 0 failures
Aggregate evaluate
benign record is ['11', '10', '22', '27', '4', '9', '8', '7', '12', '23', '26', '21', '2', '1', '19', '38', '14', '6', '31', '20', '25', '24', '18', '15']
Federated Accuracy: 0.8575356435643562
Configure Fit
server round: 53
[2024-03-10 22:39:43,139][flwr][DEBUG] - fit_round 53: strategy sampled 15 clients (out of 50)
[2024-03-10 22:42:56,313][flwr][DEBUG] - fit_round 53 received 15 results and 0 failures
individual accuracies [0.3391, 0.3525, 0.3484, 0.3425, 0.3511, 0.3507, 0.3167, 0.3487, 0.3489, 0.3609]
malicious is ['0', '0', '0', '0', '0', '0', '2', '0', '0', '0']
Number of Evil Clients: 5
Number of Preset Malicious Clients is 1
Number of Preset Benign Clients is 9
Average poisoning accuracy: 0.9184833333333332
accuracies is [(0.3488, 0)]
accuracies is [(0.3488, 0)]
Only one type of cluster
benign class is 0
malicious class is 10
record is 0
Final Clustering acc is 0.9
benign record is ['11', '10', '22', '27', '4', '9', '8', '7', '12', '23', '26', '21', '2', '1', '19', '38', '14', '6', '31', '20', '25', '24', '18', '15']
key neurons are {}
Target label is 9
length of good results is 10 and length of bad results is 0
acc_diff is 0
Other cases
Evaluate
Global Poisoning Accuracy: 0.8155
[2024-03-10 22:43:30,403][flwr][INFO] - fit progress: (53, 245.2238302230835, {'accuracy': 0.3514}, 15004.775708677014)
Configure Evaluate
[2024-03-10 22:43:30,403][flwr][DEBUG] - evaluate_round 53: strategy sampled 50 clients (out of 50)
[2024-03-10 22:44:14,149][flwr][DEBUG] - evaluate_round 53 received 50 results and 0 failures
Aggregate evaluate
benign record is ['11', '10', '22', '27', '4', '9', '8', '7', '12', '23', '26', '21', '2', '1', '19', '38', '14', '6', '31', '20', '25', '24', '18', '15']
Federated Accuracy: 0.8549257425742576
Configure Fit
server round: 54
[2024-03-10 22:44:14,265][flwr][DEBUG] - fit_round 54: strategy sampled 15 clients (out of 50)
[2024-03-10 22:47:40,288][flwr][DEBUG] - fit_round 54 received 15 results and 0 failures
individual accuracies [0.3499, 0.3519, 0.3409, 0.342, 0.3445, 0.3024, 0.3436, 0.33]
malicious is ['0', '0', '0', '0', '0', '2', '0', '0']
Number of Evil Clients: 7
Number of Preset Malicious Clients is 1
Number of Preset Benign Clients is 7
Average poisoning accuracy: 0.9153625
accuracies is [(0.33, -1), (0.3436, 0)]
accuracies is [(0.33, -1), (0.3436, 0)]
Not the same
benign class is 0
malicious class is -1
record is 0
Final Clustering acc is 0.75
benign record is ['11', '10', '22', '27', '4', '9', '8', '7', '12', '23', '26', '21', '2', '1', '19', '38', '14', '6', '31', '20', '25', '24', '18', '15']
key neurons are {}
Target label is 9
length of good results is 7 and length of bad results is 1
acc_diff is 0
Other cases
Evaluate
Global Poisoning Accuracy: 0.8442
[2024-03-10 22:48:14,230][flwr][INFO] - fit progress: (54, 253.27484583854675, {'accuracy': 0.3482}, 15288.602867556037)
Configure Evaluate
[2024-03-10 22:48:14,230][flwr][DEBUG] - evaluate_round 54: strategy sampled 50 clients (out of 50)
[2024-03-10 22:48:58,193][flwr][DEBUG] - evaluate_round 54 received 50 results and 0 failures
Aggregate evaluate
benign record is ['11', '10', '22', '27', '4', '9', '8', '7', '12', '23', '26', '21', '2', '1', '19', '38', '14', '6', '31', '20', '25', '24', '18', '15']
Federated Accuracy: 0.8533702970297031
Configure Fit
server round: 55
[2024-03-10 22:48:58,288][flwr][DEBUG] - fit_round 55: strategy sampled 15 clients (out of 50)
[2024-03-10 22:52:09,520][flwr][DEBUG] - fit_round 55 received 15 results and 0 failures
individual accuracies [0.3408, 0.3476, 0.3496, 0.3329, 0.3132, 0.3438, 0.3418, 0.3491, 0.3404, 0.3387, 0.3345]
malicious is ['0', '0', '0', '0', '2', '0', '0', '0', '0', '0', '0']
Number of Evil Clients: 4
Number of Preset Malicious Clients is 1
Number of Preset Benign Clients is 10
Average poisoning accuracy: 0.89458
accuracies is [(0.3404, -1), (0.3413, 0)]
accuracies is [(0.3404, -1), (0.3413, 0)]
Not the same
benign class is 0
malicious class is -1
record is 0
Final Clustering acc is 0.8181818181818182
benign record is ['11', '10', '22', '27', '4', '9', '8', '7', '12', '23', '26', '21', '2', '1', '19', '38', '14', '6', '31', '20', '25', '24', '18', '15']
key neurons are {}
Target label is 9
length of good results is 10 and length of bad results is 1
acc_diff is 0
Other cases
Evaluate
Global Poisoning Accuracy: 0.8464
[2024-03-10 22:52:43,628][flwr][INFO] - fit progress: (55, 254.35104751586914, {'accuracy': 0.3473}, 15558.000780740054)
Configure Evaluate
[2024-03-10 22:52:43,628][flwr][DEBUG] - evaluate_round 55: strategy sampled 50 clients (out of 50)
[2024-03-10 22:53:26,915][flwr][DEBUG] - evaluate_round 55 received 50 results and 0 failures
Aggregate evaluate
benign record is ['11', '10', '22', '27', '4', '9', '8', '7', '12', '23', '26', '21', '2', '1', '19', '38', '14', '6', '31', '20', '25', '24', '18', '15']
Federated Accuracy: 0.8534118811881187
Configure Fit
server round: 56
[2024-03-10 22:53:27,012][flwr][DEBUG] - fit_round 56: strategy sampled 15 clients (out of 50)
[2024-03-10 22:57:00,582][flwr][DEBUG] - fit_round 56 received 15 results and 0 failures
individual accuracies [0.3418, 0.3466, 0.346, 0.345, 0.3151, 0.3462, 0.3432]
malicious is ['0', '0', '0', '0', '0', '0', '0']
Number of Evil Clients: 8
Number of Preset Malicious Clients is 0
Number of Preset Benign Clients is 7
Average poisoning accuracy: 0.9073500000000001
accuracies is [(0.32845, -1), (0.346, 0)]
accuracies is [(0.32845, -1), (0.346, 0)]
Not the same
benign class is 0
malicious class is -1
record is 0
Final Clustering acc is 0.7142857142857143
benign record is ['11', '10', '22', '27', '4', '9', '8', '7', '12', '23', '26', '21', '2', '1', '19', '38', '14', '6', '31', '20', '25', '24', '18', '15']
key neurons are {}
Target label is 9
length of good results is 5 and length of bad results is 2
acc_diff is 0
Other cases
Evaluate
Global Poisoning Accuracy: 0.8151
[2024-03-10 22:57:33,252][flwr][INFO] - fit progress: (56, 248.0351506471634, {'accuracy': 0.3496}, 15847.625193302985)
Configure Evaluate
[2024-03-10 22:57:33,252][flwr][DEBUG] - evaluate_round 56: strategy sampled 50 clients (out of 50)
[2024-03-10 22:58:16,131][flwr][DEBUG] - evaluate_round 56 received 50 results and 0 failures
Aggregate evaluate
benign record is ['11', '10', '22', '27', '4', '9', '8', '7', '12', '23', '26', '21', '2', '1', '19', '38', '14', '6', '31', '20', '25', '24', '18', '15']
Federated Accuracy: 0.8553277227722773
Configure Fit
server round: 57
[2024-03-10 22:58:16,233][flwr][DEBUG] - fit_round 57: strategy sampled 15 clients (out of 50)
[2024-03-10 23:01:28,242][flwr][DEBUG] - fit_round 57 received 15 results and 0 failures
individual accuracies [0.357, 0.3567, 0.3581, 0.354, 0.3516, 0.3523, 0.3444, 0.3213, 0.3212, 0.3465, 0.3492, 0.3489]
malicious is ['0', '0', '0', '0', '0', '0', '0', '0', '2', '0', '0', '0']
Number of Evil Clients: 3
Number of Preset Malicious Clients is 1
Number of Preset Benign Clients is 11
Average poisoning accuracy: 0.89745
accuracies is [(0.35040000000000004, 0)]
accuracies is [(0.35040000000000004, 0)]
Only one type of cluster
benign class is 0
malicious class is 10
record is 0
Final Clustering acc is 0.9166666666666666
benign record is ['11', '10', '22', '27', '4', '9', '8', '7', '12', '23', '26', '21', '2', '1', '19', '38', '14', '6', '31', '20', '25', '24', '18', '15']
key neurons are {}
Target label is 9
length of good results is 12 and length of bad results is 0
acc_diff is 0
Other cases
Evaluate
Global Poisoning Accuracy: 0.7921
[2024-03-10 23:02:00,821][flwr][INFO] - fit progress: (57, 235.2508076429367, {'accuracy': 0.3546}, 16115.193911292008)
Configure Evaluate
[2024-03-10 23:02:00,821][flwr][DEBUG] - evaluate_round 57: strategy sampled 50 clients (out of 50)
[2024-03-10 23:02:44,705][flwr][DEBUG] - evaluate_round 57 received 50 results and 0 failures
Aggregate evaluate
benign record is ['11', '10', '22', '27', '4', '9', '8', '7', '12', '23', '26', '21', '2', '1', '19', '38', '14', '6', '31', '20', '25', '24', '18', '15']
Federated Accuracy: 0.8560514851485148
Configure Fit
server round: 58
[2024-03-10 23:02:44,918][flwr][DEBUG] - fit_round 58: strategy sampled 15 clients (out of 50)
[2024-03-10 23:06:40,100][flwr][DEBUG] - fit_round 58 received 15 results and 0 failures
individual accuracies [0.3437, 0.3511, 0.3493, 0.3555, 0.3446, 0.3462, 0.3496, 0.3469, 0.3115]
malicious is ['0', '0', '0', '0', '0', '0', '0', '0', '2']
Number of Evil Clients: 6
Number of Preset Malicious Clients is 1
Number of Preset Benign Clients is 8
Average poisoning accuracy: 0.9156857142857142
accuracies is [(0.3462, -1), (0.34809999999999997, 0)]
accuracies is [(0.3462, -1), (0.34809999999999997, 0)]
Not the same
benign class is 0
malicious class is -1
record is 0
Final Clustering acc is 0.7777777777777778
benign record is ['11', '10', '22', '27', '4', '9', '8', '7', '12', '23', '26', '21', '2', '1', '19', '38', '14', '6', '31', '20', '25', '24', '18', '15']
key neurons are {}
Target label is 9
length of good results is 8 and length of bad results is 1
acc_diff is 0
Other cases
Evaluate
Global Poisoning Accuracy: 0.817
[2024-03-10 23:07:15,398][flwr][INFO] - fit progress: (58, 242.3571937084198, {'accuracy': 0.3538}, 16429.770941919996)
Configure Evaluate
[2024-03-10 23:07:15,398][flwr][DEBUG] - evaluate_round 58: strategy sampled 50 clients (out of 50)
[2024-03-10 23:07:58,179][flwr][DEBUG] - evaluate_round 58 received 50 results and 0 failures
Aggregate evaluate
benign record is ['11', '10', '22', '27', '4', '9', '8', '7', '12', '23', '26', '21', '2', '1', '19', '38', '14', '6', '31', '20', '25', '24', '18', '15']
Federated Accuracy: 0.8540465346534654
Configure Fit
server round: 59
[2024-03-10 23:07:58,307][flwr][DEBUG] - fit_round 59: strategy sampled 15 clients (out of 50)
[2024-03-10 23:11:27,683][flwr][DEBUG] - fit_round 59 received 15 results and 0 failures
individual accuracies [0.3405, 0.3445, 0.3647, 0.3376, 0.3434, 0.3562, 0.2974, 0.3429, 0.343]
malicious is ['0', '0', '0', '0', '0', '0', '2', '0', '0']
Number of Evil Clients: 6
Number of Preset Malicious Clients is 1
Number of Preset Benign Clients is 8
Average poisoning accuracy: 0.9327142857142857
accuracies is [(0.3429, -1), (0.3432, 0)]
accuracies is [(0.3429, -1), (0.3432, 0)]
Not the same
benign class is 0
malicious class is -1
record is 0
Final Clustering acc is 0.7777777777777778
benign record is ['11', '10', '22', '27', '4', '9', '8', '7', '12', '23', '26', '21', '2', '1', '19', '38', '14', '6', '31', '20', '25', '24', '18', '15']
key neurons are {}
Target label is 9
length of good results is 8 and length of bad results is 1
acc_diff is 0
Other cases
Evaluate
Global Poisoning Accuracy: 0.7999
[2024-03-10 23:12:00,885][flwr][INFO] - fit progress: (59, 243.48493695259094, {'accuracy': 0.3513}, 16715.25843120599)
Configure Evaluate
[2024-03-10 23:12:00,886][flwr][DEBUG] - evaluate_round 59: strategy sampled 50 clients (out of 50)
[2024-03-10 23:12:46,319][flwr][DEBUG] - evaluate_round 59 received 50 results and 0 failures
Aggregate evaluate
benign record is ['11', '10', '22', '27', '4', '9', '8', '7', '12', '23', '26', '21', '2', '1', '19', '38', '14', '6', '31', '20', '25', '24', '18', '15']
Federated Accuracy: 0.8577435643564357
Configure Fit
server round: 60
[2024-03-10 23:12:46,426][flwr][DEBUG] - fit_round 60: strategy sampled 15 clients (out of 50)
[2024-03-10 23:16:18,035][flwr][DEBUG] - fit_round 60 received 15 results and 0 failures
individual accuracies [0.3461, 0.3471, 0.3364, 0.3488, 0.3108, 0.3248, 0.3428, 0.3359, 0.35, 0.3464]
malicious is ['0', '0', '0', '0', '2', '0', '0', '0', '0', '0']
Number of Evil Clients: 5
Number of Preset Malicious Clients is 1
Number of Preset Benign Clients is 9
Average poisoning accuracy: 0.8998333333333334
accuracies is [(0.3359, -1), (0.3461, 0)]
accuracies is [(0.3359, -1), (0.3461, 0)]
Not the same
benign class is 0
malicious class is -1
record is 0
Final Clustering acc is 0.8
benign record is ['11', '10', '22', '27', '4', '9', '8', '7', '12', '23', '26', '21', '2', '1', '19', '38', '14', '6', '31', '20', '25', '24', '18', '15']
key neurons are {}
Target label is 9
length of good results is 9 and length of bad results is 1
acc_diff is 0
Other cases
Evaluate
Global Poisoning Accuracy: 0.8289
[2024-03-10 23:16:51,968][flwr][INFO] - fit progress: (60, 245.40465557575226, {'accuracy': 0.3474}, 17006.340737976017)
Configure Evaluate
[2024-03-10 23:16:51,968][flwr][DEBUG] - evaluate_round 60: strategy sampled 50 clients (out of 50)
[2024-03-10 23:17:34,246][flwr][DEBUG] - evaluate_round 60 received 50 results and 0 failures
Aggregate evaluate
benign record is ['11', '10', '22', '27', '4', '9', '8', '7', '12', '23', '26', '21', '2', '1', '19', '38', '14', '6', '31', '20', '25', '24', '18', '15']
Federated Accuracy: 0.8582801980198017
Configure Fit
server round: 61
[2024-03-10 23:17:34,350][flwr][DEBUG] - fit_round 61: strategy sampled 15 clients (out of 50)
[2024-03-10 23:20:31,090][flwr][DEBUG] - fit_round 61 received 15 results and 0 failures
individual accuracies [0.348, 0.3423, 0.2979, 0.3419, 0.3448, 0.3457, 0.3486, 0.3467, 0.3525, 0.3457]
malicious is ['0', '0', '2', '0', '0', '0', '0', '0', '0', '0']
Number of Evil Clients: 5
Number of Preset Malicious Clients is 1
Number of Preset Benign Clients is 9
Average poisoning accuracy: 0.9416166666666669
accuracies is [(0.3457, 0)]
accuracies is [(0.3457, 0)]
Only one type of cluster
benign class is 0
malicious class is 10
record is 0
Final Clustering acc is 0.9
benign record is ['11', '10', '22', '27', '4', '9', '8', '7', '12', '23', '26', '21', '2', '1', '19', '38', '14', '6', '31', '20', '25', '24', '18', '15']
key neurons are {}
Target label is 9
length of good results is 10 and length of bad results is 0
acc_diff is 0
Other cases
Evaluate
Global Poisoning Accuracy: 0.8406
[2024-03-10 23:21:04,130][flwr][INFO] - fit progress: (61, 252.48692727088928, {'accuracy': 0.3506}, 17258.502573509002)
Configure Evaluate
[2024-03-10 23:21:04,130][flwr][DEBUG] - evaluate_round 61: strategy sampled 50 clients (out of 50)
[2024-03-10 23:21:47,346][flwr][DEBUG] - evaluate_round 61 received 50 results and 0 failures
Aggregate evaluate
benign record is ['11', '10', '22', '27', '4', '9', '8', '7', '12', '23', '26', '21', '2', '1', '19', '38', '14', '6', '31', '20', '25', '24', '18', '15']
Federated Accuracy: 0.8607544554455445
Configure Fit
server round: 62
[2024-03-10 23:21:47,631][flwr][DEBUG] - fit_round 62: strategy sampled 15 clients (out of 50)
[2024-03-10 23:25:19,503][flwr][DEBUG] - fit_round 62 received 15 results and 0 failures
individual accuracies [0.3437, 0.3317, 0.3455, 0.3403, 0.3466, 0.3489, 0.3375, 0.3476, 0.3398, 0.3448]
malicious is ['0', '0', '0', '0', '0', '0', '0', '0', '0', '0']
Number of Evil Clients: 5
Number of Preset Malicious Clients is 0
Number of Preset Benign Clients is 10
Average poisoning accuracy: 0.95128
accuracies is [(0.3317, -1), (0.3448, 0)]
accuracies is [(0.3317, -1), (0.3448, 0)]
Not the same
benign class is 0
malicious class is -1
record is 0
Final Clustering acc is 0.9
benign record is ['11', '10', '22', '27', '4', '9', '8', '7', '12', '23', '26', '21', '2', '1', '19', '38', '14', '6', '31', '20', '25', '24', '18', '15']
key neurons are {}
Target label is 9
length of good results is 9 and length of bad results is 1
acc_diff is 0
Other cases
Evaluate
Global Poisoning Accuracy: 0.8452
[2024-03-10 23:25:50,748][flwr][INFO] - fit progress: (62, 254.58425652980804, {'accuracy': 0.3494}, 17545.12126236607)
Configure Evaluate
[2024-03-10 23:25:50,749][flwr][DEBUG] - evaluate_round 62: strategy sampled 50 clients (out of 50)
[2024-03-10 23:26:34,070][flwr][DEBUG] - evaluate_round 62 received 50 results and 0 failures
Aggregate evaluate
benign record is ['11', '10', '22', '27', '4', '9', '8', '7', '12', '23', '26', '21', '2', '1', '19', '38', '14', '6', '31', '20', '25', '24', '18', '15']
Federated Accuracy: 0.8574138613861384
Configure Fit
server round: 63
[2024-03-10 23:26:34,181][flwr][DEBUG] - fit_round 63: strategy sampled 15 clients (out of 50)
[2024-03-10 23:30:00,293][flwr][DEBUG] - fit_round 63 received 15 results and 0 failures
individual accuracies [0.2807, 0.3434, 0.3384, 0.3459, 0.3508, 0.3353, 0.3396, 0.3443, 0.3386]
malicious is ['2', '0', '0', '0', '0', '0', '0', '0', '0']
Number of Evil Clients: 6
Number of Preset Malicious Clients is 1
Number of Preset Benign Clients is 8
Average poisoning accuracy: 0.9404
accuracies is [(0.3353, -1), (0.3415, 0)]
accuracies is [(0.3353, -1), (0.3415, 0)]
Not the same
benign class is 0
malicious class is -1
record is 0
Final Clustering acc is 0.7777777777777778
benign record is ['11', '10', '22', '27', '4', '9', '8', '7', '12', '23', '26', '21', '2', '1', '19', '38', '14', '6', '31', '20', '25', '24', '18', '15']
key neurons are {}
Target label is 9
length of good results is 8 and length of bad results is 1
acc_diff is 0
Other cases
Evaluate
Global Poisoning Accuracy: 0.8502
[2024-03-10 23:30:34,300][flwr][INFO] - fit progress: (63, 258.7919964790344, {'accuracy': 0.3456}, 17828.67253389)
Configure Evaluate
[2024-03-10 23:30:34,300][flwr][DEBUG] - evaluate_round 63: strategy sampled 50 clients (out of 50)
[2024-03-10 23:31:16,971][flwr][DEBUG] - evaluate_round 63 received 50 results and 0 failures
Aggregate evaluate
benign record is ['11', '10', '22', '27', '4', '9', '8', '7', '12', '23', '26', '21', '2', '1', '19', '38', '14', '6', '31', '20', '25', '24', '18', '15']
Federated Accuracy: 0.8573910891089108
Configure Fit
server round: 64
[2024-03-10 23:31:17,089][flwr][DEBUG] - fit_round 64: strategy sampled 15 clients (out of 50)
[2024-03-10 23:34:50,532][flwr][DEBUG] - fit_round 64 received 15 results and 0 failures
individual accuracies [0.3359, 0.3373, 0.3407, 0.3312, 0.3112, 0.3415, 0.3413, 0.3302, 0.3285]
malicious is ['0', '0', '0', '0', '2', '0', '0', '0', '0']
Number of Evil Clients: 6
Number of Preset Malicious Clients is 1
Number of Preset Benign Clients is 8
Average poisoning accuracy: 0.9392857142857143
accuracies is [(0.32935000000000003, -1), (0.3373, 0)]
accuracies is [(0.32935000000000003, -1), (0.3373, 0)]
Not the same
benign class is 0
malicious class is -1
record is 0
Final Clustering acc is 0.6666666666666666
benign record is ['11', '10', '22', '27', '4', '9', '8', '7', '12', '23', '26', '21', '2', '1', '19', '38', '14', '6', '31', '20', '25', '24', '18', '15']
key neurons are {}
Target label is 9
length of good results is 7 and length of bad results is 2
acc_diff is 0
Other cases
Evaluate
Global Poisoning Accuracy: 0.8938
[2024-03-10 23:35:25,502][flwr][INFO] - fit progress: (64, 278.77241039276123, {'accuracy': 0.3411}, 18119.874625403085)
Configure Evaluate
[2024-03-10 23:35:25,502][flwr][DEBUG] - evaluate_round 64: strategy sampled 50 clients (out of 50)
[2024-03-10 23:36:09,825][flwr][DEBUG] - evaluate_round 64 received 50 results and 0 failures
Aggregate evaluate
benign record is ['11', '10', '22', '27', '4', '9', '8', '7', '12', '23', '26', '21', '2', '1', '19', '38', '14', '6', '31', '20', '25', '24', '18', '15']
Federated Accuracy: 0.8564237623762374
Configure Fit
server round: 65
[2024-03-10 23:36:09,941][flwr][DEBUG] - fit_round 65: strategy sampled 15 clients (out of 50)
[2024-03-10 23:39:07,779][flwr][DEBUG] - fit_round 65 received 15 results and 0 failures
individual accuracies [0.3373, 0.3145, 0.3245, 0.3389, 0.3305, 0.339, 0.3307, 0.3372, 0.3379, 0.342, 0.336]
malicious is ['0', '0', '0', '0', '0', '0', '0', '0', '0', '0', '0']
Number of Evil Clients: 4
Number of Preset Malicious Clients is 0
Number of Preset Benign Clients is 11
Average poisoning accuracy: 0.9520500000000001
accuracies is [(0.3225, -1), (0.3373, 0)]
accuracies is [(0.3225, -1), (0.3373, 0)]
Not the same
benign class is 0
malicious class is -1
record is 0
Final Clustering acc is 0.8181818181818182
benign record is ['11', '10', '22', '27', '4', '9', '8', '7', '12', '23', '26', '21', '2', '1', '19', '38', '14', '6', '31', '20', '25', '24', '18', '15']
key neurons are {}
Target label is 9
length of good results is 9 and length of bad results is 2
acc_diff is 0
Other cases
Evaluate
Global Poisoning Accuracy: 0.8748
[2024-03-10 23:39:41,101][flwr][INFO] - fit progress: (65, 267.39478397369385, {'accuracy': 0.3438}, 18375.474168090033)
Configure Evaluate
[2024-03-10 23:39:41,102][flwr][DEBUG] - evaluate_round 65: strategy sampled 50 clients (out of 50)
[2024-03-10 23:40:24,076][flwr][DEBUG] - evaluate_round 65 received 50 results and 0 failures
Aggregate evaluate
benign record is ['11', '10', '22', '27', '4', '9', '8', '7', '12', '23', '26', '21', '2', '1', '19', '38', '14', '6', '31', '20', '25', '24', '18', '15']
Federated Accuracy: 0.8576514851485149
Configure Fit
server round: 66
[2024-03-10 23:40:24,195][flwr][DEBUG] - fit_round 66: strategy sampled 15 clients (out of 50)
[2024-03-10 23:43:26,309][flwr][DEBUG] - fit_round 66 received 15 results and 0 failures
individual accuracies [0.345, 0.3498, 0.3127, 0.3519, 0.3496, 0.3371, 0.3349, 0.3411, 0.3373, 0.3314, 0.3457]
malicious is ['0', '0', '2', '0', '0', '0', '0', '0', '0', '0', '0']
Number of Evil Clients: 4
Number of Preset Malicious Clients is 1
Number of Preset Benign Clients is 10
Average poisoning accuracy: 0.9341199999999998
accuracies is [(0.3488, -1), (0.3373, 0)]
accuracies is [(0.3488, -1), (0.3373, 0)]
Not the same
benign class is -1
malicious class is 0
record is 0
Final Clustering acc is 0.2727272727272727
benign record is ['11', '10', '22', '27', '4', '9', '8', '7', '12', '23', '26', '21', '2', '1', '19', '38', '14', '6', '31', '20', '25', '24', '18', '15']
key neurons are {}
Target label is 1
length of good results is 2 and length of bad results is 9
acc_diff is 0
Other cases
Evaluate
Global Poisoning Accuracy: 0.7267
[2024-03-10 23:44:02,376][flwr][INFO] - fit progress: (66, 243.18982577323914, {'accuracy': 0.3477}, 18636.749381773057)
Configure Evaluate
[2024-03-10 23:44:02,377][flwr][DEBUG] - evaluate_round 66: strategy sampled 50 clients (out of 50)
[2024-03-10 23:44:45,174][flwr][DEBUG] - evaluate_round 66 received 50 results and 0 failures
Aggregate evaluate
benign record is ['11', '10', '22', '27', '4', '9', '8', '7', '12', '23', '26', '21', '2', '1', '19', '38', '14', '6', '31', '20', '25', '24', '18', '15']
Federated Accuracy: 0.8563851485148515
Configure Fit
server round: 67
[2024-03-10 23:44:45,295][flwr][DEBUG] - fit_round 67: strategy sampled 15 clients (out of 50)
[2024-03-10 23:48:13,647][flwr][DEBUG] - fit_round 67 received 15 results and 0 failures
individual accuracies [0.3376, 0.3428, 0.3372, 0.3481, 0.3475, 0.3456, 0.3307, 0.3364, 0.3349, 0.3189, 0.3455]
malicious is ['0', '0', '0', '0', '0', '0', '0', '0', '0', '2', '0']
Number of Evil Clients: 4
Number of Preset Malicious Clients is 1
Number of Preset Benign Clients is 10
Average poisoning accuracy: 0.94374
accuracies is [(0.33885, -1), (0.3376, 0)]
accuracies is [(0.33885, -1), (0.3376, 0)]
Not the same
benign class is -1
malicious class is 0
record is 0
Final Clustering acc is 0.2727272727272727
benign record is ['11', '10', '22', '27', '4', '9', '8', '7', '12', '23', '26', '21', '2', '1', '19', '38', '14', '6', '31', '20', '25', '24', '18', '15']
key neurons are {}
Target label is 0
length of good results is 2 and length of bad results is 9
acc_diff is 0
Other cases
Evaluate
Global Poisoning Accuracy: 0.6847
[2024-03-10 23:48:49,135][flwr][INFO] - fit progress: (67, 229.15014457702637, {'accuracy': 0.3524}, 18923.50821181503)
Configure Evaluate
[2024-03-10 23:48:49,136][flwr][DEBUG] - evaluate_round 67: strategy sampled 50 clients (out of 50)
[2024-03-10 23:49:31,977][flwr][DEBUG] - evaluate_round 67 received 50 results and 0 failures
Aggregate evaluate
benign record is ['11', '10', '22', '27', '4', '9', '8', '7', '12', '23', '26', '21', '2', '1', '19', '38', '14', '6', '31', '20', '25', '24', '18', '15']
Federated Accuracy: 0.8533762376237624
Configure Fit
server round: 68
[2024-03-10 23:49:32,223][flwr][DEBUG] - fit_round 68: strategy sampled 15 clients (out of 50)
[2024-03-10 23:52:48,224][flwr][DEBUG] - fit_round 68 received 15 results and 0 failures
individual accuracies [0.3289, 0.3384, 0.3417, 0.3383, 0.3345, 0.3342, 0.3419, 0.3253, 0.3358, 0.3188, 0.2972, 0.2928]
malicious is ['0', '0', '0', '0', '0', '0', '0', '0', '0', '0', '2', '2']
Number of Evil Clients: 3
Number of Preset Malicious Clients is 2
Number of Preset Benign Clients is 10
Average poisoning accuracy: 0.94098
accuracies is [(0.3345, -1), (0.3342, 0)]
accuracies is [(0.3345, -1), (0.3342, 0)]
Not the same
benign class is -1
malicious class is 0
record is 0
Final Clustering acc is 0.25
benign record is ['11', '10', '22', '27', '4', '9', '8', '7', '12', '23', '26', '21', '2', '1', '19', '38', '14', '6', '31', '20', '25', '24', '18', '15']
key neurons are {}
Target label is 3
length of good results is 1 and length of bad results is 11
acc_diff is 0
Other cases
Evaluate
Global Poisoning Accuracy: 0.6011
[2024-03-10 23:53:23,815][flwr][INFO] - fit progress: (68, 247.57640397548676, {'accuracy': 0.332}, 19198.188104551984)
Configure Evaluate
[2024-03-10 23:53:23,815][flwr][DEBUG] - evaluate_round 68: strategy sampled 50 clients (out of 50)
[2024-03-10 23:54:06,081][flwr][DEBUG] - evaluate_round 68 received 50 results and 0 failures
Aggregate evaluate
benign record is ['11', '10', '22', '27', '4', '9', '8', '7', '12', '23', '26', '21', '2', '1', '19', '38', '14', '6', '31', '20', '25', '24', '18', '15']
Federated Accuracy: 0.8248316831683168
Configure Fit
server round: 69
[2024-03-10 23:54:06,175][flwr][DEBUG] - fit_round 69: strategy sampled 15 clients (out of 50)
[2024-03-10 23:58:06,451][flwr][DEBUG] - fit_round 69 received 15 results and 0 failures
individual accuracies [0.28, 0.343, 0.345, 0.3378, 0.342, 0.3468, 0.3447, 0.3245, 0.3272]
malicious is ['2', '0', '0', '0', '0', '0', '0', '0', '0']
Number of Evil Clients: 6
Number of Preset Malicious Clients is 1
Number of Preset Benign Clients is 8
Average poisoning accuracy: 0.9321
accuracies is [(0.3272, -1), (0.3425, 0)]
accuracies is [(0.3272, -1), (0.3425, 0)]
Not the same
benign class is 0
malicious class is -1
record is 0
Final Clustering acc is 0.7777777777777778
benign record is ['11', '10', '22', '27', '4', '9', '8', '7', '12', '23', '26', '21', '2', '1', '19', '38', '14', '6', '31', '20', '25', '24', '18', '15']
key neurons are {}
Target label is 9
length of good results is 8 and length of bad results is 1
acc_diff is 0
Other cases
Evaluate
Global Poisoning Accuracy: 0.7789
[2024-03-10 23:58:41,416][flwr][INFO] - fit progress: (69, 242.1902447938919, {'accuracy': 0.344}, 19515.788983007078)
Configure Evaluate
[2024-03-10 23:58:41,416][flwr][DEBUG] - evaluate_round 69: strategy sampled 50 clients (out of 50)
[2024-03-10 23:59:24,669][flwr][DEBUG] - evaluate_round 69 received 50 results and 0 failures
Aggregate evaluate
benign record is ['11', '10', '22', '27', '4', '9', '8', '7', '12', '23', '26', '21', '2', '1', '19', '38', '14', '6', '31', '20', '25', '24', '18', '15']
Federated Accuracy: 0.8533960396039604
Configure Fit
server round: 70
[2024-03-10 23:59:24,777][flwr][DEBUG] - fit_round 70: strategy sampled 15 clients (out of 50)
[2024-03-11 00:03:01,126][flwr][DEBUG] - fit_round 70 received 15 results and 0 failures
individual accuracies [0.3387, 0.344, 0.337, 0.3442, 0.3119, 0.3438, 0.3176, 0.3342, 0.2842, 0.3053]
malicious is ['0', '0', '0', '0', '2', '0', '2', '0', '2', '0']
Number of Evil Clients: 5
Number of Preset Malicious Clients is 3
Number of Preset Benign Clients is 7
Average poisoning accuracy: 0.927675
accuracies is [(0.3356, 0)]
accuracies is [(0.3356, 0)]
Only one type of cluster
benign class is 0
malicious class is 10
record is 0
Final Clustering acc is 0.7
benign record is ['11', '10', '22', '27', '4', '9', '8', '7', '12', '23', '26', '21', '2', '1', '19', '38', '14', '6', '31', '20', '25', '24', '18', '15']
key neurons are {}
Target label is 9
length of good results is 10 and length of bad results is 0
acc_diff is 0
Other cases
Evaluate
Global Poisoning Accuracy: 0.8401
[2024-03-11 00:03:39,428][flwr][INFO] - fit progress: (70, 251.72483801841736, {'accuracy': 0.3445}, 19813.800520786084)
Configure Evaluate
[2024-03-11 00:03:39,428][flwr][DEBUG] - evaluate_round 70: strategy sampled 50 clients (out of 50)
[2024-03-11 00:04:23,372][flwr][DEBUG] - evaluate_round 70 received 50 results and 0 failures
Aggregate evaluate
benign record is ['11', '10', '22', '27', '4', '9', '8', '7', '12', '23', '26', '21', '2', '1', '19', '38', '14', '6', '31', '20', '25', '24', '18', '15']
Federated Accuracy: 0.8568435643564355
Configure Fit
server round: 71
[2024-03-11 00:04:23,484][flwr][DEBUG] - fit_round 71: strategy sampled 15 clients (out of 50)
[2024-03-11 00:07:28,844][flwr][DEBUG] - fit_round 71 received 15 results and 0 failures
individual accuracies [0.2728, 0.3361, 0.3349, 0.3241, 0.3412, 0.3271, 0.3368, 0.3278, 0.3237, 0.3385, 0.3422, 0.3407, 0.334, 0.3324]
malicious is ['2', '0', '0', '0', '0', '0', '0', '0', '0', '0', '0', '0', '0', '0']
Number of Evil Clients: 1
Number of Preset Malicious Clients is 1
Number of Preset Benign Clients is 13
Average poisoning accuracy: 0.95495
accuracies is [(0.3237, -1), (0.3349, 0)]
accuracies is [(0.3237, -1), (0.3349, 0)]
Not the same
benign class is 0
malicious class is -1
record is 0
Final Clustering acc is 0.8571428571428571
benign record is ['11', '10', '22', '27', '4', '9', '8', '7', '12', '23', '26', '21', '2', '1', '19', '38', '14', '6', '31', '20', '25', '24', '18', '15']
key neurons are {}
Target label is 8
length of good results is 13 and length of bad results is 1
acc_diff is 0
Other cases
Evaluate
Global Poisoning Accuracy: 0.8865
[2024-03-11 00:08:02,706][flwr][INFO] - fit progress: (71, 269.56389451026917, {'accuracy': 0.3383}, 20077.079078615992)
Configure Evaluate
[2024-03-11 00:08:02,706][flwr][DEBUG] - evaluate_round 71: strategy sampled 50 clients (out of 50)
[2024-03-11 00:08:46,577][flwr][DEBUG] - evaluate_round 71 received 50 results and 0 failures
Aggregate evaluate
benign record is ['11', '10', '22', '27', '4', '9', '8', '7', '12', '23', '26', '21', '2', '1', '19', '38', '14', '6', '31', '20', '25', '24', '18', '15']
Federated Accuracy: 0.8583366336633663
Configure Fit
server round: 72
[2024-03-11 00:08:46,837][flwr][DEBUG] - fit_round 72: strategy sampled 15 clients (out of 50)
[2024-03-11 00:11:59,869][flwr][DEBUG] - fit_round 72 received 15 results and 0 failures
individual accuracies [0.3339, 0.3346, 0.3283, 0.3379, 0.333, 0.3102, 0.3371, 0.3403, 0.3401, 0.3319, 0.3353]
malicious is ['0', '0', '0', '0', '0', '2', '0', '0', '0', '0', '0']
Number of Evil Clients: 4
Number of Preset Malicious Clients is 1
Number of Preset Benign Clients is 10
Average poisoning accuracy: 0.94316
accuracies is [(0.3403, -1), (0.33425, 0)]
accuracies is [(0.3403, -1), (0.33425, 0)]
Not the same
benign class is -1
malicious class is 0
record is 0
Final Clustering acc is 0.18181818181818182
benign record is ['11', '10', '22', '27', '4', '9', '8', '7', '12', '23', '26', '21', '2', '1', '19', '38', '14', '6', '31', '20', '25', '24', '18', '15']
key neurons are {}
Target label is 1
length of good results is 1 and length of bad results is 10
acc_diff is 0
Other cases
Evaluate
Global Poisoning Accuracy: 0.7979
[2024-03-11 00:12:31,887][flwr][INFO] - fit progress: (72, 256.9363417625427, {'accuracy': 0.3381}, 20346.259907396045)
Configure Evaluate
[2024-03-11 00:12:31,887][flwr][DEBUG] - evaluate_round 72: strategy sampled 50 clients (out of 50)
[2024-03-11 00:13:14,236][flwr][DEBUG] - evaluate_round 72 received 50 results and 0 failures
Aggregate evaluate
benign record is ['11', '10', '22', '27', '4', '9', '8', '7', '12', '23', '26', '21', '2', '1', '19', '38', '14', '6', '31', '20', '25', '24', '18', '15']
Federated Accuracy: 0.8568079207920793
Configure Fit
server round: 73
[2024-03-11 00:13:14,338][flwr][DEBUG] - fit_round 73: strategy sampled 15 clients (out of 50)
[2024-03-11 00:16:29,162][flwr][DEBUG] - fit_round 73 received 15 results and 0 failures
individual accuracies [0.3412, 0.3389, 0.3363, 0.3397, 0.3432, 0.3317, 0.3366, 0.3018, 0.3505, 0.3297, 0.3483]
malicious is ['0', '0', '0', '0', '0', '0', '0', '2', '0', '0', '0']
Number of Evil Clients: 4
Number of Preset Malicious Clients is 1
Number of Preset Benign Clients is 10
Average poisoning accuracy: 0.9449799999999999
accuracies is [(0.3317, -1), (0.3393, 0)]
accuracies is [(0.3317, -1), (0.3393, 0)]
Not the same
benign class is 0
malicious class is -1
record is 0
Final Clustering acc is 0.8181818181818182
benign record is ['11', '10', '22', '27', '4', '9', '8', '7', '12', '23', '26', '21', '2', '1', '19', '38', '14', '6', '31', '20', '25', '24', '18', '15']
key neurons are {}
Target label is 9
length of good results is 10 and length of bad results is 1
acc_diff is 0
Other cases
Evaluate
Global Poisoning Accuracy: 0.8171
[2024-03-11 00:17:01,962][flwr][INFO] - fit progress: (73, 252.33354234695435, {'accuracy': 0.3423}, 20616.334546014084)
Configure Evaluate
[2024-03-11 00:17:01,962][flwr][DEBUG] - evaluate_round 73: strategy sampled 50 clients (out of 50)
[2024-03-11 00:17:43,776][flwr][DEBUG] - evaluate_round 73 received 50 results and 0 failures
Aggregate evaluate
benign record is ['11', '10', '22', '27', '4', '9', '8', '7', '12', '23', '26', '21', '2', '1', '19', '38', '14', '6', '31', '20', '25', '24', '18', '15']
Federated Accuracy: 0.8567465346534653
Configure Fit
server round: 74
[2024-03-11 00:17:43,874][flwr][DEBUG] - fit_round 74: strategy sampled 15 clients (out of 50)
[2024-03-11 00:20:56,549][flwr][DEBUG] - fit_round 74 received 15 results and 0 failures
individual accuracies [0.3417, 0.3437, 0.3412, 0.3414, 0.3378, 0.3146, 0.3418, 0.3363, 0.2819, 0.3487]
malicious is ['0', '0', '0', '0', '0', '2', '0', '0', '2', '0']
Number of Evil Clients: 5
Number of Preset Malicious Clients is 2
Number of Preset Benign Clients is 8
Average poisoning accuracy: 0.934642857142857
accuracies is [(0.3418, -1), (0.3412, 0)]
accuracies is [(0.3418, -1), (0.3412, 0)]
Not the same
benign class is -1
malicious class is 0
record is 0
Final Clustering acc is 0.3
benign record is ['11', '10', '22', '27', '4', '9', '8', '7', '12', '23', '26', '21', '2', '1', '19', '38', '14', '6', '31', '20', '25', '24', '18', '15']
key neurons are {}
Target label is 8
length of good results is 1 and length of bad results is 9
acc_diff is 0
Other cases
Evaluate
Global Poisoning Accuracy: 0.7969
[2024-03-11 00:21:32,727][flwr][INFO] - fit progress: (74, 249.53726983070374, {'accuracy': 0.342}, 20887.10025164706)
Configure Evaluate
[2024-03-11 00:21:32,728][flwr][DEBUG] - evaluate_round 74: strategy sampled 50 clients (out of 50)
[2024-03-11 00:22:15,715][flwr][DEBUG] - evaluate_round 74 received 50 results and 0 failures
Aggregate evaluate
benign record is ['11', '10', '22', '27', '4', '9', '8', '7', '12', '23', '26', '21', '2', '1', '19', '38', '14', '6', '31', '20', '25', '24', '18', '15']
Federated Accuracy: 0.8502207920792079
Configure Fit
server round: 75
[2024-03-11 00:22:15,962][flwr][DEBUG] - fit_round 75: strategy sampled 15 clients (out of 50)
[2024-03-11 00:25:38,510][flwr][DEBUG] - fit_round 75 received 15 results and 0 failures
individual accuracies [0.3302, 0.3326, 0.3441, 0.3375, 0.3327, 0.3441, 0.345, 0.3388, 0.344, 0.3349]
malicious is ['0', '0', '0', '0', '0', '0', '0', '0', '0', '0']
Number of Evil Clients: 5
Number of Preset Malicious Clients is 0
Number of Preset Benign Clients is 10
Average poisoning accuracy: 0.91616
accuracies is [(0.344, -1), (0.3375, 0)]
accuracies is [(0.344, -1), (0.3375, 0)]
Not the same
benign class is -1
malicious class is 0
record is 0
Final Clustering acc is 0.3
benign record is ['11', '10', '22', '27', '4', '9', '8', '7', '12', '23', '26', '21', '2', '1', '19', '38', '14', '6', '31', '20', '25', '24', '18', '15']
key neurons are {}
Target label is 5
length of good results is 3 and length of bad results is 7
acc_diff is 0
Other cases
Evaluate
Global Poisoning Accuracy: 0.7825
[2024-03-11 00:26:10,606][flwr][INFO] - fit progress: (75, 241.20339739322662, {'accuracy': 0.3491}, 21164.979015810066)
Configure Evaluate
[2024-03-11 00:26:10,606][flwr][DEBUG] - evaluate_round 75: strategy sampled 50 clients (out of 50)
[2024-03-11 00:26:53,773][flwr][DEBUG] - evaluate_round 75 received 50 results and 0 failures
Aggregate evaluate
benign record is ['11', '10', '22', '27', '4', '9', '8', '7', '12', '23', '26', '21', '2', '1', '19', '38', '14', '6', '31', '20', '25', '24', '18', '15']
Federated Accuracy: 0.8551613861386139
Configure Fit
server round: 76
[2024-03-11 00:26:53,878][flwr][DEBUG] - fit_round 76: strategy sampled 15 clients (out of 50)
[2024-03-11 00:30:10,248][flwr][DEBUG] - fit_round 76 received 15 results and 0 failures
individual accuracies [0.3537, 0.3469, 0.3415, 0.3486, 0.3407, 0.3429, 0.3523, 0.3551, 0.3455, 0.3081]
malicious is ['0', '0', '0', '0', '0', '0', '0', '0', '0', '2']
Number of Evil Clients: 5
Number of Preset Malicious Clients is 1
Number of Preset Benign Clients is 9
Average poisoning accuracy: 0.94125
accuracies is [(0.3081, -1), (0.3469, 0)]
accuracies is [(0.3081, -1), (0.3469, 0)]
Not the same
benign class is 0
malicious class is -1
record is 0
Final Clustering acc is 1.0
benign record is ['11', '10', '22', '27', '4', '9', '8', '7', '12', '23', '26', '21', '2', '1', '19', '38', '14', '6', '31', '20', '25', '24', '18', '15']
key neurons are {}
Target label is 9
length of good results is 9 and length of bad results is 1
acc_diff is 0
Other cases
Evaluate
Global Poisoning Accuracy: 0.7829
[2024-03-11 00:30:45,871][flwr][INFO] - fit progress: (76, 239.465416431427, {'accuracy': 0.3515}, 21440.243929610006)
Configure Evaluate
[2024-03-11 00:30:45,871][flwr][DEBUG] - evaluate_round 76: strategy sampled 50 clients (out of 50)
[2024-03-11 00:31:29,040][flwr][DEBUG] - evaluate_round 76 received 50 results and 0 failures
Aggregate evaluate
benign record is ['11', '10', '22', '27', '4', '9', '8', '7', '12', '23', '26', '21', '2', '1', '19', '38', '14', '6', '31', '20', '25', '24', '18', '15']
Federated Accuracy: 0.8564306930693069
Configure Fit
server round: 77
[2024-03-11 00:31:29,167][flwr][DEBUG] - fit_round 77: strategy sampled 15 clients (out of 50)
[2024-03-11 00:34:48,767][flwr][DEBUG] - fit_round 77 received 15 results and 0 failures
individual accuracies [0.3494, 0.3418, 0.3536, 0.3508, 0.3474, 0.3461, 0.3546, 0.359, 0.3475, 0.3391, 0.315]
malicious is ['0', '0', '0', '0', '0', '0', '0', '0', '0', '0', '2']
Number of Evil Clients: 4
Number of Preset Malicious Clients is 1
Number of Preset Benign Clients is 10
Average poisoning accuracy: 0.90412
accuracies is [(0.3418, -1), (0.34845, 0)]
accuracies is [(0.3418, -1), (0.34845, 0)]
Not the same
benign class is 0
malicious class is -1
record is 0
Final Clustering acc is 0.8181818181818182
benign record is ['11', '10', '22', '27', '4', '9', '8', '7', '12', '23', '26', '21', '2', '1', '19', '38', '14', '6', '31', '20', '25', '24', '18', '15']
key neurons are {}
Target label is 9
length of good results is 10 and length of bad results is 1
acc_diff is 0
Other cases
Evaluate
Global Poisoning Accuracy: 0.7757
[2024-03-11 00:35:24,218][flwr][INFO] - fit progress: (77, 233.2238334417343, {'accuracy': 0.356}, 21718.59095799108)
Configure Evaluate
[2024-03-11 00:35:24,218][flwr][DEBUG] - evaluate_round 77: strategy sampled 50 clients (out of 50)
[2024-03-11 00:36:08,281][flwr][DEBUG] - evaluate_round 77 received 50 results and 0 failures
Aggregate evaluate
benign record is ['11', '10', '22', '27', '4', '9', '8', '7', '12', '23', '26', '21', '2', '1', '19', '38', '14', '6', '31', '20', '25', '24', '18', '15']
Federated Accuracy: 0.8601782178217823
Configure Fit
server round: 78
[2024-03-11 00:36:08,386][flwr][DEBUG] - fit_round 78: strategy sampled 15 clients (out of 50)
[2024-03-11 00:39:46,202][flwr][DEBUG] - fit_round 78 received 15 results and 0 failures
individual accuracies [0.3481, 0.3452, 0.3517, 0.3565, 0.3336, 0.3533, 0.3529]
malicious is ['0', '0', '0', '0', '0', '0', '0']
Number of Evil Clients: 8
Number of Preset Malicious Clients is 0
Number of Preset Benign Clients is 7
Average poisoning accuracy: 0.9233625
accuracies is [(0.3452, -1), (0.3523, 0)]
accuracies is [(0.3452, -1), (0.3523, 0)]
Not the same
benign class is 0
malicious class is -1
record is 0
Final Clustering acc is 0.8571428571428571
benign record is ['11', '10', '22', '27', '4', '9', '8', '7', '12', '23', '26', '21', '2', '1', '19', '38', '14', '6', '31', '20', '25', '24', '18', '15']
key neurons are {}
Target label is 9
length of good results is 6 and length of bad results is 1
acc_diff is 0
Other cases
Evaluate
Global Poisoning Accuracy: 0.7816
[2024-03-11 00:40:18,202][flwr][INFO] - fit progress: (78, 239.75523495674133, {'accuracy': 0.3548}, 22012.574560282985)
Configure Evaluate
[2024-03-11 00:40:18,202][flwr][DEBUG] - evaluate_round 78: strategy sampled 50 clients (out of 50)
[2024-03-11 00:41:00,764][flwr][DEBUG] - evaluate_round 78 received 50 results and 0 failures
Aggregate evaluate
benign record is ['11', '10', '22', '27', '4', '9', '8', '7', '12', '23', '26', '21', '2', '1', '19', '38', '14', '6', '31', '20', '25', '24', '18', '15']
Federated Accuracy: 0.8631752475247524
Configure Fit
server round: 79
[2024-03-11 00:41:00,981][flwr][DEBUG] - fit_round 79: strategy sampled 15 clients (out of 50)
[2024-03-11 00:44:43,988][flwr][DEBUG] - fit_round 79 received 15 results and 0 failures
individual accuracies [0.3558, 0.3515, 0.3373, 0.3458, 0.348, 0.3526]
malicious is ['0', '0', '0', '0', '0', '0']
Number of Evil Clients: 9
Number of Preset Malicious Clients is 0
Number of Preset Benign Clients is 6
Average poisoning accuracy: 0.9205444444444445
accuracies is [(0.3444, -1), (0.3503, 0)]
accuracies is [(0.3444, -1), (0.3503, 0)]
Not the same
benign class is 0
malicious class is -1
record is 0
Final Clustering acc is 0.6666666666666666
benign record is ['11', '10', '22', '27', '4', '9', '8', '7', '12', '23', '26', '21', '2', '1', '19', '38', '14', '6', '31', '20', '25', '24', '18', '15']
key neurons are {}
Target label is 9
length of good results is 4 and length of bad results is 2
acc_diff is 0
Other cases
Evaluate
Global Poisoning Accuracy: 0.8124
[2024-03-11 00:45:16,189][flwr][INFO] - fit progress: (79, 243.9814841747284, {'accuracy': 0.355}, 22310.561858714093)
Configure Evaluate
[2024-03-11 00:45:16,189][flwr][DEBUG] - evaluate_round 79: strategy sampled 50 clients (out of 50)
[2024-03-11 00:45:57,901][flwr][DEBUG] - evaluate_round 79 received 50 results and 0 failures
Aggregate evaluate
benign record is ['11', '10', '22', '27', '4', '9', '8', '7', '12', '23', '26', '21', '2', '1', '19', '38', '14', '6', '31', '20', '25', '24', '18', '15']
Federated Accuracy: 0.860357425742574
Configure Fit
server round: 80
[2024-03-11 00:45:58,017][flwr][DEBUG] - fit_round 80: strategy sampled 15 clients (out of 50)
[2024-03-11 00:49:40,764][flwr][DEBUG] - fit_round 80 received 15 results and 0 failures
individual accuracies [0.3435, 0.3459, 0.3525, 0.3412, 0.3482, 0.3551, 0.3574, 0.3391, 0.3265]
malicious is ['0', '0', '0', '0', '0', '0', '0', '0', '0']
Number of Evil Clients: 6
Number of Preset Malicious Clients is 0
Number of Preset Benign Clients is 9
Average poisoning accuracy: 0.9487499999999999
accuracies is [(0.34195, -1), (0.3459, 0)]
accuracies is [(0.34195, -1), (0.3459, 0)]
Not the same
benign class is 0
malicious class is -1
record is 0
Final Clustering acc is 0.7777777777777778
benign record is ['11', '10', '22', '27', '4', '9', '8', '7', '12', '23', '26', '21', '2', '1', '19', '38', '14', '6', '31', '20', '25', '24', '18', '15']
key neurons are {}
Target label is 9
length of good results is 7 and length of bad results is 2
acc_diff is 0
Other cases
Evaluate
Global Poisoning Accuracy: 0.8264
[2024-03-11 00:50:12,747][flwr][INFO] - fit progress: (80, 249.91797840595245, {'accuracy': 0.3486}, 22607.12014008907)
Configure Evaluate
[2024-03-11 00:50:12,747][flwr][DEBUG] - evaluate_round 80: strategy sampled 50 clients (out of 50)
[2024-03-11 00:50:55,907][flwr][DEBUG] - evaluate_round 80 received 50 results and 0 failures
Aggregate evaluate
benign record is ['11', '10', '22', '27', '4', '9', '8', '7', '12', '23', '26', '21', '2', '1', '19', '38', '14', '6', '31', '20', '25', '24', '18', '15']
Federated Accuracy: 0.8586079207920793
Configure Fit
server round: 81
[2024-03-11 00:50:56,008][flwr][DEBUG] - fit_round 81: strategy sampled 15 clients (out of 50)
[2024-03-11 00:54:04,550][flwr][DEBUG] - fit_round 81 received 15 results and 0 failures
individual accuracies [0.3456, 0.3434, 0.3493, 0.3581, 0.3488, 0.3479, 0.3452, 0.3564]
malicious is ['0', '0', '0', '0', '0', '0', '0', '0']
Number of Evil Clients: 7
Number of Preset Malicious Clients is 0
Number of Preset Benign Clients is 8
Average poisoning accuracy: 0.9234
accuracies is [(0.34835, 0)]
accuracies is [(0.34835, 0)]
Only one type of cluster
benign class is 0
malicious class is 10
record is 0
Final Clustering acc is 1.0
benign record is ['11', '10', '22', '27', '4', '9', '8', '7', '12', '23', '26', '21', '2', '1', '19', '38', '14', '6', '31', '20', '25', '24', '18', '15']
key neurons are {}
Target label is 9
length of good results is 8 and length of bad results is 0
acc_diff is 0
Other cases
Evaluate
Global Poisoning Accuracy: 0.8048
[2024-03-11 00:54:36,441][flwr][INFO] - fit progress: (81, 245.29564762115479, {'accuracy': 0.3523}, 22870.814050499)
Configure Evaluate
[2024-03-11 00:54:36,441][flwr][DEBUG] - evaluate_round 81: strategy sampled 50 clients (out of 50)
[2024-03-11 00:55:18,122][flwr][DEBUG] - evaluate_round 81 received 50 results and 0 failures
Aggregate evaluate
benign record is ['11', '10', '22', '27', '4', '9', '8', '7', '12', '23', '26', '21', '2', '1', '19', '38', '14', '6', '31', '20', '25', '24', '18', '15']
Federated Accuracy: 0.860190099009901
Configure Fit
server round: 82
[2024-03-11 00:55:18,239][flwr][DEBUG] - fit_round 82: strategy sampled 15 clients (out of 50)
[2024-03-11 00:58:25,731][flwr][DEBUG] - fit_round 82 received 15 results and 0 failures
individual accuracies [0.3562, 0.353, 0.345, 0.3437, 0.3579, 0.3488, 0.356, 0.351, 0.3419, 0.3508]
malicious is ['0', '0', '0', '0', '0', '0', '0', '0', '0', '0']
Number of Evil Clients: 5
Number of Preset Malicious Clients is 0
Number of Preset Benign Clients is 10
Average poisoning accuracy: 0.94446
accuracies is [(0.356, -1), (0.3508, 0)]
accuracies is [(0.356, -1), (0.3508, 0)]
Not the same
benign class is -1
malicious class is 0
record is 0
Final Clustering acc is 0.3
benign record is ['11', '10', '22', '27', '4', '9', '8', '7', '12', '23', '26', '21', '2', '1', '19', '38', '14', '6', '31', '20', '25', '24', '18', '15']
key neurons are {}
Target label is 0
length of good results is 3 and length of bad results is 7
acc_diff is 0
Other cases
Evaluate
Global Poisoning Accuracy: 0.7065
[2024-03-11 00:58:57,611][flwr][INFO] - fit progress: (82, 232.5388629436493, {'accuracy': 0.359}, 23131.984300862066)
Configure Evaluate
[2024-03-11 00:58:57,612][flwr][DEBUG] - evaluate_round 82: strategy sampled 50 clients (out of 50)
[2024-03-11 00:59:40,188][flwr][DEBUG] - evaluate_round 82 received 50 results and 0 failures
Aggregate evaluate
benign record is ['11', '10', '22', '27', '4', '9', '8', '7', '12', '23', '26', '21', '2', '1', '19', '38', '14', '6', '31', '20', '25', '24', '18', '15']
Federated Accuracy: 0.8616356435643563
Configure Fit
server round: 83
[2024-03-11 00:59:40,407][flwr][DEBUG] - fit_round 83: strategy sampled 15 clients (out of 50)
[2024-03-11 01:03:07,943][flwr][DEBUG] - fit_round 83 received 15 results and 0 failures
individual accuracies [0.3595, 0.3173, 0.3573, 0.3504, 0.3504, 0.3586, 0.3391, 0.3538, 0.3462, 0.3624]
malicious is ['0', '2', '0', '0', '0', '0', '0', '0', '0', '0']
Number of Evil Clients: 5
Number of Preset Malicious Clients is 1
Number of Preset Benign Clients is 9
Average poisoning accuracy: 0.9338500000000001
accuracies is [(0.35209999999999997, 0)]
accuracies is [(0.35209999999999997, 0)]
Only one type of cluster
benign class is 0
malicious class is 10
record is 0
Final Clustering acc is 0.9
benign record is ['11', '10', '22', '27', '4', '9', '8', '7', '12', '23', '26', '21', '2', '1', '19', '38', '14', '6', '31', '20', '25', '24', '18', '15']
key neurons are {}
Target label is 9
length of good results is 10 and length of bad results is 0
acc_diff is 0
Other cases
Evaluate
Global Poisoning Accuracy: 0.7691
[2024-03-11 01:03:43,286][flwr][INFO] - fit progress: (83, 236.71570920944214, {'accuracy': 0.3551}, 23417.65905852907)
Configure Evaluate
[2024-03-11 01:03:43,286][flwr][DEBUG] - evaluate_round 83: strategy sampled 50 clients (out of 50)
[2024-03-11 01:04:25,664][flwr][DEBUG] - evaluate_round 83 received 50 results and 0 failures
Aggregate evaluate
benign record is ['11', '10', '22', '27', '4', '9', '8', '7', '12', '23', '26', '21', '2', '1', '19', '38', '14', '6', '31', '20', '25', '24', '18', '15']
Federated Accuracy: 0.8628950495049506
Configure Fit
server round: 84
[2024-03-11 01:04:25,769][flwr][DEBUG] - fit_round 84: strategy sampled 15 clients (out of 50)
[2024-03-11 01:07:24,364][flwr][DEBUG] - fit_round 84 received 15 results and 0 failures
individual accuracies [0.3487, 0.3465, 0.3475, 0.3201, 0.3459, 0.3469, 0.3417, 0.3402, 0.3161, 0.3498, 0.3406]
malicious is ['0', '0', '0', '2', '0', '0', '0', '0', '2', '0', '0']
Number of Evil Clients: 4
Number of Preset Malicious Clients is 2
Number of Preset Benign Clients is 9
Average poisoning accuracy: 0.9437166666666666
accuracies is [(0.34619999999999995, 0), (0.3201, 1)]
accuracies is [(0.34619999999999995, 0), (0.3201, 1)]
Not the same
benign class is 0
malicious class is 1
record is 0
Final Clustering acc is 0.9090909090909091
benign record is ['11', '10', '22', '27', '4', '9', '8', '7', '12', '23', '26', '21', '2', '1', '19', '38', '14', '6', '31', '20', '25', '24', '18', '15']
key neurons are {}
Target label is 9
length of good results is 8 and length of bad results is 3
acc_diff is 0
Other cases
Evaluate
Global Poisoning Accuracy: 0.8087
[2024-03-11 01:07:58,903][flwr][INFO] - fit progress: (84, 248.5072911977768, {'accuracy': 0.3529}, 23673.27604593709)
Configure Evaluate
[2024-03-11 01:07:58,903][flwr][DEBUG] - evaluate_round 84: strategy sampled 50 clients (out of 50)
[2024-03-11 01:08:42,580][flwr][DEBUG] - evaluate_round 84 received 50 results and 0 failures
Aggregate evaluate
benign record is ['11', '10', '22', '27', '4', '9', '8', '7', '12', '23', '26', '21', '2', '1', '19', '38', '14', '6', '31', '20', '25', '24', '18', '15']
Federated Accuracy: 0.8622138613861385
Configure Fit
server round: 85
[2024-03-11 01:08:42,804][flwr][DEBUG] - fit_round 85: strategy sampled 15 clients (out of 50)
[2024-03-11 01:12:34,969][flwr][DEBUG] - fit_round 85 received 15 results and 0 failures
individual accuracies [0.3518, 0.3481, 0.3496, 0.354, 0.3594, 0.3479, 0.3577, 0.3558, 0.3499]
malicious is ['0', '0', '0', '0', '0', '0', '0', '0', '0']
Number of Evil Clients: 6
Number of Preset Malicious Clients is 0
Number of Preset Benign Clients is 9
Average poisoning accuracy: 0.9023
accuracies is [(0.3518, 0)]
accuracies is [(0.3518, 0)]
Only one type of cluster
benign class is 0
malicious class is 10
record is 0
Final Clustering acc is 1.0
benign record is ['11', '10', '22', '27', '4', '9', '8', '7', '12', '23', '26', '21', '2', '1', '19', '38', '14', '6', '31', '20', '25', '24', '18', '15']
key neurons are {}
Target label is 9
length of good results is 9 and length of bad results is 0
acc_diff is 0
Other cases
Evaluate
Global Poisoning Accuracy: 0.7674
[2024-03-11 01:13:06,756][flwr][INFO] - fit progress: (85, 237.61292827129364, {'accuracy': 0.3587}, 23981.12871062709)
Configure Evaluate
[2024-03-11 01:13:06,756][flwr][DEBUG] - evaluate_round 85: strategy sampled 50 clients (out of 50)
[2024-03-11 01:13:50,139][flwr][DEBUG] - evaluate_round 85 received 50 results and 0 failures
Aggregate evaluate
benign record is ['11', '10', '22', '27', '4', '9', '8', '7', '12', '23', '26', '21', '2', '1', '19', '38', '14', '6', '31', '20', '25', '24', '18', '15']
Federated Accuracy: 0.8618584158415841
Configure Fit
server round: 86
[2024-03-11 01:13:50,236][flwr][DEBUG] - fit_round 86: strategy sampled 15 clients (out of 50)
[2024-03-11 01:17:21,950][flwr][DEBUG] - fit_round 86 received 15 results and 0 failures
individual accuracies [0.3568, 0.3595, 0.3466, 0.3457, 0.3541, 0.3093, 0.3459, 0.3612, 0.2773, 0.346]
malicious is ['0', '0', '0', '0', '0', '2', '0', '0', '2', '0']
Number of Evil Clients: 5
Number of Preset Malicious Clients is 2
Number of Preset Benign Clients is 8
Average poisoning accuracy: 0.9024428571428571
accuracies is [(0.3457, -1), (0.3466, 0)]
accuracies is [(0.3457, -1), (0.3466, 0)]
Not the same
benign class is 0
malicious class is -1
record is 0
Final Clustering acc is 0.7
benign record is ['11', '10', '22', '27', '4', '9', '8', '7', '12', '23', '26', '21', '2', '1', '19', '38', '14', '6', '31', '20', '25', '24', '18', '15']
key neurons are {}
Target label is 9
length of good results is 9 and length of bad results is 1
acc_diff is 0
Other cases
Evaluate
Global Poisoning Accuracy: 0.8303
[2024-03-11 01:17:57,602][flwr][INFO] - fit progress: (86, 249.62439262866974, {'accuracy': 0.3487}, 24271.975345008075)
Configure Evaluate
[2024-03-11 01:17:57,603][flwr][DEBUG] - evaluate_round 86: strategy sampled 50 clients (out of 50)
[2024-03-11 01:18:41,114][flwr][DEBUG] - evaluate_round 86 received 50 results and 0 failures
Aggregate evaluate
benign record is ['11', '10', '22', '27', '4', '9', '8', '7', '12', '23', '26', '21', '2', '1', '19', '38', '14', '6', '31', '20', '25', '24', '18', '15']
Federated Accuracy: 0.8626693069306932
Configure Fit
server round: 87
[2024-03-11 01:18:41,234][flwr][DEBUG] - fit_round 87: strategy sampled 15 clients (out of 50)
[2024-03-11 01:21:54,982][flwr][DEBUG] - fit_round 87 received 15 results and 0 failures
individual accuracies [0.3395, 0.3472, 0.3439, 0.3378, 0.3339, 0.3413, 0.3514, 0.344, 0.3091, 0.3336]
malicious is ['0', '0', '0', '0', '0', '0', '0', '0', '2', '0']
Number of Evil Clients: 5
Number of Preset Malicious Clients is 1
Number of Preset Benign Clients is 9
Average poisoning accuracy: 0.9085
accuracies is [(0.3336, -1), (0.3413, 0)]
accuracies is [(0.3336, -1), (0.3413, 0)]
Not the same
benign class is 0
malicious class is -1
record is 0
Final Clustering acc is 0.8
benign record is ['11', '10', '22', '27', '4', '9', '8', '7', '12', '23', '26', '21', '2', '1', '19', '38', '14', '6', '31', '20', '25', '24', '18', '15']
key neurons are {}
Target label is 9
length of good results is 9 and length of bad results is 1
acc_diff is 0
Other cases
Evaluate
Global Poisoning Accuracy: 0.8729
[2024-03-11 01:22:28,003][flwr][INFO] - fit progress: (87, 272.78565645217896, {'accuracy': 0.346}, 24542.37574119901)
Configure Evaluate
[2024-03-11 01:22:28,003][flwr][DEBUG] - evaluate_round 87: strategy sampled 50 clients (out of 50)
[2024-03-11 01:23:10,447][flwr][DEBUG] - evaluate_round 87 received 50 results and 0 failures
Aggregate evaluate
benign record is ['11', '10', '22', '27', '4', '9', '8', '7', '12', '23', '26', '21', '2', '1', '19', '38', '14', '6', '31', '20', '25', '24', '18', '15']
Federated Accuracy: 0.863278217821782
Configure Fit
server round: 88
[2024-03-11 01:23:10,552][flwr][DEBUG] - fit_round 88: strategy sampled 15 clients (out of 50)
[2024-03-11 01:26:50,390][flwr][DEBUG] - fit_round 88 received 15 results and 0 failures
individual accuracies [0.3415, 0.3189, 0.3337, 0.3397, 0.3359, 0.3439, 0.3472, 0.3277, 0.3394, 0.3417]
malicious is ['0', '2', '0', '0', '0', '0', '0', '0', '0', '0']
Number of Evil Clients: 5
Number of Preset Malicious Clients is 1
Number of Preset Benign Clients is 9
Average poisoning accuracy: 0.9461666666666666
accuracies is [(0.33955, 0)]
accuracies is [(0.33955, 0)]
Only one type of cluster
benign class is 0
malicious class is 10
record is 0
Final Clustering acc is 0.9
benign record is ['11', '10', '22', '27', '4', '9', '8', '7', '12', '23', '26', '21', '2', '1', '19', '38', '14', '6', '31', '20', '25', '24', '18', '15']
key neurons are {}
Target label is 9
length of good results is 10 and length of bad results is 0
acc_diff is 0
Other cases
Evaluate
Global Poisoning Accuracy: 0.8695
[2024-03-11 01:27:24,527][flwr][INFO] - fit progress: (88, 272.5387660264969, {'accuracy': 0.347}, 24838.900067472016)
Configure Evaluate
[2024-03-11 01:27:24,527][flwr][DEBUG] - evaluate_round 88: strategy sampled 50 clients (out of 50)
[2024-03-11 01:28:06,914][flwr][DEBUG] - evaluate_round 88 received 50 results and 0 failures
Aggregate evaluate
benign record is ['11', '10', '22', '27', '4', '9', '8', '7', '12', '23', '26', '21', '2', '1', '19', '38', '14', '6', '31', '20', '25', '24', '18', '15']
Federated Accuracy: 0.864948514851485
Configure Fit
server round: 89
[2024-03-11 01:28:07,011][flwr][DEBUG] - fit_round 89: strategy sampled 15 clients (out of 50)
[2024-03-11 01:31:15,770][flwr][DEBUG] - fit_round 89 received 15 results and 0 failures
individual accuracies [0.3351, 0.3444, 0.341, 0.3396, 0.3382, 0.3472, 0.3322, 0.3368, 0.3332, 0.3439, 0.3309, 0.327]
malicious is ['0', '0', '0', '0', '0', '0', '0', '0', '0', '0', '0', '2']
Number of Evil Clients: 3
Number of Preset Malicious Clients is 1
Number of Preset Benign Clients is 11
Average poisoning accuracy: 0.9084
accuracies is [(0.3375, 0)]
accuracies is [(0.3375, 0)]
Only one type of cluster
benign class is 0
malicious class is 10
record is 0
Final Clustering acc is 0.9166666666666666
benign record is ['11', '10', '22', '27', '4', '9', '8', '7', '12', '23', '26', '21', '2', '1', '19', '38', '14', '6', '31', '20', '25', '24', '18', '15']
key neurons are {}
Target label is 9
length of good results is 12 and length of bad results is 0
acc_diff is 0
Other cases
Evaluate
Global Poisoning Accuracy: 0.87
[2024-03-11 01:31:47,890][flwr][INFO] - fit progress: (89, 270.71913516521454, {'accuracy': 0.3477}, 25102.262922556023)
Configure Evaluate
[2024-03-11 01:31:47,890][flwr][DEBUG] - evaluate_round 89: strategy sampled 50 clients (out of 50)
[2024-03-11 01:32:29,887][flwr][DEBUG] - evaluate_round 89 received 50 results and 0 failures
Aggregate evaluate
benign record is ['11', '10', '22', '27', '4', '9', '8', '7', '12', '23', '26', '21', '2', '1', '19', '38', '14', '6', '31', '20', '25', '24', '18', '15']
Federated Accuracy: 0.8657425742574256
Configure Fit
server round: 90
[2024-03-11 01:32:30,006][flwr][DEBUG] - fit_round 90: strategy sampled 15 clients (out of 50)
[2024-03-11 01:35:56,654][flwr][DEBUG] - fit_round 90 received 15 results and 0 failures
individual accuracies [0.3408, 0.3388, 0.344, 0.3423, 0.3471, 0.3393, 0.3427, 0.2906, 0.3385, 0.3368, 0.334]
malicious is ['0', '0', '0', '0', '0', '0', '0', '2', '0', '0', '0']
Number of Evil Clients: 4
Number of Preset Malicious Clients is 1
Number of Preset Benign Clients is 10
Average poisoning accuracy: 0.9345800000000001
accuracies is [(0.3368, -1), (0.34004999999999996, 0)]
accuracies is [(0.3368, -1), (0.34004999999999996, 0)]
Not the same
benign class is 0
malicious class is -1
record is 0
Final Clustering acc is 0.8181818181818182
benign record is ['11', '10', '22', '27', '4', '9', '8', '7', '12', '23', '26', '21', '2', '1', '19', '38', '14', '6', '31', '20', '25', '24', '18', '15']
key neurons are {}
Target label is 9
length of good results is 10 and length of bad results is 1
acc_diff is 0
Other cases
Evaluate
Global Poisoning Accuracy: 0.8831
[2024-03-11 01:36:29,012][flwr][INFO] - fit progress: (90, 276.83476209640503, {'accuracy': 0.3439}, 25383.38473670499)
Configure Evaluate
[2024-03-11 01:36:29,012][flwr][DEBUG] - evaluate_round 90: strategy sampled 50 clients (out of 50)
[2024-03-11 01:37:11,897][flwr][DEBUG] - evaluate_round 90 received 50 results and 0 failures
Aggregate evaluate
benign record is ['11', '10', '22', '27', '4', '9', '8', '7', '12', '23', '26', '21', '2', '1', '19', '38', '14', '6', '31', '20', '25', '24', '18', '15']
Federated Accuracy: 0.8632188118811879
Configure Fit
server round: 91
[2024-03-11 01:37:11,995][flwr][DEBUG] - fit_round 91: strategy sampled 15 clients (out of 50)
[2024-03-11 01:40:35,260][flwr][DEBUG] - fit_round 91 received 15 results and 0 failures
individual accuracies [0.3329, 0.338, 0.3433, 0.337, 0.3351, 0.3407, 0.3365]
malicious is ['0', '0', '0', '0', '0', '0', '0']
Number of Evil Clients: 8
Number of Preset Malicious Clients is 0
Number of Preset Benign Clients is 7
Average poisoning accuracy: 0.9203375
accuracies is [(0.3365, -1), (0.3375, 0)]
accuracies is [(0.3365, -1), (0.3375, 0)]
Not the same
benign class is 0
malicious class is -1
record is 0
Final Clustering acc is 0.8571428571428571
benign record is ['11', '10', '22', '27', '4', '9', '8', '7', '12', '23', '26', '21', '2', '1', '19', '38', '14', '6', '31', '20', '25', '24', '18', '15']
key neurons are {}
Target label is 9
length of good results is 6 and length of bad results is 1
acc_diff is 0
Other cases
Evaluate
Global Poisoning Accuracy: 0.8893
[2024-03-11 01:41:07,000][flwr][INFO] - fit progress: (91, 280.7575099468231, {'accuracy': 0.3425}, 25661.372683707043)
Configure Evaluate
[2024-03-11 01:41:07,000][flwr][DEBUG] - evaluate_round 91: strategy sampled 50 clients (out of 50)
[2024-03-11 01:41:51,670][flwr][DEBUG] - evaluate_round 91 received 50 results and 0 failures
Aggregate evaluate
benign record is ['11', '10', '22', '27', '4', '9', '8', '7', '12', '23', '26', '21', '2', '1', '19', '38', '14', '6', '31', '20', '25', '24', '18', '15']
Federated Accuracy: 0.8626455445544554
Configure Fit
server round: 92
[2024-03-11 01:41:51,892][flwr][DEBUG] - fit_round 92: strategy sampled 15 clients (out of 50)
[2024-03-11 01:45:52,473][flwr][DEBUG] - fit_round 92 received 15 results and 0 failures
individual accuracies [0.3369, 0.3472, 0.3057, 0.3422, 0.3375, 0.3342, 0.3433, 0.2945, 0.3376, 0.3305]
malicious is ['0', '0', '2', '0', '0', '0', '0', '2', '0', '0']
Number of Evil Clients: 5
Number of Preset Malicious Clients is 2
Number of Preset Benign Clients is 8
Average poisoning accuracy: 0.8888285714285713
accuracies is [(0.33235000000000003, -1), (0.33755, 0)]
accuracies is [(0.33235000000000003, -1), (0.33755, 0)]
Not the same
benign class is 0
malicious class is -1
record is 0
Final Clustering acc is 0.6
benign record is ['11', '10', '22', '27', '4', '9', '8', '7', '12', '23', '26', '21', '2', '1', '19', '38', '14', '6', '31', '20', '25', '24', '18', '15']
key neurons are {}
Target label is 9
length of good results is 8 and length of bad results is 2
acc_diff is 0
Other cases
Evaluate
Global Poisoning Accuracy: 0.8922
[2024-03-11 01:46:27,771][flwr][INFO] - fit progress: (92, 277.03353548049927, {'accuracy': 0.3415}, 25982.144025939982)
Configure Evaluate
[2024-03-11 01:46:27,771][flwr][DEBUG] - evaluate_round 92: strategy sampled 50 clients (out of 50)
[2024-03-11 01:47:11,837][flwr][DEBUG] - evaluate_round 92 received 50 results and 0 failures
Aggregate evaluate
benign record is ['11', '10', '22', '27', '4', '9', '8', '7', '12', '23', '26', '21', '2', '1', '19', '38', '14', '6', '31', '20', '25', '24', '18', '15']
Federated Accuracy: 0.8630930693069305
Configure Fit
server round: 93
[2024-03-11 01:47:11,940][flwr][DEBUG] - fit_round 93: strategy sampled 15 clients (out of 50)
[2024-03-11 01:50:22,855][flwr][DEBUG] - fit_round 93 received 15 results and 0 failures
individual accuracies [0.328, 0.3365, 0.3359, 0.3347, 0.3334, 0.338, 0.3278, 0.3371, 0.3304]
malicious is ['0', '0', '0', '0', '0', '0', '0', '0', '0']
Number of Evil Clients: 6
Number of Preset Malicious Clients is 0
Number of Preset Benign Clients is 9
Average poisoning accuracy: 0.9393166666666667
accuracies is [(0.3278, -1), (0.3353, 0)]
accuracies is [(0.3278, -1), (0.3353, 0)]
Not the same
benign class is 0
malicious class is -1
record is 0
Final Clustering acc is 0.8888888888888888
benign record is ['11', '10', '22', '27', '4', '9', '8', '7', '12', '23', '26', '21', '2', '1', '19', '38', '14', '6', '31', '20', '25', '24', '18', '15']
key neurons are {}
Target label is 9
length of good results is 8 and length of bad results is 1
acc_diff is 0
Other cases
Evaluate
Global Poisoning Accuracy: 0.9031
[2024-03-11 01:50:53,871][flwr][INFO] - fit progress: (93, 292.9093005657196, {'accuracy': 0.3405}, 26248.244148278027)
Configure Evaluate
[2024-03-11 01:50:53,871][flwr][DEBUG] - evaluate_round 93: strategy sampled 50 clients (out of 50)
[2024-03-11 01:51:37,257][flwr][DEBUG] - evaluate_round 93 received 50 results and 0 failures
Aggregate evaluate
benign record is ['11', '10', '22', '27', '4', '9', '8', '7', '12', '23', '26', '21', '2', '1', '19', '38', '14', '6', '31', '20', '25', '24', '18', '15']
Federated Accuracy: 0.8640217821782178
Configure Fit
server round: 94
[2024-03-11 01:51:37,491][flwr][DEBUG] - fit_round 94: strategy sampled 15 clients (out of 50)
[2024-03-11 01:55:00,904][flwr][DEBUG] - fit_round 94 received 15 results and 0 failures
individual accuracies [0.333, 0.316, 0.3303, 0.3361, 0.2908, 0.3243, 0.3281, 0.3424, 0.3322, 0.3384, 0.3344]
malicious is ['0', '2', '0', '0', '2', '0', '0', '0', '0', '0', '0']
Number of Evil Clients: 4
Number of Preset Malicious Clients is 2
Number of Preset Benign Clients is 9
Average poisoning accuracy: 0.9506333333333332
accuracies is [(0.3303, -1), (0.3326, 0)]
accuracies is [(0.3303, -1), (0.3326, 0)]
Not the same
benign class is 0
malicious class is -1
record is 0
Final Clustering acc is 0.7272727272727273
benign record is ['11', '10', '22', '27', '4', '9', '8', '7', '12', '23', '26', '21', '2', '1', '19', '38', '14', '6', '31', '20', '25', '24', '18', '15']
key neurons are {}
Target label is 9
length of good results is 10 and length of bad results is 1
acc_diff is 0
Other cases
Evaluate
Global Poisoning Accuracy: 0.9071
[2024-03-11 01:55:35,454][flwr][INFO] - fit progress: (94, 290.5617079734802, {'accuracy': 0.3383}, 26529.82685802004)
Configure Evaluate
[2024-03-11 01:55:35,454][flwr][DEBUG] - evaluate_round 94: strategy sampled 50 clients (out of 50)
[2024-03-11 01:56:18,924][flwr][DEBUG] - evaluate_round 94 received 50 results and 0 failures
Aggregate evaluate
benign record is ['11', '10', '22', '27', '4', '9', '8', '7', '12', '23', '26', '21', '2', '1', '19', '38', '14', '6', '31', '20', '25', '24', '18', '15']
Federated Accuracy: 0.8638712871287128
Configure Fit
server round: 95
[2024-03-11 01:56:19,103][flwr][DEBUG] - fit_round 95: strategy sampled 15 clients (out of 50)
[2024-03-11 01:59:26,423][flwr][DEBUG] - fit_round 95 received 15 results and 0 failures
individual accuracies [0.3221, 0.3206, 0.3295, 0.3322, 0.3319, 0.3322, 0.3349, 0.3258, 0.3112, 0.3223]
malicious is ['0', '0', '0', '0', '0', '0', '0', '0', '2', '0']
Number of Evil Clients: 5
Number of Preset Malicious Clients is 1
Number of Preset Benign Clients is 9
Average poisoning accuracy: 0.9536166666666667
accuracies is [(0.32505, -1), (0.32885, 0)]
accuracies is [(0.32505, -1), (0.32885, 0)]
Not the same
benign class is 0
malicious class is -1
record is 0
Final Clustering acc is 0.7
benign record is ['11', '10', '22', '27', '4', '9', '8', '7', '12', '23', '26', '21', '2', '1', '19', '38', '14', '6', '31', '20', '25', '24', '18', '15']
key neurons are {}
Target label is 9
length of good results is 8 and length of bad results is 2
acc_diff is 0
Other cases
Evaluate
Global Poisoning Accuracy: 0.9253
[2024-03-11 02:00:00,335][flwr][INFO] - fit progress: (95, 305.0616207122803, {'accuracy': 0.3348}, 26794.70764981408)
Configure Evaluate
[2024-03-11 02:00:00,335][flwr][DEBUG] - evaluate_round 95: strategy sampled 50 clients (out of 50)
[2024-03-11 02:00:44,234][flwr][DEBUG] - evaluate_round 95 received 50 results and 0 failures
Aggregate evaluate
benign record is ['11', '10', '22', '27', '4', '9', '8', '7', '12', '23', '26', '21', '2', '1', '19', '38', '14', '6', '31', '20', '25', '24', '18', '15']
Federated Accuracy: 0.8640188118811879
Configure Fit
server round: 96
[2024-03-11 02:00:44,337][flwr][DEBUG] - fit_round 96: strategy sampled 15 clients (out of 50)
[2024-03-11 02:04:13,874][flwr][DEBUG] - fit_round 96 received 15 results and 0 failures
individual accuracies [0.3325, 0.3357, 0.3296, 0.3278, 0.3244, 0.3363, 0.3249, 0.3311, 0.3351, 0.3212, 0.3363]
malicious is ['0', '0', '0', '0', '0', '0', '0', '0', '0', '0', '0']
Number of Evil Clients: 4
Number of Preset Malicious Clients is 0
Number of Preset Benign Clients is 11
Average poisoning accuracy: 0.915875
accuracies is [(0.3244, -1), (0.3318, 0)]
accuracies is [(0.3244, -1), (0.3318, 0)]
Not the same
benign class is 0
malicious class is -1
record is 0
Final Clustering acc is 0.9090909090909091
benign record is ['11', '10', '22', '27', '4', '9', '8', '7', '12', '23', '26', '21', '2', '1', '19', '38', '14', '6', '31', '20', '25', '24', '18', '15']
key neurons are {}
Target label is 9
length of good results is 10 and length of bad results is 1
acc_diff is 0
Other cases
Evaluate
Global Poisoning Accuracy: 0.9103
[2024-03-11 02:04:45,382][flwr][INFO] - fit progress: (96, 290.3344957828522, {'accuracy': 0.3414}, 27079.75451785908)
Configure Evaluate
[2024-03-11 02:04:45,382][flwr][DEBUG] - evaluate_round 96: strategy sampled 50 clients (out of 50)
[2024-03-11 02:05:27,708][flwr][DEBUG] - evaluate_round 96 received 50 results and 0 failures
Aggregate evaluate
benign record is ['11', '10', '22', '27', '4', '9', '8', '7', '12', '23', '26', '21', '2', '1', '19', '38', '14', '6', '31', '20', '25', '24', '18', '15']
Federated Accuracy: 0.8624108910891091
Configure Fit
server round: 97
[2024-03-11 02:05:27,803][flwr][DEBUG] - fit_round 97: strategy sampled 15 clients (out of 50)
[2024-03-11 02:09:10,029][flwr][DEBUG] - fit_round 97 received 15 results and 0 failures
individual accuracies [0.3095, 0.3362, 0.3343, 0.3416, 0.3294, 0.324, 0.3324, 0.34, 0.3297, 0.3321]
malicious is ['2', '0', '0', '0', '0', '0', '0', '0', '0', '0']
Number of Evil Clients: 5
Number of Preset Malicious Clients is 1
Number of Preset Benign Clients is 9
Average poisoning accuracy: 0.9108333333333333
accuracies is [(0.3297, -1), (0.3324, 0)]
accuracies is [(0.3297, -1), (0.3324, 0)]
Not the same
benign class is 0
malicious class is -1
record is 0
Final Clustering acc is 0.6
benign record is ['11', '10', '22', '27', '4', '9', '8', '7', '12', '23', '26', '21', '2', '1', '19', '38', '14', '6', '31', '20', '25', '24', '18', '15']
key neurons are {}
Target label is 0
length of good results is 7 and length of bad results is 3
acc_diff is 0
Other cases
Evaluate
Global Poisoning Accuracy: 0.9077
[2024-03-11 02:09:43,205][flwr][INFO] - fit progress: (97, 286.8969933986664, {'accuracy': 0.3395}, 27377.57846821507)
Configure Evaluate
[2024-03-11 02:09:43,206][flwr][DEBUG] - evaluate_round 97: strategy sampled 50 clients (out of 50)
[2024-03-11 02:10:26,667][flwr][DEBUG] - evaluate_round 97 received 50 results and 0 failures
Aggregate evaluate
benign record is ['11', '10', '22', '27', '4', '9', '8', '7', '12', '23', '26', '21', '2', '1', '19', '38', '14', '6', '31', '20', '25', '24', '18', '15']
Federated Accuracy: 0.8657178217821783
Configure Fit
server round: 98
[2024-03-11 02:10:26,766][flwr][DEBUG] - fit_round 98: strategy sampled 15 clients (out of 50)
[2024-03-11 02:13:36,537][flwr][DEBUG] - fit_round 98 received 15 results and 0 failures
individual accuracies [0.3275, 0.3346, 0.3309, 0.3388, 0.3336, 0.3378, 0.3204, 0.3348, 0.3316]
malicious is ['0', '0', '0', '0', '0', '0', '0', '0', '0']
Number of Evil Clients: 6
Number of Preset Malicious Clients is 0
Number of Preset Benign Clients is 9
Average poisoning accuracy: 0.9468333333333333
accuracies is [(0.3316, -1), (0.3341, 0)]
accuracies is [(0.3316, -1), (0.3341, 0)]
Not the same
benign class is 0
malicious class is -1
record is 0
Final Clustering acc is 0.6666666666666666
benign record is ['11', '10', '22', '27', '4', '9', '8', '7', '12', '23', '26', '21', '2', '1', '19', '38', '14', '6', '31', '20', '25', '24', '18', '15']
key neurons are {}
Target label is 9
length of good results is 6 and length of bad results is 3
acc_diff is 0
Other cases
Evaluate
Global Poisoning Accuracy: 0.9049
[2024-03-11 02:14:08,181][flwr][INFO] - fit progress: (98, 290.2278161048889, {'accuracy': 0.3406}, 27642.55442083499)
Configure Evaluate
[2024-03-11 02:14:08,182][flwr][DEBUG] - evaluate_round 98: strategy sampled 50 clients (out of 50)
[2024-03-11 02:14:50,897][flwr][DEBUG] - evaluate_round 98 received 50 results and 0 failures
Aggregate evaluate
benign record is ['11', '10', '22', '27', '4', '9', '8', '7', '12', '23', '26', '21', '2', '1', '19', '38', '14', '6', '31', '20', '25', '24', '18', '15']
Federated Accuracy: 0.8638841584158417
Configure Fit
server round: 99
[2024-03-11 02:14:51,012][flwr][DEBUG] - fit_round 99: strategy sampled 15 clients (out of 50)
[2024-03-11 02:18:00,058][flwr][DEBUG] - fit_round 99 received 15 results and 0 failures
individual accuracies [0.3375, 0.3349, 0.3359, 0.3367, 0.3299, 0.3414, 0.3191, 0.3263, 0.3372, 0.335, 0.3412]
malicious is ['0', '0', '0', '0', '0', '0', '0', '0', '0', '0', '0']
Number of Evil Clients: 4
Number of Preset Malicious Clients is 0
Number of Preset Benign Clients is 11
Average poisoning accuracy: 0.94325
accuracies is [(0.3306, -1), (0.3367, 0)]
accuracies is [(0.3306, -1), (0.3367, 0)]
Not the same
benign class is 0
malicious class is -1
record is 0
Final Clustering acc is 0.8181818181818182
benign record is ['11', '10', '22', '27', '4', '9', '8', '7', '12', '23', '26', '21', '2', '1', '19', '38', '14', '6', '31', '20', '25', '24', '18', '15']
key neurons are {}
Target label is 9
length of good results is 9 and length of bad results is 2
acc_diff is 0
Other cases
Evaluate
Global Poisoning Accuracy: 0.8942
[2024-03-11 02:18:31,086][flwr][INFO] - fit progress: (99, 286.57391929626465, {'accuracy': 0.3437}, 27905.459268113016)
Configure Evaluate
[2024-03-11 02:18:31,087][flwr][DEBUG] - evaluate_round 99: strategy sampled 50 clients (out of 50)
[2024-03-11 02:19:15,039][flwr][DEBUG] - evaluate_round 99 received 50 results and 0 failures
Aggregate evaluate
benign record is ['11', '10', '22', '27', '4', '9', '8', '7', '12', '23', '26', '21', '2', '1', '19', '38', '14', '6', '31', '20', '25', '24', '18', '15']
Federated Accuracy: 0.8634346534653465
Configure Fit
server round: 100
[2024-03-11 02:19:15,258][flwr][DEBUG] - fit_round 100: strategy sampled 15 clients (out of 50)
[2024-03-11 02:23:13,845][flwr][DEBUG] - fit_round 100 received 15 results and 0 failures
individual accuracies [0.3398, 0.3287, 0.3447, 0.3342, 0.33, 0.3375, 0.3391]
malicious is ['0', '0', '0', '0', '0', '0', '0']
Number of Evil Clients: 8
Number of Preset Malicious Clients is 0
Number of Preset Benign Clients is 7
Average poisoning accuracy: 0.900825
accuracies is [(0.32935000000000003, -1), (0.3391, 0)]
accuracies is [(0.32935000000000003, -1), (0.3391, 0)]
Not the same
benign class is 0
malicious class is -1
record is 0
Final Clustering acc is 0.7142857142857143
benign record is ['11', '10', '22', '27', '4', '9', '8', '7', '12', '23', '26', '21', '2', '1', '19', '38', '14', '6', '31', '20', '25', '24', '18', '15']
key neurons are {}
Target label is 9
length of good results is 5 and length of bad results is 2
acc_diff is 0
Other cases
Evaluate
Global Poisoning Accuracy: 0.903
[2024-03-11 02:23:47,736][flwr][INFO] - fit progress: (100, 286.2237672805786, {'accuracy': 0.3455}, 28222.10865137505)
Configure Evaluate
[2024-03-11 02:23:47,736][flwr][DEBUG] - evaluate_round 100: strategy sampled 50 clients (out of 50)
[2024-03-11 02:24:29,664][flwr][DEBUG] - evaluate_round 100 received 50 results and 0 failures
Aggregate evaluate
benign record is ['11', '10', '22', '27', '4', '9', '8', '7', '12', '23', '26', '21', '2', '1', '19', '38', '14', '6', '31', '20', '25', '24', '18', '15']
Federated Accuracy: 0.8626009900990097
[2024-03-11 02:24:29,787][flwr][INFO] - FL finished in 28264.16013671609
[2024-03-11 02:24:29,790][flwr][INFO] - app_fit: losses_distributed [(1, 11.619526349173652), (2, 10.824073237842983), (3, 9.89593032836914), (4, 10.036480374336243), (5, 6.036724548186025), (6, 6.4237987341419345), (7, 4.0709773763533565), (8, 3.7049130162885113), (9, 3.1641531826988345), (10, 2.4840650664221857), (11, 2.1407777013317233), (12, 1.8657465774205424), (13, 3.0064904603265945), (14, 1.7343011604201408), (15, 1.5589216959572607), (16, 2.0708729490223856), (17, 1.9646954675101571), (18, 1.7668797852885392), (19, 1.6838525811520715), (20, 3.3106168100817337), (21, 3.174267021525237), (22, 1.529241837493806), (23, 2.5313720249357714), (24, 1.2118201293724489), (25, 1.050014112402786), (26, 1.1363962928667701), (27, 1.0430898030777231), (28, 0.9862896486895509), (29, 0.9859630680299539), (30, 0.9682630186826728), (31, 0.8821355441393847), (32, 0.8708480094873006), (33, 0.808489660976805), (34, 0.8007034176757725), (35, 1.3531851676099076), (36, 2.197830784217556), (37, 0.914819316080965), (38, 0.7763099194421331), (39, 0.7305770456989176), (40, 0.727069275696891), (41, 0.7335859791693822), (42, 0.6956964803664798), (43, 0.6928928903180709), (44, 0.7380872285074214), (45, 0.6787911324685735), (46, 0.6709507090111014), (47, 0.6794515108334657), (48, 0.646382132694955), (49, 0.6456705164481277), (50, 0.642262328533677), (51, 0.6188116036467877), (52, 0.6150217428561392), (53, 0.6276578612448095), (54, 0.681136746117142), (55, 0.720099281254259), (56, 0.682456456973116), (57, 0.601262218547676), (58, 0.6230246176451011), (59, 0.652916659930684), (60, 0.6053634155080607), (61, 0.5973620398545241), (62, 0.6462902039166143), (63, 0.6406299695562765), (64, 0.6886688163567399), (65, 0.6486976077729124), (66, 0.7177997856391686), (67, 0.7276258155597503), (68, 1.1067615866402882), (69, 0.6674317635969249), (70, 0.6415588378625009), (71, 0.6441691885247024), (72, 0.7628424570856542), (73, 0.6651662421501519), (74, 0.7597559140787672), (75, 0.6275685231517171), (76, 0.5945449162857829), (77, 0.5534746427956904), (78, 0.5361491408945974), (79, 0.5383778706286333), (80, 0.5842386436692467), (81, 0.5222281006238041), (82, 0.6012825812368727), (83, 0.5048815289741073), (84, 0.5167236213006383), (85, 0.5085364112205167), (86, 0.5271849672873112), (87, 0.5697405535138746), (88, 0.5546412199091899), (89, 0.5258064106734075), (90, 0.5676409131469836), (91, 0.5987536730751911), (92, 0.5602153270889482), (93, 0.5918774036739579), (94, 0.5810047896339161), (95, 0.6513247241650473), (96, 0.6132419054672504), (97, 0.5904955606228133), (98, 0.6068774857418554), (99, 0.594696636769735), (100, 0.5909869770338185)]
[2024-03-11 02:24:29,790][flwr][INFO] - app_fit: metrics_distributed_fit {}
[2024-03-11 02:24:29,791][flwr][INFO] - app_fit: metrics_distributed {'accuracy': [(1, 0.12579244444444446), (2, 0.2064377777777778), (3, 0.2912142222222222), (4, 0.2724973333333334), (5, 0.42194193548387093), (6, 0.4521516129032258), (7, 0.613716129032258), (8, 0.6452322580645162), (9, 0.7020000000000001), (10, 0.7480032258064517), (11, 0.7608903225806452), (12, 0.7893354838709676), (13, 0.678616129032258), (14, 0.799683870967742), (15, 0.806683870967742), (16, 0.7787569444444444), (17, 0.7809166666666667), (18, 0.7907125000000002), (19, 0.7956861111111111), (20, 0.70665), (21, 0.6999527777777778), (22, 0.7919349397590361), (23, 0.7334602409638553), (24, 0.8108012048192771), (25, 0.8244975903614457), (26, 0.820410891089109), (27, 0.8277792079207921), (28, 0.8313495049504952), (29, 0.8318485148514851), (30, 0.8316237623762376), (31, 0.8332514851485149), (32, 0.8387316831683169), (33, 0.8406821782178218), (34, 0.8404247524752473), (35, 0.815509900990099), (36, 0.759640594059406), (37, 0.8379663366336634), (38, 0.8441514851485149), (39, 0.8480742574257425), (40, 0.8473623762376237), (41, 0.8486405940594061), (42, 0.8488920792079209), (43, 0.8508752475247526), (44, 0.8473059405940595), (45, 0.8531970297029702), (46, 0.8547524752475247), (47, 0.8533653465346536), (48, 0.852157425742574), (49, 0.8567633663366339), (50, 0.8566742574257424), (51, 0.857609900990099), (52, 0.8575356435643562), (53, 0.8549257425742576), (54, 0.8533702970297031), (55, 0.8534118811881187), (56, 0.8553277227722773), (57, 0.8560514851485148), (58, 0.8540465346534654), (59, 0.8577435643564357), (60, 0.8582801980198017), (61, 0.8607544554455445), (62, 0.8574138613861384), (63, 0.8573910891089108), (64, 0.8564237623762374), (65, 0.8576514851485149), (66, 0.8563851485148515), (67, 0.8533762376237624), (68, 0.8248316831683168), (69, 0.8533960396039604), (70, 0.8568435643564355), (71, 0.8583366336633663), (72, 0.8568079207920793), (73, 0.8567465346534653), (74, 0.8502207920792079), (75, 0.8551613861386139), (76, 0.8564306930693069), (77, 0.8601782178217823), (78, 0.8631752475247524), (79, 0.860357425742574), (80, 0.8586079207920793), (81, 0.860190099009901), (82, 0.8616356435643563), (83, 0.8628950495049506), (84, 0.8622138613861385), (85, 0.8618584158415841), (86, 0.8626693069306932), (87, 0.863278217821782), (88, 0.864948514851485), (89, 0.8657425742574256), (90, 0.8632188118811879), (91, 0.8626455445544554), (92, 0.8630930693069305), (93, 0.8640217821782178), (94, 0.8638712871287128), (95, 0.8640188118811879), (96, 0.8624108910891091), (97, 0.8657178217821783), (98, 0.8638841584158417), (99, 0.8634346534653465), (100, 0.8626009900990097)]}
[2024-03-11 02:24:29,791][flwr][INFO] - app_fit: losses_centralized [(0, 181.98315906524658), (1, 181.66179537773132), (2, 168.6965788602829), (3, 158.27004492282867), (4, 164.78108823299408), (5, 146.0661425590515), (6, 179.8007596731186), (7, 136.76725673675537), (8, 133.1968673467636), (9, 136.24969446659088), (10, 135.73519825935364), (11, 139.78887152671814), (12, 141.48537838459015), (13, 170.57048547267914), (14, 152.94492530822754), (15, 176.84000539779663), (16, 181.10037529468536), (17, 170.36559426784515), (18, 186.61705207824707), (19, 191.4544234275818), (20, 216.365873336792), (21, 196.50243723392487), (22, 176.31260228157043), (23, 189.00387954711914), (24, 175.8996982574463), (25, 176.90737640857697), (26, 187.71693789958954), (27, 192.7937170267105), (28, 199.19203162193298), (29, 203.3512660264969), (30, 207.99958205223083), (31, 204.01113784313202), (32, 205.03151738643646), (33, 204.03261423110962), (34, 206.35481095314026), (35, 202.0267037153244), (36, 215.7873342037201), (37, 194.57273137569427), (38, 191.80912232398987), (39, 200.16852688789368), (40, 203.42427027225494), (41, 194.44573152065277), (42, 200.04279172420502), (43, 199.62855279445648), (44, 206.12435674667358), (45, 216.88943874835968), (46, 231.46530485153198), (47, 233.02019798755646), (48, 228.5293607711792), (49, 230.8446168899536), (50, 227.77245461940765), (51, 221.3084008693695), (52, 234.73797869682312), (53, 245.2238302230835), (54, 253.27484583854675), (55, 254.35104751586914), (56, 248.0351506471634), (57, 235.2508076429367), (58, 242.3571937084198), (59, 243.48493695259094), (60, 245.40465557575226), (61, 252.48692727088928), (62, 254.58425652980804), (63, 258.7919964790344), (64, 278.77241039276123), (65, 267.39478397369385), (66, 243.18982577323914), (67, 229.15014457702637), (68, 247.57640397548676), (69, 242.1902447938919), (70, 251.72483801841736), (71, 269.56389451026917), (72, 256.9363417625427), (73, 252.33354234695435), (74, 249.53726983070374), (75, 241.20339739322662), (76, 239.465416431427), (77, 233.2238334417343), (78, 239.75523495674133), (79, 243.9814841747284), (80, 249.91797840595245), (81, 245.29564762115479), (82, 232.5388629436493), (83, 236.71570920944214), (84, 248.5072911977768), (85, 237.61292827129364), (86, 249.62439262866974), (87, 272.78565645217896), (88, 272.5387660264969), (89, 270.71913516521454), (90, 276.83476209640503), (91, 280.7575099468231), (92, 277.03353548049927), (93, 292.9093005657196), (94, 290.5617079734802), (95, 305.0616207122803), (96, 290.3344957828522), (97, 286.8969933986664), (98, 290.2278161048889), (99, 286.57391929626465), (100, 286.2237672805786)]
[2024-03-11 02:24:29,791][flwr][INFO] - app_fit: metrics_centralized {'accuracy': [(0, 0.0974), (1, 0.1398), (2, 0.2174), (3, 0.289), (4, 0.2657), (5, 0.3359), (6, 0.2925), (7, 0.3882), (8, 0.4048), (9, 0.4042), (10, 0.4046), (11, 0.4064), (12, 0.4053), (13, 0.353), (14, 0.3794), (15, 0.3509), (16, 0.3523), (17, 0.3649), (18, 0.3553), (19, 0.3511), (20, 0.3166), (21, 0.3488), (22, 0.3676), (23, 0.3588), (24, 0.3889), (25, 0.3825), (26, 0.3727), (27, 0.3687), (28, 0.3672), (29, 0.3608), (30, 0.3567), (31, 0.36), (32, 0.3651), (33, 0.3639), (34, 0.3658), (35, 0.3617), (36, 0.3615), (37, 0.3733), (38, 0.3804), (39, 0.37), (40, 0.3648), (41, 0.38), (42, 0.3784), (43, 0.376), (44, 0.371), (45, 0.3603), (46, 0.3553), (47, 0.355), (48, 0.3569), (49, 0.3583), (50, 0.3568), (51, 0.3646), (52, 0.3543), (53, 0.3514), (54, 0.3482), (55, 0.3473), (56, 0.3496), (57, 0.3546), (58, 0.3538), (59, 0.3513), (60, 0.3474), (61, 0.3506), (62, 0.3494), (63, 0.3456), (64, 0.3411), (65, 0.3438), (66, 0.3477), (67, 0.3524), (68, 0.332), (69, 0.344), (70, 0.3445), (71, 0.3383), (72, 0.3381), (73, 0.3423), (74, 0.342), (75, 0.3491), (76, 0.3515), (77, 0.356), (78, 0.3548), (79, 0.355), (80, 0.3486), (81, 0.3523), (82, 0.359), (83, 0.3551), (84, 0.3529), (85, 0.3587), (86, 0.3487), (87, 0.346), (88, 0.347), (89, 0.3477), (90, 0.3439), (91, 0.3425), (92, 0.3415), (93, 0.3405), (94, 0.3383), (95, 0.3348), (96, 0.3414), (97, 0.3395), (98, 0.3406), (99, 0.3437), (100, 0.3455)]}
