Using CUDA: True
Using MPS: False
dataset: cifar10
num_rounds: 100
num_clients: 50
batch_size: 20
num_classes: 10
num_channels: 3
num_clients_per_round_fit: 15
num_clients_per_round_eval: 15
config_fit:
  poisoning_rate: 0.6
  lr: 0.01
  momentum: 0.9
  local_epochs: 5
  proximal_mu: 2.0
dataset_config:
  ratio_benign_client: 0.6
  iid: false
  balance: false
  power_law: false
  dirichlet: false
  alpha: 0.5

Files already downloaded and verified
Files already downloaded and verified
[2024-03-05 00:59:41,873][flwr][INFO] - Starting Flower simulation, config: ServerConfig(num_rounds=100, round_timeout=None)
[2024-03-05 00:59:53,667][flwr][INFO] - Flower VCE: Ray initialized with resources: {'node:10.131.34.74': 1.0, 'accelerator_type:A10': 1.0, 'GPU': 1.0, 'node:__internal_head__': 1.0, 'object_store_memory': 154432371916.0, 'memory': 350342201140.0, 'CPU': 96.0}
[2024-03-05 00:59:53,668][flwr][INFO] - Initializing global parameters
[2024-03-05 00:59:53,668][flwr][INFO] - Using initial parameters provided by strategy
[2024-03-05 00:59:53,668][flwr][INFO] - Evaluating initial parameters
Evaluate
[2024-03-05 00:59:58,213][flwr][INFO] - initial parameters (loss, other metrics): 182.3745927810669, {'accuracy': 0.095}
[2024-03-05 00:59:58,214][flwr][INFO] - FL starting
Configure Fit
server round: 1
[2024-03-05 00:59:58,214][flwr][DEBUG] - fit_round 1: strategy sampled 15 clients (out of 50)
[2024-03-05 01:02:18,688][flwr][DEBUG] - fit_round 1 received 15 results and 0 failures
individual accuracies [0.1369, 0.1663, 0.1054, 0.1001, 0.1415, 0.1711, 0.1284, 0.1676, 0.1741, 0.1724, 0.1553, 0.1597, 0.1577, 0.1004, 0.0997]
malicious is ['0', '2', '0', '0', '0', '2', '0', '2', '2', '2', '2', '0', '2', '0', '0']
Number of Evil Clients: 0
Number of Preset Malicious Clients is 7
Number of Preset Benign Clients is 8
Average poisoning accuracy: 0.9165428571428571
accuracies is [(0.1284, -1), (0.16695, 0)]
accuracies is [(0.1284, -1), (0.16695, 0)]
benign class is -1
malicious class is 0
Final Clustering acc is 0.9333333333333333
8 added to evil list
key neurons are {0: [4, 5], 1: [2, 7], 2: [0, 1], 3: [2, 6], 4: [0, 3], 5: [5], 6: [4]}
Target label is 9
length of good results is 7 and length of bad results is 8
acc_diff is 0
Random Allocate
[2024-03-05 01:03:02,271][flwr][WARNING] - No fit_metrics_aggregation_fn provided
Evaluate
Global Poisoning Accuracy: 0.0
[2024-03-05 01:03:05,788][flwr][INFO] - fit progress: (1, 218.7728488445282, {'accuracy': 0.1212}, 187.57430196700443)
Configure Evaluate
[2024-03-05 01:03:05,788][flwr][DEBUG] - evaluate_round 1: strategy sampled 15 clients (out of 50)
[2024-03-05 01:03:20,017][flwr][DEBUG] - evaluate_round 1 received 15 results and 0 failures
Aggregate evaluate
Configure Fit
server round: 2
[2024-03-05 01:03:20,017][flwr][DEBUG] - fit_round 2: strategy sampled 15 clients (out of 50)
[2024-03-05 01:05:31,867][flwr][DEBUG] - fit_round 2 received 15 results and 0 failures
individual accuracies [0.0979, 0.115, 0.1661, 0.1658, 0.1305, 0.0996, 0.1102, 0.1487, 0.1409, 0.1606, 0.1584, 0.1405, 0.1369, 0.1001]
malicious is ['0', '0', '2', '2', '0', '0', '0', '0', '0', '0', '0', '0', '0', '0']
Number of Evil Clients: 1
Number of Preset Malicious Clients is 2
Number of Preset Benign Clients is 12
Average poisoning accuracy: 0.9666333333333333
accuracies is [(0.1487, -1), (0.1305, 0)]
accuracies is [(0.1487, -1), (0.1305, 0)]
benign class is -1
malicious class is 0
Final Clustering acc is 0.5
5 added to evil list
key neurons are {0: [9], 1: [0, 3, 8], 2: [9], 3: [9], 4: [4], 5: [1, 8], 6: [0, 3], 7: [1, 3], 8: [4, 5]}
Target label is 6
length of good results is 9 and length of bad results is 5
acc_diff is 0
Random Allocate
Evaluate
Global Poisoning Accuracy: 0.0
[2024-03-05 01:06:07,634][flwr][INFO] - fit progress: (2, 301.3840882778168, {'accuracy': 0.1269}, 369.42037194200384)
Configure Evaluate
[2024-03-05 01:06:07,635][flwr][DEBUG] - evaluate_round 2: strategy sampled 15 clients (out of 50)
[2024-03-05 01:06:21,515][flwr][DEBUG] - evaluate_round 2 received 15 results and 0 failures
Aggregate evaluate
Configure Fit
server round: 3
[2024-03-05 01:06:21,515][flwr][DEBUG] - fit_round 3: strategy sampled 15 clients (out of 50)
[2024-03-05 01:08:36,123][flwr][DEBUG] - fit_round 3 received 15 results and 0 failures
individual accuracies [0.0994, 0.1652, 0.1393, 0.1763, 0.1769, 0.1011, 0.1734, 0.1121, 0.1655]
malicious is ['0', '0', '0', '2', '2', '0', '2', '0', '0']
Number of Evil Clients: 6
Number of Preset Malicious Clients is 3
Number of Preset Benign Clients is 6
Average poisoning accuracy: 0.7570222222222223
accuracies is [(0.1652, -1)]
accuracies is [(0.1652, -1)]
benign class is -1
malicious class is 10
Final Clustering acc is 0.6666666666666666
key neurons are {0: [7, 9], 1: [0, 3, 7], 2: [0, 1, 7], 3: [4, 6], 4: [4, 6], 5: [7], 6: [4, 6], 7: [2, 4, 7], 8: [1, 7]}
Target label is 6
length of good results is 9 and length of bad results is 0
acc_diff is 0
Random Allocate
Evaluate
Global Poisoning Accuracy: 0.9585
[2024-03-05 01:09:16,101][flwr][INFO] - fit progress: (3, 381.4901933670044, {'accuracy': 0.1222}, 557.8870981170039)
Configure Evaluate
[2024-03-05 01:09:16,101][flwr][DEBUG] - evaluate_round 3: strategy sampled 15 clients (out of 50)
[2024-03-05 01:09:30,190][flwr][DEBUG] - evaluate_round 3 received 15 results and 0 failures
Aggregate evaluate
Configure Fit
server round: 4
[2024-03-05 01:09:30,190][flwr][DEBUG] - fit_round 4: strategy sampled 15 clients (out of 50)
[2024-03-05 01:11:46,178][flwr][DEBUG] - fit_round 4 received 15 results and 0 failures
individual accuracies [0.1871, 0.169, 0.1896, 0.1699, 0.1407, 0.1109, 0.1588, 0.1582, 0.1636, 0.1636, 0.1345, 0.1389]
malicious is ['2', '2', '2', '2', '0', '0', '0', '0', '2', '0', '0', '0']
Number of Evil Clients: 3
Number of Preset Malicious Clients is 5
Number of Preset Benign Clients is 7
Average poisoning accuracy: 0.857525
accuracies is [(0.1407, -1), (0.1699, 0)]
accuracies is [(0.1407, -1), (0.1699, 0)]
benign class is -1
malicious class is 0
Final Clustering acc is 1.0
5 added to evil list
key neurons are {0: [8], 1: [0, 1, 5, 6, 7, 9], 2: [0, 1], 3: [0, 5], 4: [0, 1], 5: [8, 9], 6: [4, 7]}
Target label is 0
length of good results is 7 and length of bad results is 5
acc_diff is 0
Random Allocate
Evaluate
Global Poisoning Accuracy: 0.0
[2024-03-05 01:12:27,278][flwr][INFO] - fit progress: (4, 331.82590651512146, {'accuracy': 0.1511}, 749.0643031)
Configure Evaluate
[2024-03-05 01:12:27,278][flwr][DEBUG] - evaluate_round 4: strategy sampled 15 clients (out of 50)
[2024-03-05 01:12:41,010][flwr][DEBUG] - evaluate_round 4 received 15 results and 0 failures
Aggregate evaluate
Configure Fit
server round: 5
[2024-03-05 01:12:41,011][flwr][DEBUG] - fit_round 5: strategy sampled 15 clients (out of 50)
[2024-03-05 01:14:59,280][flwr][DEBUG] - fit_round 5 received 15 results and 0 failures
individual accuracies [0.1933, 0.2049, 0.1727, 0.1347, 0.1447, 0.1573, 0.1643, 0.1335, 0.1975, 0.1363]
malicious is ['2', '2', '0', '0', '0', '0', '0', '0', '2', '0']
Number of Evil Clients: 5
Number of Preset Malicious Clients is 3
Number of Preset Benign Clients is 7
Average poisoning accuracy: 0.97435
accuracies is [(0.1608, -1)]
accuracies is [(0.1608, -1)]
benign class is -1
malicious class is 10
Final Clustering acc is 0.7
key neurons are {0: [0, 2, 9], 1: [9], 2: [0, 2, 3, 5], 3: [2, 3, 4], 4: [2, 4, 5], 5: [0, 1, 2, 3], 6: [3, 9], 7: [0, 1, 2, 3, 4, 5, 8, 9], 8: [0, 4, 9], 9: [0, 2, 3, 8]}
Target label is 2
length of good results is 10 and length of bad results is 0
acc_diff is 0
Random Allocate
Evaluate
Global Poisoning Accuracy: 0.0007
[2024-03-05 01:15:39,558][flwr][INFO] - fit progress: (5, 359.9708409309387, {'accuracy': 0.2127}, 941.3441663850026)
Configure Evaluate
[2024-03-05 01:15:39,558][flwr][DEBUG] - evaluate_round 5: strategy sampled 15 clients (out of 50)
[2024-03-05 01:15:53,291][flwr][DEBUG] - evaluate_round 5 received 15 results and 0 failures
Aggregate evaluate
Configure Fit
server round: 6
[2024-03-05 01:15:53,292][flwr][DEBUG] - fit_round 6: strategy sampled 15 clients (out of 50)
[2024-03-05 01:18:09,114][flwr][DEBUG] - fit_round 6 received 15 results and 0 failures
individual accuracies [0.1721, 0.1295, 0.203, 0.2117, 0.1554, 0.1682, 0.0995, 0.1566, 0.0995, 0.2223]
malicious is ['0', '0', '2', '2', '0', '0', '0', '0', '0', '2']
Number of Evil Clients: 5
Number of Preset Malicious Clients is 3
Number of Preset Benign Clients is 7
Average poisoning accuracy: 0.7277875
accuracies is [(0.1624, -1)]
accuracies is [(0.1624, -1)]
benign class is -1
malicious class is 10
Final Clustering acc is 0.7
key neurons are {0: [1, 2, 3, 7, 9], 1: [2, 4, 5], 2: [0, 1, 2, 5, 6], 3: [0, 2, 5, 6, 8], 4: [0, 2, 3], 5: [0, 2, 3, 9], 6: [2, 3, 4], 7: [2, 3, 8, 9], 8: [2, 3, 9], 9: [0, 1, 2, 6, 8]}
Target label is 6
length of good results is 10 and length of bad results is 0
acc_diff is 0
Random Allocate
Evaluate
Global Poisoning Accuracy: 0.0115
[2024-03-05 01:18:48,432][flwr][INFO] - fit progress: (6, 332.1754217147827, {'accuracy': 0.0994}, 1130.2181276140036)
Configure Evaluate
[2024-03-05 01:18:48,432][flwr][DEBUG] - evaluate_round 6: strategy sampled 15 clients (out of 50)
[2024-03-05 01:19:02,338][flwr][DEBUG] - evaluate_round 6 received 15 results and 0 failures
Aggregate evaluate
Configure Fit
server round: 7
[2024-03-05 01:19:02,339][flwr][DEBUG] - fit_round 7: strategy sampled 15 clients (out of 50)
[2024-03-05 01:21:15,097][flwr][DEBUG] - fit_round 7 received 15 results and 0 failures
individual accuracies [0.0998, 0.1717, 0.2276, 0.2371, 0.1337, 0.1534, 0.1581, 0.1456, 0.1257]
malicious is ['0', '0', '2', '2', '0', '0', '0', '0', '0']
Number of Evil Clients: 6
Number of Preset Malicious Clients is 2
Number of Preset Benign Clients is 7
Average poisoning accuracy: 0.48505
accuracies is [(0.1534, -1)]
accuracies is [(0.1534, -1)]
benign class is -1
malicious class is 10
Final Clustering acc is 0.7777777777777778
key neurons are {0: [5], 1: [1, 7], 2: [4, 6], 3: [4, 6], 4: [4, 5], 5: [8, 9], 6: [1, 8], 7: [5, 6, 7, 9], 8: [2, 4, 9]}
Target label is 6
length of good results is 9 and length of bad results is 0
acc_diff is 0
Random Allocate
Evaluate
Global Poisoning Accuracy: 0.0
[2024-03-05 01:21:53,568][flwr][INFO] - fit progress: (7, 379.68136072158813, {'accuracy': 0.2393}, 1315.3544119380022)
Configure Evaluate
[2024-03-05 01:21:53,569][flwr][DEBUG] - evaluate_round 7: strategy sampled 15 clients (out of 50)
[2024-03-05 01:22:07,390][flwr][DEBUG] - evaluate_round 7 received 15 results and 0 failures
Aggregate evaluate
Configure Fit
server round: 8
[2024-03-05 01:22:07,391][flwr][DEBUG] - fit_round 8: strategy sampled 15 clients (out of 50)
[2024-03-05 01:24:20,863][flwr][DEBUG] - fit_round 8 received 15 results and 0 failures
individual accuracies [0.1052, 0.137, 0.1585, 0.1754, 0.23, 0.0996, 0.138, 0.1011, 0.1209, 0.1005, 0.1038]
malicious is ['0', '0', '0', '0', '2', '0', '0', '0', '0', '0', '0']
Number of Evil Clients: 4
Number of Preset Malicious Clients is 1
Number of Preset Benign Clients is 10
Average poisoning accuracy: 0.7943
accuracies is [(0.137, -1), (0.11235, 0)]
accuracies is [(0.137, -1), (0.11235, 0)]
benign class is -1
malicious class is 0
Final Clustering acc is 0.36363636363636365
6 added to evil list
key neurons are {0: [2], 1: [7], 2: [0, 2, 4, 9], 3: [4], 4: [2, 3, 7, 9]}
Target label is 4
length of good results is 5 and length of bad results is 6
acc_diff is 0
Random Allocate
Evaluate
Global Poisoning Accuracy: 0.0292
[2024-03-05 01:24:56,776][flwr][INFO] - fit progress: (8, 588.5904817581177, {'accuracy': 0.1402}, 1498.5623491529986)
Configure Evaluate
[2024-03-05 01:24:56,776][flwr][DEBUG] - evaluate_round 8: strategy sampled 15 clients (out of 50)
[2024-03-05 01:25:10,830][flwr][DEBUG] - evaluate_round 8 received 15 results and 0 failures
Aggregate evaluate
Configure Fit
server round: 9
[2024-03-05 01:25:10,830][flwr][DEBUG] - fit_round 9: strategy sampled 15 clients (out of 50)
[2024-03-05 01:27:24,377][flwr][DEBUG] - fit_round 9 received 15 results and 0 failures
individual accuracies [0.1694, 0.1007, 0.2236, 0.2152, 0.1468, 0.2113, 0.108, 0.1616, 0.1408]
malicious is ['0', '0', '2', '2', '0', '2', '0', '0', '0']
Number of Evil Clients: 6
Number of Preset Malicious Clients is 3
Number of Preset Benign Clients is 6
Average poisoning accuracy: 0.6610222222222223
accuracies is [(0.1616, -1)]
accuracies is [(0.1616, -1)]
benign class is -1
malicious class is 10
Final Clustering acc is 0.6666666666666666
key neurons are {0: [0, 2, 3, 4, 6, 8], 1: [2, 3, 4, 6, 7, 8], 2: [2, 6], 3: [2, 6], 4: [6, 8, 9], 5: [6], 6: [4, 5, 6, 7, 8, 9], 7: [0, 1, 6, 8, 9], 8: [6, 8, 9]}
Target label is 6
length of good results is 9 and length of bad results is 0
acc_diff is 0
Random Allocate
Evaluate
Global Poisoning Accuracy: 0.0
[2024-03-05 01:28:02,130][flwr][INFO] - fit progress: (9, 365.46593618392944, {'accuracy': 0.1475}, 1683.9162609280029)
Configure Evaluate
[2024-03-05 01:28:02,130][flwr][DEBUG] - evaluate_round 9: strategy sampled 15 clients (out of 50)
[2024-03-05 01:28:16,145][flwr][DEBUG] - evaluate_round 9 received 15 results and 0 failures
Aggregate evaluate
Configure Fit
server round: 10
[2024-03-05 01:28:16,145][flwr][DEBUG] - fit_round 10: strategy sampled 15 clients (out of 50)
[2024-03-05 01:30:28,559][flwr][DEBUG] - fit_round 10 received 15 results and 0 failures
individual accuracies [0.1409, 0.2315, 0.1397, 0.1366, 0.1727, 0.1599, 0.1708, 0.1033]
malicious is ['0', '2', '0', '0', '0', '0', '0', '0']
Number of Evil Clients: 7
Number of Preset Malicious Clients is 1
Number of Preset Benign Clients is 7
Average poisoning accuracy: 0.4861375
accuracies is [(0.15039999999999998, -1)]
accuracies is [(0.15039999999999998, -1)]
benign class is -1
malicious class is 10
Final Clustering acc is 0.875
key neurons are {0: [0, 7, 8, 9], 1: [0, 6, 7, 9], 2: [3, 4], 3: [5, 6, 7], 4: [0, 5], 5: [0, 1], 6: [1, 7], 7: [2, 4]}
Target label is 6
length of good results is 8 and length of bad results is 0
acc_diff is 0
Random Allocate
Evaluate
Global Poisoning Accuracy: 0.4099
[2024-03-05 01:31:12,029][flwr][INFO] - fit progress: (10, 254.52436113357544, {'accuracy': 0.1813}, 1873.815652615005)
Configure Evaluate
[2024-03-05 01:31:12,030][flwr][DEBUG] - evaluate_round 10: strategy sampled 15 clients (out of 50)
[2024-03-05 01:31:25,718][flwr][DEBUG] - evaluate_round 10 received 15 results and 0 failures
Aggregate evaluate
Configure Fit
server round: 11
[2024-03-05 01:31:25,718][flwr][DEBUG] - fit_round 11: strategy sampled 15 clients (out of 50)
[2024-03-05 01:33:45,283][flwr][DEBUG] - fit_round 11 received 15 results and 0 failures
individual accuracies [0.226, 0.1463, 0.1791, 0.1361, 0.2617, 0.1675]
malicious is ['2', '0', '0', '0', '2', '0']
Number of Evil Clients: 9
Number of Preset Malicious Clients is 2
Number of Preset Benign Clients is 4
Average poisoning accuracy: 0.7102181818181819
accuracies is [(0.1733, -1)]
accuracies is [(0.1733, -1)]
benign class is -1
malicious class is 10
Final Clustering acc is 0.6666666666666666
key neurons are {0: [6, 9], 1: [4, 5, 9], 2: [0, 5, 9], 3: [5, 8, 9], 4: [6], 5: [1, 3, 9]}
Target label is 5
length of good results is 6 and length of bad results is 0
acc_diff is 0
Random Allocate
Evaluate
Global Poisoning Accuracy: 0.0
[2024-03-05 01:34:21,324][flwr][INFO] - fit progress: (11, 500.8196711540222, {'accuracy': 0.2167}, 2063.1105488460016)
Configure Evaluate
[2024-03-05 01:34:21,325][flwr][DEBUG] - evaluate_round 11: strategy sampled 15 clients (out of 50)
[2024-03-05 01:34:35,109][flwr][DEBUG] - evaluate_round 11 received 15 results and 0 failures
Aggregate evaluate
Configure Fit
server round: 12
[2024-03-05 01:34:35,109][flwr][DEBUG] - fit_round 12: strategy sampled 15 clients (out of 50)
[2024-03-05 01:36:48,833][flwr][DEBUG] - fit_round 12 received 15 results and 0 failures
individual accuracies [0.2406, 0.1355, 0.1397, 0.1384, 0.1576, 0.1446, 0.2368, 0.1412, 0.1639, 0.2514, 0.136]
malicious is ['2', '0', '0', '0', '0', '0', '2', '0', '0', '2', '0']
Number of Evil Clients: 4
Number of Preset Malicious Clients is 3
Number of Preset Benign Clients is 8
Average poisoning accuracy: 0.5600571428571428
accuracies is [(0.18825, -1), (0.1446, 0)]
accuracies is [(0.18825, -1), (0.1446, 0)]
benign class is -1
malicious class is 0
Final Clustering acc is 0.2727272727272727
5 added to evil list
key neurons are {0: [9], 1: [2, 3, 4, 7, 9], 2: [2, 3, 4, 5, 6, 7, 9], 3: [2, 3, 4, 5, 7, 9], 4: [9], 5: []}
Target label is 7
length of good results is 6 and length of bad results is 5
acc_diff is 0
Random Allocate
Evaluate
Global Poisoning Accuracy: 0.8991
[2024-03-05 01:37:28,728][flwr][INFO] - fit progress: (12, 652.4448289871216, {'accuracy': 0.1636}, 2250.5141573340006)
Configure Evaluate
[2024-03-05 01:37:28,728][flwr][DEBUG] - evaluate_round 12: strategy sampled 15 clients (out of 50)
[2024-03-05 01:37:42,400][flwr][DEBUG] - evaluate_round 12 received 15 results and 0 failures
Aggregate evaluate
Configure Fit
server round: 13
[2024-03-05 01:37:42,401][flwr][DEBUG] - fit_round 13: strategy sampled 15 clients (out of 50)
[2024-03-05 01:39:56,781][flwr][DEBUG] - fit_round 13 received 15 results and 0 failures
individual accuracies [0.1238, 0.2285, 0.1298, 0.2426, 0.1714, 0.1309, 0.1323, 0.101]
malicious is ['0', '2', '0', '2', '0', '0', '0', '0']
Number of Evil Clients: 7
Number of Preset Malicious Clients is 2
Number of Preset Benign Clients is 6
Average poisoning accuracy: 0.5475444444444445
accuracies is [(0.1316, -1)]
accuracies is [(0.1316, -1)]
benign class is -1
malicious class is 10
Final Clustering acc is 0.75
key neurons are {0: [2, 4], 1: [1, 6, 9], 2: [0, 3, 4, 5, 6, 7, 8, 9], 3: [1, 6, 9], 4: [0, 5], 5: [4, 6, 7], 6: [2, 3], 7: [5, 6, 7]}
Target label is 8
length of good results is 8 and length of bad results is 0
acc_diff is 0
Random Allocate
Evaluate
Global Poisoning Accuracy: 0.8773
[2024-03-05 01:40:35,091][flwr][INFO] - fit progress: (13, 387.39266419410706, {'accuracy': 0.1134}, 2436.8776670310035)
Configure Evaluate
[2024-03-05 01:40:35,092][flwr][DEBUG] - evaluate_round 13: strategy sampled 15 clients (out of 50)
[2024-03-05 01:40:48,903][flwr][DEBUG] - evaluate_round 13 received 15 results and 0 failures
Aggregate evaluate
Configure Fit
server round: 14
[2024-03-05 01:40:48,903][flwr][DEBUG] - fit_round 14: strategy sampled 15 clients (out of 50)
[2024-03-05 01:43:01,240][flwr][DEBUG] - fit_round 14 received 15 results and 0 failures
individual accuracies [0.1424, 0.1243, 0.267, 0.0996, 0.1727, 0.2664, 0.279]
malicious is ['0', '0', '2', '0', '0', '2', '2']
Number of Evil Clients: 8
Number of Preset Malicious Clients is 3
Number of Preset Benign Clients is 4
Average poisoning accuracy: 0.37712727272727276
accuracies is [(0.1727, -1)]
accuracies is [(0.1727, -1)]
benign class is -1
malicious class is 10
Final Clustering acc is 0.5714285714285714
key neurons are {0: [1, 5, 7, 9], 1: [1, 2, 4, 9], 2: [1, 9], 3: [1, 7], 4: [0, 1, 3, 9], 5: [1, 9], 6: [1, 9]}
Target label is 6
length of good results is 7 and length of bad results is 0
acc_diff is 0
Random Allocate
Evaluate
Global Poisoning Accuracy: 0.0001
[2024-03-05 01:43:41,335][flwr][INFO] - fit progress: (14, 611.9656324386597, {'accuracy': 0.2246}, 2623.1214266120005)
Configure Evaluate
[2024-03-05 01:43:41,336][flwr][DEBUG] - evaluate_round 14: strategy sampled 15 clients (out of 50)
[2024-03-05 01:43:55,401][flwr][DEBUG] - evaluate_round 14 received 15 results and 0 failures
Aggregate evaluate
Configure Fit
server round: 15
[2024-03-05 01:43:55,402][flwr][DEBUG] - fit_round 15: strategy sampled 15 clients (out of 50)
[2024-03-05 01:46:16,378][flwr][DEBUG] - fit_round 15 received 15 results and 0 failures
individual accuracies [0.2574, 0.0997, 0.1547, 0.2529, 0.1627]
malicious is ['2', '0', '0', '2', '0']
Number of Evil Clients: 10
Number of Preset Malicious Clients is 2
Number of Preset Benign Clients is 3
Average poisoning accuracy: 0.6562500000000001
accuracies is [(0.1627, -1)]
accuracies is [(0.1627, -1)]
benign class is -1
malicious class is 10
Final Clustering acc is 0.6
key neurons are {0: [6, 7, 8, 9], 1: [4, 6, 8], 2: [0, 3, 6, 8], 3: [6, 8, 9], 4: [1, 6, 7, 8, 9]}
Target label is 6
length of good results is 5 and length of bad results is 0
acc_diff is 0
Random Allocate
Evaluate
Global Poisoning Accuracy: 0.0
[2024-03-05 01:46:55,506][flwr][INFO] - fit progress: (15, 1025.8762273788452, {'accuracy': 0.1886}, 2817.292119010999)
Configure Evaluate
[2024-03-05 01:46:55,506][flwr][DEBUG] - evaluate_round 15: strategy sampled 15 clients (out of 50)
[2024-03-05 01:47:09,382][flwr][DEBUG] - evaluate_round 15 received 15 results and 0 failures
Aggregate evaluate
Configure Fit
server round: 16
[2024-03-05 01:47:09,382][flwr][DEBUG] - fit_round 16: strategy sampled 15 clients (out of 50)
[2024-03-05 01:49:26,525][flwr][DEBUG] - fit_round 16 received 15 results and 0 failures
individual accuracies [0.0993, 0.1389, 0.2579, 0.2435, 0.2664, 0.1584, 0.2517]
malicious is ['0', '0', '2', '2', '2', '0', '2']
Number of Evil Clients: 8
Number of Preset Malicious Clients is 4
Number of Preset Benign Clients is 3
Average poisoning accuracy: 0.7313
accuracies is [(0.1389, -1), (0.2548, 0)]
accuracies is [(0.1389, -1), (0.2548, 0)]
benign class is -1
malicious class is 0
Final Clustering acc is 1.0
4 added to evil list
key neurons are {0: [4], 1: [3, 7], 2: [1, 3, 4]}
Target label is 4
length of good results is 3 and length of bad results is 4
acc_diff is 0
Random Allocate
Evaluate
Global Poisoning Accuracy: 0.0
[2024-03-05 01:50:09,309][flwr][INFO] - fit progress: (16, 2206.6999702453613, {'accuracy': 0.1824}, 3011.095245785)
Configure Evaluate
[2024-03-05 01:50:09,309][flwr][DEBUG] - evaluate_round 16: strategy sampled 15 clients (out of 50)
[2024-03-05 01:50:22,938][flwr][DEBUG] - evaluate_round 16 received 15 results and 0 failures
Aggregate evaluate
Configure Fit
server round: 17
[2024-03-05 01:50:22,939][flwr][DEBUG] - fit_round 17: strategy sampled 15 clients (out of 50)
[2024-03-05 01:52:36,331][flwr][DEBUG] - fit_round 17 received 15 results and 0 failures
individual accuracies [0.1128, 0.164, 0.2302, 0.1468, 0.1608, 0.1003]
malicious is ['0', '0', '2', '0', '0', '0']
Number of Evil Clients: 9
Number of Preset Malicious Clients is 1
Number of Preset Benign Clients is 5
Average poisoning accuracy: 0.37873
accuracies is [(0.1538, -1)]
accuracies is [(0.1538, -1)]
benign class is -1
malicious class is 10
Final Clustering acc is 0.8333333333333334
key neurons are {0: [2], 1: [1, 7], 2: [3, 4, 7, 9], 3: [1, 3, 4, 7, 8, 9], 4: [1, 3], 5: [4]}
Target label is 6
length of good results is 6 and length of bad results is 0
acc_diff is 0
Random Allocate
Evaluate
Global Poisoning Accuracy: 0.0
[2024-03-05 01:53:12,648][flwr][INFO] - fit progress: (17, 789.6118426322937, {'accuracy': 0.1642}, 3194.4342743410016)
Configure Evaluate
[2024-03-05 01:53:12,648][flwr][DEBUG] - evaluate_round 17: strategy sampled 15 clients (out of 50)
[2024-03-05 01:53:26,464][flwr][DEBUG] - evaluate_round 17 received 15 results and 0 failures
Aggregate evaluate
Configure Fit
server round: 18
[2024-03-05 01:53:26,465][flwr][DEBUG] - fit_round 18: strategy sampled 15 clients (out of 50)
[2024-03-05 01:55:43,778][flwr][DEBUG] - fit_round 18 received 15 results and 0 failures
individual accuracies [0.1003, 0.2347, 0.2581, 0.1254]
malicious is ['0', '2', '2', '0']
Number of Evil Clients: 11
Number of Preset Malicious Clients is 2
Number of Preset Benign Clients is 2
Average poisoning accuracy: 0.5214538461538462
accuracies is [(0.18005, -1)]
accuracies is [(0.18005, -1)]
benign class is -1
malicious class is 10
Final Clustering acc is 0.5
key neurons are {0: [0, 5, 6, 7, 9], 1: [0, 5, 6, 9], 2: [0, 5, 6, 9], 3: [0, 2, 3, 5, 6, 9]}
Target label is 6
length of good results is 4 and length of bad results is 0
acc_diff is 0
Random Allocate
Evaluate
Global Poisoning Accuracy: 0.0
[2024-03-05 01:56:19,528][flwr][INFO] - fit progress: (18, 1431.0616598129272, {'accuracy': 0.1358}, 3381.3141626040015)
Configure Evaluate
[2024-03-05 01:56:19,528][flwr][DEBUG] - evaluate_round 18: strategy sampled 15 clients (out of 50)
[2024-03-05 01:56:33,345][flwr][DEBUG] - evaluate_round 18 received 15 results and 0 failures
Aggregate evaluate
Configure Fit
server round: 19
[2024-03-05 01:56:33,346][flwr][DEBUG] - fit_round 19: strategy sampled 15 clients (out of 50)
[2024-03-05 01:58:50,011][flwr][DEBUG] - fit_round 19 received 15 results and 0 failures
individual accuracies [0.2211, 0.1655, 0.1337, 0.1541, 0.0986]
malicious is ['2', '0', '0', '0', '0']
Number of Evil Clients: 10
Number of Preset Malicious Clients is 1
Number of Preset Benign Clients is 4
Average poisoning accuracy: 0.627609090909091
accuracies is [(0.1541, -1)]
accuracies is [(0.1541, -1)]
benign class is -1
malicious class is 10
Final Clustering acc is 0.8
key neurons are {0: [9], 1: [0, 2, 3, 5, 7, 9], 2: [2, 3], 3: [1, 7], 4: [4]}
Target label is 9
length of good results is 5 and length of bad results is 0
acc_diff is 0
Random Allocate
Evaluate
Global Poisoning Accuracy: 0.0007
[2024-03-05 01:59:24,418][flwr][INFO] - fit progress: (19, 832.0329794883728, {'accuracy': 0.1356}, 3566.2040590690012)
Configure Evaluate
[2024-03-05 01:59:24,418][flwr][DEBUG] - evaluate_round 19: strategy sampled 15 clients (out of 50)
[2024-03-05 01:59:38,220][flwr][DEBUG] - evaluate_round 19 received 15 results and 0 failures
Aggregate evaluate
Configure Fit
server round: 20
[2024-03-05 01:59:38,220][flwr][DEBUG] - fit_round 20: strategy sampled 15 clients (out of 50)
[2024-03-05 02:01:54,206][flwr][DEBUG] - fit_round 20 received 15 results and 0 failures
individual accuracies [0.1532, 0.1577, 0.1408]
malicious is ['0', '0', '0']
Number of Evil Clients: 12
Number of Preset Malicious Clients is 0
Number of Preset Benign Clients is 3
Average poisoning accuracy: 0.5742416666666667
accuracies is [(0.1532, -1)]
accuracies is [(0.1532, -1)]
benign class is -1
malicious class is 10
Final Clustering acc is 1.0
key neurons are {0: [4, 7], 1: [0, 3], 2: [0, 2, 3, 4, 7, 8, 9]}
Target label is 8
length of good results is 3 and length of bad results is 0
acc_diff is 0
Random Allocate
Evaluate
Global Poisoning Accuracy: 0.9591
[2024-03-05 02:02:26,240][flwr][INFO] - fit progress: (20, 1568.8285303115845, {'accuracy': 0.2009}, 3748.0259160849964)
Configure Evaluate
[2024-03-05 02:02:26,240][flwr][DEBUG] - evaluate_round 20: strategy sampled 15 clients (out of 50)
[2024-03-05 02:02:40,043][flwr][DEBUG] - evaluate_round 20 received 15 results and 0 failures
Aggregate evaluate
Configure Fit
server round: 21
[2024-03-05 02:02:40,043][flwr][DEBUG] - fit_round 21: strategy sampled 15 clients (out of 50)
[2024-03-05 02:04:54,679][flwr][DEBUG] - fit_round 21 received 15 results and 0 failures
individual accuracies [0.1267, 0.1587, 0.236, 0.1395, 0.1234]
malicious is ['0', '0', '2', '0', '0']
Number of Evil Clients: 10
Number of Preset Malicious Clients is 1
Number of Preset Benign Clients is 4
Average poisoning accuracy: 0.45098181818181815
accuracies is [(0.1395, -1)]
accuracies is [(0.1395, -1)]
benign class is -1
malicious class is 10
Final Clustering acc is 0.8
key neurons are {0: [0, 8], 1: [0, 1, 3, 4, 7, 8, 9], 2: [9], 3: [4, 7], 4: [2, 4]}
Target label is 6
length of good results is 5 and length of bad results is 0
acc_diff is 0
Random Allocate
Evaluate
Global Poisoning Accuracy: 0.0047
[2024-03-05 02:05:31,109][flwr][INFO] - fit progress: (21, 893.1500997543335, {'accuracy': 0.1301}, 3932.8954237950093)
Configure Evaluate
[2024-03-05 02:05:31,110][flwr][DEBUG] - evaluate_round 21: strategy sampled 15 clients (out of 50)
[2024-03-05 02:05:45,263][flwr][DEBUG] - evaluate_round 21 received 15 results and 0 failures
Aggregate evaluate
Configure Fit
server round: 22
[2024-03-05 02:05:45,264][flwr][DEBUG] - fit_round 22: strategy sampled 15 clients (out of 50)
[2024-03-05 02:07:59,599][flwr][DEBUG] - fit_round 22 received 15 results and 0 failures
individual accuracies [0.1276, 0.1467, 0.1585, 0.1362, 0.1281, 0.2612, 0.1645]
malicious is ['0', '0', '0', '0', '0', '2', '0']
Number of Evil Clients: 8
Number of Preset Malicious Clients is 1
Number of Preset Benign Clients is 6
Average poisoning accuracy: 0.5458444444444444
accuracies is [(0.1467, -1)]
accuracies is [(0.1467, -1)]
benign class is -1
malicious class is 10
Final Clustering acc is 0.8571428571428571
key neurons are {0: [2, 3], 1: [4, 7], 2: [1, 3], 3: [8, 9], 4: [0, 8], 5: [9], 6: [0, 5, 8, 9]}
Target label is 6
length of good results is 7 and length of bad results is 0
acc_diff is 0
Random Allocate
Evaluate
Global Poisoning Accuracy: 0.0012
[2024-03-05 02:08:34,977][flwr][INFO] - fit progress: (22, 752.2708377838135, {'accuracy': 0.2281}, 4116.763678812)
Configure Evaluate
[2024-03-05 02:08:34,978][flwr][DEBUG] - evaluate_round 22: strategy sampled 15 clients (out of 50)
[2024-03-05 02:08:48,529][flwr][DEBUG] - evaluate_round 22 received 15 results and 0 failures
Aggregate evaluate
Configure Fit
server round: 23
[2024-03-05 02:08:48,530][flwr][DEBUG] - fit_round 23: strategy sampled 15 clients (out of 50)
[2024-03-05 02:11:03,478][flwr][DEBUG] - fit_round 23 received 15 results and 0 failures
individual accuracies [0.1298, 0.0993, 0.2479, 0.2577, 0.0993, 0.1526, 0.2689]
malicious is ['0', '0', '2', '2', '0', '0', '2']
Number of Evil Clients: 8
Number of Preset Malicious Clients is 3
Number of Preset Benign Clients is 4
Average poisoning accuracy: 0.6170909090909091
accuracies is [(0.11455, -1), (0.2577, 0)]
accuracies is [(0.11455, -1), (0.2577, 0)]
benign class is -1
malicious class is 0
Final Clustering acc is 1.0
3 added to evil list
key neurons are {0: [0, 3, 4, 5, 6], 1: [4], 2: [7], 3: [0, 3, 7]}
Target label is 6
length of good results is 4 and length of bad results is 3
acc_diff is 0
Random Allocate
Evaluate
Global Poisoning Accuracy: 0.0
[2024-03-05 02:11:43,690][flwr][INFO] - fit progress: (23, 2714.3086471557617, {'accuracy': 0.1549}, 4305.476187499007)
Configure Evaluate
[2024-03-05 02:11:43,690][flwr][DEBUG] - evaluate_round 23: strategy sampled 15 clients (out of 50)
[2024-03-05 02:11:57,681][flwr][DEBUG] - evaluate_round 23 received 15 results and 0 failures
Aggregate evaluate
Configure Fit
server round: 24
[2024-03-05 02:11:57,681][flwr][DEBUG] - fit_round 24: strategy sampled 15 clients (out of 50)
[2024-03-05 02:14:12,605][flwr][DEBUG] - fit_round 24 received 15 results and 0 failures
individual accuracies [0.1515, 0.15, 0.1005, 0.1552, 0.1513, 0.1622]
malicious is ['0', '0', '0', '0', '0', '0']
Number of Evil Clients: 9
Number of Preset Malicious Clients is 0
Number of Preset Benign Clients is 6
Average poisoning accuracy: 0.5241222222222223
accuracies is [(0.1515, -1), (0.15, 0)]
accuracies is [(0.1515, -1), (0.15, 0)]
benign class is -1
malicious class is 0
Final Clustering acc is 0.5
3 added to evil list
key neurons are {0: [1, 3], 1: [0, 1, 3, 4, 5, 7, 8, 9], 2: [0, 4, 7]}
Target label is 1
length of good results is 3 and length of bad results is 3
acc_diff is 0
Random Allocate
Evaluate
Global Poisoning Accuracy: 0.001
[2024-03-05 02:14:44,273][flwr][INFO] - fit progress: (24, 1001.0972166061401, {'accuracy': 0.1785}, 4486.058801848005)
Configure Evaluate
[2024-03-05 02:14:44,273][flwr][DEBUG] - evaluate_round 24: strategy sampled 15 clients (out of 50)
[2024-03-05 02:14:57,968][flwr][DEBUG] - evaluate_round 24 received 15 results and 0 failures
Aggregate evaluate
Configure Fit
server round: 25
[2024-03-05 02:14:57,969][flwr][DEBUG] - fit_round 25: strategy sampled 15 clients (out of 50)
[2024-03-05 02:17:16,808][flwr][DEBUG] - fit_round 25 received 15 results and 0 failures
individual accuracies [0.0979, 0.1546]
malicious is ['0', '0']
Number of Evil Clients: 13
Number of Preset Malicious Clients is 0
Number of Preset Benign Clients is 2
Average poisoning accuracy: 0.6015615384615385
accuracies is [(0.12625, -1)]
accuracies is [(0.12625, -1)]
benign class is -1
malicious class is 10
Final Clustering acc is 1.0
key neurons are {0: [0, 3, 4], 1: [0, 3, 4]}
Target label is 6
length of good results is 2 and length of bad results is 0
acc_diff is 0
Random Allocate
Evaluate
Global Poisoning Accuracy: 0.0
[2024-03-05 02:17:51,840][flwr][INFO] - fit progress: (25, 3979.093147277832, {'accuracy': 0.1625}, 4673.626390731995)
Configure Evaluate
[2024-03-05 02:17:51,841][flwr][DEBUG] - evaluate_round 25: strategy sampled 15 clients (out of 50)
[2024-03-05 02:18:06,001][flwr][DEBUG] - evaluate_round 25 received 15 results and 0 failures
Aggregate evaluate
Configure Fit
server round: 26
[2024-03-05 02:18:06,002][flwr][DEBUG] - fit_round 26: strategy sampled 15 clients (out of 50)
[2024-03-05 02:20:27,582][flwr][DEBUG] - fit_round 26 received 15 results and 0 failures
individual accuracies [0.1647, 0.158, 0.1341]
malicious is ['0', '0', '0']
Number of Evil Clients: 12
Number of Preset Malicious Clients is 0
Number of Preset Benign Clients is 3
Average poisoning accuracy: 0.7213916666666668
accuracies is [(0.158, -1)]
accuracies is [(0.158, -1)]
benign class is -1
malicious class is 10
Final Clustering acc is 1.0
key neurons are {0: [0, 5], 1: [0, 1, 3], 2: [3, 4, 8]}
Target label is 9
length of good results is 3 and length of bad results is 0
acc_diff is 0
Random Allocate
Evaluate
Global Poisoning Accuracy: 0.0
[2024-03-05 02:21:02,228][flwr][INFO] - fit progress: (26, 1403.2861909866333, {'accuracy': 0.192}, 4864.013969139996)
Configure Evaluate
[2024-03-05 02:21:02,228][flwr][DEBUG] - evaluate_round 26: strategy sampled 15 clients (out of 50)
[2024-03-05 02:21:16,040][flwr][DEBUG] - evaluate_round 26 received 15 results and 0 failures
Aggregate evaluate
Configure Fit
server round: 27
[2024-03-05 02:21:16,040][flwr][DEBUG] - fit_round 27: strategy sampled 15 clients (out of 50)
[2024-03-05 02:23:32,023][flwr][DEBUG] - fit_round 27 received 15 results and 0 failures
individual accuracies [0.1577, 0.1562, 0.1291]
malicious is ['0', '0', '0']
Number of Evil Clients: 12
Number of Preset Malicious Clients is 0
Number of Preset Benign Clients is 3
Average poisoning accuracy: 0.4789083333333333
accuracies is [(0.1562, -1)]
accuracies is [(0.1562, -1)]
benign class is -1
malicious class is 10
Final Clustering acc is 1.0
key neurons are {0: [3, 5], 1: [0], 2: [0, 3, 4, 5, 6, 7, 8]}
Target label is 9
length of good results is 3 and length of bad results is 0
acc_diff is 0
Random Allocate
Evaluate
Global Poisoning Accuracy: 0.0
[2024-03-05 02:24:06,568][flwr][INFO] - fit progress: (27, 1228.937759399414, {'accuracy': 0.155}, 5048.354142629003)
Configure Evaluate
[2024-03-05 02:24:06,568][flwr][DEBUG] - evaluate_round 27: strategy sampled 15 clients (out of 50)
[2024-03-05 02:24:20,348][flwr][DEBUG] - evaluate_round 27 received 15 results and 0 failures
Aggregate evaluate
Configure Fit
server round: 28
[2024-03-05 02:24:20,349][flwr][DEBUG] - fit_round 28: strategy sampled 15 clients (out of 50)
[2024-03-05 02:26:37,266][flwr][DEBUG] - fit_round 28 received 15 results and 0 failures
individual accuracies [0.0988, 0.141, 0.1614]
malicious is ['0', '0', '0']
Number of Evil Clients: 12
Number of Preset Malicious Clients is 0
Number of Preset Benign Clients is 3
Average poisoning accuracy: 0.6493
accuracies is [(0.141, -1)]
accuracies is [(0.141, -1)]
benign class is -1
malicious class is 10
Final Clustering acc is 1.0
key neurons are {0: [4], 1: [0, 3, 5, 7], 2: [0, 3]}
Target label is 9
length of good results is 3 and length of bad results is 0
acc_diff is 0
Random Allocate
Evaluate
Global Poisoning Accuracy: 0.0
[2024-03-05 02:27:12,519][flwr][INFO] - fit progress: (28, 2228.2611751556396, {'accuracy': 0.1197}, 5234.305248315999)
Configure Evaluate
[2024-03-05 02:27:12,519][flwr][DEBUG] - evaluate_round 28: strategy sampled 15 clients (out of 50)
[2024-03-05 02:27:26,302][flwr][DEBUG] - evaluate_round 28 received 15 results and 0 failures
Aggregate evaluate
Configure Fit
server round: 29
[2024-03-05 02:27:26,303][flwr][DEBUG] - fit_round 29: strategy sampled 15 clients (out of 50)
[2024-03-05 02:29:41,851][flwr][DEBUG] - fit_round 29 received 15 results and 0 failures
individual accuracies [0.1544, 0.247, 0.1192]
malicious is ['0', '2', '0']
Number of Evil Clients: 12
Number of Preset Malicious Clients is 1
Number of Preset Benign Clients is 2
Average poisoning accuracy: 0.7417307692307692
accuracies is [(0.1544, -1)]
accuracies is [(0.1544, -1)]
benign class is -1
malicious class is 10
Final Clustering acc is 0.6666666666666666
key neurons are {0: [0, 2, 3, 5], 1: [4, 9], 2: [2, 4]}
Target label is 9
length of good results is 3 and length of bad results is 0
acc_diff is 0
Random Allocate
Evaluate
Global Poisoning Accuracy: 0.0
[2024-03-05 02:30:19,346][flwr][INFO] - fit progress: (29, 1304.6000337600708, {'accuracy': 0.1643}, 5421.132023191007)
Configure Evaluate
[2024-03-05 02:30:19,346][flwr][DEBUG] - evaluate_round 29: strategy sampled 15 clients (out of 50)
[2024-03-05 02:30:33,284][flwr][DEBUG] - evaluate_round 29 received 15 results and 0 failures
Aggregate evaluate
Configure Fit
server round: 30
[2024-03-05 02:30:33,285][flwr][DEBUG] - fit_round 30: strategy sampled 15 clients (out of 50)
[2024-03-05 02:32:45,628][flwr][DEBUG] - fit_round 30 received 15 results and 0 failures
individual accuracies [0.1267, 0.1337, 0.1662, 0.1655, 0.2252]
malicious is ['0', '0', '0', '0', '2']
Number of Evil Clients: 10
Number of Preset Malicious Clients is 1
Number of Preset Benign Clients is 4
Average poisoning accuracy: 0.5343454545454546
accuracies is [(0.1655, -1)]
accuracies is [(0.1655, -1)]
benign class is -1
malicious class is 10
Final Clustering acc is 0.8
key neurons are {0: [0, 2], 1: [3, 5, 8, 9], 2: [0, 5], 3: [0, 3], 4: [0, 9]}
Target label is 6
length of good results is 5 and length of bad results is 0
acc_diff is 0
Random Allocate
Evaluate
Global Poisoning Accuracy: 0.0042
[2024-03-05 02:33:19,773][flwr][INFO] - fit progress: (30, 1071.2225456237793, {'accuracy': 0.1684}, 5601.559274444007)
Configure Evaluate
[2024-03-05 02:33:19,773][flwr][DEBUG] - evaluate_round 30: strategy sampled 15 clients (out of 50)
[2024-03-05 02:33:33,651][flwr][DEBUG] - evaluate_round 30 received 15 results and 0 failures
Aggregate evaluate
Configure Fit
server round: 31
[2024-03-05 02:33:33,652][flwr][DEBUG] - fit_round 31: strategy sampled 15 clients (out of 50)
[2024-03-05 02:35:51,926][flwr][DEBUG] - fit_round 31 received 15 results and 0 failures
individual accuracies [0.153]
malicious is ['0']
Number of Evil Clients: 14
Number of Preset Malicious Clients is 0
Number of Preset Benign Clients is 1
Average poisoning accuracy: 0.5577357142857143
accuracies is [(0.153, -1)]
accuracies is [(0.153, -1)]
benign class is -1
malicious class is 10
Final Clustering acc is 1.0
key neurons are {0: []}
Target label is 5
length of good results is 1 and length of bad results is 0
acc_diff is 0
Random Allocate
Evaluate
Global Poisoning Accuracy: 1.0
[2024-03-05 02:36:25,126][flwr][INFO] - fit progress: (31, 181.91246366500854, {'accuracy': 0.0989}, 5786.911817582004)
Configure Evaluate
[2024-03-05 02:36:25,126][flwr][DEBUG] - evaluate_round 31: strategy sampled 15 clients (out of 50)
[2024-03-05 02:36:38,864][flwr][DEBUG] - evaluate_round 31 received 15 results and 0 failures
Aggregate evaluate
Configure Fit
server round: 32
[2024-03-05 02:36:38,865][flwr][DEBUG] - fit_round 32: strategy sampled 15 clients (out of 50)
[2024-03-05 02:38:52,808][flwr][DEBUG] - fit_round 32 received 15 results and 0 failures
individual accuracies [0.1012, 0.1411, 0.1562, 0.1269]
malicious is ['0', '0', '0', '0']
Number of Evil Clients: 11
Number of Preset Malicious Clients is 0
Number of Preset Benign Clients is 4
Average poisoning accuracy: 0.6277
accuracies is [(0.134, -1)]
accuracies is [(0.134, -1)]
benign class is -1
malicious class is 10
Final Clustering acc is 1.0
key neurons are {0: [3, 4], 1: [3, 8, 9], 2: [0, 3], 3: [2, 3]}
Target label is 3
length of good results is 4 and length of bad results is 0
acc_diff is 0
Random Allocate
Evaluate
Global Poisoning Accuracy: 0.008
[2024-03-05 02:39:27,132][flwr][INFO] - fit progress: (32, 877.8214349746704, {'accuracy': 0.1088}, 5968.918114868007)
Configure Evaluate
[2024-03-05 02:39:27,132][flwr][DEBUG] - evaluate_round 32: strategy sampled 15 clients (out of 50)
[2024-03-05 02:39:40,942][flwr][DEBUG] - evaluate_round 32 received 15 results and 0 failures
Aggregate evaluate
Configure Fit
server round: 33
[2024-03-05 02:39:40,942][flwr][DEBUG] - fit_round 33: strategy sampled 15 clients (out of 50)
[2024-03-05 02:41:54,176][flwr][DEBUG] - fit_round 33 received 15 results and 0 failures
individual accuracies [0.164, 0.2504, 0.1617, 0.1296, 0.14]
malicious is ['0', '2', '0', '0', '0']
Number of Evil Clients: 10
Number of Preset Malicious Clients is 1
Number of Preset Benign Clients is 4
Average poisoning accuracy: 0.44790909090909087
accuracies is [(0.1617, -1)]
accuracies is [(0.1617, -1)]
benign class is -1
malicious class is 10
Final Clustering acc is 0.8
key neurons are {0: [1, 3], 1: [9], 2: [1, 3, 7, 9], 3: [1, 2, 3], 4: [1, 3, 8, 9]}
Target label is 6
length of good results is 5 and length of bad results is 0
acc_diff is 0
Random Allocate
Evaluate
Global Poisoning Accuracy: 0.0815
[2024-03-05 02:42:30,629][flwr][INFO] - fit progress: (33, 607.0817770957947, {'accuracy': 0.1454}, 6152.415735382005)
Configure Evaluate
[2024-03-05 02:42:30,630][flwr][DEBUG] - evaluate_round 33: strategy sampled 15 clients (out of 50)
[2024-03-05 02:42:44,326][flwr][DEBUG] - evaluate_round 33 received 15 results and 0 failures
Aggregate evaluate
Configure Fit
server round: 34
[2024-03-05 02:42:44,326][flwr][DEBUG] - fit_round 34: strategy sampled 15 clients (out of 50)
[2024-03-05 02:45:00,678][flwr][DEBUG] - fit_round 34 received 15 results and 0 failures
individual accuracies [0.1614, 0.134, 0.1008]
malicious is ['0', '0', '0']
Number of Evil Clients: 12
Number of Preset Malicious Clients is 0
Number of Preset Benign Clients is 3
Average poisoning accuracy: 0.572775
accuracies is [(0.134, -1)]
accuracies is [(0.134, -1)]
benign class is -1
malicious class is 10
Final Clustering acc is 1.0
key neurons are {0: [1, 3], 1: [0, 8], 2: [4]}
Target label is 0
length of good results is 3 and length of bad results is 0
acc_diff is 0
Random Allocate
Evaluate
Global Poisoning Accuracy: 0.0
[2024-03-05 02:45:34,625][flwr][INFO] - fit progress: (34, 942.2765550613403, {'accuracy': 0.1739}, 6336.411241542999)
Configure Evaluate
[2024-03-05 02:45:34,625][flwr][DEBUG] - evaluate_round 34: strategy sampled 15 clients (out of 50)
[2024-03-05 02:45:48,451][flwr][DEBUG] - evaluate_round 34 received 15 results and 0 failures
Aggregate evaluate
Configure Fit
server round: 35
[2024-03-05 02:45:48,452][flwr][DEBUG] - fit_round 35: strategy sampled 15 clients (out of 50)
[2024-03-05 02:48:07,484][flwr][DEBUG] - fit_round 35 received 15 results and 0 failures
individual accuracies [0.1468, 0.1302, 0.1393, 0.1746]
malicious is ['0', '0', '0', '0']
Number of Evil Clients: 11
Number of Preset Malicious Clients is 0
Number of Preset Benign Clients is 4
Average poisoning accuracy: 0.6204545454545456
accuracies is [(0.14305, -1)]
accuracies is [(0.14305, -1)]
benign class is -1
malicious class is 10
Final Clustering acc is 1.0
key neurons are {0: [5, 8, 9], 1: [2, 3, 5], 2: [0, 3, 5, 6, 7, 8], 3: [0, 5]}
Target label is 5
length of good results is 4 and length of bad results is 0
acc_diff is 0
Random Allocate
Evaluate
Global Poisoning Accuracy: 0.9144
[2024-03-05 02:48:42,629][flwr][INFO] - fit progress: (35, 717.3344717025757, {'accuracy': 0.1193}, 6524.4149811560055)
Configure Evaluate
[2024-03-05 02:48:42,629][flwr][DEBUG] - evaluate_round 35: strategy sampled 15 clients (out of 50)
[2024-03-05 02:48:56,124][flwr][DEBUG] - evaluate_round 35 received 15 results and 0 failures
Aggregate evaluate
Configure Fit
server round: 36
[2024-03-05 02:48:56,125][flwr][DEBUG] - fit_round 36: strategy sampled 15 clients (out of 50)
[2024-03-05 02:51:07,898][flwr][DEBUG] - fit_round 36 received 15 results and 0 failures
individual accuracies [0.1281, 0.1538, 0.2593, 0.1628, 0.1439, 0.1009]
malicious is ['0', '0', '2', '0', '0', '0']
Number of Evil Clients: 9
Number of Preset Malicious Clients is 1
Number of Preset Benign Clients is 5
Average poisoning accuracy: 0.39318
accuracies is [(0.14884999999999998, -1)]
accuracies is [(0.14884999999999998, -1)]
benign class is -1
malicious class is 10
Final Clustering acc is 0.8333333333333334
key neurons are {0: [2, 3], 1: [0, 3], 2: [9], 3: [1, 9], 4: [3, 8, 9], 5: [3, 4, 9]}
Target label is 3
length of good results is 6 and length of bad results is 0
acc_diff is 0
Random Allocate
Evaluate
Global Poisoning Accuracy: 0.0
[2024-03-05 02:51:42,596][flwr][INFO] - fit progress: (36, 670.5533638000488, {'accuracy': 0.1462}, 6704.382215186997)
Configure Evaluate
[2024-03-05 02:51:42,596][flwr][DEBUG] - evaluate_round 36: strategy sampled 15 clients (out of 50)
[2024-03-05 02:51:56,549][flwr][DEBUG] - evaluate_round 36 received 15 results and 0 failures
Aggregate evaluate
Configure Fit
server round: 37
[2024-03-05 02:51:56,550][flwr][DEBUG] - fit_round 37: strategy sampled 15 clients (out of 50)
[2024-03-05 02:54:15,226][flwr][DEBUG] - fit_round 37 received 15 results and 0 failures
individual accuracies [0.1709, 0.2521]
malicious is ['0', '2']
Number of Evil Clients: 13
Number of Preset Malicious Clients is 1
Number of Preset Benign Clients is 1
Average poisoning accuracy: 0.6315999999999999
accuracies is [(0.2115, -1)]
accuracies is [(0.2115, -1)]
benign class is -1
malicious class is 10
Final Clustering acc is 0.5
key neurons are {0: [0, 5, 7, 9], 1: [0, 5, 7, 9]}
Target label is 5
length of good results is 2 and length of bad results is 0
acc_diff is 0
Random Allocate
Evaluate
Global Poisoning Accuracy: 0.5978
[2024-03-05 02:54:52,142][flwr][INFO] - fit progress: (37, 745.1418018341064, {'accuracy': 0.1783}, 6893.927989695003)
Configure Evaluate
[2024-03-05 02:54:52,142][flwr][DEBUG] - evaluate_round 37: strategy sampled 15 clients (out of 50)
[2024-03-05 02:55:06,020][flwr][DEBUG] - evaluate_round 37 received 15 results and 0 failures
Aggregate evaluate
Configure Fit
server round: 38
[2024-03-05 02:55:06,020][flwr][DEBUG] - fit_round 38: strategy sampled 15 clients (out of 50)
[2024-03-05 02:57:35,468][flwr][DEBUG] - fit_round 38 received 15 results and 0 failures
individual accuracies [0.1751]
malicious is ['0']
Number of Evil Clients: 14
Number of Preset Malicious Clients is 0
Number of Preset Benign Clients is 1
Average poisoning accuracy: 0.6963142857142858
accuracies is [(0.1751, -1)]
accuracies is [(0.1751, -1)]
benign class is -1
malicious class is 10
Final Clustering acc is 1.0
key neurons are {0: []}
Target label is 3
length of good results is 1 and length of bad results is 0
acc_diff is 0
Random Allocate
Evaluate
Global Poisoning Accuracy: 0.4324
[2024-03-05 02:58:10,854][flwr][INFO] - fit progress: (38, 181.87070274353027, {'accuracy': 0.1427}, 7092.639846060003)
Configure Evaluate
[2024-03-05 02:58:10,854][flwr][DEBUG] - evaluate_round 38: strategy sampled 15 clients (out of 50)
[2024-03-05 02:58:26,583][flwr][DEBUG] - evaluate_round 38 received 15 results and 0 failures
Aggregate evaluate
Configure Fit
server round: 39
[2024-03-05 02:58:26,583][flwr][DEBUG] - fit_round 39: strategy sampled 15 clients (out of 50)
[2024-03-05 03:00:45,973][flwr][DEBUG] - fit_round 39 received 15 results and 0 failures
individual accuracies [0.1749, 0.1627, 0.1602]
malicious is ['0', '0', '0']
Number of Evil Clients: 12
Number of Preset Malicious Clients is 0
Number of Preset Benign Clients is 3
Average poisoning accuracy: 0.5794166666666667
accuracies is [(0.1627, -1)]
accuracies is [(0.1627, -1)]
benign class is -1
malicious class is 10
Final Clustering acc is 1.0
key neurons are {0: [0, 1], 1: [3, 7], 2: [1, 3]}
Target label is 3
length of good results is 3 and length of bad results is 0
acc_diff is 0
Random Allocate
Evaluate
Global Poisoning Accuracy: 0.0
[2024-03-05 03:01:21,023][flwr][INFO] - fit progress: (39, 589.7970705032349, {'accuracy': 0.1548}, 7282.809341066997)
Configure Evaluate
[2024-03-05 03:01:21,023][flwr][DEBUG] - evaluate_round 39: strategy sampled 15 clients (out of 50)
[2024-03-05 03:01:34,953][flwr][DEBUG] - evaluate_round 39 received 15 results and 0 failures
Aggregate evaluate
Configure Fit
server round: 40
[2024-03-05 03:01:34,953][flwr][DEBUG] - fit_round 40: strategy sampled 15 clients (out of 50)
[2024-03-05 03:03:54,745][flwr][DEBUG] - fit_round 40 received 15 results and 0 failures
individual accuracies [0.132, 0.2879, 0.1603, 0.122]
malicious is ['0', '2', '0', '0']
Number of Evil Clients: 11
Number of Preset Malicious Clients is 1
Number of Preset Benign Clients is 3
Average poisoning accuracy: 0.571575
accuracies is [(0.14615, -1)]
accuracies is [(0.14615, -1)]
benign class is -1
malicious class is 10
Final Clustering acc is 0.75
key neurons are {0: [5, 7], 1: [9], 2: [1], 3: [2, 4, 7]}
Target label is 7
length of good results is 4 and length of bad results is 0
acc_diff is 0
Random Allocate
Evaluate
Global Poisoning Accuracy: 0.001
[2024-03-05 03:04:31,951][flwr][INFO] - fit progress: (40, 416.36736536026, {'accuracy': 0.1889}, 7473.736897322)
Configure Evaluate
[2024-03-05 03:04:31,951][flwr][DEBUG] - evaluate_round 40: strategy sampled 15 clients (out of 50)
[2024-03-05 03:04:45,904][flwr][DEBUG] - evaluate_round 40 received 15 results and 0 failures
Aggregate evaluate
Configure Fit
server round: 41
[2024-03-05 03:04:45,905][flwr][DEBUG] - fit_round 41: strategy sampled 15 clients (out of 50)
[2024-03-05 03:07:03,741][flwr][DEBUG] - fit_round 41 received 15 results and 0 failures
individual accuracies [0.1308, 0.1776, 0.1631, 0.1601]
malicious is ['0', '0', '0', '0']
Number of Evil Clients: 11
Number of Preset Malicious Clients is 0
Number of Preset Benign Clients is 4
Average poisoning accuracy: 0.44589090909090906
accuracies is [(0.1616, -1)]
accuracies is [(0.1616, -1)]
benign class is -1
malicious class is 10
Final Clustering acc is 1.0
key neurons are {0: [0, 1, 3, 8], 1: [0, 1], 2: [0, 1, 3, 7], 3: [0, 3]}
Target label is 0
length of good results is 4 and length of bad results is 0
acc_diff is 0
Random Allocate
Evaluate
Global Poisoning Accuracy: 0.0
[2024-03-05 03:07:36,219][flwr][INFO] - fit progress: (41, 828.6545071601868, {'accuracy': 0.1596}, 7658.0052486979985)
Configure Evaluate
[2024-03-05 03:07:36,219][flwr][DEBUG] - evaluate_round 41: strategy sampled 15 clients (out of 50)
[2024-03-05 03:07:50,476][flwr][DEBUG] - evaluate_round 41 received 15 results and 0 failures
Aggregate evaluate
Configure Fit
server round: 42
[2024-03-05 03:07:50,476][flwr][DEBUG] - fit_round 42: strategy sampled 15 clients (out of 50)
[2024-03-05 03:10:10,617][flwr][DEBUG] - fit_round 42 received 15 results and 0 failures
individual accuracies [0.126, 0.1291, 0.1338, 0.144]
malicious is ['0', '0', '0', '0']
Number of Evil Clients: 11
Number of Preset Malicious Clients is 0
Number of Preset Benign Clients is 4
Average poisoning accuracy: 0.5326909090909091
accuracies is [(0.13145, -1)]
accuracies is [(0.13145, -1)]
benign class is -1
malicious class is 10
Final Clustering acc is 1.0
key neurons are {0: [2, 4], 1: [2, 3], 2: [2, 5, 7], 3: [2, 8, 9]}
Target label is 2
length of good results is 4 and length of bad results is 0
acc_diff is 0
Random Allocate
Evaluate
Global Poisoning Accuracy: 0.0597
[2024-03-05 03:10:52,327][flwr][INFO] - fit progress: (42, 609.2761979103088, {'accuracy': 0.1917}, 7854.113715198007)
Configure Evaluate
[2024-03-05 03:10:52,328][flwr][DEBUG] - evaluate_round 42: strategy sampled 15 clients (out of 50)
[2024-03-05 03:11:05,967][flwr][DEBUG] - evaluate_round 42 received 15 results and 0 failures
Aggregate evaluate
Configure Fit
server round: 43
[2024-03-05 03:11:05,968][flwr][DEBUG] - fit_round 43: strategy sampled 15 clients (out of 50)
[2024-03-05 03:13:29,039][flwr][DEBUG] - fit_round 43 received 15 results and 0 failures
individual accuracies [0.1656, 0.1017, 0.1308, 0.1759, 0.1619]
malicious is ['0', '0', '0', '0', '0']
Number of Evil Clients: 10
Number of Preset Malicious Clients is 0
Number of Preset Benign Clients is 5
Average poisoning accuracy: 0.5884199999999999
accuracies is [(0.1017, -1), (0.16375, 0), (0.15335, 1)]
accuracies is [(0.1017, -1), (0.16375, 0)]
benign class is -1
malicious class is 0
Final Clustering acc is 0.2
4 added to evil list
key neurons are {0: []}
Target label is 4
length of good results is 1 and length of bad results is 4
acc_diff is 0
Random Allocate
Evaluate
Global Poisoning Accuracy: 0.0
[2024-03-05 03:14:04,128][flwr][INFO] - fit progress: (43, 181.9049620628357, {'accuracy': 0.1003}, 8045.914599420008)
Configure Evaluate
[2024-03-05 03:14:04,129][flwr][DEBUG] - evaluate_round 43: strategy sampled 15 clients (out of 50)
[2024-03-05 03:14:18,185][flwr][DEBUG] - evaluate_round 43 received 15 results and 0 failures
Aggregate evaluate
Configure Fit
server round: 44
[2024-03-05 03:14:18,185][flwr][DEBUG] - fit_round 44: strategy sampled 15 clients (out of 50)
[2024-03-05 03:16:45,851][flwr][DEBUG] - fit_round 44 received 15 results and 0 failures
individual accuracies [0.1377]
malicious is ['0']
Number of Evil Clients: 14
Number of Preset Malicious Clients is 0
Number of Preset Benign Clients is 1
Average poisoning accuracy: 0.5606571428571429
accuracies is [(0.1377, -1)]
accuracies is [(0.1377, -1)]
benign class is -1
malicious class is 10
Final Clustering acc is 1.0
key neurons are {0: []}
Target label is 7
length of good results is 1 and length of bad results is 0
acc_diff is 0
Random Allocate
Evaluate
Global Poisoning Accuracy: 0.0034
[2024-03-05 03:17:19,515][flwr][INFO] - fit progress: (44, 178.08204674720764, {'accuracy': 0.1749}, 8241.301317863006)
Configure Evaluate
[2024-03-05 03:17:19,515][flwr][DEBUG] - evaluate_round 44: strategy sampled 15 clients (out of 50)
[2024-03-05 03:17:33,507][flwr][DEBUG] - evaluate_round 44 received 15 results and 0 failures
Aggregate evaluate
Configure Fit
server round: 45
[2024-03-05 03:17:33,507][flwr][DEBUG] - fit_round 45: strategy sampled 15 clients (out of 50)
[2024-03-05 03:19:55,340][flwr][DEBUG] - fit_round 45 received 15 results and 0 failures
individual accuracies [0.1274, 0.1338]
malicious is ['0', '0']
Number of Evil Clients: 13
Number of Preset Malicious Clients is 0
Number of Preset Benign Clients is 2
Average poisoning accuracy: 0.5285923076923077
accuracies is [(0.1306, -1)]
accuracies is [(0.1306, -1)]
benign class is -1
malicious class is 10
Final Clustering acc is 1.0
key neurons are {0: [3, 4], 1: [3, 4]}
Target label is 2
length of good results is 2 and length of bad results is 0
acc_diff is 0
Random Allocate
Evaluate
Global Poisoning Accuracy: 0.0
[2024-03-05 03:20:35,759][flwr][INFO] - fit progress: (45, 266.1134958267212, {'accuracy': 0.135}, 8437.545026317996)
Configure Evaluate
[2024-03-05 03:20:35,759][flwr][DEBUG] - evaluate_round 45: strategy sampled 15 clients (out of 50)
[2024-03-05 03:20:49,900][flwr][DEBUG] - evaluate_round 45 received 15 results and 0 failures
Aggregate evaluate
Configure Fit
server round: 46
[2024-03-05 03:20:49,900][flwr][DEBUG] - fit_round 46: strategy sampled 15 clients (out of 50)
[2024-03-05 03:23:10,613][flwr][DEBUG] - fit_round 46 received 15 results and 0 failures
individual accuracies [0.1269]
malicious is ['0']
Number of Evil Clients: 14
Number of Preset Malicious Clients is 0
Number of Preset Benign Clients is 1
Average poisoning accuracy: 0.6990857142857143
accuracies is [(0.1269, -1)]
accuracies is [(0.1269, -1)]
benign class is -1
malicious class is 10
Final Clustering acc is 1.0
key neurons are {0: []}
Target label is 3
length of good results is 1 and length of bad results is 0
acc_diff is 0
Random Allocate
Evaluate
Global Poisoning Accuracy: 0.0
[2024-03-05 03:23:43,223][flwr][INFO] - fit progress: (46, 180.6596496105194, {'accuracy': 0.1817}, 8625.009512646997)
Configure Evaluate
[2024-03-05 03:23:43,224][flwr][DEBUG] - evaluate_round 46: strategy sampled 15 clients (out of 50)
[2024-03-05 03:23:57,132][flwr][DEBUG] - evaluate_round 46 received 15 results and 0 failures
Aggregate evaluate
Configure Fit
server round: 47
[2024-03-05 03:23:57,133][flwr][DEBUG] - fit_round 47: strategy sampled 15 clients (out of 50)
[2024-03-05 03:26:18,193][flwr][DEBUG] - fit_round 47 received 15 results and 0 failures
individual accuracies [0.1662, 0.2867]
malicious is ['0', '2']
Number of Evil Clients: 13
Number of Preset Malicious Clients is 1
Number of Preset Benign Clients is 1
Average poisoning accuracy: 0.5627857142857143
accuracies is [(0.22644999999999998, -1)]
accuracies is [(0.22644999999999998, -1)]
benign class is -1
malicious class is 10
Final Clustering acc is 0.5
key neurons are {0: [0, 3, 9], 1: [0, 3, 9]}
Target label is 0
length of good results is 2 and length of bad results is 0
acc_diff is 0
Random Allocate
Evaluate
Global Poisoning Accuracy: 0.0678
[2024-03-05 03:26:54,536][flwr][INFO] - fit progress: (47, 220.5976209640503, {'accuracy': 0.1776}, 8816.322733902998)
Configure Evaluate
[2024-03-05 03:26:54,537][flwr][DEBUG] - evaluate_round 47: strategy sampled 15 clients (out of 50)
[2024-03-05 03:27:08,533][flwr][DEBUG] - evaluate_round 47 received 15 results and 0 failures
Aggregate evaluate
Configure Fit
server round: 48
[2024-03-05 03:27:08,533][flwr][DEBUG] - fit_round 48: strategy sampled 15 clients (out of 50)
[2024-03-05 03:29:25,561][flwr][DEBUG] - fit_round 48 received 15 results and 0 failures
individual accuracies []
malicious is []
Number of Evil Clients: 15
Only Evil Clients in this round, void this round.
Evaluate
Global Poisoning Accuracy: 0.0678
[2024-03-05 03:30:02,757][flwr][INFO] - fit progress: (48, 220.90842628479004, {'accuracy': 0.1749}, 9004.543402712996)
Configure Evaluate
[2024-03-05 03:30:02,757][flwr][DEBUG] - evaluate_round 48: strategy sampled 15 clients (out of 50)
[2024-03-05 03:30:16,565][flwr][DEBUG] - evaluate_round 48 received 15 results and 0 failures
Aggregate evaluate
Configure Fit
server round: 49
[2024-03-05 03:30:16,565][flwr][DEBUG] - fit_round 49: strategy sampled 15 clients (out of 50)
[2024-03-05 03:32:32,002][flwr][DEBUG] - fit_round 49 received 15 results and 0 failures
individual accuracies [0.1434, 0.1225]
malicious is ['0', '0']
Number of Evil Clients: 13
Number of Preset Malicious Clients is 0
Number of Preset Benign Clients is 2
Average poisoning accuracy: 0.30031538461538465
accuracies is [(0.13295, -1)]
accuracies is [(0.13295, -1)]
benign class is -1
malicious class is 10
Final Clustering acc is 1.0
key neurons are {0: [2, 4, 5, 7], 1: [2, 4, 5, 7]}
Target label is 4
length of good results is 2 and length of bad results is 0
acc_diff is 0
Random Allocate
Evaluate
Global Poisoning Accuracy: 0.0
[2024-03-05 03:33:07,353][flwr][INFO] - fit progress: (49, 276.04577803611755, {'accuracy': 0.1501}, 9189.138797401)
Configure Evaluate
[2024-03-05 03:33:07,353][flwr][DEBUG] - evaluate_round 49: strategy sampled 15 clients (out of 50)
[2024-03-05 03:33:21,257][flwr][DEBUG] - evaluate_round 49 received 15 results and 0 failures
Aggregate evaluate
Configure Fit
server round: 50
[2024-03-05 03:33:21,258][flwr][DEBUG] - fit_round 50: strategy sampled 15 clients (out of 50)
[2024-03-05 03:35:37,607][flwr][DEBUG] - fit_round 50 received 15 results and 0 failures
individual accuracies [0.0996, 0.1315]
malicious is ['0', '0']
Number of Evil Clients: 13
Number of Preset Malicious Clients is 0
Number of Preset Benign Clients is 2
Average poisoning accuracy: 0.5312153846153846
accuracies is [(0.11555, -1)]
accuracies is [(0.11555, -1)]
benign class is -1
malicious class is 10
Final Clustering acc is 1.0
key neurons are {0: [2, 3, 4], 1: [2, 3, 4]}
Target label is 4
length of good results is 2 and length of bad results is 0
acc_diff is 0
Random Allocate
Evaluate
Global Poisoning Accuracy: 0.0
[2024-03-05 03:36:09,660][flwr][INFO] - fit progress: (50, 422.7535161972046, {'accuracy': 0.1202}, 9371.445889006005)
Configure Evaluate
[2024-03-05 03:36:09,660][flwr][DEBUG] - evaluate_round 50: strategy sampled 15 clients (out of 50)
[2024-03-05 03:36:23,309][flwr][DEBUG] - evaluate_round 50 received 15 results and 0 failures
Aggregate evaluate
Configure Fit
server round: 51
[2024-03-05 03:36:23,309][flwr][DEBUG] - fit_round 51: strategy sampled 15 clients (out of 50)
[2024-03-05 03:38:48,317][flwr][DEBUG] - fit_round 51 received 15 results and 0 failures
individual accuracies [0.1011]
malicious is ['0']
Number of Evil Clients: 14
Number of Preset Malicious Clients is 0
Number of Preset Benign Clients is 1
Average poisoning accuracy: 0.6981785714285714
accuracies is [(0.1011, -1)]
accuracies is [(0.1011, -1)]
benign class is -1
malicious class is 10
Final Clustering acc is 1.0
key neurons are {0: []}
Target label is 4
length of good results is 1 and length of bad results is 0
acc_diff is 0
Random Allocate
Evaluate
Global Poisoning Accuracy: 0.0
[2024-03-05 03:39:22,754][flwr][INFO] - fit progress: (51, 180.90070605278015, {'accuracy': 0.2118}, 9564.540208378006)
Configure Evaluate
[2024-03-05 03:39:22,754][flwr][DEBUG] - evaluate_round 51: strategy sampled 15 clients (out of 50)
[2024-03-05 03:39:36,432][flwr][DEBUG] - evaluate_round 51 received 15 results and 0 failures
Aggregate evaluate
Configure Fit
server round: 52
[2024-03-05 03:39:36,432][flwr][DEBUG] - fit_round 52: strategy sampled 15 clients (out of 50)
[2024-03-05 03:41:51,535][flwr][DEBUG] - fit_round 52 received 15 results and 0 failures
individual accuracies [0.1005, 0.1433, 0.1344]
malicious is ['0', '0', '0']
Number of Evil Clients: 12
Number of Preset Malicious Clients is 0
Number of Preset Benign Clients is 3
Average poisoning accuracy: 0.24650833333333333
accuracies is [(0.1344, -1)]
accuracies is [(0.1344, -1)]
benign class is -1
malicious class is 10
Final Clustering acc is 1.0
key neurons are {0: [4], 1: [8, 9], 2: [2, 3]}
Target label is 4
length of good results is 3 and length of bad results is 0
acc_diff is 0
Random Allocate
Evaluate
Global Poisoning Accuracy: 0.092
[2024-03-05 03:42:24,969][flwr][INFO] - fit progress: (52, 476.5622491836548, {'accuracy': 0.1187}, 9746.755680643008)
Configure Evaluate
[2024-03-05 03:42:24,970][flwr][DEBUG] - evaluate_round 52: strategy sampled 15 clients (out of 50)
[2024-03-05 03:42:38,812][flwr][DEBUG] - evaluate_round 52 received 15 results and 0 failures
Aggregate evaluate
Configure Fit
server round: 53
[2024-03-05 03:42:38,812][flwr][DEBUG] - fit_round 53: strategy sampled 15 clients (out of 50)
[2024-03-05 03:45:02,031][flwr][DEBUG] - fit_round 53 received 15 results and 0 failures
individual accuracies [0.1299, 0.1416]
malicious is ['0', '0']
Number of Evil Clients: 13
Number of Preset Malicious Clients is 0
Number of Preset Benign Clients is 2
Average poisoning accuracy: 0.5270769230769231
accuracies is [(0.13574999999999998, -1)]
accuracies is [(0.13574999999999998, -1)]
benign class is -1
malicious class is 10
Final Clustering acc is 1.0
key neurons are {0: [2, 4, 5, 7], 1: [2, 4, 5, 7]}
Target label is 2
length of good results is 2 and length of bad results is 0
acc_diff is 0
Random Allocate
Evaluate
Global Poisoning Accuracy: 0.0
[2024-03-05 03:45:34,597][flwr][INFO] - fit progress: (53, 435.50956106185913, {'accuracy': 0.1288}, 9936.38365465701)
Configure Evaluate
[2024-03-05 03:45:34,598][flwr][DEBUG] - evaluate_round 53: strategy sampled 15 clients (out of 50)
[2024-03-05 03:45:48,522][flwr][DEBUG] - evaluate_round 53 received 15 results and 0 failures
Aggregate evaluate
Configure Fit
server round: 54
[2024-03-05 03:45:48,522][flwr][DEBUG] - fit_round 54: strategy sampled 15 clients (out of 50)
[2024-03-05 03:48:12,881][flwr][DEBUG] - fit_round 54 received 15 results and 0 failures
individual accuracies [0.1276, 0.1325, 0.1746]
malicious is ['0', '0', '0']
Number of Evil Clients: 12
Number of Preset Malicious Clients is 0
Number of Preset Benign Clients is 3
Average poisoning accuracy: 0.5686666666666668
accuracies is [(0.1325, -1)]
accuracies is [(0.1325, -1)]
benign class is -1
malicious class is 10
Final Clustering acc is 1.0
key neurons are {0: [2, 3, 4], 1: [3], 2: [0, 2]}
Target label is 3
length of good results is 3 and length of bad results is 0
acc_diff is 0
Random Allocate
Evaluate
Global Poisoning Accuracy: 0.0
[2024-03-05 03:48:48,311][flwr][INFO] - fit progress: (54, 579.371187210083, {'accuracy': 0.1518}, 10130.097058571002)
Configure Evaluate
[2024-03-05 03:48:48,311][flwr][DEBUG] - evaluate_round 54: strategy sampled 15 clients (out of 50)
[2024-03-05 03:49:01,964][flwr][DEBUG] - evaluate_round 54 received 15 results and 0 failures
Aggregate evaluate
Configure Fit
server round: 55
[2024-03-05 03:49:01,964][flwr][DEBUG] - fit_round 55: strategy sampled 15 clients (out of 50)
[2024-03-05 03:51:20,414][flwr][DEBUG] - fit_round 55 received 15 results and 0 failures
individual accuracies []
malicious is []
Number of Evil Clients: 15
Only Evil Clients in this round, void this round.
Evaluate
Global Poisoning Accuracy: 0.0
[2024-03-05 03:51:54,834][flwr][INFO] - fit progress: (55, 581.1734561920166, {'accuracy': 0.1508}, 10316.620452770003)
Configure Evaluate
[2024-03-05 03:51:54,835][flwr][DEBUG] - evaluate_round 55: strategy sampled 15 clients (out of 50)
[2024-03-05 03:52:08,569][flwr][DEBUG] - evaluate_round 55 received 15 results and 0 failures
Aggregate evaluate
Configure Fit
server round: 56
[2024-03-05 03:52:08,569][flwr][DEBUG] - fit_round 56: strategy sampled 15 clients (out of 50)
[2024-03-05 03:54:32,093][flwr][DEBUG] - fit_round 56 received 15 results and 0 failures
individual accuracies [0.2794]
malicious is ['2']
Number of Evil Clients: 14
Number of Preset Malicious Clients is 1
Number of Preset Benign Clients is 0
Average poisoning accuracy: 0.6465933333333334
accuracies is [(0.2794, -1)]
accuracies is [(0.2794, -1)]
benign class is -1
malicious class is 10
Final Clustering acc is 0.0
key neurons are {0: []}
Target label is 9
length of good results is 1 and length of bad results is 0
acc_diff is 0
Random Allocate
Evaluate
Global Poisoning Accuracy: 0.7541
[2024-03-05 03:55:09,234][flwr][INFO] - fit progress: (56, 181.87886905670166, {'accuracy': 0.1662}, 10511.020256682008)
Configure Evaluate
[2024-03-05 03:55:09,234][flwr][DEBUG] - evaluate_round 56: strategy sampled 15 clients (out of 50)
[2024-03-05 03:55:23,234][flwr][DEBUG] - evaluate_round 56 received 15 results and 0 failures
Aggregate evaluate
Configure Fit
server round: 57
[2024-03-05 03:55:23,235][flwr][DEBUG] - fit_round 57: strategy sampled 15 clients (out of 50)
[2024-03-05 03:57:41,732][flwr][DEBUG] - fit_round 57 received 15 results and 0 failures
individual accuracies [0.1438, 0.1411, 0.1689, 0.1014]
malicious is ['0', '0', '0', '0']
Number of Evil Clients: 11
Number of Preset Malicious Clients is 0
Number of Preset Benign Clients is 4
Average poisoning accuracy: 0.7165636363636364
accuracies is [(0.12125, -1), (0.15635, 0)]
accuracies is [(0.12125, -1), (0.15635, 0)]
benign class is -1
malicious class is 0
Final Clustering acc is 0.5
2 added to evil list
key neurons are {0: [4, 8, 9], 1: [4, 8, 9]}
Target label is 4
length of good results is 2 and length of bad results is 2
acc_diff is 0
Random Allocate
Evaluate
Global Poisoning Accuracy: 0.1486
[2024-03-05 03:58:14,128][flwr][INFO] - fit progress: (57, 297.3836486339569, {'accuracy': 0.139}, 10695.914399465008)
Configure Evaluate
[2024-03-05 03:58:14,128][flwr][DEBUG] - evaluate_round 57: strategy sampled 15 clients (out of 50)
[2024-03-05 03:58:28,360][flwr][DEBUG] - evaluate_round 57 received 15 results and 0 failures
Aggregate evaluate
Configure Fit
server round: 58
[2024-03-05 03:58:28,360][flwr][DEBUG] - fit_round 58: strategy sampled 15 clients (out of 50)
[2024-03-05 04:00:46,762][flwr][DEBUG] - fit_round 58 received 15 results and 0 failures
individual accuracies [0.1231]
malicious is ['0']
Number of Evil Clients: 14
Number of Preset Malicious Clients is 0
Number of Preset Benign Clients is 1
Average poisoning accuracy: 0.5573642857142858
accuracies is [(0.1231, -1)]
accuracies is [(0.1231, -1)]
benign class is -1
malicious class is 10
Final Clustering acc is 1.0
key neurons are {0: []}
Target label is 4
length of good results is 1 and length of bad results is 0
acc_diff is 0
Random Allocate
Evaluate
Global Poisoning Accuracy: 0.0
[2024-03-05 04:01:18,669][flwr][INFO] - fit progress: (58, 179.00355863571167, {'accuracy': 0.2275}, 10880.455534060005)
Configure Evaluate
[2024-03-05 04:01:18,670][flwr][DEBUG] - evaluate_round 58: strategy sampled 15 clients (out of 50)
[2024-03-05 04:01:32,369][flwr][DEBUG] - evaluate_round 58 received 15 results and 0 failures
Aggregate evaluate
Configure Fit
server round: 59
[2024-03-05 04:01:32,369][flwr][DEBUG] - fit_round 59: strategy sampled 15 clients (out of 50)
[2024-03-05 04:03:47,857][flwr][DEBUG] - fit_round 59 received 15 results and 0 failures
individual accuracies [0.1401]
malicious is ['0']
Number of Evil Clients: 14
Number of Preset Malicious Clients is 0
Number of Preset Benign Clients is 1
Average poisoning accuracy: 0.49087142857142857
accuracies is [(0.1401, -1)]
accuracies is [(0.1401, -1)]
benign class is -1
malicious class is 10
Final Clustering acc is 1.0
key neurons are {0: []}
Target label is 8
length of good results is 1 and length of bad results is 0
acc_diff is 0
Random Allocate
Evaluate
Global Poisoning Accuracy: 0.0001
[2024-03-05 04:04:19,288][flwr][INFO] - fit progress: (59, 179.1956877708435, {'accuracy': 0.1786}, 11061.074127512009)
Configure Evaluate
[2024-03-05 04:04:19,288][flwr][DEBUG] - evaluate_round 59: strategy sampled 15 clients (out of 50)
[2024-03-05 04:04:33,176][flwr][DEBUG] - evaluate_round 59 received 15 results and 0 failures
Aggregate evaluate
Configure Fit
server round: 60
[2024-03-05 04:04:33,177][flwr][DEBUG] - fit_round 60: strategy sampled 15 clients (out of 50)
[2024-03-05 04:06:52,478][flwr][DEBUG] - fit_round 60 received 15 results and 0 failures
individual accuracies [0.1011]
malicious is ['0']
Number of Evil Clients: 14
Number of Preset Malicious Clients is 0
Number of Preset Benign Clients is 1
Average poisoning accuracy: 0.5628785714285715
accuracies is [(0.1011, -1)]
accuracies is [(0.1011, -1)]
benign class is -1
malicious class is 10
Final Clustering acc is 1.0
key neurons are {0: []}
Target label is 4
length of good results is 1 and length of bad results is 0
acc_diff is 0
Random Allocate
Evaluate
Global Poisoning Accuracy: 0.0
[2024-03-05 04:07:26,281][flwr][INFO] - fit progress: (60, 178.7486436367035, {'accuracy': 0.2284}, 11248.066873256)
Configure Evaluate
[2024-03-05 04:07:26,281][flwr][DEBUG] - evaluate_round 60: strategy sampled 15 clients (out of 50)
[2024-03-05 04:07:40,007][flwr][DEBUG] - evaluate_round 60 received 15 results and 0 failures
Aggregate evaluate
Configure Fit
server round: 61
[2024-03-05 04:07:40,008][flwr][DEBUG] - fit_round 61: strategy sampled 15 clients (out of 50)
[2024-03-05 04:09:51,647][flwr][DEBUG] - fit_round 61 received 15 results and 0 failures
individual accuracies [0.1327, 0.3006]
malicious is ['0', '2']
Number of Evil Clients: 13
Number of Preset Malicious Clients is 1
Number of Preset Benign Clients is 1
Average poisoning accuracy: 0.35043571428571424
accuracies is [(0.21665, -1)]
accuracies is [(0.21665, -1)]
benign class is -1
malicious class is 10
Final Clustering acc is 0.5
key neurons are {0: [2, 3, 9], 1: [2, 3, 9]}
Target label is 2
length of good results is 2 and length of bad results is 0
acc_diff is 0
Random Allocate
Evaluate
Global Poisoning Accuracy: 0.4675
[2024-03-05 04:10:28,070][flwr][INFO] - fit progress: (61, 221.27781176567078, {'accuracy': 0.1465}, 11429.855801327009)
Configure Evaluate
[2024-03-05 04:10:28,070][flwr][DEBUG] - evaluate_round 61: strategy sampled 15 clients (out of 50)
[2024-03-05 04:10:42,076][flwr][DEBUG] - evaluate_round 61 received 15 results and 0 failures
Aggregate evaluate
Configure Fit
server round: 62
[2024-03-05 04:10:42,076][flwr][DEBUG] - fit_round 62: strategy sampled 15 clients (out of 50)
[2024-03-05 04:12:57,373][flwr][DEBUG] - fit_round 62 received 15 results and 0 failures
individual accuracies [0.123, 0.098]
malicious is ['0', '0']
Number of Evil Clients: 13
Number of Preset Malicious Clients is 0
Number of Preset Benign Clients is 2
Average poisoning accuracy: 0.5273615384615383
accuracies is [(0.1105, -1)]
accuracies is [(0.1105, -1)]
benign class is -1
malicious class is 10
Final Clustering acc is 1.0
key neurons are {0: [2, 4], 1: [2, 4]}
Target label is 4
length of good results is 2 and length of bad results is 0
acc_diff is 0
Random Allocate
Evaluate
Global Poisoning Accuracy: 0.0
[2024-03-05 04:13:31,827][flwr][INFO] - fit progress: (62, 566.5479035377502, {'accuracy': 0.1106}, 11613.613560803002)
Configure Evaluate
[2024-03-05 04:13:31,828][flwr][DEBUG] - evaluate_round 62: strategy sampled 15 clients (out of 50)
[2024-03-05 04:13:45,506][flwr][DEBUG] - evaluate_round 62 received 15 results and 0 failures
Aggregate evaluate
Configure Fit
server round: 63
[2024-03-05 04:13:45,507][flwr][DEBUG] - fit_round 63: strategy sampled 15 clients (out of 50)
[2024-03-05 04:15:53,562][flwr][DEBUG] - fit_round 63 received 15 results and 0 failures
individual accuracies [0.1246, 0.1013, 0.1306]
malicious is ['0', '0', '0']
Number of Evil Clients: 12
Number of Preset Malicious Clients is 0
Number of Preset Benign Clients is 3
Average poisoning accuracy: 0.24495833333333336
accuracies is [(0.1246, -1)]
accuracies is [(0.1246, -1)]
benign class is -1
malicious class is 10
Final Clustering acc is 1.0
key neurons are {0: [2], 1: [2, 4], 2: [3, 4]}
Target label is 4
length of good results is 3 and length of bad results is 0
acc_diff is 0
Random Allocate
Evaluate
Global Poisoning Accuracy: 0.0
[2024-03-05 04:16:26,512][flwr][INFO] - fit progress: (63, 484.34483909606934, {'accuracy': 0.1515}, 11788.298335353)
Configure Evaluate
[2024-03-05 04:16:26,512][flwr][DEBUG] - evaluate_round 63: strategy sampled 15 clients (out of 50)
[2024-03-05 04:16:40,008][flwr][DEBUG] - evaluate_round 63 received 15 results and 0 failures
Aggregate evaluate
Configure Fit
server round: 64
[2024-03-05 04:16:40,009][flwr][DEBUG] - fit_round 64: strategy sampled 15 clients (out of 50)
[2024-03-05 04:18:52,891][flwr][DEBUG] - fit_round 64 received 15 results and 0 failures
individual accuracies [0.0995, 0.296]
malicious is ['0', '2']
Number of Evil Clients: 13
Number of Preset Malicious Clients is 1
Number of Preset Benign Clients is 1
Average poisoning accuracy: 0.48528571428571426
accuracies is [(0.19774999999999998, -1)]
accuracies is [(0.19774999999999998, -1)]
benign class is -1
malicious class is 10
Final Clustering acc is 0.5
key neurons are {0: [4, 9], 1: [4, 9]}
Target label is 4
length of good results is 2 and length of bad results is 0
acc_diff is 0
Random Allocate
Evaluate
Global Poisoning Accuracy: 0.0
[2024-03-05 04:19:25,863][flwr][INFO] - fit progress: (64, 386.01782417297363, {'accuracy': 0.1004}, 11967.649128403995)
Configure Evaluate
[2024-03-05 04:19:25,863][flwr][DEBUG] - evaluate_round 64: strategy sampled 15 clients (out of 50)
[2024-03-05 04:19:39,260][flwr][DEBUG] - evaluate_round 64 received 15 results and 0 failures
Aggregate evaluate
Configure Fit
server round: 65
[2024-03-05 04:19:39,260][flwr][DEBUG] - fit_round 65: strategy sampled 15 clients (out of 50)
[2024-03-05 04:21:52,473][flwr][DEBUG] - fit_round 65 received 15 results and 0 failures
individual accuracies [0.1235, 0.1326, 0.1422, 0.2809]
malicious is ['0', '0', '0', '2']
Number of Evil Clients: 11
Number of Preset Malicious Clients is 1
Number of Preset Benign Clients is 3
Average poisoning accuracy: 0.6558166666666666
accuracies is [(0.1374, -1)]
accuracies is [(0.1374, -1)]
benign class is -1
malicious class is 10
Final Clustering acc is 0.75
key neurons are {0: [2, 4, 9], 1: [2, 3, 9], 2: [2, 8, 9], 3: []}
Target label is 2
length of good results is 4 and length of bad results is 0
acc_diff is 0
Random Allocate
Evaluate
Global Poisoning Accuracy: 0.0
[2024-03-05 04:22:26,482][flwr][INFO] - fit progress: (65, 395.8886570930481, {'accuracy': 0.1567}, 12148.268294966008)
Configure Evaluate
[2024-03-05 04:22:26,482][flwr][DEBUG] - evaluate_round 65: strategy sampled 15 clients (out of 50)
[2024-03-05 04:22:40,170][flwr][DEBUG] - evaluate_round 65 received 15 results and 0 failures
Aggregate evaluate
Configure Fit
server round: 66
[2024-03-05 04:22:40,170][flwr][DEBUG] - fit_round 66: strategy sampled 15 clients (out of 50)
[2024-03-05 04:24:51,281][flwr][DEBUG] - fit_round 66 received 15 results and 0 failures
individual accuracies [0.0997, 0.2935]
malicious is ['0', '2']
Number of Evil Clients: 13
Number of Preset Malicious Clients is 1
Number of Preset Benign Clients is 1
Average poisoning accuracy: 0.41672857142857145
accuracies is [(0.1966, -1)]
accuracies is [(0.1966, -1)]
benign class is -1
malicious class is 10
Final Clustering acc is 0.5
key neurons are {0: [4, 9], 1: [4, 9]}
Target label is 4
length of good results is 2 and length of bad results is 0
acc_diff is 0
Random Allocate
Evaluate
Global Poisoning Accuracy: 0.0013
[2024-03-05 04:25:26,263][flwr][INFO] - fit progress: (66, 430.38650703430176, {'accuracy': 0.0986}, 12328.049589126007)
Configure Evaluate
[2024-03-05 04:25:26,264][flwr][DEBUG] - evaluate_round 66: strategy sampled 15 clients (out of 50)
[2024-03-05 04:25:39,983][flwr][DEBUG] - evaluate_round 66 received 15 results and 0 failures
Aggregate evaluate
Configure Fit
server round: 67
[2024-03-05 04:25:39,983][flwr][DEBUG] - fit_round 67: strategy sampled 15 clients (out of 50)
[2024-03-05 04:27:51,862][flwr][DEBUG] - fit_round 67 received 15 results and 0 failures
individual accuracies [0.1311]
malicious is ['0']
Number of Evil Clients: 14
Number of Preset Malicious Clients is 0
Number of Preset Benign Clients is 1
Average poisoning accuracy: 0.4198
accuracies is [(0.1311, -1)]
accuracies is [(0.1311, -1)]
benign class is -1
malicious class is 10
Final Clustering acc is 1.0
key neurons are {0: []}
Target label is 2
length of good results is 1 and length of bad results is 0
acc_diff is 0
Random Allocate
Evaluate
Global Poisoning Accuracy: 0.0
[2024-03-05 04:28:25,811][flwr][INFO] - fit progress: (67, 180.9276897907257, {'accuracy': 0.1812}, 12507.597162745005)
Configure Evaluate
[2024-03-05 04:28:25,811][flwr][DEBUG] - evaluate_round 67: strategy sampled 15 clients (out of 50)
[2024-03-05 04:28:39,280][flwr][DEBUG] - evaluate_round 67 received 15 results and 0 failures
Aggregate evaluate
Configure Fit
server round: 68
[2024-03-05 04:28:39,281][flwr][DEBUG] - fit_round 68: strategy sampled 15 clients (out of 50)
[2024-03-05 04:30:49,660][flwr][DEBUG] - fit_round 68 received 15 results and 0 failures
individual accuracies [0.1235]
malicious is ['0']
Number of Evil Clients: 14
Number of Preset Malicious Clients is 0
Number of Preset Benign Clients is 1
Average poisoning accuracy: 0.4177071428571429
accuracies is [(0.1235, -1)]
accuracies is [(0.1235, -1)]
benign class is -1
malicious class is 10
Final Clustering acc is 1.0
key neurons are {0: []}
Target label is 2
length of good results is 1 and length of bad results is 0
acc_diff is 0
Random Allocate
Evaluate
Global Poisoning Accuracy: 0.2738
[2024-03-05 04:31:23,294][flwr][INFO] - fit progress: (68, 175.83354902267456, {'accuracy': 0.2265}, 12685.079866305998)
Configure Evaluate
[2024-03-05 04:31:23,294][flwr][DEBUG] - evaluate_round 68: strategy sampled 15 clients (out of 50)
[2024-03-05 04:31:37,080][flwr][DEBUG] - evaluate_round 68 received 15 results and 0 failures
Aggregate evaluate
Configure Fit
server round: 69
[2024-03-05 04:31:37,080][flwr][DEBUG] - fit_round 69: strategy sampled 15 clients (out of 50)
[2024-03-05 04:33:45,822][flwr][DEBUG] - fit_round 69 received 15 results and 0 failures
individual accuracies [0.1337]
malicious is ['0']
Number of Evil Clients: 14
Number of Preset Malicious Clients is 0
Number of Preset Benign Clients is 1
Average poisoning accuracy: 0.3500142857142857
accuracies is [(0.1337, -1)]
accuracies is [(0.1337, -1)]
benign class is -1
malicious class is 10
Final Clustering acc is 1.0
key neurons are {0: []}
Target label is 2
length of good results is 1 and length of bad results is 0
acc_diff is 0
Random Allocate
Evaluate
Global Poisoning Accuracy: 0.9184
[2024-03-05 04:34:20,061][flwr][INFO] - fit progress: (69, 177.4529688358307, {'accuracy': 0.208}, 12861.847409559996)
Configure Evaluate
[2024-03-05 04:34:20,062][flwr][DEBUG] - evaluate_round 69: strategy sampled 15 clients (out of 50)
[2024-03-05 04:34:33,648][flwr][DEBUG] - evaluate_round 69 received 15 results and 0 failures
Aggregate evaluate
Configure Fit
server round: 70
[2024-03-05 04:34:33,648][flwr][DEBUG] - fit_round 70: strategy sampled 15 clients (out of 50)
[2024-03-05 04:36:42,890][flwr][DEBUG] - fit_round 70 received 15 results and 0 failures
individual accuracies [0.1323, 0.1399, 0.1002]
malicious is ['0', '0', '0']
Number of Evil Clients: 12
Number of Preset Malicious Clients is 0
Number of Preset Benign Clients is 3
Average poisoning accuracy: 0.24575
accuracies is [(0.1323, -1)]
accuracies is [(0.1323, -1)]
benign class is -1
malicious class is 10
Final Clustering acc is 1.0
key neurons are {0: [2, 3], 1: [8, 9], 2: [4]}
Target label is 2
length of good results is 3 and length of bad results is 0
acc_diff is 0
Random Allocate
Evaluate
Global Poisoning Accuracy: 0.0355
[2024-03-05 04:37:17,094][flwr][INFO] - fit progress: (70, 403.96733045578003, {'accuracy': 0.1294}, 13038.880610809996)
Configure Evaluate
[2024-03-05 04:37:17,095][flwr][DEBUG] - evaluate_round 70: strategy sampled 15 clients (out of 50)
[2024-03-05 04:37:30,530][flwr][DEBUG] - evaluate_round 70 received 15 results and 0 failures
Aggregate evaluate
Configure Fit
server round: 71
[2024-03-05 04:37:30,530][flwr][DEBUG] - fit_round 71: strategy sampled 15 clients (out of 50)
[2024-03-05 04:39:53,435][flwr][DEBUG] - fit_round 71 received 15 results and 0 failures
individual accuracies [0.2904]
malicious is ['2']
Number of Evil Clients: 14
Number of Preset Malicious Clients is 1
Number of Preset Benign Clients is 0
Average poisoning accuracy: 0.6471533333333334
accuracies is [(0.2904, -1)]
accuracies is [(0.2904, -1)]
benign class is -1
malicious class is 10
Final Clustering acc is 0.0
key neurons are {0: []}
Target label is 8
length of good results is 1 and length of bad results is 0
acc_diff is 0
Random Allocate
Evaluate
Global Poisoning Accuracy: 0.0
[2024-03-05 04:40:31,344][flwr][INFO] - fit progress: (71, 181.90133833885193, {'accuracy': 0.1318}, 13233.129965444008)
Configure Evaluate
[2024-03-05 04:40:31,344][flwr][DEBUG] - evaluate_round 71: strategy sampled 15 clients (out of 50)
[2024-03-05 04:40:44,859][flwr][DEBUG] - evaluate_round 71 received 15 results and 0 failures
Aggregate evaluate
Configure Fit
server round: 72
[2024-03-05 04:40:44,860][flwr][DEBUG] - fit_round 72: strategy sampled 15 clients (out of 50)
[2024-03-05 04:42:52,127][flwr][DEBUG] - fit_round 72 received 15 results and 0 failures
individual accuracies [0.1395]
malicious is ['0']
Number of Evil Clients: 14
Number of Preset Malicious Clients is 0
Number of Preset Benign Clients is 1
Average poisoning accuracy: 0.27780714285714286
accuracies is [(0.1395, -1)]
accuracies is [(0.1395, -1)]
benign class is -1
malicious class is 10
Final Clustering acc is 1.0
key neurons are {0: []}
Target label is 8
length of good results is 1 and length of bad results is 0
acc_diff is 0
Random Allocate
Evaluate
Global Poisoning Accuracy: 0.9608
[2024-03-05 04:43:26,221][flwr][INFO] - fit progress: (72, 178.96651101112366, {'accuracy': 0.2028}, 13408.006771678003)
Configure Evaluate
[2024-03-05 04:43:26,221][flwr][DEBUG] - evaluate_round 72: strategy sampled 15 clients (out of 50)
[2024-03-05 04:43:39,630][flwr][DEBUG] - evaluate_round 72 received 15 results and 0 failures
Aggregate evaluate
Configure Fit
server round: 73
[2024-03-05 04:43:39,630][flwr][DEBUG] - fit_round 73: strategy sampled 15 clients (out of 50)
[2024-03-05 04:45:46,197][flwr][DEBUG] - fit_round 73 received 15 results and 0 failures
individual accuracies [0.1428, 0.126]
malicious is ['0', '0']
Number of Evil Clients: 13
Number of Preset Malicious Clients is 0
Number of Preset Benign Clients is 2
Average poisoning accuracy: 0.45256153846153846
accuracies is [(0.13440000000000002, -1)]
accuracies is [(0.13440000000000002, -1)]
benign class is -1
malicious class is 10
Final Clustering acc is 1.0
key neurons are {0: [2, 4, 8, 9], 1: [2, 4, 8, 9]}
Target label is 2
length of good results is 2 and length of bad results is 0
acc_diff is 0
Random Allocate
Evaluate
Global Poisoning Accuracy: 0.8374
[2024-03-05 04:46:19,778][flwr][INFO] - fit progress: (73, 223.36709761619568, {'accuracy': 0.1732}, 13581.564090629996)
Configure Evaluate
[2024-03-05 04:46:19,778][flwr][DEBUG] - evaluate_round 73: strategy sampled 15 clients (out of 50)
[2024-03-05 04:46:33,433][flwr][DEBUG] - evaluate_round 73 received 15 results and 0 failures
Aggregate evaluate
Configure Fit
server round: 74
[2024-03-05 04:46:33,434][flwr][DEBUG] - fit_round 74: strategy sampled 15 clients (out of 50)
[2024-03-05 04:48:41,566][flwr][DEBUG] - fit_round 74 received 15 results and 0 failures
individual accuracies [0.1312, 0.2922]
malicious is ['0', '2']
Number of Evil Clients: 13
Number of Preset Malicious Clients is 1
Number of Preset Benign Clients is 1
Average poisoning accuracy: 0.49135
accuracies is [(0.2117, -1)]
accuracies is [(0.2117, -1)]
benign class is -1
malicious class is 10
Final Clustering acc is 0.5
key neurons are {0: [2, 3, 9], 1: [2, 3, 9]}
Target label is 2
length of good results is 2 and length of bad results is 0
acc_diff is 0
Random Allocate
Evaluate
Global Poisoning Accuracy: 0.9358
[2024-03-05 04:49:19,174][flwr][INFO] - fit progress: (74, 255.2090346813202, {'accuracy': 0.1491}, 13760.960205618001)
Configure Evaluate
[2024-03-05 04:49:19,174][flwr][DEBUG] - evaluate_round 74: strategy sampled 15 clients (out of 50)
[2024-03-05 04:49:32,535][flwr][DEBUG] - evaluate_round 74 received 15 results and 0 failures
Aggregate evaluate
Configure Fit
server round: 75
[2024-03-05 04:49:32,535][flwr][DEBUG] - fit_round 75: strategy sampled 15 clients (out of 50)
[2024-03-05 04:51:44,648][flwr][DEBUG] - fit_round 75 received 15 results and 0 failures
individual accuracies [0.1251]
malicious is ['0']
Number of Evil Clients: 14
Number of Preset Malicious Clients is 0
Number of Preset Benign Clients is 1
Average poisoning accuracy: 0.5574
accuracies is [(0.1251, -1)]
accuracies is [(0.1251, -1)]
benign class is -1
malicious class is 10
Final Clustering acc is 1.0
key neurons are {0: []}
Target label is 4
length of good results is 1 and length of bad results is 0
acc_diff is 0
Random Allocate
Evaluate
Global Poisoning Accuracy: 0.0
[2024-03-05 04:52:17,085][flwr][INFO] - fit progress: (75, 179.55686950683594, {'accuracy': 0.2077}, 13938.871742756004)
Configure Evaluate
[2024-03-05 04:52:17,086][flwr][DEBUG] - evaluate_round 75: strategy sampled 15 clients (out of 50)
[2024-03-05 04:52:30,632][flwr][DEBUG] - evaluate_round 75 received 15 results and 0 failures
Aggregate evaluate
Configure Fit
server round: 76
[2024-03-05 04:52:30,632][flwr][DEBUG] - fit_round 76: strategy sampled 15 clients (out of 50)
[2024-03-05 04:54:45,078][flwr][DEBUG] - fit_round 76 received 15 results and 0 failures
individual accuracies [0.2938]
malicious is ['2']
Number of Evil Clients: 14
Number of Preset Malicious Clients is 1
Number of Preset Benign Clients is 0
Average poisoning accuracy: 0.64988
accuracies is [(0.2938, -1)]
accuracies is [(0.2938, -1)]
benign class is -1
malicious class is 10
Final Clustering acc is 0.0
key neurons are {0: []}
Target label is 9
length of good results is 1 and length of bad results is 0
acc_diff is 0
Random Allocate
Evaluate
Global Poisoning Accuracy: 0.0976
[2024-03-05 04:55:21,747][flwr][INFO] - fit progress: (76, 178.33254194259644, {'accuracy': 0.2799}, 14123.533717031998)
Configure Evaluate
[2024-03-05 04:55:21,748][flwr][DEBUG] - evaluate_round 76: strategy sampled 15 clients (out of 50)
[2024-03-05 04:55:35,205][flwr][DEBUG] - evaluate_round 76 received 15 results and 0 failures
Aggregate evaluate
Configure Fit
server round: 77
[2024-03-05 04:55:35,205][flwr][DEBUG] - fit_round 77: strategy sampled 15 clients (out of 50)
[2024-03-05 04:57:51,230][flwr][DEBUG] - fit_round 77 received 15 results and 0 failures
individual accuracies [0.1323, 0.1307, 0.1421]
malicious is ['0', '0', '0']
Number of Evil Clients: 12
Number of Preset Malicious Clients is 0
Number of Preset Benign Clients is 3
Average poisoning accuracy: 0.5724833333333333
accuracies is [(0.1323, -1)]
accuracies is [(0.1323, -1)]
benign class is -1
malicious class is 10
Final Clustering acc is 1.0
key neurons are {0: [3], 1: [2, 4], 2: [2, 8, 9]}
Target label is 2
length of good results is 3 and length of bad results is 0
acc_diff is 0
Random Allocate
Evaluate
Global Poisoning Accuracy: 0.9793
[2024-03-05 04:58:24,731][flwr][INFO] - fit progress: (77, 339.8160617351532, {'accuracy': 0.1641}, 14306.517248899996)
Configure Evaluate
[2024-03-05 04:58:24,731][flwr][DEBUG] - evaluate_round 77: strategy sampled 15 clients (out of 50)
[2024-03-05 04:58:38,176][flwr][DEBUG] - evaluate_round 77 received 15 results and 0 failures
Aggregate evaluate
Configure Fit
server round: 78
[2024-03-05 04:58:38,176][flwr][DEBUG] - fit_round 78: strategy sampled 15 clients (out of 50)
[2024-03-05 05:00:47,657][flwr][DEBUG] - fit_round 78 received 15 results and 0 failures
individual accuracies [0.1261, 0.1011]
malicious is ['0', '0']
Number of Evil Clients: 13
Number of Preset Malicious Clients is 0
Number of Preset Benign Clients is 2
Average poisoning accuracy: 0.5278615384615385
accuracies is [(0.11359999999999999, -1)]
accuracies is [(0.11359999999999999, -1)]
benign class is -1
malicious class is 10
Final Clustering acc is 1.0
key neurons are {0: [2, 4], 1: [2, 4]}
Target label is 4
length of good results is 2 and length of bad results is 0
acc_diff is 0
Random Allocate
Evaluate
Global Poisoning Accuracy: 0.0
[2024-03-05 05:01:21,170][flwr][INFO] - fit progress: (78, 595.4939560890198, {'accuracy': 0.1207}, 14482.955857441004)
Configure Evaluate
[2024-03-05 05:01:21,170][flwr][DEBUG] - evaluate_round 78: strategy sampled 15 clients (out of 50)
[2024-03-05 05:01:34,414][flwr][DEBUG] - evaluate_round 78 received 15 results and 0 failures
Aggregate evaluate
Configure Fit
server round: 79
[2024-03-05 05:01:34,414][flwr][DEBUG] - fit_round 79: strategy sampled 15 clients (out of 50)
[2024-03-05 05:03:46,963][flwr][DEBUG] - fit_round 79 received 15 results and 0 failures
individual accuracies [0.1281]
malicious is ['0']
Number of Evil Clients: 14
Number of Preset Malicious Clients is 0
Number of Preset Benign Clients is 1
Average poisoning accuracy: 0.6333785714285715
accuracies is [(0.1281, -1)]
accuracies is [(0.1281, -1)]
benign class is -1
malicious class is 10
Final Clustering acc is 1.0
key neurons are {0: []}
Target label is 3
length of good results is 1 and length of bad results is 0
acc_diff is 0
Random Allocate
Evaluate
Global Poisoning Accuracy: 0.0026
[2024-03-05 05:04:19,464][flwr][INFO] - fit progress: (79, 181.53263998031616, {'accuracy': 0.2294}, 14661.250114042006)
Configure Evaluate
[2024-03-05 05:04:19,464][flwr][DEBUG] - evaluate_round 79: strategy sampled 15 clients (out of 50)
[2024-03-05 05:04:33,022][flwr][DEBUG] - evaluate_round 79 received 15 results and 0 failures
Aggregate evaluate
Configure Fit
server round: 80
[2024-03-05 05:04:33,022][flwr][DEBUG] - fit_round 80: strategy sampled 15 clients (out of 50)
[2024-03-05 05:06:39,083][flwr][DEBUG] - fit_round 80 received 15 results and 0 failures
individual accuracies [0.1005, 0.1256]
malicious is ['0', '0']
Number of Evil Clients: 13
Number of Preset Malicious Clients is 0
Number of Preset Benign Clients is 2
Average poisoning accuracy: 0.37626923076923074
accuracies is [(0.11305, -1)]
accuracies is [(0.11305, -1)]
benign class is -1
malicious class is 10
Final Clustering acc is 1.0
key neurons are {0: [2, 4], 1: [2, 4]}
Target label is 4
length of good results is 2 and length of bad results is 0
acc_diff is 0
Random Allocate
Evaluate
Global Poisoning Accuracy: 0.0
[2024-03-05 05:07:11,133][flwr][INFO] - fit progress: (80, 426.101601600647, {'accuracy': 0.1012}, 14832.919653687)
Configure Evaluate
[2024-03-05 05:07:11,134][flwr][DEBUG] - evaluate_round 80: strategy sampled 15 clients (out of 50)
[2024-03-05 05:07:24,701][flwr][DEBUG] - evaluate_round 80 received 15 results and 0 failures
Aggregate evaluate
Configure Fit
server round: 81
[2024-03-05 05:07:24,701][flwr][DEBUG] - fit_round 81: strategy sampled 15 clients (out of 50)
[2024-03-05 05:09:34,250][flwr][DEBUG] - fit_round 81 received 15 results and 0 failures
individual accuracies [0.1004, 0.1246]
malicious is ['0', '0']
Number of Evil Clients: 13
Number of Preset Malicious Clients is 0
Number of Preset Benign Clients is 2
Average poisoning accuracy: 0.37513076923076927
accuracies is [(0.1125, -1)]
accuracies is [(0.1125, -1)]
benign class is -1
malicious class is 10
Final Clustering acc is 1.0
key neurons are {0: [2, 4], 1: [2, 4]}
Target label is 4
length of good results is 2 and length of bad results is 0
acc_diff is 0
Random Allocate
Evaluate
Global Poisoning Accuracy: 0.0
[2024-03-05 05:10:05,934][flwr][INFO] - fit progress: (81, 557.1605172157288, {'accuracy': 0.1111}, 15007.720353405006)
Configure Evaluate
[2024-03-05 05:10:05,934][flwr][DEBUG] - evaluate_round 81: strategy sampled 15 clients (out of 50)
[2024-03-05 05:10:19,271][flwr][DEBUG] - evaluate_round 81 received 15 results and 0 failures
Aggregate evaluate
Configure Fit
server round: 82
[2024-03-05 05:10:19,271][flwr][DEBUG] - fit_round 82: strategy sampled 15 clients (out of 50)
[2024-03-05 05:12:31,226][flwr][DEBUG] - fit_round 82 received 15 results and 0 failures
individual accuracies [0.1235, 0.1389, 0.1013, 0.2968]
malicious is ['0', '0', '0', '2']
Number of Evil Clients: 11
Number of Preset Malicious Clients is 1
Number of Preset Benign Clients is 3
Average poisoning accuracy: 0.5732166666666667
accuracies is [(0.13119999999999998, -1)]
accuracies is [(0.13119999999999998, -1)]
benign class is -1
malicious class is 10
Final Clustering acc is 0.75
key neurons are {0: [2, 9], 1: [4, 8, 9], 2: [4, 9], 3: [4]}
Target label is 4
length of good results is 4 and length of bad results is 0
acc_diff is 0
Random Allocate
Evaluate
Global Poisoning Accuracy: 0.0
[2024-03-05 05:13:04,218][flwr][INFO] - fit progress: (82, 347.9681978225708, {'accuracy': 0.1427}, 15186.003898816009)
Configure Evaluate
[2024-03-05 05:13:04,218][flwr][DEBUG] - evaluate_round 82: strategy sampled 15 clients (out of 50)
[2024-03-05 05:13:17,856][flwr][DEBUG] - evaluate_round 82 received 15 results and 0 failures
Aggregate evaluate
Configure Fit
server round: 83
[2024-03-05 05:13:17,856][flwr][DEBUG] - fit_round 83: strategy sampled 15 clients (out of 50)
[2024-03-05 05:15:27,836][flwr][DEBUG] - fit_round 83 received 15 results and 0 failures
individual accuracies [0.2898]
malicious is ['2']
Number of Evil Clients: 14
Number of Preset Malicious Clients is 1
Number of Preset Benign Clients is 0
Average poisoning accuracy: 0.4572333333333333
accuracies is [(0.2898, -1)]
accuracies is [(0.2898, -1)]
benign class is -1
malicious class is 10
Final Clustering acc is 0.0
key neurons are {0: []}
Target label is 9
length of good results is 1 and length of bad results is 0
acc_diff is 0
Random Allocate
Evaluate
Global Poisoning Accuracy: 0.9935
[2024-03-05 05:16:04,115][flwr][INFO] - fit progress: (83, 181.8955614566803, {'accuracy': 0.131}, 15365.900995938006)
Configure Evaluate
[2024-03-05 05:16:04,115][flwr][DEBUG] - evaluate_round 83: strategy sampled 15 clients (out of 50)
[2024-03-05 05:16:17,766][flwr][DEBUG] - evaluate_round 83 received 15 results and 0 failures
Aggregate evaluate
Configure Fit
server round: 84
[2024-03-05 05:16:17,766][flwr][DEBUG] - fit_round 84: strategy sampled 15 clients (out of 50)
[2024-03-05 05:18:28,892][flwr][DEBUG] - fit_round 84 received 15 results and 0 failures
individual accuracies [0.1315, 0.1266]
malicious is ['0', '0']
Number of Evil Clients: 13
Number of Preset Malicious Clients is 0
Number of Preset Benign Clients is 2
Average poisoning accuracy: 0.682576923076923
accuracies is [(0.12905, -1)]
accuracies is [(0.12905, -1)]
benign class is -1
malicious class is 10
Final Clustering acc is 1.0
key neurons are {0: [3, 4], 1: [3, 4]}
Target label is 2
length of good results is 2 and length of bad results is 0
acc_diff is 0
Random Allocate
Evaluate
Global Poisoning Accuracy: 0.0
[2024-03-05 05:19:00,699][flwr][INFO] - fit progress: (84, 215.7049219608307, {'accuracy': 0.1498}, 15542.484960748)
Configure Evaluate
[2024-03-05 05:19:00,699][flwr][DEBUG] - evaluate_round 84: strategy sampled 15 clients (out of 50)
[2024-03-05 05:19:14,121][flwr][DEBUG] - evaluate_round 84 received 15 results and 0 failures
Aggregate evaluate
Configure Fit
server round: 85
[2024-03-05 05:19:14,121][flwr][DEBUG] - fit_round 85: strategy sampled 15 clients (out of 50)
[2024-03-05 05:21:28,150][flwr][DEBUG] - fit_round 85 received 15 results and 0 failures
individual accuracies [0.0999]
malicious is ['0']
Number of Evil Clients: 14
Number of Preset Malicious Clients is 0
Number of Preset Benign Clients is 1
Average poisoning accuracy: 0.6986571428571429
accuracies is [(0.0999, -1)]
accuracies is [(0.0999, -1)]
benign class is -1
malicious class is 10
Final Clustering acc is 1.0
key neurons are {0: []}
Target label is 4
length of good results is 1 and length of bad results is 0
acc_diff is 0
Random Allocate
Evaluate
Global Poisoning Accuracy: 0.0204
[2024-03-05 05:21:59,880][flwr][INFO] - fit progress: (85, 179.80926036834717, {'accuracy': 0.2004}, 15721.665750618995)
Configure Evaluate
[2024-03-05 05:21:59,880][flwr][DEBUG] - evaluate_round 85: strategy sampled 15 clients (out of 50)
[2024-03-05 05:22:13,585][flwr][DEBUG] - evaluate_round 85 received 15 results and 0 failures
Aggregate evaluate
Configure Fit
server round: 86
[2024-03-05 05:22:13,586][flwr][DEBUG] - fit_round 86: strategy sampled 15 clients (out of 50)
[2024-03-05 05:24:25,860][flwr][DEBUG] - fit_round 86 received 15 results and 0 failures
individual accuracies [0.1337, 0.2825]
malicious is ['0', '2']
Number of Evil Clients: 13
Number of Preset Malicious Clients is 1
Number of Preset Benign Clients is 1
Average poisoning accuracy: 0.7006642857142857
accuracies is [(0.2081, -1)]
accuracies is [(0.2081, -1)]
benign class is -1
malicious class is 10
Final Clustering acc is 0.5
key neurons are {0: [2, 3, 9], 1: [2, 3, 9]}
Target label is 3
length of good results is 2 and length of bad results is 0
acc_diff is 0
Random Allocate
Evaluate
Global Poisoning Accuracy: 0.9191
[2024-03-05 05:25:02,396][flwr][INFO] - fit progress: (86, 213.9781849384308, {'accuracy': 0.1429}, 15904.181837743003)
Configure Evaluate
[2024-03-05 05:25:02,396][flwr][DEBUG] - evaluate_round 86: strategy sampled 15 clients (out of 50)
[2024-03-05 05:25:15,692][flwr][DEBUG] - evaluate_round 86 received 15 results and 0 failures
Aggregate evaluate
Configure Fit
server round: 87
[2024-03-05 05:25:15,693][flwr][DEBUG] - fit_round 87: strategy sampled 15 clients (out of 50)
[2024-03-05 05:27:29,465][flwr][DEBUG] - fit_round 87 received 15 results and 0 failures
individual accuracies [0.139]
malicious is ['0']
Number of Evil Clients: 14
Number of Preset Malicious Clients is 0
Number of Preset Benign Clients is 1
Average poisoning accuracy: 0.5603642857142856
accuracies is [(0.139, -1)]
accuracies is [(0.139, -1)]
benign class is -1
malicious class is 10
Final Clustering acc is 1.0
key neurons are {0: []}
Target label is 9
length of good results is 1 and length of bad results is 0
acc_diff is 0
Random Allocate
Evaluate
Global Poisoning Accuracy: 0.0
[2024-03-05 05:28:02,492][flwr][INFO] - fit progress: (87, 176.4860258102417, {'accuracy': 0.1927}, 16084.277793515997)
Configure Evaluate
[2024-03-05 05:28:02,492][flwr][DEBUG] - evaluate_round 87: strategy sampled 15 clients (out of 50)
[2024-03-05 05:28:16,041][flwr][DEBUG] - evaluate_round 87 received 15 results and 0 failures
Aggregate evaluate
Configure Fit
server round: 88
[2024-03-05 05:28:16,041][flwr][DEBUG] - fit_round 88: strategy sampled 15 clients (out of 50)
[2024-03-05 05:30:28,527][flwr][DEBUG] - fit_round 88 received 15 results and 0 failures
individual accuracies [0.1009, 0.2889]
malicious is ['0', '2']
Number of Evil Clients: 13
Number of Preset Malicious Clients is 1
Number of Preset Benign Clients is 1
Average poisoning accuracy: 0.5599142857142858
accuracies is [(0.1949, -1)]
accuracies is [(0.1949, -1)]
benign class is -1
malicious class is 10
Final Clustering acc is 0.5
key neurons are {0: [4, 9], 1: [4, 9]}
Target label is 4
length of good results is 2 and length of bad results is 0
acc_diff is 0
Random Allocate
Evaluate
Global Poisoning Accuracy: 0.6307
[2024-03-05 05:31:02,532][flwr][INFO] - fit progress: (88, 229.01263403892517, {'accuracy': 0.1096}, 16264.318689816006)
Configure Evaluate
[2024-03-05 05:31:02,533][flwr][DEBUG] - evaluate_round 88: strategy sampled 15 clients (out of 50)
[2024-03-05 05:31:16,178][flwr][DEBUG] - evaluate_round 88 received 15 results and 0 failures
Aggregate evaluate
Configure Fit
server round: 89
[2024-03-05 05:31:16,179][flwr][DEBUG] - fit_round 89: strategy sampled 15 clients (out of 50)
[2024-03-05 05:33:27,610][flwr][DEBUG] - fit_round 89 received 15 results and 0 failures
individual accuracies [0.1011, 0.1404]
malicious is ['0', '0']
Number of Evil Clients: 13
Number of Preset Malicious Clients is 0
Number of Preset Benign Clients is 2
Average poisoning accuracy: 0.4510076923076923
accuracies is [(0.12075, -1)]
accuracies is [(0.12075, -1)]
benign class is -1
malicious class is 10
Final Clustering acc is 1.0
key neurons are {0: [4, 8, 9], 1: [4, 8, 9]}
Target label is 4
length of good results is 2 and length of bad results is 0
acc_diff is 0
Random Allocate
Evaluate
Global Poisoning Accuracy: 0.962
[2024-03-05 05:34:01,399][flwr][INFO] - fit progress: (89, 321.2998323440552, {'accuracy': 0.1322}, 16443.185714820997)
Configure Evaluate
[2024-03-05 05:34:01,400][flwr][DEBUG] - evaluate_round 89: strategy sampled 15 clients (out of 50)
[2024-03-05 05:34:15,016][flwr][DEBUG] - evaluate_round 89 received 15 results and 0 failures
Aggregate evaluate
Configure Fit
server round: 90
[2024-03-05 05:34:15,017][flwr][DEBUG] - fit_round 90: strategy sampled 15 clients (out of 50)
[2024-03-05 05:36:22,068][flwr][DEBUG] - fit_round 90 received 15 results and 0 failures
individual accuracies [0.2959, 0.1303]
malicious is ['2', '0']
Number of Evil Clients: 13
Number of Preset Malicious Clients is 1
Number of Preset Benign Clients is 1
Average poisoning accuracy: 0.35144285714285717
accuracies is [(0.2131, -1)]
accuracies is [(0.2131, -1)]
benign class is -1
malicious class is 10
Final Clustering acc is 0.5
key neurons are {0: [2, 3, 9], 1: [2, 3, 9]}
Target label is 3
length of good results is 2 and length of bad results is 0
acc_diff is 0
Random Allocate
Evaluate
Global Poisoning Accuracy: 0.9756
[2024-03-05 05:36:57,748][flwr][INFO] - fit progress: (90, 271.4127953052521, {'accuracy': 0.1534}, 16619.534573030003)
Configure Evaluate
[2024-03-05 05:36:57,749][flwr][DEBUG] - evaluate_round 90: strategy sampled 15 clients (out of 50)
[2024-03-05 05:37:11,190][flwr][DEBUG] - evaluate_round 90 received 15 results and 0 failures
Aggregate evaluate
Configure Fit
server round: 91
[2024-03-05 05:37:11,190][flwr][DEBUG] - fit_round 91: strategy sampled 15 clients (out of 50)
[2024-03-05 05:39:19,553][flwr][DEBUG] - fit_round 91 received 15 results and 0 failures
individual accuracies []
malicious is []
Number of Evil Clients: 15
Only Evil Clients in this round, void this round.
Evaluate
Global Poisoning Accuracy: 0.9756
[2024-03-05 05:39:53,951][flwr][INFO] - fit progress: (91, 270.83824920654297, {'accuracy': 0.1532}, 16795.737490665007)
Configure Evaluate
[2024-03-05 05:39:53,952][flwr][DEBUG] - evaluate_round 91: strategy sampled 15 clients (out of 50)
[2024-03-05 05:40:07,456][flwr][DEBUG] - evaluate_round 91 received 15 results and 0 failures
Aggregate evaluate
Configure Fit
server round: 92
[2024-03-05 05:40:07,457][flwr][DEBUG] - fit_round 92: strategy sampled 15 clients (out of 50)
[2024-03-05 05:42:25,248][flwr][DEBUG] - fit_round 92 received 15 results and 0 failures
individual accuracies [0.291, 0.1018]
malicious is ['2', '0']
Number of Evil Clients: 13
Number of Preset Malicious Clients is 1
Number of Preset Benign Clients is 1
Average poisoning accuracy: 0.7714857142857143
accuracies is [(0.1964, -1)]
accuracies is [(0.1964, -1)]
benign class is -1
malicious class is 10
Final Clustering acc is 0.5
key neurons are {0: [4, 9], 1: [4, 9]}
Target label is 4
length of good results is 2 and length of bad results is 0
acc_diff is 0
Random Allocate
Evaluate
Global Poisoning Accuracy: 0.9772
[2024-03-05 05:43:00,580][flwr][INFO] - fit progress: (92, 294.2703890800476, {'accuracy': 0.1161}, 16982.366138751007)
Configure Evaluate
[2024-03-05 05:43:00,580][flwr][DEBUG] - evaluate_round 92: strategy sampled 15 clients (out of 50)
[2024-03-05 05:43:14,248][flwr][DEBUG] - evaluate_round 92 received 15 results and 0 failures
Aggregate evaluate
Configure Fit
server round: 93
[2024-03-05 05:43:14,248][flwr][DEBUG] - fit_round 93: strategy sampled 15 clients (out of 50)
[2024-03-05 05:45:29,690][flwr][DEBUG] - fit_round 93 received 15 results and 0 failures
individual accuracies [0.2956]
malicious is ['2']
Number of Evil Clients: 14
Number of Preset Malicious Clients is 1
Number of Preset Benign Clients is 0
Average poisoning accuracy: 0.5882333333333334
accuracies is [(0.2956, -1)]
accuracies is [(0.2956, -1)]
benign class is -1
malicious class is 10
Final Clustering acc is 0.0
key neurons are {0: []}
Target label is 9
length of good results is 1 and length of bad results is 0
acc_diff is 0
Random Allocate
Evaluate
Global Poisoning Accuracy: 0.4691
[2024-03-05 05:46:03,287][flwr][INFO] - fit progress: (93, 180.34041213989258, {'accuracy': 0.2281}, 17165.073248062006)
Configure Evaluate
[2024-03-05 05:46:03,287][flwr][DEBUG] - evaluate_round 93: strategy sampled 15 clients (out of 50)
[2024-03-05 05:46:16,908][flwr][DEBUG] - evaluate_round 93 received 15 results and 0 failures
Aggregate evaluate
Configure Fit
server round: 94
[2024-03-05 05:46:16,909][flwr][DEBUG] - fit_round 94: strategy sampled 15 clients (out of 50)
[2024-03-05 05:48:31,228][flwr][DEBUG] - fit_round 94 received 15 results and 0 failures
individual accuracies [0.1419, 0.2958]
malicious is ['0', '2']
Number of Evil Clients: 13
Number of Preset Malicious Clients is 1
Number of Preset Benign Clients is 1
Average poisoning accuracy: 0.5638285714285715
accuracies is [(0.21885, -1)]
accuracies is [(0.21885, -1)]
benign class is -1
malicious class is 10
Final Clustering acc is 0.5
key neurons are {0: [8], 1: [8]}
Target label is 8
length of good results is 2 and length of bad results is 0
acc_diff is 0
Random Allocate
Evaluate
Global Poisoning Accuracy: 0.3645
[2024-03-05 05:49:04,496][flwr][INFO] - fit progress: (94, 184.52024245262146, {'accuracy': 0.1329}, 17346.282441478004)
Configure Evaluate
[2024-03-05 05:49:04,497][flwr][DEBUG] - evaluate_round 94: strategy sampled 15 clients (out of 50)
[2024-03-05 05:49:17,986][flwr][DEBUG] - evaluate_round 94 received 15 results and 0 failures
Aggregate evaluate
Configure Fit
server round: 95
[2024-03-05 05:49:17,987][flwr][DEBUG] - fit_round 95: strategy sampled 15 clients (out of 50)
[2024-03-05 05:51:30,341][flwr][DEBUG] - fit_round 95 received 15 results and 0 failures
individual accuracies []
malicious is []
Number of Evil Clients: 15
Only Evil Clients in this round, void this round.
Evaluate
Global Poisoning Accuracy: 0.3645
[2024-03-05 05:52:03,845][flwr][INFO] - fit progress: (95, 184.4803659915924, {'accuracy': 0.1367}, 17525.630746636)
Configure Evaluate
[2024-03-05 05:52:03,845][flwr][DEBUG] - evaluate_round 95: strategy sampled 15 clients (out of 50)
[2024-03-05 05:52:17,348][flwr][DEBUG] - evaluate_round 95 received 15 results and 0 failures
Aggregate evaluate
Configure Fit
server round: 96
[2024-03-05 05:52:17,349][flwr][DEBUG] - fit_round 96: strategy sampled 15 clients (out of 50)
[2024-03-05 05:54:26,793][flwr][DEBUG] - fit_round 96 received 15 results and 0 failures
individual accuracies [0.0994, 0.1238]
malicious is ['0', '0']
Number of Evil Clients: 13
Number of Preset Malicious Clients is 0
Number of Preset Benign Clients is 2
Average poisoning accuracy: 0.4559
accuracies is [(0.1116, -1)]
accuracies is [(0.1116, -1)]
benign class is -1
malicious class is 10
Final Clustering acc is 1.0
key neurons are {0: [2, 4], 1: [2, 4]}
Target label is 4
length of good results is 2 and length of bad results is 0
acc_diff is 0
Random Allocate
Evaluate
Global Poisoning Accuracy: 0.0
[2024-03-05 05:55:00,622][flwr][INFO] - fit progress: (96, 450.2710065841675, {'accuracy': 0.101}, 17702.407896823002)
Configure Evaluate
[2024-03-05 05:55:00,622][flwr][DEBUG] - evaluate_round 96: strategy sampled 15 clients (out of 50)
[2024-03-05 05:55:13,948][flwr][DEBUG] - evaluate_round 96 received 15 results and 0 failures
Aggregate evaluate
Configure Fit
server round: 97
[2024-03-05 05:55:13,949][flwr][DEBUG] - fit_round 97: strategy sampled 15 clients (out of 50)
[2024-03-05 05:57:28,873][flwr][DEBUG] - fit_round 97 received 15 results and 0 failures
individual accuracies [0.1412, 0.3002]
malicious is ['0', '2']
Number of Evil Clients: 13
Number of Preset Malicious Clients is 1
Number of Preset Benign Clients is 1
Average poisoning accuracy: 0.5618357142857142
accuracies is [(0.2207, -1)]
accuracies is [(0.2207, -1)]
benign class is -1
malicious class is 10
Final Clustering acc is 0.5
key neurons are {0: [8], 1: [8]}
Target label is 9
length of good results is 2 and length of bad results is 0
acc_diff is 0
Random Allocate
Evaluate
Global Poisoning Accuracy: 0.4977
[2024-03-05 05:58:03,484][flwr][INFO] - fit progress: (97, 189.80851340293884, {'accuracy': 0.1463}, 17885.270096021006)
Configure Evaluate
[2024-03-05 05:58:03,484][flwr][DEBUG] - evaluate_round 97: strategy sampled 15 clients (out of 50)
[2024-03-05 05:58:16,876][flwr][DEBUG] - evaluate_round 97 received 15 results and 0 failures
Aggregate evaluate
Configure Fit
server round: 98
[2024-03-05 05:58:16,877][flwr][DEBUG] - fit_round 98: strategy sampled 15 clients (out of 50)
[2024-03-05 06:00:25,415][flwr][DEBUG] - fit_round 98 received 15 results and 0 failures
individual accuracies [0.141, 0.1257]
malicious is ['0', '0']
Number of Evil Clients: 13
Number of Preset Malicious Clients is 0
Number of Preset Benign Clients is 2
Average poisoning accuracy: 0.5289
accuracies is [(0.13335, -1)]
accuracies is [(0.13335, -1)]
benign class is -1
malicious class is 10
Final Clustering acc is 1.0
key neurons are {0: [2, 4, 8, 9], 1: [2, 4, 8, 9]}
Target label is 2
length of good results is 2 and length of bad results is 0
acc_diff is 0
Random Allocate
Evaluate
Global Poisoning Accuracy: 0.9843
[2024-03-05 06:00:58,949][flwr][INFO] - fit progress: (98, 227.0908818244934, {'accuracy': 0.1742}, 18060.734782615007)
Configure Evaluate
[2024-03-05 06:00:58,949][flwr][DEBUG] - evaluate_round 98: strategy sampled 15 clients (out of 50)
[2024-03-05 06:01:12,461][flwr][DEBUG] - evaluate_round 98 received 15 results and 0 failures
Aggregate evaluate
Configure Fit
server round: 99
[2024-03-05 06:01:12,462][flwr][DEBUG] - fit_round 99: strategy sampled 15 clients (out of 50)
[2024-03-05 06:03:26,448][flwr][DEBUG] - fit_round 99 received 15 results and 0 failures
individual accuracies [0.0995]
malicious is ['0']
Number of Evil Clients: 14
Number of Preset Malicious Clients is 0
Number of Preset Benign Clients is 1
Average poisoning accuracy: 0.3491714285714286
accuracies is [(0.0995, -1)]
accuracies is [(0.0995, -1)]
benign class is -1
malicious class is 10
Final Clustering acc is 1.0
key neurons are {0: []}
Target label is 4
length of good results is 1 and length of bad results is 0
acc_diff is 0
Random Allocate
Evaluate
Global Poisoning Accuracy: 0.0
[2024-03-05 06:03:58,197][flwr][INFO] - fit progress: (99, 179.37354969978333, {'accuracy': 0.1648}, 18239.983282140005)
Configure Evaluate
[2024-03-05 06:03:58,197][flwr][DEBUG] - evaluate_round 99: strategy sampled 15 clients (out of 50)
[2024-03-05 06:04:11,737][flwr][DEBUG] - evaluate_round 99 received 15 results and 0 failures
Aggregate evaluate
Configure Fit
server round: 100
[2024-03-05 06:04:11,737][flwr][DEBUG] - fit_round 100: strategy sampled 15 clients (out of 50)
[2024-03-05 06:06:24,785][flwr][DEBUG] - fit_round 100 received 15 results and 0 failures
individual accuracies [0.3044, 0.1406, 0.1298]
malicious is ['2', '0', '0']
Number of Evil Clients: 12
Number of Preset Malicious Clients is 1
Number of Preset Benign Clients is 2
Average poisoning accuracy: 0.6021538461538462
accuracies is [(0.1406, -1)]
accuracies is [(0.1406, -1)]
benign class is -1
malicious class is 10
Final Clustering acc is 0.6666666666666666
key neurons are {0: [], 1: [2, 3, 8, 9], 2: [2, 3, 8, 9]}
Target label is 2
length of good results is 3 and length of bad results is 0
acc_diff is 0
Random Allocate
Evaluate
Global Poisoning Accuracy: 0.9695
[2024-03-05 06:07:00,062][flwr][INFO] - fit progress: (100, 199.2954397201538, {'accuracy': 0.1593}, 18421.84873949201)
Configure Evaluate
[2024-03-05 06:07:00,063][flwr][DEBUG] - evaluate_round 100: strategy sampled 15 clients (out of 50)
[2024-03-05 06:07:13,659][flwr][DEBUG] - evaluate_round 100 received 15 results and 0 failures
Aggregate evaluate
[2024-03-05 06:07:13,659][flwr][INFO] - FL finished in 18435.445172364998
[2024-03-05 06:07:13,664][flwr][INFO] - app_fit: losses_distributed [(1, 15.579990148544312), (2, 19.72406930923462), (3, 25.537745825449626), (4, 20.71492190361023), (5, 23.816779017448425), (6, 22.990332667032877), (7, 30.649332960446674), (8, 34.375953777631125), (9, 24.8330331325531), (10, 15.733707586924234), (11, 33.25075097084046), (12, 40.31116893291473), (13, 21.83710959752401), (14, 32.52095154126485), (15, 40.25226086974144), (16, 99.5842634121577), (17, 34.82064334551493), (18, 53.92928176720937), (19, 37.86394478480021), (20, 61.67146022319794), (21, 29.45896025498708), (22, 25.54816914399465), (23, 92.85398129224777), (24, 49.956527105967204), (25, 132.77613546848298), (26, 50.635056694348656), (27, 43.508075737953185), (28, 72.15018976926804), (29, 55.36956534385681), (30, 41.46771238644918), (31, 11.50430261294047), (32, 26.02887029647827), (33, 29.003434538841248), (34, 46.74336873690287), (35, 31.37776075601578), (36, 27.205451639493308), (37, 27.662742815415065), (38, 11.507764180501303), (39, 21.12676591674487), (40, 20.857116707166035), (41, 40.15207346280416), (42, 29.59733436703682), (43, 11.513205734888713), (44, 11.304042768478393), (45, 14.748672342300415), (46, 11.410353899002075), (47, 13.36041620572408), (48, 13.013290683428446), (49, 15.239242116610209), (50, 20.17092963059743), (51, 11.415805546442668), (52, 22.136436490217843), (53, 22.48288550376892), (54, 25.53334442774455), (55, 27.046188924709956), (56, 11.512243700027465), (57, 16.795797443389894), (58, 11.309831269582112), (59, 11.349647998809814), (60, 11.34022396405538), (61, 12.522621103127797), (62, 27.55989266335964), (63, 22.642507473627727), (64, 21.45915911992391), (65, 21.4080917040507), (66, 23.23788717587789), (67, 11.355635531743367), (68, 11.18147702217102), (69, 11.092658917109171), (70, 22.7482551018397), (71, 11.51263648668925), (72, 11.227817233403524), (73, 12.411657730738321), (74, 15.008749226729075), (75, 11.321249119440715), (76, 11.191997909545899), (77, 19.640815687179565), (78, 31.56860874493917), (79, 11.485253699620564), (80, 21.0881990591685), (81, 24.905902187029522), (82, 22.131513373057047), (83, 11.512274487813313), (84, 12.777520203590393), (85, 11.327206563949584), (86, 12.696395174662273), (87, 11.245207802454631), (88, 14.444558485349019), (89, 17.42484521269798), (90, 15.9900723695755), (91, 13.888001743952433), (92, 16.041468731562297), (93, 11.44676677385966), (94, 12.136863613128662), (95, 11.607627781232198), (96, 24.298399607340496), (97, 12.05436705350876), (98, 12.51181317170461), (99, 11.423414913813273), (100, 11.118816701571147)]
[2024-03-05 06:07:13,664][flwr][INFO] - app_fit: metrics_distributed_fit {}
[2024-03-05 06:07:13,664][flwr][INFO] - app_fit: metrics_distributed {'accuracy': [(1, 0.09775333333333333), (2, 0.13041999999999998), (3, 0.10008666666666667), (4, 0.13133333333333333), (5, 0.22400666666666666), (6, 0.08199333333333335), (7, 0.14092), (8, 0.12866666666666668), (9, 0.09117333333333333), (10, 0.18075333333333332), (11, 0.22699333333333332), (12, 0.14758000000000002), (13, 0.11924), (14, 0.19632000000000002), (15, 0.2974133333333333), (16, 0.21790666666666667), (17, 0.2395), (18, 0.14408), (19, 0.18441333333333332), (20, 0.2273333333333333), (21, 0.06666666666666665), (22, 0.24716666666666665), (23, 0.15549333333333334), (24, 0.13657333333333332), (25, 0.14458000000000001), (26, 0.2572533333333334), (27, 0.14066), (28, 0.132), (29, 0.15067333333333333), (30, 0.16841333333333333), (31, 0.2086666666666667), (32, 0.11641333333333333), (33, 0.148), (34, 0.21142666666666665), (35, 0.10382666666666666), (36, 0.14050666666666667), (37, 0.2150866666666667), (38, 0.17082666666666665), (39, 0.22741333333333336), (40, 0.21358666666666665), (41, 0.14917333333333335), (42, 0.2975866666666667), (43, 0.10158), (44, 0.14875333333333332), (45, 0.11566666666666665), (46, 0.17892666666666668), (47, 0.14150000000000001), (48, 0.16108), (49, 0.13641333333333333), (50, 0.09858666666666666), (51, 0.2635), (52, 0.14508000000000001), (53, 0.12733333333333333), (54, 0.16433333333333336), (55, 0.17858666666666667), (56, 0.13824666666666666), (57, 0.11534000000000001), (58, 0.28440666666666664), (59, 0.20749333333333334), (60, 0.1895), (61, 0.20009333333333332), (62, 0.12400666666666665), (63, 0.21674666666666667), (64, 0.03), (65, 0.14450666666666667), (66, 0.08467333333333332), (67, 0.3196666666666667), (68, 0.20414666666666667), (69, 0.32707333333333327), (70, 0.10366), (71, 0.19826), (72, 0.27624666666666664), (73, 0.21191333333333331), (74, 0.14323999999999998), (75, 0.22657999999999998), (76, 0.3869066666666666), (77, 0.17450666666666667), (78, 0.06608), (79, 0.22824000000000003), (80, 0.0965), (81, 0.11966666666666669), (82, 0.14342666666666667), (83, 0.09817333333333333), (84, 0.14059333333333335), (85, 0.2869933333333333), (86, 0.16491999999999998), (87, 0.18390666666666663), (88, 0.07265999999999999), (89, 0.14800666666666665), (90, 0.12392), (91, 0.23074666666666668), (92, 0.10832666666666665), (93, 0.20908666666666664), (94, 0.11074666666666666), (95, 0.15200666666666668), (96, 0.07841333333333333), (97, 0.15208666666666665), (98, 0.25532), (99, 0.12366666666666667), (100, 0.249)]}
[2024-03-05 06:07:13,665][flwr][INFO] - app_fit: losses_centralized [(0, 182.3745927810669), (1, 218.7728488445282), (2, 301.3840882778168), (3, 381.4901933670044), (4, 331.82590651512146), (5, 359.9708409309387), (6, 332.1754217147827), (7, 379.68136072158813), (8, 588.5904817581177), (9, 365.46593618392944), (10, 254.52436113357544), (11, 500.8196711540222), (12, 652.4448289871216), (13, 387.39266419410706), (14, 611.9656324386597), (15, 1025.8762273788452), (16, 2206.6999702453613), (17, 789.6118426322937), (18, 1431.0616598129272), (19, 832.0329794883728), (20, 1568.8285303115845), (21, 893.1500997543335), (22, 752.2708377838135), (23, 2714.3086471557617), (24, 1001.0972166061401), (25, 3979.093147277832), (26, 1403.2861909866333), (27, 1228.937759399414), (28, 2228.2611751556396), (29, 1304.6000337600708), (30, 1071.2225456237793), (31, 181.91246366500854), (32, 877.8214349746704), (33, 607.0817770957947), (34, 942.2765550613403), (35, 717.3344717025757), (36, 670.5533638000488), (37, 745.1418018341064), (38, 181.87070274353027), (39, 589.7970705032349), (40, 416.36736536026), (41, 828.6545071601868), (42, 609.2761979103088), (43, 181.9049620628357), (44, 178.08204674720764), (45, 266.1134958267212), (46, 180.6596496105194), (47, 220.5976209640503), (48, 220.90842628479004), (49, 276.04577803611755), (50, 422.7535161972046), (51, 180.90070605278015), (52, 476.5622491836548), (53, 435.50956106185913), (54, 579.371187210083), (55, 581.1734561920166), (56, 181.87886905670166), (57, 297.3836486339569), (58, 179.00355863571167), (59, 179.1956877708435), (60, 178.7486436367035), (61, 221.27781176567078), (62, 566.5479035377502), (63, 484.34483909606934), (64, 386.01782417297363), (65, 395.8886570930481), (66, 430.38650703430176), (67, 180.9276897907257), (68, 175.83354902267456), (69, 177.4529688358307), (70, 403.96733045578003), (71, 181.90133833885193), (72, 178.96651101112366), (73, 223.36709761619568), (74, 255.2090346813202), (75, 179.55686950683594), (76, 178.33254194259644), (77, 339.8160617351532), (78, 595.4939560890198), (79, 181.53263998031616), (80, 426.101601600647), (81, 557.1605172157288), (82, 347.9681978225708), (83, 181.8955614566803), (84, 215.7049219608307), (85, 179.80926036834717), (86, 213.9781849384308), (87, 176.4860258102417), (88, 229.01263403892517), (89, 321.2998323440552), (90, 271.4127953052521), (91, 270.83824920654297), (92, 294.2703890800476), (93, 180.34041213989258), (94, 184.52024245262146), (95, 184.4803659915924), (96, 450.2710065841675), (97, 189.80851340293884), (98, 227.0908818244934), (99, 179.37354969978333), (100, 199.2954397201538)]
[2024-03-05 06:07:13,665][flwr][INFO] - app_fit: metrics_centralized {'accuracy': [(0, 0.095), (1, 0.1212), (2, 0.1269), (3, 0.1222), (4, 0.1511), (5, 0.2127), (6, 0.0994), (7, 0.2393), (8, 0.1402), (9, 0.1475), (10, 0.1813), (11, 0.2167), (12, 0.1636), (13, 0.1134), (14, 0.2246), (15, 0.1886), (16, 0.1824), (17, 0.1642), (18, 0.1358), (19, 0.1356), (20, 0.2009), (21, 0.1301), (22, 0.2281), (23, 0.1549), (24, 0.1785), (25, 0.1625), (26, 0.192), (27, 0.155), (28, 0.1197), (29, 0.1643), (30, 0.1684), (31, 0.0989), (32, 0.1088), (33, 0.1454), (34, 0.1739), (35, 0.1193), (36, 0.1462), (37, 0.1783), (38, 0.1427), (39, 0.1548), (40, 0.1889), (41, 0.1596), (42, 0.1917), (43, 0.1003), (44, 0.1749), (45, 0.135), (46, 0.1817), (47, 0.1776), (48, 0.1749), (49, 0.1501), (50, 0.1202), (51, 0.2118), (52, 0.1187), (53, 0.1288), (54, 0.1518), (55, 0.1508), (56, 0.1662), (57, 0.139), (58, 0.2275), (59, 0.1786), (60, 0.2284), (61, 0.1465), (62, 0.1106), (63, 0.1515), (64, 0.1004), (65, 0.1567), (66, 0.0986), (67, 0.1812), (68, 0.2265), (69, 0.208), (70, 0.1294), (71, 0.1318), (72, 0.2028), (73, 0.1732), (74, 0.1491), (75, 0.2077), (76, 0.2799), (77, 0.1641), (78, 0.1207), (79, 0.2294), (80, 0.1012), (81, 0.1111), (82, 0.1427), (83, 0.131), (84, 0.1498), (85, 0.2004), (86, 0.1429), (87, 0.1927), (88, 0.1096), (89, 0.1322), (90, 0.1534), (91, 0.1532), (92, 0.1161), (93, 0.2281), (94, 0.1329), (95, 0.1367), (96, 0.101), (97, 0.1463), (98, 0.1742), (99, 0.1648), (100, 0.1593)]}
