Using CUDA: True
Using MPS: False
dataset: cifar10
num_rounds: 100
num_clients: 50
batch_size: 20
num_classes: 10
num_channels: 3
num_clients_per_round_fit: 15
num_clients_per_round_eval: 15
config_fit:
  poisoning_rate: 0.6
  lr: 0.01
  momentum: 0.9
  local_epochs: 5
  proximal_mu: 2.0
dataset_config:
  ratio_benign_client: 0.6
  iid: false
  balance: false
  power_law: false
  dirichlet: true
  alpha: 0.5

Files already downloaded and verified
Files already downloaded and verified
[2024-03-04 14:12:20,043][flwr][INFO] - Starting Flower simulation, config: ServerConfig(num_rounds=100, round_timeout=None)
[2024-03-04 14:12:32,322][flwr][INFO] - Flower VCE: Ray initialized with resources: {'accelerator_type:A10': 1.0, 'node:__internal_head__': 1.0, 'GPU': 1.0, 'object_store_memory': 159255172300.0, 'memory': 361595402036.0, 'CPU': 96.0, 'node:10.131.34.75': 1.0}
[2024-03-04 14:12:32,322][flwr][INFO] - Initializing global parameters
[2024-03-04 14:12:32,322][flwr][INFO] - Using initial parameters provided by strategy
[2024-03-04 14:12:32,322][flwr][INFO] - Evaluating initial parameters
Evaluate
[2024-03-04 14:12:37,471][flwr][INFO] - initial parameters (loss, other metrics): 182.62414264678955, {'accuracy': 0.0966}
[2024-03-04 14:12:37,472][flwr][INFO] - FL starting
Configure Fit
server round: 1
[2024-03-04 14:12:37,472][flwr][DEBUG] - fit_round 1: strategy sampled 15 clients (out of 50)
[2024-03-04 14:15:33,289][flwr][DEBUG] - fit_round 1 received 15 results and 0 failures
individual accuracies [0.1995, 0.1563, 0.1814, 0.1523, 0.1535, 0.1591, 0.1867, 0.1372, 0.12, 0.2059, 0.1778, 0.1867, 0.1601, 0.1732, 0.1499]
malicious is ['0', '2', '0', '2', '2', '2', '0', '2', '2', '0', '0', '0', '2', '0', '0']
Number of Evil Clients: 0
Number of Preset Malicious Clients is 7
Number of Preset Benign Clients is 8
Average poisoning accuracy: 0.8992571428571428
accuracies is [(0.1601, -1), (0.17930000000000001, 0)]
accuracies is [(0.1601, -1), (0.17930000000000001, 0)]
benign class is -1
malicious class is 0
Final Clustering acc is 0.5333333333333333
7 added to evil list
Target label is 9
length of good results is 8 and length of bad results is 7
acc_diff is 0
Other cases
[2024-03-04 14:16:13,592][flwr][WARNING] - No fit_metrics_aggregation_fn provided
Evaluate
Global Poisoning Accuracy: 0.0281
[2024-03-04 14:16:17,595][flwr][INFO] - fit progress: (1, 186.69325184822083, {'accuracy': 0.1178}, 220.1229389450018)
Configure Evaluate
[2024-03-04 14:16:17,595][flwr][DEBUG] - evaluate_round 1: strategy sampled 15 clients (out of 50)
[2024-03-04 14:16:31,020][flwr][DEBUG] - evaluate_round 1 received 15 results and 0 failures
Aggregate evaluate
Configure Fit
server round: 2
[2024-03-04 14:16:31,020][flwr][DEBUG] - fit_round 2: strategy sampled 15 clients (out of 50)
[2024-03-04 14:19:34,687][flwr][DEBUG] - fit_round 2 received 15 results and 0 failures
individual accuracies [0.1876, 0.2019, 0.155, 0.1483, 0.1801, 0.1635, 0.1769, 0.1685, 0.1997, 0.1794, 0.1663, 0.1457, 0.1414, 0.2051, 0.1439]
malicious is ['0', '0', '2', '2', '0', '0', '2', '0', '2', '0', '2', '0', '2', '0', '0']
Number of Evil Clients: 0
Number of Preset Malicious Clients is 6
Number of Preset Benign Clients is 9
Average poisoning accuracy: 0.91915
accuracies is [(0.1685, -1)]
accuracies is [(0.1685, -1)]
benign class is -1
malicious class is 10
Final Clustering acc is 0.6
Target label is 9
length of good results is 9 and length of bad results is 6
acc_diff is 0
Other cases
Evaluate
Global Poisoning Accuracy: 0.0012
[2024-03-04 14:20:15,242][flwr][INFO] - fit progress: (2, 190.388840675354, {'accuracy': 0.1359}, 457.7701036840008)
Configure Evaluate
[2024-03-04 14:20:15,242][flwr][DEBUG] - evaluate_round 2: strategy sampled 15 clients (out of 50)
[2024-03-04 14:20:28,694][flwr][DEBUG] - evaluate_round 2 received 15 results and 0 failures
Aggregate evaluate
Configure Fit
server round: 3
[2024-03-04 14:20:28,694][flwr][DEBUG] - fit_round 3: strategy sampled 15 clients (out of 50)
[2024-03-04 14:23:07,364][flwr][DEBUG] - fit_round 3 received 15 results and 0 failures
individual accuracies [0.2042, 0.2301, 0.1633, 0.1383, 0.1773, 0.1581, 0.1739, 0.1898, 0.2163, 0.2256, 0.2239, 0.1929]
malicious is ['2', '0', '2', '0', '2', '0', '2', '0', '0', '0', '0', '0']
Number of Evil Clients: 3
Number of Preset Malicious Clients is 4
Number of Preset Benign Clients is 8
Average poisoning accuracy: 0.9104857142857143
accuracies is [(0.19135, -1)]
accuracies is [(0.19135, -1)]
benign class is -1
malicious class is 10
Final Clustering acc is 0.6666666666666666
Target label is 9
length of good results is 8 and length of bad results is 4
acc_diff is 0
Other cases
Evaluate
Global Poisoning Accuracy: 0.0607
[2024-03-04 14:23:46,004][flwr][INFO] - fit progress: (3, 159.0934751033783, {'accuracy': 0.2568}, 668.5324457339993)
Configure Evaluate
[2024-03-04 14:23:46,004][flwr][DEBUG] - evaluate_round 3: strategy sampled 15 clients (out of 50)
[2024-03-04 14:23:59,286][flwr][DEBUG] - evaluate_round 3 received 15 results and 0 failures
Aggregate evaluate
Configure Fit
server round: 4
[2024-03-04 14:23:59,287][flwr][DEBUG] - fit_round 4: strategy sampled 15 clients (out of 50)
[2024-03-04 14:27:10,423][flwr][DEBUG] - fit_round 4 received 15 results and 0 failures
individual accuracies [0.2507, 0.2421, 0.2433, 0.2433, 0.2372, 0.2423, 0.2144, 0.2704, 0.1876, 0.1598, 0.167, 0.1988, 0.2103, 0.1943]
malicious is ['0', '0', '0', '0', '0', '0', '2', '0', '0', '2', '2', '2', '0', '0']
Number of Evil Clients: 1
Number of Preset Malicious Clients is 4
Number of Preset Benign Clients is 10
Average poisoning accuracy: 0.86638
accuracies is [(0.2258, -1)]
accuracies is [(0.2258, -1)]
benign class is -1
malicious class is 10
Final Clustering acc is 0.7142857142857143
Target label is 9
length of good results is 10 and length of bad results is 4
acc_diff is 0
Other cases
Evaluate
Global Poisoning Accuracy: 0.0148
[2024-03-04 14:27:48,115][flwr][INFO] - fit progress: (4, 152.92438876628876, {'accuracy': 0.2805}, 910.6429217670011)
Configure Evaluate
[2024-03-04 14:27:48,115][flwr][DEBUG] - evaluate_round 4: strategy sampled 15 clients (out of 50)
[2024-03-04 14:28:01,517][flwr][DEBUG] - evaluate_round 4 received 15 results and 0 failures
Aggregate evaluate
Configure Fit
server round: 5
[2024-03-04 14:28:01,517][flwr][DEBUG] - fit_round 5: strategy sampled 15 clients (out of 50)
[2024-03-04 14:30:55,474][flwr][DEBUG] - fit_round 5 received 15 results and 0 failures
individual accuracies [0.2451, 0.2133, 0.2298, 0.2428, 0.1722, 0.2795, 0.155, 0.2258, 0.2426, 0.2037, 0.2125, 0.1877, 0.213]
malicious is ['0', '2', '0', '0', '0', '0', '2', '0', '0', '0', '2', '2', '2']
Number of Evil Clients: 2
Number of Preset Malicious Clients is 5
Number of Preset Benign Clients is 8
Average poisoning accuracy: 0.9172142857142856
accuracies is [(0.2125, -1), (0.23620000000000002, 0)]
accuracies is [(0.2125, -1), (0.23620000000000002, 0)]
benign class is -1
malicious class is 0
Final Clustering acc is 0.3076923076923077
5 added to evil list
Target label is 9
length of good results is 8 and length of bad results is 5
acc_diff is 0
Other cases
Evaluate
Global Poisoning Accuracy: 0.0166
[2024-03-04 14:31:36,374][flwr][INFO] - fit progress: (5, 155.85026514530182, {'accuracy': 0.2879}, 1138.901894745999)
Configure Evaluate
[2024-03-04 14:31:36,374][flwr][DEBUG] - evaluate_round 5: strategy sampled 15 clients (out of 50)
[2024-03-04 14:31:49,700][flwr][DEBUG] - evaluate_round 5 received 15 results and 0 failures
Aggregate evaluate
Configure Fit
server round: 6
[2024-03-04 14:31:49,700][flwr][DEBUG] - fit_round 6: strategy sampled 15 clients (out of 50)
[2024-03-04 14:34:25,144][flwr][DEBUG] - fit_round 6 received 15 results and 0 failures
individual accuracies [0.2766, 0.2096, 0.2846, 0.2041, 0.2667, 0.2119, 0.225, 0.281, 0.2716, 0.2482, 0.1763, 0.1902, 0.214]
malicious is ['0', '2', '0', '2', '0', '0', '0', '0', '0', '0', '2', '2', '0']
Number of Evil Clients: 2
Number of Preset Malicious Clients is 4
Number of Preset Benign Clients is 9
Average poisoning accuracy: 0.9212833333333333
accuracies is [(0.225, -1), (0.2354, 0)]
accuracies is [(0.225, -1), (0.2354, 0)]
benign class is -1
malicious class is 0
Final Clustering acc is 0.6923076923076923
4 added to evil list
Target label is 9
length of good results is 9 and length of bad results is 4
acc_diff is 0
Other cases
Evaluate
Global Poisoning Accuracy: 0.077
[2024-03-04 14:35:02,723][flwr][INFO] - fit progress: (6, 146.4088100194931, {'accuracy': 0.3319}, 1345.2518229980014)
Configure Evaluate
[2024-03-04 14:35:02,724][flwr][DEBUG] - evaluate_round 6: strategy sampled 15 clients (out of 50)
[2024-03-04 14:35:16,090][flwr][DEBUG] - evaluate_round 6 received 15 results and 0 failures
Aggregate evaluate
Configure Fit
server round: 7
[2024-03-04 14:35:16,090][flwr][DEBUG] - fit_round 7: strategy sampled 15 clients (out of 50)
[2024-03-04 14:37:41,416][flwr][DEBUG] - fit_round 7 received 15 results and 0 failures
individual accuracies [0.2641, 0.234, 0.3242, 0.2952, 0.2559, 0.2276, 0.1972, 0.3129, 0.2699, 0.2377, 0.2313, 0.1667]
malicious is ['0', '2', '0', '0', '0', '2', '0', '0', '0', '0', '0', '0']
Number of Evil Clients: 3
Number of Preset Malicious Clients is 2
Number of Preset Benign Clients is 10
Average poisoning accuracy: 0.91838
accuracies is [(0.24680000000000002, -1)]
accuracies is [(0.24680000000000002, -1)]
benign class is -1
malicious class is 10
Final Clustering acc is 0.8333333333333334
Target label is 9
length of good results is 10 and length of bad results is 2
acc_diff is 0
Other cases
Evaluate
Global Poisoning Accuracy: 0.0448
[2024-03-04 14:38:15,833][flwr][INFO] - fit progress: (7, 140.6268631219864, {'accuracy': 0.3523}, 1538.3612924690024)
Configure Evaluate
[2024-03-04 14:38:15,833][flwr][DEBUG] - evaluate_round 7: strategy sampled 15 clients (out of 50)
[2024-03-04 14:38:29,126][flwr][DEBUG] - evaluate_round 7 received 15 results and 0 failures
Aggregate evaluate
Configure Fit
server round: 8
[2024-03-04 14:38:29,127][flwr][DEBUG] - fit_round 8: strategy sampled 15 clients (out of 50)
[2024-03-04 14:41:35,215][flwr][DEBUG] - fit_round 8 received 15 results and 0 failures
individual accuracies [0.245, 0.2864, 0.301, 0.2849, 0.2716, 0.2531, 0.3046, 0.2783, 0.2608]
malicious is ['0', '0', '0', '0', '0', '0', '0', '0', '0']
Number of Evil Clients: 6
Number of Preset Malicious Clients is 0
Number of Preset Benign Clients is 9
Average poisoning accuracy: 0.8862166666666665
accuracies is [(0.2783, -1)]
accuracies is [(0.2783, -1)]
benign class is -1
malicious class is 10
Final Clustering acc is 1.0
Target label is 9
length of good results is 9 and length of bad results is 0
acc_diff is 0
Other cases
Evaluate
Global Poisoning Accuracy: 0.0555
[2024-03-04 14:42:07,449][flwr][INFO] - fit progress: (8, 140.14470255374908, {'accuracy': 0.3623}, 1769.9769097280005)
Configure Evaluate
[2024-03-04 14:42:07,449][flwr][DEBUG] - evaluate_round 8: strategy sampled 15 clients (out of 50)
[2024-03-04 14:42:20,861][flwr][DEBUG] - evaluate_round 8 received 15 results and 0 failures
Aggregate evaluate
Configure Fit
server round: 9
[2024-03-04 14:42:20,862][flwr][DEBUG] - fit_round 9: strategy sampled 15 clients (out of 50)
[2024-03-04 14:44:57,093][flwr][DEBUG] - fit_round 9 received 15 results and 0 failures
individual accuracies [0.2443, 0.2807, 0.2696, 0.3067, 0.2966, 0.3091, 0.2725, 0.3307, 0.3455, 0.2613]
malicious is ['2', '0', '0', '0', '0', '0', '0', '0', '0', '0']
Number of Evil Clients: 5
Number of Preset Malicious Clients is 1
Number of Preset Benign Clients is 9
Average poisoning accuracy: 0.9026000000000001
accuracies is [(0.28864999999999996, -1)]
accuracies is [(0.28864999999999996, -1)]
benign class is -1
malicious class is 10
Final Clustering acc is 0.9
Target label is 9
length of good results is 9 and length of bad results is 1
acc_diff is 0
Other cases
Evaluate
Global Poisoning Accuracy: 0.0812
[2024-03-04 14:45:30,799][flwr][INFO] - fit progress: (9, 146.25351738929749, {'accuracy': 0.3563}, 1973.3278321620019)
Configure Evaluate
[2024-03-04 14:45:30,800][flwr][DEBUG] - evaluate_round 9: strategy sampled 15 clients (out of 50)
[2024-03-04 14:45:44,474][flwr][DEBUG] - evaluate_round 9 received 15 results and 0 failures
Aggregate evaluate
Configure Fit
server round: 10
[2024-03-04 14:45:44,475][flwr][DEBUG] - fit_round 10: strategy sampled 15 clients (out of 50)
[2024-03-04 14:48:56,769][flwr][DEBUG] - fit_round 10 received 15 results and 0 failures
individual accuracies [0.2974, 0.3332, 0.2778, 0.3511, 0.2945, 0.3082, 0.2812]
malicious is ['0', '0', '2', '0', '0', '0', '0']
Number of Evil Clients: 8
Number of Preset Malicious Clients is 1
Number of Preset Benign Clients is 6
Average poisoning accuracy: 0.9098111111111111
accuracies is [(0.2974, -1)]
accuracies is [(0.2974, -1)]
benign class is -1
malicious class is 10
Final Clustering acc is 0.8571428571428571
Target label is 9
length of good results is 6 and length of bad results is 1
acc_diff is 0
Other cases
Evaluate
Global Poisoning Accuracy: 0.1013
[2024-03-04 14:49:29,994][flwr][INFO] - fit progress: (10, 140.82923591136932, {'accuracy': 0.3897}, 2212.522722979)
Configure Evaluate
[2024-03-04 14:49:29,995][flwr][DEBUG] - evaluate_round 10: strategy sampled 15 clients (out of 50)
[2024-03-04 14:49:43,600][flwr][DEBUG] - evaluate_round 10 received 15 results and 0 failures
Aggregate evaluate
Configure Fit
server round: 11
[2024-03-04 14:49:43,601][flwr][DEBUG] - fit_round 11: strategy sampled 15 clients (out of 50)
[2024-03-04 14:52:22,740][flwr][DEBUG] - fit_round 11 received 15 results and 0 failures
individual accuracies [0.3599, 0.3669, 0.3376, 0.3393, 0.3103, 0.3188, 0.3478, 0.2111, 0.3435, 0.3105, 0.2221]
malicious is ['0', '0', '0', '0', '0', '0', '0', '0', '0', '0', '0']
Number of Evil Clients: 4
Number of Preset Malicious Clients is 0
Number of Preset Benign Clients is 11
Average poisoning accuracy: 0.885825
accuracies is [(0.3376, -1)]
accuracies is [(0.3376, -1)]
benign class is -1
malicious class is 10
Final Clustering acc is 1.0
Target label is 9
length of good results is 11 and length of bad results is 0
acc_diff is 0
Other cases
Evaluate
Global Poisoning Accuracy: 0.1173
[2024-03-04 14:52:56,122][flwr][INFO] - fit progress: (11, 133.31359159946442, {'accuracy': 0.4156}, 2418.650291566002)
Configure Evaluate
[2024-03-04 14:52:56,122][flwr][DEBUG] - evaluate_round 11: strategy sampled 15 clients (out of 50)
[2024-03-04 14:53:09,755][flwr][DEBUG] - evaluate_round 11 received 15 results and 0 failures
Aggregate evaluate
Configure Fit
server round: 12
[2024-03-04 14:53:09,755][flwr][DEBUG] - fit_round 12: strategy sampled 15 clients (out of 50)
[2024-03-04 14:56:05,441][flwr][DEBUG] - fit_round 12 received 15 results and 0 failures
individual accuracies [0.2946, 0.3205, 0.3384, 0.3018, 0.2643, 0.3404, 0.3397, 0.309, 0.3465, 0.2948, 0.2885]
malicious is ['0', '0', '0', '0', '0', '0', '0', '0', '0', '0', '0']
Number of Evil Clients: 4
Number of Preset Malicious Clients is 0
Number of Preset Benign Clients is 11
Average poisoning accuracy: 0.9139250000000001
accuracies is [(0.3018, -1), (0.33045, 0)]
accuracies is [(0.3018, -1), (0.33045, 0)]
benign class is -1
malicious class is 0
Final Clustering acc is 0.6363636363636364
0 added to evil list
Target label is 9
length of good results is 11 and length of bad results is 0
acc_diff is 0
Other cases
Evaluate
Global Poisoning Accuracy: 0.0864
[2024-03-04 14:56:36,144][flwr][INFO] - fit progress: (12, 133.53642463684082, {'accuracy': 0.4116}, 2638.672353654001)
Configure Evaluate
[2024-03-04 14:56:36,144][flwr][DEBUG] - evaluate_round 12: strategy sampled 15 clients (out of 50)
[2024-03-04 14:56:49,519][flwr][DEBUG] - evaluate_round 12 received 15 results and 0 failures
Aggregate evaluate
Configure Fit
server round: 13
[2024-03-04 14:56:49,519][flwr][DEBUG] - fit_round 13: strategy sampled 15 clients (out of 50)
[2024-03-04 14:59:43,654][flwr][DEBUG] - fit_round 13 received 15 results and 0 failures
individual accuracies [0.3118, 0.2923, 0.3679, 0.3571, 0.3154, 0.3518, 0.3025, 0.3216, 0.3805, 0.3505]
malicious is ['0', '0', '0', '0', '0', '0', '0', '0', '0', '0']
Number of Evil Clients: 5
Number of Preset Malicious Clients is 0
Number of Preset Benign Clients is 10
Average poisoning accuracy: 0.9009
accuracies is [(0.33604999999999996, -1)]
accuracies is [(0.33604999999999996, -1)]
benign class is -1
malicious class is 10
Final Clustering acc is 1.0
Target label is 9
length of good results is 10 and length of bad results is 0
acc_diff is 0
Other cases
Evaluate
Global Poisoning Accuracy: 0.1068
[2024-03-04 15:00:14,682][flwr][INFO] - fit progress: (13, 133.80940914154053, {'accuracy': 0.4178}, 2857.2107194980017)
Configure Evaluate
[2024-03-04 15:00:14,683][flwr][DEBUG] - evaluate_round 13: strategy sampled 15 clients (out of 50)
[2024-03-04 15:00:30,225][flwr][DEBUG] - evaluate_round 13 received 15 results and 0 failures
Aggregate evaluate
Configure Fit
server round: 14
[2024-03-04 15:00:30,226][flwr][DEBUG] - fit_round 14: strategy sampled 15 clients (out of 50)
[2024-03-04 15:03:46,154][flwr][DEBUG] - fit_round 14 received 15 results and 0 failures
individual accuracies [0.3313, 0.3517, 0.2881, 0.3797, 0.35, 0.395, 0.3244]
malicious is ['0', '0', '0', '0', '0', '0', '0']
Number of Evil Clients: 8
Number of Preset Malicious Clients is 0
Number of Preset Benign Clients is 7
Average poisoning accuracy: 0.8681249999999999
accuracies is [(0.35, -1)]
accuracies is [(0.35, -1)]
benign class is -1
malicious class is 10
Final Clustering acc is 1.0
Target label is 9
length of good results is 7 and length of bad results is 0
acc_diff is 0
Other cases
Evaluate
Global Poisoning Accuracy: 0.0474
[2024-03-04 15:04:17,977][flwr][INFO] - fit progress: (14, 147.20712912082672, {'accuracy': 0.3976}, 3100.505763835001)
Configure Evaluate
[2024-03-04 15:04:17,978][flwr][DEBUG] - evaluate_round 14: strategy sampled 15 clients (out of 50)
[2024-03-04 15:04:31,448][flwr][DEBUG] - evaluate_round 14 received 15 results and 0 failures
Aggregate evaluate
Configure Fit
server round: 15
[2024-03-04 15:04:31,449][flwr][DEBUG] - fit_round 15: strategy sampled 15 clients (out of 50)
[2024-03-04 15:07:23,071][flwr][DEBUG] - fit_round 15 received 15 results and 0 failures
individual accuracies [0.3058, 0.3327, 0.3363, 0.3902, 0.2964, 0.335, 0.2657, 0.2896, 0.3405, 0.3781]
malicious is ['0', '0', '0', '0', '0', '0', '2', '0', '0', '0']
Number of Evil Clients: 5
Number of Preset Malicious Clients is 1
Number of Preset Benign Clients is 9
Average poisoning accuracy: 0.8482333333333333
accuracies is [(0.33385, -1)]
accuracies is [(0.33385, -1)]
benign class is -1
malicious class is 10
Final Clustering acc is 0.9
Target label is 9
length of good results is 9 and length of bad results is 1
acc_diff is 0
Other cases
Evaluate
Global Poisoning Accuracy: 0.0354
[2024-03-04 15:07:55,748][flwr][INFO] - fit progress: (15, 145.56827664375305, {'accuracy': 0.4065}, 3318.2760829010003)
Configure Evaluate
[2024-03-04 15:07:55,748][flwr][DEBUG] - evaluate_round 15: strategy sampled 15 clients (out of 50)
[2024-03-04 15:08:09,162][flwr][DEBUG] - evaluate_round 15 received 15 results and 0 failures
Aggregate evaluate
Configure Fit
server round: 16
[2024-03-04 15:08:09,162][flwr][DEBUG] - fit_round 16: strategy sampled 15 clients (out of 50)
[2024-03-04 15:11:02,782][flwr][DEBUG] - fit_round 16 received 15 results and 0 failures
individual accuracies [0.3903, 0.3508, 0.3649, 0.2877, 0.355, 0.3878, 0.3667, 0.3227, 0.3551, 0.2669, 0.3537]
malicious is ['0', '0', '0', '2', '0', '0', '0', '0', '0', '2', '0']
Number of Evil Clients: 4
Number of Preset Malicious Clients is 2
Number of Preset Benign Clients is 9
Average poisoning accuracy: 0.8643666666666666
accuracies is [(0.355, -1)]
accuracies is [(0.355, -1)]
benign class is -1
malicious class is 10
Final Clustering acc is 0.8181818181818182
Target label is 9
length of good results is 9 and length of bad results is 2
acc_diff is 0
Other cases
Evaluate
Global Poisoning Accuracy: 0.1072
[2024-03-04 15:11:37,129][flwr][INFO] - fit progress: (16, 138.39456856250763, {'accuracy': 0.4254}, 3539.6577818590013)
Configure Evaluate
[2024-03-04 15:11:37,130][flwr][DEBUG] - evaluate_round 16: strategy sampled 15 clients (out of 50)
[2024-03-04 15:11:50,569][flwr][DEBUG] - evaluate_round 16 received 15 results and 0 failures
Aggregate evaluate
Configure Fit
server round: 17
[2024-03-04 15:11:50,570][flwr][DEBUG] - fit_round 17: strategy sampled 15 clients (out of 50)
[2024-03-04 15:14:27,813][flwr][DEBUG] - fit_round 17 received 15 results and 0 failures
individual accuracies [0.2514, 0.3459, 0.2704, 0.3939, 0.2765, 0.3098, 0.3794, 0.3686, 0.3665]
malicious is ['2', '0', '2', '0', '2', '0', '0', '0', '0']
Number of Evil Clients: 6
Number of Preset Malicious Clients is 3
Number of Preset Benign Clients is 6
Average poisoning accuracy: 0.8840555555555555
accuracies is [(0.3459, -1)]
accuracies is [(0.3459, -1)]
benign class is -1
malicious class is 10
Final Clustering acc is 0.6666666666666666
Target label is 9
length of good results is 6 and length of bad results is 3
acc_diff is 0
Other cases
Evaluate
Global Poisoning Accuracy: 0.1173
[2024-03-04 15:15:04,963][flwr][INFO] - fit progress: (17, 149.54886496067047, {'accuracy': 0.4087}, 3747.49168662)
Configure Evaluate
[2024-03-04 15:15:04,964][flwr][DEBUG] - evaluate_round 17: strategy sampled 15 clients (out of 50)
[2024-03-04 15:15:18,475][flwr][DEBUG] - evaluate_round 17 received 15 results and 0 failures
Aggregate evaluate
Configure Fit
server round: 18
[2024-03-04 15:15:18,475][flwr][DEBUG] - fit_round 18: strategy sampled 15 clients (out of 50)
[2024-03-04 15:18:19,892][flwr][DEBUG] - fit_round 18 received 15 results and 0 failures
individual accuracies [0.3619, 0.2735, 0.2761, 0.3915, 0.3484, 0.2811, 0.3607, 0.3663, 0.3531, 0.351, 0.2985]
malicious is ['0', '2', '0', '0', '0', '2', '0', '0', '0', '0', '0']
Number of Evil Clients: 4
Number of Preset Malicious Clients is 2
Number of Preset Benign Clients is 9
Average poisoning accuracy: 0.8273
accuracies is [(0.351, -1)]
accuracies is [(0.351, -1)]
benign class is -1
malicious class is 10
Final Clustering acc is 0.8181818181818182
Target label is 9
length of good results is 9 and length of bad results is 2
acc_diff is 0
Other cases
Evaluate
Global Poisoning Accuracy: 0.0299
[2024-03-04 15:18:54,157][flwr][INFO] - fit progress: (18, 139.4042570590973, {'accuracy': 0.4222}, 3976.685227924001)
Configure Evaluate
[2024-03-04 15:18:54,157][flwr][DEBUG] - evaluate_round 18: strategy sampled 15 clients (out of 50)
[2024-03-04 15:19:07,882][flwr][DEBUG] - evaluate_round 18 received 15 results and 0 failures
Aggregate evaluate
Configure Fit
server round: 19
[2024-03-04 15:19:07,883][flwr][DEBUG] - fit_round 19: strategy sampled 15 clients (out of 50)
[2024-03-04 15:21:29,073][flwr][DEBUG] - fit_round 19 received 15 results and 0 failures
individual accuracies [0.3711, 0.4127, 0.324, 0.4205, 0.3445, 0.3735, 0.3866, 0.3471, 0.2614, 0.3403, 0.3495, 0.4151]
malicious is ['0', '0', '0', '0', '0', '0', '0', '0', '2', '0', '0', '0']
Number of Evil Clients: 3
Number of Preset Malicious Clients is 1
Number of Preset Benign Clients is 11
Average poisoning accuracy: 0.8815250000000001
accuracies is [(0.36029999999999995, -1)]
accuracies is [(0.36029999999999995, -1)]
benign class is -1
malicious class is 10
Final Clustering acc is 0.9166666666666666
Target label is 9
length of good results is 11 and length of bad results is 1
acc_diff is 0
Other cases
Evaluate
Global Poisoning Accuracy: 0.0901
[2024-03-04 15:22:02,135][flwr][INFO] - fit progress: (19, 136.9152467250824, {'accuracy': 0.4327}, 4164.663244659001)
Configure Evaluate
[2024-03-04 15:22:02,135][flwr][DEBUG] - evaluate_round 19: strategy sampled 15 clients (out of 50)
[2024-03-04 15:22:15,896][flwr][DEBUG] - evaluate_round 19 received 15 results and 0 failures
Aggregate evaluate
Configure Fit
server round: 20
[2024-03-04 15:22:15,896][flwr][DEBUG] - fit_round 20: strategy sampled 15 clients (out of 50)
[2024-03-04 15:25:31,303][flwr][DEBUG] - fit_round 20 received 15 results and 0 failures
individual accuracies [0.4043, 0.3286, 0.3821, 0.26, 0.4133, 0.3858, 0.3841, 0.375, 0.3426, 0.3506, 0.2807]
malicious is ['0', '0', '0', '2', '0', '0', '0', '0', '0', '0', '2']
Number of Evil Clients: 4
Number of Preset Malicious Clients is 2
Number of Preset Benign Clients is 9
Average poisoning accuracy: 0.8689999999999999
accuracies is [(0.375, -1)]
accuracies is [(0.375, -1)]
benign class is -1
malicious class is 10
Final Clustering acc is 0.8181818181818182
Target label is 9
length of good results is 9 and length of bad results is 2
acc_diff is 0
Other cases
Evaluate
Global Poisoning Accuracy: 0.0777
[2024-03-04 15:26:07,713][flwr][INFO] - fit progress: (20, 141.88308477401733, {'accuracy': 0.4324}, 4410.241761150002)
Configure Evaluate
[2024-03-04 15:26:07,714][flwr][DEBUG] - evaluate_round 20: strategy sampled 15 clients (out of 50)
[2024-03-04 15:26:21,590][flwr][DEBUG] - evaluate_round 20 received 15 results and 0 failures
Aggregate evaluate
Configure Fit
server round: 21
[2024-03-04 15:26:21,591][flwr][DEBUG] - fit_round 21: strategy sampled 15 clients (out of 50)
[2024-03-04 15:29:13,846][flwr][DEBUG] - fit_round 21 received 15 results and 0 failures
individual accuracies [0.3512, 0.3625, 0.4186, 0.417, 0.3592, 0.3575, 0.2529, 0.3424, 0.3098]
malicious is ['0', '0', '0', '0', '0', '0', '2', '0', '0']
Number of Evil Clients: 6
Number of Preset Malicious Clients is 1
Number of Preset Benign Clients is 8
Average poisoning accuracy: 0.8808285714285715
accuracies is [(0.3575, -1)]
accuracies is [(0.3575, -1)]
benign class is -1
malicious class is 10
Final Clustering acc is 0.8888888888888888
Target label is 9
length of good results is 8 and length of bad results is 1
acc_diff is 0
Other cases
Evaluate
Global Poisoning Accuracy: 0.0945
[2024-03-04 15:29:47,557][flwr][INFO] - fit progress: (21, 145.48768997192383, {'accuracy': 0.4212}, 4630.084987588001)
Configure Evaluate
[2024-03-04 15:29:47,557][flwr][DEBUG] - evaluate_round 21: strategy sampled 15 clients (out of 50)
[2024-03-04 15:30:01,152][flwr][DEBUG] - evaluate_round 21 received 15 results and 0 failures
Aggregate evaluate
Configure Fit
server round: 22
[2024-03-04 15:30:01,152][flwr][DEBUG] - fit_round 22: strategy sampled 15 clients (out of 50)
[2024-03-04 15:33:14,866][flwr][DEBUG] - fit_round 22 received 15 results and 0 failures
individual accuracies [0.3967, 0.3669, 0.3336, 0.3972, 0.3209, 0.3036, 0.3986, 0.4175]
malicious is ['0', '0', '0', '0', '0', '2', '0', '0']
Number of Evil Clients: 7
Number of Preset Malicious Clients is 1
Number of Preset Benign Clients is 7
Average poisoning accuracy: 0.8465625000000001
accuracies is [(0.38180000000000003, -1)]
accuracies is [(0.38180000000000003, -1)]
benign class is -1
malicious class is 10
Final Clustering acc is 0.875
Target label is 9
length of good results is 7 and length of bad results is 1
acc_diff is 0
Other cases
Evaluate
Global Poisoning Accuracy: 0.0677
[2024-03-04 15:33:48,204][flwr][INFO] - fit progress: (22, 145.63201475143433, {'accuracy': 0.4345}, 4870.732060877002)
Configure Evaluate
[2024-03-04 15:33:48,204][flwr][DEBUG] - evaluate_round 22: strategy sampled 15 clients (out of 50)
[2024-03-04 15:34:02,073][flwr][DEBUG] - evaluate_round 22 received 15 results and 0 failures
Aggregate evaluate
Configure Fit
server round: 23
[2024-03-04 15:34:02,073][flwr][DEBUG] - fit_round 23: strategy sampled 15 clients (out of 50)
[2024-03-04 15:37:02,109][flwr][DEBUG] - fit_round 23 received 15 results and 0 failures
individual accuracies [0.3546, 0.3669, 0.3935, 0.4288, 0.2891, 0.3846, 0.1921, 0.3728, 0.4178, 0.3403]
malicious is ['0', '0', '0', '0', '2', '0', '0', '0', '0', '0']
Number of Evil Clients: 5
Number of Preset Malicious Clients is 1
Number of Preset Benign Clients is 9
Average poisoning accuracy: 0.8626666666666667
accuracies is [(0.3728, -1), (0.3546, 0)]
accuracies is [(0.3728, -1), (0.3546, 0)]
benign class is -1
malicious class is 0
Final Clustering acc is 0.8
1 added to evil list
Target label is 9
length of good results is 9 and length of bad results is 1
acc_diff is 0
Other cases
Evaluate
Global Poisoning Accuracy: 0.0808
[2024-03-04 15:37:35,534][flwr][INFO] - fit progress: (23, 139.95858764648438, {'accuracy': 0.43}, 5098.062496138002)
Configure Evaluate
[2024-03-04 15:37:35,534][flwr][DEBUG] - evaluate_round 23: strategy sampled 15 clients (out of 50)
[2024-03-04 15:37:49,511][flwr][DEBUG] - evaluate_round 23 received 15 results and 0 failures
Aggregate evaluate
Configure Fit
server round: 24
[2024-03-04 15:37:49,512][flwr][DEBUG] - fit_round 24: strategy sampled 15 clients (out of 50)
[2024-03-04 15:40:26,420][flwr][DEBUG] - fit_round 24 received 15 results and 0 failures
individual accuracies [0.3756, 0.4246, 0.3851, 0.3509, 0.3607, 0.3552, 0.4042, 0.4265, 0.2453]
malicious is ['0', '0', '0', '0', '0', '0', '0', '0', '2']
Number of Evil Clients: 6
Number of Preset Malicious Clients is 1
Number of Preset Benign Clients is 8
Average poisoning accuracy: 0.8592571428571427
accuracies is [(0.3756, -1)]
accuracies is [(0.3756, -1)]
benign class is -1
malicious class is 10
Final Clustering acc is 0.8888888888888888
Target label is 9
length of good results is 8 and length of bad results is 1
acc_diff is 0
Other cases
Evaluate
Global Poisoning Accuracy: 0.0846
[2024-03-04 15:41:00,486][flwr][INFO] - fit progress: (24, 140.8685963153839, {'accuracy': 0.4338}, 5303.014811589001)
Configure Evaluate
[2024-03-04 15:41:00,487][flwr][DEBUG] - evaluate_round 24: strategy sampled 15 clients (out of 50)
[2024-03-04 15:41:14,447][flwr][DEBUG] - evaluate_round 24 received 15 results and 0 failures
Aggregate evaluate
Configure Fit
server round: 25
[2024-03-04 15:41:14,447][flwr][DEBUG] - fit_round 25: strategy sampled 15 clients (out of 50)
[2024-03-04 15:43:38,771][flwr][DEBUG] - fit_round 25 received 15 results and 0 failures
individual accuracies [0.421, 0.4008, 0.3838, 0.2516, 0.3208, 0.4273, 0.4016, 0.4251, 0.425, 0.4031, 0.3399, 0.4287, 0.3983, 0.4227]
malicious is ['0', '0', '0', '2', '0', '0', '0', '0', '0', '0', '0', '0', '0', '0']
Number of Evil Clients: 1
Number of Preset Malicious Clients is 1
Number of Preset Benign Clients is 13
Average poisoning accuracy: 0.8395999999999999
accuracies is [(0.36185, -1), (0.42385, 0)]
accuracies is [(0.36185, -1), (0.42385, 0)]
benign class is -1
malicious class is 0
Final Clustering acc is 0.35714285714285715
1 added to evil list
Target label is 9
length of good results is 13 and length of bad results is 1
acc_diff is 0
Other cases
Evaluate
Global Poisoning Accuracy: 0.096
[2024-03-04 15:44:11,131][flwr][INFO] - fit progress: (25, 143.2526935338974, {'accuracy': 0.4344}, 5493.658930258)
Configure Evaluate
[2024-03-04 15:44:11,131][flwr][DEBUG] - evaluate_round 25: strategy sampled 15 clients (out of 50)
[2024-03-04 15:44:24,889][flwr][DEBUG] - evaluate_round 25 received 15 results and 0 failures
Aggregate evaluate
Configure Fit
server round: 26
[2024-03-04 15:44:24,890][flwr][DEBUG] - fit_round 26: strategy sampled 15 clients (out of 50)
[2024-03-04 15:47:26,165][flwr][DEBUG] - fit_round 26 received 15 results and 0 failures
individual accuracies [0.431, 0.3334, 0.4235, 0.3924, 0.3304, 0.3307, 0.2834, 0.4099, 0.4229, 0.3887]
malicious is ['0', '0', '0', '0', '0', '0', '0', '0', '0', '0']
Number of Evil Clients: 5
Number of Preset Malicious Clients is 0
Number of Preset Benign Clients is 10
Average poisoning accuracy: 0.8627799999999999
accuracies is [(0.4099, -1), (0.3304, 0)]
accuracies is [(0.4099, -1), (0.3304, 0)]
benign class is -1
malicious class is 0
Final Clustering acc is 0.7
0 added to evil list
Target label is 9
length of good results is 10 and length of bad results is 0
acc_diff is 0
Other cases
Evaluate
Global Poisoning Accuracy: 0.1099
[2024-03-04 15:47:59,653][flwr][INFO] - fit progress: (26, 147.15484595298767, {'accuracy': 0.4319}, 5722.180872154)
Configure Evaluate
[2024-03-04 15:47:59,653][flwr][DEBUG] - evaluate_round 26: strategy sampled 15 clients (out of 50)
[2024-03-04 15:48:13,646][flwr][DEBUG] - evaluate_round 26 received 15 results and 0 failures
Aggregate evaluate
Configure Fit
server round: 27
[2024-03-04 15:48:13,646][flwr][DEBUG] - fit_round 27: strategy sampled 15 clients (out of 50)
[2024-03-04 15:51:13,126][flwr][DEBUG] - fit_round 27 received 15 results and 0 failures
individual accuracies [0.3484, 0.3602, 0.3774, 0.4134, 0.4324, 0.3944, 0.4213, 0.3994, 0.396, 0.3792, 0.3472]
malicious is ['0', '0', '0', '0', '0', '0', '0', '0', '0', '0', '0']
Number of Evil Clients: 4
Number of Preset Malicious Clients is 0
Number of Preset Benign Clients is 11
Average poisoning accuracy: 0.8603000000000001
accuracies is [(0.3774, -1), (0.40865, 0)]
accuracies is [(0.3774, -1), (0.40865, 0)]
benign class is -1
malicious class is 0
Final Clustering acc is 0.6363636363636364
0 added to evil list
Target label is 9
length of good results is 11 and length of bad results is 0
acc_diff is 0
Other cases
Evaluate
Global Poisoning Accuracy: 0.0828
[2024-03-04 15:51:43,929][flwr][INFO] - fit progress: (27, 148.1109334230423, {'accuracy': 0.4309}, 5946.457167381002)
Configure Evaluate
[2024-03-04 15:51:43,929][flwr][DEBUG] - evaluate_round 27: strategy sampled 15 clients (out of 50)
[2024-03-04 15:51:57,741][flwr][DEBUG] - evaluate_round 27 received 15 results and 0 failures
Aggregate evaluate
Configure Fit
server round: 28
[2024-03-04 15:51:57,741][flwr][DEBUG] - fit_round 28: strategy sampled 15 clients (out of 50)
[2024-03-04 15:54:45,262][flwr][DEBUG] - fit_round 28 received 15 results and 0 failures
individual accuracies [0.4277, 0.2722, 0.4277, 0.2969, 0.4215, 0.3121, 0.3689, 0.4129, 0.4148, 0.2994, 0.4163]
malicious is ['0', '2', '0', '0', '0', '0', '0', '0', '0', '0', '0']
Number of Evil Clients: 4
Number of Preset Malicious Clients is 1
Number of Preset Benign Clients is 10
Average poisoning accuracy: 0.8609399999999999
accuracies is [(0.3121, -1), (0.4189, 0)]
accuracies is [(0.3121, -1), (0.4189, 0)]
benign class is -1
malicious class is 0
Final Clustering acc is 0.5454545454545454
1 added to evil list
Target label is 9
length of good results is 10 and length of bad results is 1
acc_diff is 0
Other cases
Evaluate
Global Poisoning Accuracy: 0.1182
[2024-03-04 15:55:18,571][flwr][INFO] - fit progress: (28, 141.92464780807495, {'accuracy': 0.4393}, 6161.099335045001)
Configure Evaluate
[2024-03-04 15:55:18,571][flwr][DEBUG] - evaluate_round 28: strategy sampled 15 clients (out of 50)
[2024-03-04 15:55:32,427][flwr][DEBUG] - evaluate_round 28 received 15 results and 0 failures
Aggregate evaluate
Configure Fit
server round: 29
[2024-03-04 15:55:32,427][flwr][DEBUG] - fit_round 29: strategy sampled 15 clients (out of 50)
[2024-03-04 15:58:25,170][flwr][DEBUG] - fit_round 29 received 15 results and 0 failures
individual accuracies [0.3669, 0.2625, 0.3714, 0.4335, 0.4129, 0.4192, 0.4216, 0.4224]
malicious is ['0', '0', '0', '0', '0', '0', '0', '0']
Number of Evil Clients: 7
Number of Preset Malicious Clients is 0
Number of Preset Benign Clients is 8
Average poisoning accuracy: 0.8786428571428571
accuracies is [(0.3669, -1), (0.4216, 0)]
accuracies is [(0.3669, -1), (0.4216, 0)]
benign class is -1
malicious class is 0
Final Clustering acc is 0.375
0 added to evil list
Target label is 9
length of good results is 8 and length of bad results is 0
acc_diff is 0
Other cases
Evaluate
Global Poisoning Accuracy: 0.0798
[2024-03-04 15:58:56,576][flwr][INFO] - fit progress: (29, 142.44058847427368, {'accuracy': 0.4252}, 6379.104448372)
Configure Evaluate
[2024-03-04 15:58:56,576][flwr][DEBUG] - evaluate_round 29: strategy sampled 15 clients (out of 50)
[2024-03-04 15:59:10,445][flwr][DEBUG] - evaluate_round 29 received 15 results and 0 failures
Aggregate evaluate
Configure Fit
server round: 30
[2024-03-04 15:59:10,445][flwr][DEBUG] - fit_round 30: strategy sampled 15 clients (out of 50)
[2024-03-04 16:01:45,002][flwr][DEBUG] - fit_round 30 received 15 results and 0 failures
individual accuracies [0.4294, 0.4203, 0.3742, 0.3866, 0.4229, 0.4153, 0.3233, 0.3373, 0.4197, 0.3105]
malicious is ['0', '0', '0', '0', '0', '0', '0', '0', '0', '0']
Number of Evil Clients: 5
Number of Preset Malicious Clients is 0
Number of Preset Benign Clients is 10
Average poisoning accuracy: 0.8101799999999999
accuracies is [(0.3373, -1), (0.4153, 0)]
accuracies is [(0.3373, -1), (0.4153, 0)]
benign class is -1
malicious class is 0
Final Clustering acc is 0.5
0 added to evil list
Target label is 9
length of good results is 10 and length of bad results is 0
acc_diff is 0
Other cases
Evaluate
Global Poisoning Accuracy: 0.085
[2024-03-04 16:02:15,792][flwr][INFO] - fit progress: (30, 142.15071833133698, {'accuracy': 0.4359}, 6578.320042307001)
Configure Evaluate
[2024-03-04 16:02:15,792][flwr][DEBUG] - evaluate_round 30: strategy sampled 15 clients (out of 50)
[2024-03-04 16:02:30,106][flwr][DEBUG] - evaluate_round 30 received 15 results and 0 failures
Aggregate evaluate
Configure Fit
server round: 31
[2024-03-04 16:02:30,107][flwr][DEBUG] - fit_round 31: strategy sampled 15 clients (out of 50)
[2024-03-04 16:05:51,005][flwr][DEBUG] - fit_round 31 received 15 results and 0 failures
individual accuracies [0.3983, 0.4232, 0.4185, 0.3991, 0.2823, 0.3829, 0.3695, 0.3547, 0.3801, 0.3996, 0.4114]
malicious is ['0', '0', '0', '0', '0', '0', '0', '0', '0', '0', '0']
Number of Evil Clients: 4
Number of Preset Malicious Clients is 0
Number of Preset Benign Clients is 11
Average poisoning accuracy: 0.8791
accuracies is [(0.3983, -1)]
accuracies is [(0.3983, -1)]
benign class is -1
malicious class is 10
Final Clustering acc is 1.0
Target label is 9
length of good results is 11 and length of bad results is 0
acc_diff is 0
Other cases
Evaluate
Global Poisoning Accuracy: 0.0898
[2024-03-04 16:06:21,099][flwr][INFO] - fit progress: (31, 143.22520279884338, {'accuracy': 0.4432}, 6823.627354804004)
Configure Evaluate
[2024-03-04 16:06:21,099][flwr][DEBUG] - evaluate_round 31: strategy sampled 15 clients (out of 50)
[2024-03-04 16:06:34,889][flwr][DEBUG] - evaluate_round 31 received 15 results and 0 failures
Aggregate evaluate
Configure Fit
server round: 32
[2024-03-04 16:06:34,889][flwr][DEBUG] - fit_round 32: strategy sampled 15 clients (out of 50)
[2024-03-04 16:09:22,419][flwr][DEBUG] - fit_round 32 received 15 results and 0 failures
individual accuracies [0.3871, 0.4194, 0.4077, 0.4089, 0.3902, 0.2638, 0.342, 0.4279, 0.4131, 0.416]
malicious is ['0', '0', '0', '0', '0', '2', '0', '0', '0', '0']
Number of Evil Clients: 5
Number of Preset Malicious Clients is 1
Number of Preset Benign Clients is 9
Average poisoning accuracy: 0.83655
accuracies is [(0.3661, -1), (0.416, 0), (0.4077, 1)]
accuracies is [(0.3661, -1), (0.416, 0)]
benign class is -1
malicious class is 0
Final Clustering acc is 0.3
1 added to evil list
Target label is 9
length of good results is 9 and length of bad results is 1
acc_diff is 0
Other cases
Evaluate
Global Poisoning Accuracy: 0.0753
[2024-03-04 16:09:55,041][flwr][INFO] - fit progress: (32, 146.2953007221222, {'accuracy': 0.4367}, 7037.569400483)
Configure Evaluate
[2024-03-04 16:09:55,041][flwr][DEBUG] - evaluate_round 32: strategy sampled 15 clients (out of 50)
[2024-03-04 16:10:08,435][flwr][DEBUG] - evaluate_round 32 received 15 results and 0 failures
Aggregate evaluate
Configure Fit
server round: 33
[2024-03-04 16:10:08,435][flwr][DEBUG] - fit_round 33: strategy sampled 15 clients (out of 50)
[2024-03-04 16:12:49,220][flwr][DEBUG] - fit_round 33 received 15 results and 0 failures
individual accuracies [0.3668, 0.4261, 0.4296, 0.3915, 0.3866, 0.3461, 0.4293, 0.4107]
malicious is ['0', '0', '0', '0', '0', '0', '0', '0']
Number of Evil Clients: 7
Number of Preset Malicious Clients is 0
Number of Preset Benign Clients is 8
Average poisoning accuracy: 0.8113714285714286
accuracies is [(0.3668, -1), (0.4261, 0)]
accuracies is [(0.3668, -1), (0.4261, 0)]
benign class is -1
malicious class is 0
Final Clustering acc is 0.375
0 added to evil list
Target label is 9
length of good results is 8 and length of bad results is 0
acc_diff is 0
Other cases
Evaluate
Global Poisoning Accuracy: 0.0981
[2024-03-04 16:13:22,110][flwr][INFO] - fit progress: (33, 148.5759675502777, {'accuracy': 0.4375}, 7244.638408808001)
Configure Evaluate
[2024-03-04 16:13:22,110][flwr][DEBUG] - evaluate_round 33: strategy sampled 15 clients (out of 50)
[2024-03-04 16:13:36,053][flwr][DEBUG] - evaluate_round 33 received 15 results and 0 failures
Aggregate evaluate
Configure Fit
server round: 34
[2024-03-04 16:13:36,053][flwr][DEBUG] - fit_round 34: strategy sampled 15 clients (out of 50)
[2024-03-04 16:16:17,930][flwr][DEBUG] - fit_round 34 received 15 results and 0 failures
individual accuracies [0.4109, 0.4239, 0.4173, 0.4396, 0.3902, 0.3223, 0.3926, 0.436, 0.4386, 0.3769]
malicious is ['0', '0', '0', '0', '0', '0', '0', '0', '0', '0']
Number of Evil Clients: 5
Number of Preset Malicious Clients is 0
Number of Preset Benign Clients is 10
Average poisoning accuracy: 0.85868
accuracies is [(0.3926, -1), (0.436, 0)]
accuracies is [(0.3926, -1), (0.436, 0)]
benign class is -1
malicious class is 0
Final Clustering acc is 0.7
0 added to evil list
Target label is 9
length of good results is 10 and length of bad results is 0
acc_diff is 0
Other cases
Evaluate
Global Poisoning Accuracy: 0.0722
[2024-03-04 16:16:48,975][flwr][INFO] - fit progress: (34, 147.10065817832947, {'accuracy': 0.4375}, 7451.503448445001)
Configure Evaluate
[2024-03-04 16:16:48,975][flwr][DEBUG] - evaluate_round 34: strategy sampled 15 clients (out of 50)
[2024-03-04 16:17:02,340][flwr][DEBUG] - evaluate_round 34 received 15 results and 0 failures
Aggregate evaluate
Configure Fit
server round: 35
[2024-03-04 16:17:02,340][flwr][DEBUG] - fit_round 35: strategy sampled 15 clients (out of 50)
[2024-03-04 16:19:53,659][flwr][DEBUG] - fit_round 35 received 15 results and 0 failures
individual accuracies [0.4248, 0.4272, 0.4399, 0.3941, 0.3949, 0.3853, 0.3381, 0.4134, 0.4277]
malicious is ['0', '0', '0', '0', '0', '0', '0', '0', '0']
Number of Evil Clients: 6
Number of Preset Malicious Clients is 0
Number of Preset Benign Clients is 9
Average poisoning accuracy: 0.8534166666666666
accuracies is [(0.4134, -1)]
accuracies is [(0.4134, -1)]
benign class is -1
malicious class is 10
Final Clustering acc is 1.0
Target label is 9
length of good results is 9 and length of bad results is 0
acc_diff is 0
Other cases
Evaluate
Global Poisoning Accuracy: 0.0858
[2024-03-04 16:20:25,731][flwr][INFO] - fit progress: (35, 151.7152078151703, {'accuracy': 0.4254}, 7668.259806702001)
Configure Evaluate
[2024-03-04 16:20:25,732][flwr][DEBUG] - evaluate_round 35: strategy sampled 15 clients (out of 50)
[2024-03-04 16:20:39,477][flwr][DEBUG] - evaluate_round 35 received 15 results and 0 failures
Aggregate evaluate
Configure Fit
server round: 36
[2024-03-04 16:20:39,477][flwr][DEBUG] - fit_round 36: strategy sampled 15 clients (out of 50)
[2024-03-04 16:23:45,872][flwr][DEBUG] - fit_round 36 received 15 results and 0 failures
individual accuracies [0.4299, 0.4354, 0.3863, 0.394, 0.4247, 0.3906, 0.3434, 0.4116, 0.419]
malicious is ['0', '0', '0', '0', '0', '0', '0', '0', '0']
Number of Evil Clients: 6
Number of Preset Malicious Clients is 0
Number of Preset Benign Clients is 9
Average poisoning accuracy: 0.9068666666666667
accuracies is [(0.3906, -1), (0.42185, 0)]
accuracies is [(0.3906, -1), (0.42185, 0)]
benign class is -1
malicious class is 0
Final Clustering acc is 0.5555555555555556
0 added to evil list
Target label is 9
length of good results is 9 and length of bad results is 0
acc_diff is 0
Other cases
Evaluate
Global Poisoning Accuracy: 0.094
[2024-03-04 16:24:16,189][flwr][INFO] - fit progress: (36, 152.96161007881165, {'accuracy': 0.4379}, 7898.716960856)
Configure Evaluate
[2024-03-04 16:24:16,189][flwr][DEBUG] - evaluate_round 36: strategy sampled 15 clients (out of 50)
[2024-03-04 16:24:29,870][flwr][DEBUG] - evaluate_round 36 received 15 results and 0 failures
Aggregate evaluate
Configure Fit
server round: 37
[2024-03-04 16:24:29,870][flwr][DEBUG] - fit_round 37: strategy sampled 15 clients (out of 50)
[2024-03-04 16:27:16,883][flwr][DEBUG] - fit_round 37 received 15 results and 0 failures
individual accuracies [0.2963, 0.4211, 0.3969, 0.3959, 0.3866, 0.4272, 0.4216, 0.4384, 0.4206]
malicious is ['0', '0', '0', '0', '0', '0', '0', '0', '0']
Number of Evil Clients: 6
Number of Preset Malicious Clients is 0
Number of Preset Benign Clients is 9
Average poisoning accuracy: 0.8584166666666667
accuracies is [(0.4206, -1)]
accuracies is [(0.4206, -1)]
benign class is -1
malicious class is 10
Final Clustering acc is 1.0
Target label is 9
length of good results is 9 and length of bad results is 0
acc_diff is 0
Other cases
Evaluate
Global Poisoning Accuracy: 0.0787
[2024-03-04 16:27:47,525][flwr][INFO] - fit progress: (37, 146.56794583797455, {'accuracy': 0.4403}, 8110.053116722003)
Configure Evaluate
[2024-03-04 16:27:47,525][flwr][DEBUG] - evaluate_round 37: strategy sampled 15 clients (out of 50)
[2024-03-04 16:28:01,172][flwr][DEBUG] - evaluate_round 37 received 15 results and 0 failures
Aggregate evaluate
Configure Fit
server round: 38
[2024-03-04 16:28:01,172][flwr][DEBUG] - fit_round 38: strategy sampled 15 clients (out of 50)
[2024-03-04 16:31:01,435][flwr][DEBUG] - fit_round 38 received 15 results and 0 failures
individual accuracies [0.432, 0.3383, 0.4038, 0.4203, 0.3993, 0.2497, 0.3215]
malicious is ['0', '0', '0', '0', '0', '0', '0']
Number of Evil Clients: 8
Number of Preset Malicious Clients is 0
Number of Preset Benign Clients is 7
Average poisoning accuracy: 0.8535875
accuracies is [(0.3993, -1)]
accuracies is [(0.3993, -1)]
benign class is -1
malicious class is 10
Final Clustering acc is 1.0
Target label is 9
length of good results is 7 and length of bad results is 0
acc_diff is 0
Other cases
Evaluate
Global Poisoning Accuracy: 0.0671
[2024-03-04 16:31:33,560][flwr][INFO] - fit progress: (38, 147.48259091377258, {'accuracy': 0.4301}, 8336.087970049004)
Configure Evaluate
[2024-03-04 16:31:33,560][flwr][DEBUG] - evaluate_round 38: strategy sampled 15 clients (out of 50)
[2024-03-04 16:31:47,976][flwr][DEBUG] - evaluate_round 38 received 15 results and 0 failures
Aggregate evaluate
Configure Fit
server round: 39
[2024-03-04 16:31:47,977][flwr][DEBUG] - fit_round 39: strategy sampled 15 clients (out of 50)
[2024-03-04 16:34:40,891][flwr][DEBUG] - fit_round 39 received 15 results and 0 failures
individual accuracies [0.3289, 0.4311, 0.415, 0.409, 0.4274, 0.2624, 0.4289, 0.4299]
malicious is ['0', '0', '0', '0', '0', '0', '0', '0']
Number of Evil Clients: 7
Number of Preset Malicious Clients is 0
Number of Preset Benign Clients is 8
Average poisoning accuracy: 0.8670142857142858
accuracies is [(0.36895, -1), (0.4294, 0)]
accuracies is [(0.36895, -1), (0.4294, 0)]
benign class is -1
malicious class is 0
Final Clustering acc is 0.5
0 added to evil list
Target label is 9
length of good results is 8 and length of bad results is 0
acc_diff is 0
Other cases
Evaluate
Global Poisoning Accuracy: 0.0547
[2024-03-04 16:35:11,503][flwr][INFO] - fit progress: (39, 150.84581661224365, {'accuracy': 0.4226}, 8554.031575759)
Configure Evaluate
[2024-03-04 16:35:11,503][flwr][DEBUG] - evaluate_round 39: strategy sampled 15 clients (out of 50)
[2024-03-04 16:35:27,318][flwr][DEBUG] - evaluate_round 39 received 15 results and 0 failures
Aggregate evaluate
Configure Fit
server round: 40
[2024-03-04 16:35:27,318][flwr][DEBUG] - fit_round 40: strategy sampled 15 clients (out of 50)
[2024-03-04 16:37:59,809][flwr][DEBUG] - fit_round 40 received 15 results and 0 failures
individual accuracies [0.4324, 0.4181, 0.392, 0.4397, 0.4309, 0.388]
malicious is ['0', '0', '0', '0', '0', '0']
Number of Evil Clients: 9
Number of Preset Malicious Clients is 0
Number of Preset Benign Clients is 6
Average poisoning accuracy: 0.8413777777777778
accuracies is [(0.4245, -1)]
accuracies is [(0.4245, -1)]
benign class is -1
malicious class is 10
Final Clustering acc is 1.0
Target label is 9
length of good results is 6 and length of bad results is 0
acc_diff is 0
Other cases
Evaluate
Global Poisoning Accuracy: 0.0705
[2024-03-04 16:38:32,859][flwr][INFO] - fit progress: (40, 147.50122261047363, {'accuracy': 0.4324}, 8755.387766093998)
Configure Evaluate
[2024-03-04 16:38:32,860][flwr][DEBUG] - evaluate_round 40: strategy sampled 15 clients (out of 50)
[2024-03-04 16:38:46,376][flwr][DEBUG] - evaluate_round 40 received 15 results and 0 failures
Aggregate evaluate
Configure Fit
server round: 41
[2024-03-04 16:38:46,377][flwr][DEBUG] - fit_round 41: strategy sampled 15 clients (out of 50)
[2024-03-04 16:41:57,163][flwr][DEBUG] - fit_round 41 received 15 results and 0 failures
individual accuracies [0.4154, 0.42, 0.3885, 0.4021, 0.3565, 0.4324, 0.4337, 0.2827, 0.3937]
malicious is ['0', '0', '0', '0', '0', '0', '0', '0', '0']
Number of Evil Clients: 6
Number of Preset Malicious Clients is 0
Number of Preset Benign Clients is 9
Average poisoning accuracy: 0.8776666666666667
accuracies is [(0.3937, -1), (0.42684999999999995, 0), (0.3953, 1)]
accuracies is [(0.3937, -1), (0.42684999999999995, 0)]
benign class is -1
malicious class is 0
Final Clustering acc is 0.7777777777777778
0 added to evil list
Target label is 9
length of good results is 9 and length of bad results is 0
acc_diff is 0
Other cases
Evaluate
Global Poisoning Accuracy: 0.0529
[2024-03-04 16:42:31,278][flwr][INFO] - fit progress: (41, 146.0609415769577, {'accuracy': 0.4436}, 8993.806472247)
Configure Evaluate
[2024-03-04 16:42:31,278][flwr][DEBUG] - evaluate_round 41: strategy sampled 15 clients (out of 50)
[2024-03-04 16:42:46,874][flwr][DEBUG] - evaluate_round 41 received 15 results and 0 failures
Aggregate evaluate
Configure Fit
server round: 42
[2024-03-04 16:42:46,874][flwr][DEBUG] - fit_round 42: strategy sampled 15 clients (out of 50)
[2024-03-04 16:45:31,927][flwr][DEBUG] - fit_round 42 received 15 results and 0 failures
individual accuracies [0.4204, 0.3905, 0.3168, 0.4322, 0.3648, 0.3969, 0.4397, 0.4154, 0.4426, 0.4362]
malicious is ['0', '0', '0', '0', '0', '0', '0', '0', '0', '0']
Number of Evil Clients: 5
Number of Preset Malicious Clients is 0
Number of Preset Benign Clients is 10
Average poisoning accuracy: 0.8770399999999998
accuracies is [(0.3969, -1), (0.35365, 0), (0.4362, 1)]
accuracies is [(0.3969, -1), (0.35365, 0)]
benign class is -1
malicious class is 0
Final Clustering acc is 0.8
0 added to evil list
Target label is 9
length of good results is 10 and length of bad results is 0
acc_diff is 0
Other cases
Evaluate
Global Poisoning Accuracy: 0.0802
[2024-03-04 16:46:05,136][flwr][INFO] - fit progress: (42, 148.38037109375, {'accuracy': 0.4406}, 9207.664157827)
Configure Evaluate
[2024-03-04 16:46:05,136][flwr][DEBUG] - evaluate_round 42: strategy sampled 15 clients (out of 50)
[2024-03-04 16:46:18,693][flwr][DEBUG] - evaluate_round 42 received 15 results and 0 failures
Aggregate evaluate
Configure Fit
server round: 43
[2024-03-04 16:46:18,693][flwr][DEBUG] - fit_round 43: strategy sampled 15 clients (out of 50)
[2024-03-04 16:48:56,477][flwr][DEBUG] - fit_round 43 received 15 results and 0 failures
individual accuracies [0.4192, 0.3946, 0.4306, 0.4405, 0.4316, 0.4324, 0.4237, 0.4017, 0.3577, 0.4389, 0.4149, 0.3336, 0.3991]
malicious is ['0', '0', '0', '0', '0', '0', '0', '0', '0', '0', '0', '0', '0']
Number of Evil Clients: 2
Number of Preset Malicious Clients is 0
Number of Preset Benign Clients is 13
Average poisoning accuracy: 0.84945
accuracies is [(0.3991, -1), (0.4311, 0), (0.3863, 1)]
accuracies is [(0.3991, -1), (0.4311, 0)]
benign class is -1
malicious class is 0
Final Clustering acc is 0.38461538461538464
0 added to evil list
Target label is 9
length of good results is 13 and length of bad results is 0
acc_diff is 0
Other cases
Evaluate
Global Poisoning Accuracy: 0.0857
[2024-03-04 16:49:28,668][flwr][INFO] - fit progress: (43, 148.01753044128418, {'accuracy': 0.4378}, 9411.195941103004)
Configure Evaluate
[2024-03-04 16:49:28,668][flwr][DEBUG] - evaluate_round 43: strategy sampled 15 clients (out of 50)
[2024-03-04 16:49:42,336][flwr][DEBUG] - evaluate_round 43 received 15 results and 0 failures
Aggregate evaluate
Configure Fit
server round: 44
[2024-03-04 16:49:42,336][flwr][DEBUG] - fit_round 44: strategy sampled 15 clients (out of 50)
[2024-03-04 16:52:41,907][flwr][DEBUG] - fit_round 44 received 15 results and 0 failures
individual accuracies [0.3806, 0.4356, 0.2797, 0.4085, 0.4271, 0.3477, 0.4215, 0.4154, 0.4161, 0.3537, 0.4247]
malicious is ['0', '0', '0', '0', '0', '0', '0', '0', '0', '0', '0']
Number of Evil Clients: 4
Number of Preset Malicious Clients is 0
Number of Preset Benign Clients is 11
Average poisoning accuracy: 0.85295
accuracies is [(0.39454999999999996, -1), (0.43135, 0), (0.4161, 1)]
accuracies is [(0.39454999999999996, -1), (0.43135, 0)]
benign class is -1
malicious class is 0
Final Clustering acc is 0.5454545454545454
0 added to evil list
Target label is 9
length of good results is 11 and length of bad results is 0
acc_diff is 0
Other cases
Evaluate
Global Poisoning Accuracy: 0.0673
[2024-03-04 16:53:12,131][flwr][INFO] - fit progress: (44, 148.01847064495087, {'accuracy': 0.4387}, 9634.659453674001)
Configure Evaluate
[2024-03-04 16:53:12,131][flwr][DEBUG] - evaluate_round 44: strategy sampled 15 clients (out of 50)
[2024-03-04 16:53:25,393][flwr][DEBUG] - evaluate_round 44 received 15 results and 0 failures
Aggregate evaluate
Configure Fit
server round: 45
[2024-03-04 16:53:25,394][flwr][DEBUG] - fit_round 45: strategy sampled 15 clients (out of 50)
[2024-03-04 16:56:15,187][flwr][DEBUG] - fit_round 45 received 15 results and 0 failures
individual accuracies [0.3245, 0.4345, 0.436, 0.4135, 0.3117, 0.4274, 0.4104, 0.4087]
malicious is ['0', '0', '0', '0', '0', '0', '0', '0']
Number of Evil Clients: 7
Number of Preset Malicious Clients is 0
Number of Preset Benign Clients is 8
Average poisoning accuracy: 0.8704285714285714
accuracies is [(0.4104, -1), (0.4345, 0)]
accuracies is [(0.4104, -1), (0.4345, 0)]
benign class is -1
malicious class is 0
Final Clustering acc is 0.625
0 added to evil list
Target label is 9
length of good results is 8 and length of bad results is 0
acc_diff is 0
Other cases
Evaluate
Global Poisoning Accuracy: 0.0904
[2024-03-04 16:56:45,980][flwr][INFO] - fit progress: (45, 145.41629648208618, {'accuracy': 0.4355}, 9848.508677358004)
Configure Evaluate
[2024-03-04 16:56:45,981][flwr][DEBUG] - evaluate_round 45: strategy sampled 15 clients (out of 50)
[2024-03-04 16:57:01,623][flwr][DEBUG] - evaluate_round 45 received 15 results and 0 failures
Aggregate evaluate
Configure Fit
server round: 46
[2024-03-04 16:57:01,623][flwr][DEBUG] - fit_round 46: strategy sampled 15 clients (out of 50)
[2024-03-04 16:59:41,938][flwr][DEBUG] - fit_round 46 received 15 results and 0 failures
individual accuracies [0.3636, 0.4261, 0.4352, 0.4005, 0.431, 0.4092, 0.4429, 0.4353, 0.4311, 0.2688, 0.4301]
malicious is ['0', '0', '0', '0', '0', '0', '0', '0', '0', '0', '0']
Number of Evil Clients: 4
Number of Preset Malicious Clients is 0
Number of Preset Benign Clients is 11
Average poisoning accuracy: 0.883
accuracies is [(0.40485000000000004, -1), (0.4311, 0)]
accuracies is [(0.40485000000000004, -1), (0.4311, 0)]
benign class is -1
malicious class is 0
Final Clustering acc is 0.36363636363636365
0 added to evil list
Target label is 9
length of good results is 11 and length of bad results is 0
acc_diff is 0
Other cases
Evaluate
Global Poisoning Accuracy: 0.0898
[2024-03-04 17:00:13,112][flwr][INFO] - fit progress: (46, 146.89724481105804, {'accuracy': 0.4341}, 10055.640711831002)
Configure Evaluate
[2024-03-04 17:00:13,113][flwr][DEBUG] - evaluate_round 46: strategy sampled 15 clients (out of 50)
[2024-03-04 17:00:26,573][flwr][DEBUG] - evaluate_round 46 received 15 results and 0 failures
Aggregate evaluate
Configure Fit
server round: 47
[2024-03-04 17:00:26,574][flwr][DEBUG] - fit_round 47: strategy sampled 15 clients (out of 50)
[2024-03-04 17:03:24,187][flwr][DEBUG] - fit_round 47 received 15 results and 0 failures
individual accuracies [0.4309, 0.2973, 0.4079, 0.3833, 0.4205, 0.3458, 0.3679, 0.4357]
malicious is ['0', '0', '0', '0', '0', '0', '0', '0']
Number of Evil Clients: 7
Number of Preset Malicious Clients is 0
Number of Preset Benign Clients is 8
Average poisoning accuracy: 0.8561571428571428
accuracies is [(0.3756, -1), (0.4333, 0)]
accuracies is [(0.3756, -1), (0.4333, 0)]
benign class is -1
malicious class is 0
Final Clustering acc is 0.75
0 added to evil list
Target label is 9
length of good results is 8 and length of bad results is 0
acc_diff is 0
Other cases
Evaluate
Global Poisoning Accuracy: 0.0911
[2024-03-04 17:03:55,784][flwr][INFO] - fit progress: (47, 146.76369965076447, {'accuracy': 0.4388}, 10278.312095823)
Configure Evaluate
[2024-03-04 17:03:55,784][flwr][DEBUG] - evaluate_round 47: strategy sampled 15 clients (out of 50)
[2024-03-04 17:04:09,515][flwr][DEBUG] - evaluate_round 47 received 15 results and 0 failures
Aggregate evaluate
Configure Fit
server round: 48
[2024-03-04 17:04:09,516][flwr][DEBUG] - fit_round 48: strategy sampled 15 clients (out of 50)
[2024-03-04 17:06:40,873][flwr][DEBUG] - fit_round 48 received 15 results and 0 failures
individual accuracies [0.4334, 0.4121, 0.4311, 0.2888, 0.4274, 0.4171, 0.4227, 0.3989, 0.4392, 0.4101, 0.4448]
malicious is ['0', '0', '0', '0', '0', '0', '0', '0', '0', '0', '0']
Number of Evil Clients: 4
Number of Preset Malicious Clients is 0
Number of Preset Benign Clients is 11
Average poisoning accuracy: 0.8793000000000001
accuracies is [(0.3989, -1), (0.4363, 0), (0.41875, 1), (0.41990000000000005, 2)]
accuracies is [(0.3989, -1), (0.4363, 0)]
benign class is -1
malicious class is 0
Final Clustering acc is 0.2727272727272727
0 added to evil list
Target label is 9
length of good results is 11 and length of bad results is 0
acc_diff is 0
Other cases
Evaluate
Global Poisoning Accuracy: 0.1179
[2024-03-04 17:07:11,212][flwr][INFO] - fit progress: (48, 146.9257378578186, {'accuracy': 0.4387}, 10473.740167388001)
Configure Evaluate
[2024-03-04 17:07:11,212][flwr][DEBUG] - evaluate_round 48: strategy sampled 15 clients (out of 50)
[2024-03-04 17:07:24,722][flwr][DEBUG] - evaluate_round 48 received 15 results and 0 failures
Aggregate evaluate
Configure Fit
server round: 49
[2024-03-04 17:07:24,722][flwr][DEBUG] - fit_round 49: strategy sampled 15 clients (out of 50)
[2024-03-04 17:10:18,235][flwr][DEBUG] - fit_round 49 received 15 results and 0 failures
individual accuracies [0.4122, 0.4202, 0.4341, 0.4343, 0.4456, 0.3858]
malicious is ['0', '0', '0', '0', '0', '0']
Number of Evil Clients: 9
Number of Preset Malicious Clients is 0
Number of Preset Benign Clients is 6
Average poisoning accuracy: 0.8612555555555557
accuracies is [(0.42715000000000003, -1)]
accuracies is [(0.42715000000000003, -1)]
benign class is -1
malicious class is 10
Final Clustering acc is 1.0
Target label is 9
length of good results is 6 and length of bad results is 0
acc_diff is 0
Other cases
Evaluate
Global Poisoning Accuracy: 0.0814
[2024-03-04 17:10:50,794][flwr][INFO] - fit progress: (49, 149.0599125623703, {'accuracy': 0.4432}, 10693.322795683001)
Configure Evaluate
[2024-03-04 17:10:50,795][flwr][DEBUG] - evaluate_round 49: strategy sampled 15 clients (out of 50)
[2024-03-04 17:11:06,034][flwr][DEBUG] - evaluate_round 49 received 15 results and 0 failures
Aggregate evaluate
Configure Fit
server round: 50
[2024-03-04 17:11:06,035][flwr][DEBUG] - fit_round 50: strategy sampled 15 clients (out of 50)
[2024-03-04 17:13:48,244][flwr][DEBUG] - fit_round 50 received 15 results and 0 failures
individual accuracies [0.4218, 0.4399, 0.4301, 0.435, 0.4074, 0.4413]
malicious is ['0', '0', '0', '0', '0', '0']
Number of Evil Clients: 9
Number of Preset Malicious Clients is 0
Number of Preset Benign Clients is 6
Average poisoning accuracy: 0.8754777777777778
accuracies is [(0.41459999999999997, -1), (0.43745, 0)]
accuracies is [(0.41459999999999997, -1), (0.43745, 0)]
benign class is -1
malicious class is 0
Final Clustering acc is 0.3333333333333333
0 added to evil list
Target label is 9
length of good results is 6 and length of bad results is 0
acc_diff is 0
Other cases
Evaluate
Global Poisoning Accuracy: 0.0875
[2024-03-04 17:14:19,085][flwr][INFO] - fit progress: (50, 151.98884284496307, {'accuracy': 0.4442}, 10901.613132919003)
Configure Evaluate
[2024-03-04 17:14:19,085][flwr][DEBUG] - evaluate_round 50: strategy sampled 15 clients (out of 50)
[2024-03-04 17:14:32,582][flwr][DEBUG] - evaluate_round 50 received 15 results and 0 failures
Aggregate evaluate
Configure Fit
server round: 51
[2024-03-04 17:14:32,583][flwr][DEBUG] - fit_round 51: strategy sampled 15 clients (out of 50)
[2024-03-04 17:17:27,508][flwr][DEBUG] - fit_round 51 received 15 results and 0 failures
individual accuracies [0.4171, 0.3775, 0.3823, 0.4416, 0.4205, 0.4236, 0.3785, 0.4289, 0.4309, 0.4373, 0.4293]
malicious is ['0', '0', '0', '0', '0', '0', '0', '0', '0', '0', '0']
Number of Evil Clients: 4
Number of Preset Malicious Clients is 0
Number of Preset Benign Clients is 11
Average poisoning accuracy: 0.8676
accuracies is [(0.38039999999999996, -1), (0.4289, 0), (0.42569999999999997, 1)]
accuracies is [(0.38039999999999996, -1), (0.4289, 0)]
benign class is -1
malicious class is 0
Final Clustering acc is 0.18181818181818182
0 added to evil list
Target label is 9
length of good results is 11 and length of bad results is 0
acc_diff is 0
Other cases
Evaluate
Global Poisoning Accuracy: 0.063
[2024-03-04 17:17:59,678][flwr][INFO] - fit progress: (51, 153.24817085266113, {'accuracy': 0.4409}, 11122.206305286003)
Configure Evaluate
[2024-03-04 17:17:59,678][flwr][DEBUG] - evaluate_round 51: strategy sampled 15 clients (out of 50)
[2024-03-04 17:18:13,287][flwr][DEBUG] - evaluate_round 51 received 15 results and 0 failures
Aggregate evaluate
Configure Fit
server round: 52
[2024-03-04 17:18:13,288][flwr][DEBUG] - fit_round 52: strategy sampled 15 clients (out of 50)
[2024-03-04 17:21:10,437][flwr][DEBUG] - fit_round 52 received 15 results and 0 failures
individual accuracies [0.4247, 0.4183, 0.3987, 0.4336, 0.3909, 0.2637, 0.4362, 0.4272, 0.4397, 0.3932, 0.4158]
malicious is ['0', '0', '0', '0', '0', '0', '0', '0', '0', '0', '0']
Number of Evil Clients: 4
Number of Preset Malicious Clients is 0
Number of Preset Benign Clients is 11
Average poisoning accuracy: 0.8396250000000001
accuracies is [(0.39480000000000004, -1), (0.4247, 0)]
accuracies is [(0.39480000000000004, -1), (0.4247, 0)]
benign class is -1
malicious class is 0
Final Clustering acc is 0.36363636363636365
0 added to evil list
Target label is 9
length of good results is 11 and length of bad results is 0
acc_diff is 0
Other cases
Evaluate
Global Poisoning Accuracy: 0.0701
[2024-03-04 17:21:40,476][flwr][INFO] - fit progress: (52, 151.83805346488953, {'accuracy': 0.4364}, 11343.004814075997)
Configure Evaluate
[2024-03-04 17:21:40,477][flwr][DEBUG] - evaluate_round 52: strategy sampled 15 clients (out of 50)
[2024-03-04 17:21:54,037][flwr][DEBUG] - evaluate_round 52 received 15 results and 0 failures
Aggregate evaluate
Configure Fit
server round: 53
[2024-03-04 17:21:54,037][flwr][DEBUG] - fit_round 53: strategy sampled 15 clients (out of 50)
[2024-03-04 17:24:33,700][flwr][DEBUG] - fit_round 53 received 15 results and 0 failures
individual accuracies [0.3955, 0.3358, 0.4316, 0.4415, 0.4084, 0.4271, 0.4139, 0.4321, 0.4174, 0.407, 0.3731, 0.4144, 0.4419]
malicious is ['0', '0', '0', '0', '0', '0', '0', '0', '0', '0', '0', '0', '0']
Number of Evil Clients: 2
Number of Preset Malicious Clients is 0
Number of Preset Benign Clients is 13
Average poisoning accuracy: 0.8308
accuracies is [(0.407, -1), (0.42074999999999996, 0), (0.42025, 1)]
accuracies is [(0.407, -1), (0.42074999999999996, 0)]
benign class is -1
malicious class is 0
Final Clustering acc is 0.23076923076923078
0 added to evil list
Target label is 9
length of good results is 13 and length of bad results is 0
acc_diff is 0
Other cases
Evaluate
Global Poisoning Accuracy: 0.0939
[2024-03-04 17:25:03,227][flwr][INFO] - fit progress: (53, 150.87756872177124, {'accuracy': 0.4346}, 11545.755511278003)
Configure Evaluate
[2024-03-04 17:25:03,227][flwr][DEBUG] - evaluate_round 53: strategy sampled 15 clients (out of 50)
[2024-03-04 17:25:16,917][flwr][DEBUG] - evaluate_round 53 received 15 results and 0 failures
Aggregate evaluate
Configure Fit
server round: 54
[2024-03-04 17:25:16,918][flwr][DEBUG] - fit_round 54: strategy sampled 15 clients (out of 50)
[2024-03-04 17:28:08,478][flwr][DEBUG] - fit_round 54 received 15 results and 0 failures
individual accuracies [0.4299, 0.4378, 0.4105, 0.408, 0.4412, 0.4405, 0.4328, 0.4087, 0.423, 0.4315]
malicious is ['0', '0', '0', '0', '0', '0', '0', '0', '0', '0']
Number of Evil Clients: 5
Number of Preset Malicious Clients is 0
Number of Preset Benign Clients is 10
Average poisoning accuracy: 0.807
accuracies is [(0.43069999999999997, 0), (0.42164999999999997, 1)]
accuracies is [(0.43069999999999997, 0), (0.42164999999999997, 1)]
benign class is -1
malicious class is 0
Final Clustering acc is 0.0
0 added to evil list
Target label is 9
length of good results is 10 and length of bad results is 0
acc_diff is 0
Other cases
Evaluate
Global Poisoning Accuracy: 0.1032
[2024-03-04 17:28:39,790][flwr][INFO] - fit progress: (54, 151.1898523569107, {'accuracy': 0.4414}, 11762.317993823002)
Configure Evaluate
[2024-03-04 17:28:39,790][flwr][DEBUG] - evaluate_round 54: strategy sampled 15 clients (out of 50)
[2024-03-04 17:28:53,430][flwr][DEBUG] - evaluate_round 54 received 15 results and 0 failures
Aggregate evaluate
Configure Fit
server round: 55
[2024-03-04 17:28:53,430][flwr][DEBUG] - fit_round 55: strategy sampled 15 clients (out of 50)
[2024-03-04 17:31:21,158][flwr][DEBUG] - fit_round 55 received 15 results and 0 failures
individual accuracies [0.4397, 0.42, 0.4368, 0.4179, 0.4314, 0.4195, 0.439, 0.4295, 0.4025, 0.4044]
malicious is ['0', '0', '0', '0', '0', '0', '0', '0', '0', '0']
Number of Evil Clients: 5
Number of Preset Malicious Clients is 0
Number of Preset Benign Clients is 10
Average poisoning accuracy: 0.88216
accuracies is [(0.4195, -1), (0.4314, 0)]
accuracies is [(0.4195, -1), (0.4314, 0)]
benign class is -1
malicious class is 0
Final Clustering acc is 0.3
0 added to evil list
Target label is 9
length of good results is 10 and length of bad results is 0
acc_diff is 0
Other cases
Evaluate
Global Poisoning Accuracy: 0.0769
[2024-03-04 17:31:52,187][flwr][INFO] - fit progress: (55, 153.13559985160828, {'accuracy': 0.4398}, 11954.715617494003)
Configure Evaluate
[2024-03-04 17:31:52,188][flwr][DEBUG] - evaluate_round 55: strategy sampled 15 clients (out of 50)
[2024-03-04 17:32:06,016][flwr][DEBUG] - evaluate_round 55 received 15 results and 0 failures
Aggregate evaluate
Configure Fit
server round: 56
[2024-03-04 17:32:06,016][flwr][DEBUG] - fit_round 56: strategy sampled 15 clients (out of 50)
[2024-03-04 17:34:53,288][flwr][DEBUG] - fit_round 56 received 15 results and 0 failures
individual accuracies [0.4282, 0.4146, 0.3816, 0.4237, 0.4242, 0.4233, 0.4207, 0.4343, 0.4429]
malicious is ['0', '0', '0', '0', '0', '0', '0', '0', '0']
Number of Evil Clients: 6
Number of Preset Malicious Clients is 0
Number of Preset Benign Clients is 9
Average poisoning accuracy: 0.8358166666666667
accuracies is [(0.3981, -1), (0.42445, 0), (0.4242, 1)]
accuracies is [(0.3981, -1), (0.42445, 0)]
benign class is -1
malicious class is 0
Final Clustering acc is 0.2222222222222222
0 added to evil list
Target label is 9
length of good results is 9 and length of bad results is 0
acc_diff is 0
Other cases
Evaluate
Global Poisoning Accuracy: 0.0738
[2024-03-04 17:35:25,499][flwr][INFO] - fit progress: (56, 151.62019228935242, {'accuracy': 0.4417}, 12168.027288108999)
Configure Evaluate
[2024-03-04 17:35:25,499][flwr][DEBUG] - evaluate_round 56: strategy sampled 15 clients (out of 50)
[2024-03-04 17:35:39,168][flwr][DEBUG] - evaluate_round 56 received 15 results and 0 failures
Aggregate evaluate
Configure Fit
server round: 57
[2024-03-04 17:35:39,168][flwr][DEBUG] - fit_round 57: strategy sampled 15 clients (out of 50)
[2024-03-04 17:38:32,215][flwr][DEBUG] - fit_round 57 received 15 results and 0 failures
individual accuracies [0.4402, 0.3442, 0.4279, 0.4409, 0.4304, 0.4281, 0.4461, 0.4255, 0.4261]
malicious is ['0', '0', '0', '0', '0', '0', '0', '0', '0']
Number of Evil Clients: 6
Number of Preset Malicious Clients is 0
Number of Preset Benign Clients is 9
Average poisoning accuracy: 0.8592333333333332
accuracies is [(0.38605, -1), (0.4402, 0), (0.42825, 1)]
accuracies is [(0.38605, -1), (0.4402, 0)]
benign class is -1
malicious class is 0
Final Clustering acc is 0.2222222222222222
0 added to evil list
Target label is 9
length of good results is 9 and length of bad results is 0
acc_diff is 0
Other cases
Evaluate
Global Poisoning Accuracy: 0.0707
[2024-03-04 17:39:04,286][flwr][INFO] - fit progress: (57, 152.17984282970428, {'accuracy': 0.4441}, 12386.814681926)
Configure Evaluate
[2024-03-04 17:39:04,287][flwr][DEBUG] - evaluate_round 57: strategy sampled 15 clients (out of 50)
[2024-03-04 17:39:17,861][flwr][DEBUG] - evaluate_round 57 received 15 results and 0 failures
Aggregate evaluate
Configure Fit
server round: 58
[2024-03-04 17:39:17,861][flwr][DEBUG] - fit_round 58: strategy sampled 15 clients (out of 50)
[2024-03-04 17:42:14,369][flwr][DEBUG] - fit_round 58 received 15 results and 0 failures
individual accuracies [0.3801, 0.4158, 0.3103, 0.44, 0.4323, 0.4171, 0.4274, 0.4498, 0.4325, 0.3403]
malicious is ['0', '0', '0', '0', '0', '0', '0', '0', '0', '0']
Number of Evil Clients: 5
Number of Preset Malicious Clients is 0
Number of Preset Benign Clients is 10
Average poisoning accuracy: 0.8593999999999999
accuracies is [(0.3403, -1), (0.4323, 0)]
accuracies is [(0.3403, -1), (0.4323, 0)]
benign class is -1
malicious class is 0
Final Clustering acc is 0.3
0 added to evil list
Target label is 9
length of good results is 10 and length of bad results is 0
acc_diff is 0
Other cases
Evaluate
Global Poisoning Accuracy: 0.0841
[2024-03-04 17:42:47,064][flwr][INFO] - fit progress: (58, 150.29320287704468, {'accuracy': 0.4471}, 12609.592568959)
Configure Evaluate
[2024-03-04 17:42:47,064][flwr][DEBUG] - evaluate_round 58: strategy sampled 15 clients (out of 50)
[2024-03-04 17:43:00,511][flwr][DEBUG] - evaluate_round 58 received 15 results and 0 failures
Aggregate evaluate
Configure Fit
server round: 59
[2024-03-04 17:43:00,511][flwr][DEBUG] - fit_round 59: strategy sampled 15 clients (out of 50)
[2024-03-04 17:45:49,928][flwr][DEBUG] - fit_round 59 received 15 results and 0 failures
individual accuracies [0.4287, 0.4225, 0.4357, 0.4348, 0.4368, 0.4421, 0.3755]
malicious is ['0', '0', '0', '0', '0', '0', '0']
Number of Evil Clients: 8
Number of Preset Malicious Clients is 0
Number of Preset Benign Clients is 7
Average poisoning accuracy: 0.849225
accuracies is [(0.4225, -1), (0.43625, 0)]
accuracies is [(0.4225, -1), (0.43625, 0)]
benign class is -1
malicious class is 0
Final Clustering acc is 0.42857142857142855
0 added to evil list
Target label is 9
length of good results is 7 and length of bad results is 0
acc_diff is 0
Other cases
Evaluate
Global Poisoning Accuracy: 0.0583
[2024-03-04 17:46:22,274][flwr][INFO] - fit progress: (59, 152.19455659389496, {'accuracy': 0.4402}, 12824.802005826998)
Configure Evaluate
[2024-03-04 17:46:22,274][flwr][DEBUG] - evaluate_round 59: strategy sampled 15 clients (out of 50)
[2024-03-04 17:46:35,956][flwr][DEBUG] - evaluate_round 59 received 15 results and 0 failures
Aggregate evaluate
Configure Fit
server round: 60
[2024-03-04 17:46:35,957][flwr][DEBUG] - fit_round 60: strategy sampled 15 clients (out of 50)
[2024-03-04 17:49:24,723][flwr][DEBUG] - fit_round 60 received 15 results and 0 failures
individual accuracies [0.4179, 0.3837, 0.4382, 0.4436, 0.4229, 0.4302, 0.423]
malicious is ['0', '0', '0', '0', '0', '0', '0']
Number of Evil Clients: 8
Number of Preset Malicious Clients is 0
Number of Preset Benign Clients is 7
Average poisoning accuracy: 0.83145
accuracies is [(0.423, -1), (0.43055, 0)]
accuracies is [(0.423, -1), (0.43055, 0)]
benign class is -1
malicious class is 0
Final Clustering acc is 0.42857142857142855
0 added to evil list
Target label is 9
length of good results is 7 and length of bad results is 0
acc_diff is 0
Other cases
Evaluate
Global Poisoning Accuracy: 0.0448
[2024-03-04 17:49:55,832][flwr][INFO] - fit progress: (60, 154.2883439064026, {'accuracy': 0.4411}, 13038.360192346998)
Configure Evaluate
[2024-03-04 17:49:55,832][flwr][DEBUG] - evaluate_round 60: strategy sampled 15 clients (out of 50)
[2024-03-04 17:50:09,419][flwr][DEBUG] - evaluate_round 60 received 15 results and 0 failures
Aggregate evaluate
Configure Fit
server round: 61
[2024-03-04 17:50:09,420][flwr][DEBUG] - fit_round 61: strategy sampled 15 clients (out of 50)
[2024-03-04 17:53:08,508][flwr][DEBUG] - fit_round 61 received 15 results and 0 failures
individual accuracies [0.4295, 0.4424, 0.4355, 0.406]
malicious is ['0', '0', '0', '0']
Number of Evil Clients: 11
Number of Preset Malicious Clients is 0
Number of Preset Benign Clients is 4
Average poisoning accuracy: 0.8759
accuracies is [(0.4242, -1), (0.4325, 0)]
accuracies is [(0.4242, -1), (0.4325, 0)]
benign class is -1
malicious class is 0
Final Clustering acc is 0.5
0 added to evil list
Target label is 9
length of good results is 4 and length of bad results is 0
acc_diff is 0
Other cases
Evaluate
Global Poisoning Accuracy: 0.0561
[2024-03-04 17:53:40,091][flwr][INFO] - fit progress: (61, 151.25968325138092, {'accuracy': 0.4438}, 13262.619197468004)
Configure Evaluate
[2024-03-04 17:53:40,091][flwr][DEBUG] - evaluate_round 61: strategy sampled 15 clients (out of 50)
[2024-03-04 17:53:53,649][flwr][DEBUG] - evaluate_round 61 received 15 results and 0 failures
Aggregate evaluate
Configure Fit
server round: 62
[2024-03-04 17:53:53,649][flwr][DEBUG] - fit_round 62: strategy sampled 15 clients (out of 50)
[2024-03-04 17:56:14,928][flwr][DEBUG] - fit_round 62 received 15 results and 0 failures
individual accuracies [0.4281, 0.4478, 0.4315, 0.4196, 0.4465, 0.4378, 0.4259, 0.3662, 0.4165, 0.4439]
malicious is ['0', '0', '0', '0', '0', '0', '0', '0', '0', '0']
Number of Evil Clients: 5
Number of Preset Malicious Clients is 0
Number of Preset Benign Clients is 10
Average poisoning accuracy: 0.8468
accuracies is [(0.4212, -1), (0.39715, 0), (0.44085, 1)]
accuracies is [(0.4212, -1), (0.39715, 0)]
benign class is -1
malicious class is 0
Final Clustering acc is 0.8
0 added to evil list
Target label is 9
length of good results is 10 and length of bad results is 0
acc_diff is 0
Other cases
Evaluate
Global Poisoning Accuracy: 0.0481
[2024-03-04 17:56:47,016][flwr][INFO] - fit progress: (62, 151.07997179031372, {'accuracy': 0.4507}, 13449.544020857)
Configure Evaluate
[2024-03-04 17:56:47,016][flwr][DEBUG] - evaluate_round 62: strategy sampled 15 clients (out of 50)
[2024-03-04 17:57:00,469][flwr][DEBUG] - evaluate_round 62 received 15 results and 0 failures
Aggregate evaluate
Configure Fit
server round: 63
[2024-03-04 17:57:00,470][flwr][DEBUG] - fit_round 63: strategy sampled 15 clients (out of 50)
[2024-03-04 17:59:47,629][flwr][DEBUG] - fit_round 63 received 15 results and 0 failures
individual accuracies [0.4356, 0.4491, 0.4405, 0.4389, 0.3942, 0.4298, 0.447, 0.4368, 0.3924]
malicious is ['0', '0', '0', '0', '0', '0', '0', '0', '0']
Number of Evil Clients: 6
Number of Preset Malicious Clients is 0
Number of Preset Benign Clients is 9
Average poisoning accuracy: 0.84355
accuracies is [(0.41400000000000003, -1), (0.4405, 0), (0.41200000000000003, 1)]
accuracies is [(0.41400000000000003, -1), (0.4405, 0)]
benign class is -1
malicious class is 0
Final Clustering acc is 0.4444444444444444
0 added to evil list
Target label is 9
length of good results is 9 and length of bad results is 0
acc_diff is 0
Other cases
Evaluate
Global Poisoning Accuracy: 0.0538
[2024-03-04 18:00:19,414][flwr][INFO] - fit progress: (63, 153.48522293567657, {'accuracy': 0.4478}, 13661.942165658002)
Configure Evaluate
[2024-03-04 18:00:19,414][flwr][DEBUG] - evaluate_round 63: strategy sampled 15 clients (out of 50)
[2024-03-04 18:00:33,470][flwr][DEBUG] - evaluate_round 63 received 15 results and 0 failures
Aggregate evaluate
Configure Fit
server round: 64
[2024-03-04 18:00:33,470][flwr][DEBUG] - fit_round 64: strategy sampled 15 clients (out of 50)
[2024-03-04 18:03:31,065][flwr][DEBUG] - fit_round 64 received 15 results and 0 failures
individual accuracies [0.4208, 0.4389, 0.3713, 0.4343, 0.3759, 0.4269, 0.4442, 0.4411, 0.4439, 0.416]
malicious is ['0', '0', '0', '0', '0', '0', '0', '0', '0', '0']
Number of Evil Clients: 5
Number of Preset Malicious Clients is 0
Number of Preset Benign Clients is 10
Average poisoning accuracy: 0.8139199999999999
accuracies is [(0.416, -1), (0.4389, 0)]
accuracies is [(0.416, -1), (0.4389, 0)]
benign class is -1
malicious class is 0
Final Clustering acc is 0.3
0 added to evil list
Target label is 9
length of good results is 10 and length of bad results is 0
acc_diff is 0
Other cases
Evaluate
Global Poisoning Accuracy: 0.0631
[2024-03-04 18:04:01,813][flwr][INFO] - fit progress: (64, 155.08187460899353, {'accuracy': 0.4435}, 13884.341466088)
Configure Evaluate
[2024-03-04 18:04:01,813][flwr][DEBUG] - evaluate_round 64: strategy sampled 15 clients (out of 50)
[2024-03-04 18:04:15,338][flwr][DEBUG] - evaluate_round 64 received 15 results and 0 failures
Aggregate evaluate
Configure Fit
server round: 65
[2024-03-04 18:04:15,338][flwr][DEBUG] - fit_round 65: strategy sampled 15 clients (out of 50)
[2024-03-04 18:06:53,970][flwr][DEBUG] - fit_round 65 received 15 results and 0 failures
individual accuracies [0.4192, 0.4279, 0.4203, 0.4367, 0.4276, 0.445, 0.4296, 0.4202]
malicious is ['0', '0', '0', '0', '0', '0', '0', '0']
Number of Evil Clients: 7
Number of Preset Malicious Clients is 0
Number of Preset Benign Clients is 8
Average poisoning accuracy: 0.8504571428571428
accuracies is [(0.4202, -1), (0.42774999999999996, 0), (0.4296, 1)]
accuracies is [(0.4202, -1), (0.42774999999999996, 0)]
benign class is -1
malicious class is 0
Final Clustering acc is 0.375
0 added to evil list
Target label is 9
length of good results is 8 and length of bad results is 0
acc_diff is 0
Other cases
Evaluate
Global Poisoning Accuracy: 0.0728
[2024-03-04 18:07:25,844][flwr][INFO] - fit progress: (65, 152.89971601963043, {'accuracy': 0.4447}, 14088.372496171003)
Configure Evaluate
[2024-03-04 18:07:25,844][flwr][DEBUG] - evaluate_round 65: strategy sampled 15 clients (out of 50)
[2024-03-04 18:07:39,331][flwr][DEBUG] - evaluate_round 65 received 15 results and 0 failures
Aggregate evaluate
Configure Fit
server round: 66
[2024-03-04 18:07:39,331][flwr][DEBUG] - fit_round 66: strategy sampled 15 clients (out of 50)
[2024-03-04 18:09:58,185][flwr][DEBUG] - fit_round 66 received 15 results and 0 failures
individual accuracies [0.4344, 0.4184, 0.4358, 0.4245, 0.4259, 0.4264, 0.442, 0.4191, 0.4246, 0.4414]
malicious is ['0', '0', '0', '0', '0', '0', '0', '0', '0', '0']
Number of Evil Clients: 5
Number of Preset Malicious Clients is 0
Number of Preset Benign Clients is 10
Average poisoning accuracy: 0.83058
accuracies is [(0.43015000000000003, -1), (0.4255, 0)]
accuracies is [(0.43015000000000003, -1), (0.4255, 0)]
benign class is -1
malicious class is 0
Final Clustering acc is 0.2
0 added to evil list
Target label is 9
length of good results is 10 and length of bad results is 0
acc_diff is 0
Other cases
Evaluate
Global Poisoning Accuracy: 0.0873
[2024-03-04 18:10:29,545][flwr][INFO] - fit progress: (66, 153.49377262592316, {'accuracy': 0.4431}, 14272.073399995003)
Configure Evaluate
[2024-03-04 18:10:29,545][flwr][DEBUG] - evaluate_round 66: strategy sampled 15 clients (out of 50)
[2024-03-04 18:10:43,037][flwr][DEBUG] - evaluate_round 66 received 15 results and 0 failures
Aggregate evaluate
Configure Fit
server round: 67
[2024-03-04 18:10:43,037][flwr][DEBUG] - fit_round 67: strategy sampled 15 clients (out of 50)
[2024-03-04 18:13:25,095][flwr][DEBUG] - fit_round 67 received 15 results and 0 failures
individual accuracies [0.4325, 0.4173, 0.4092, 0.4316, 0.4251, 0.3848, 0.4301, 0.3157]
malicious is ['0', '0', '0', '0', '0', '0', '0', '0']
Number of Evil Clients: 7
Number of Preset Malicious Clients is 0
Number of Preset Benign Clients is 8
Average poisoning accuracy: 0.8725428571428572
accuracies is [(0.4173, -1), (0.4316, 0), (0.397, 1)]
accuracies is [(0.4173, -1), (0.4316, 0)]
benign class is -1
malicious class is 0
Final Clustering acc is 0.625
0 added to evil list
Target label is 9
length of good results is 8 and length of bad results is 0
acc_diff is 0
Other cases
Evaluate
Global Poisoning Accuracy: 0.0787
[2024-03-04 18:13:56,606][flwr][INFO] - fit progress: (67, 154.02910101413727, {'accuracy': 0.4365}, 14479.134621111)
Configure Evaluate
[2024-03-04 18:13:56,607][flwr][DEBUG] - evaluate_round 67: strategy sampled 15 clients (out of 50)
[2024-03-04 18:14:10,262][flwr][DEBUG] - evaluate_round 67 received 15 results and 0 failures
Aggregate evaluate
Configure Fit
server round: 68
[2024-03-04 18:14:10,262][flwr][DEBUG] - fit_round 68: strategy sampled 15 clients (out of 50)
[2024-03-04 18:16:46,219][flwr][DEBUG] - fit_round 68 received 15 results and 0 failures
individual accuracies [0.4336, 0.4346, 0.4389, 0.4341, 0.3915, 0.4362, 0.42, 0.4156, 0.4296, 0.3958]
malicious is ['0', '0', '0', '0', '0', '0', '0', '0', '0', '0']
Number of Evil Clients: 5
Number of Preset Malicious Clients is 0
Number of Preset Benign Clients is 10
Average poisoning accuracy: 0.8826600000000001
accuracies is [(0.39365, -1), (0.43435, 0), (0.42479999999999996, 1)]
accuracies is [(0.39365, -1), (0.43435, 0)]
benign class is -1
malicious class is 0
Final Clustering acc is 0.2
0 added to evil list
Target label is 9
length of good results is 10 and length of bad results is 0
acc_diff is 0
Other cases
Evaluate
Global Poisoning Accuracy: 0.0704
[2024-03-04 18:17:16,195][flwr][INFO] - fit progress: (68, 153.32122671604156, {'accuracy': 0.4402}, 14678.723645696002)
Configure Evaluate
[2024-03-04 18:17:16,196][flwr][DEBUG] - evaluate_round 68: strategy sampled 15 clients (out of 50)
[2024-03-04 18:17:29,538][flwr][DEBUG] - evaluate_round 68 received 15 results and 0 failures
Aggregate evaluate
Configure Fit
server round: 69
[2024-03-04 18:17:29,538][flwr][DEBUG] - fit_round 69: strategy sampled 15 clients (out of 50)
[2024-03-04 18:20:10,651][flwr][DEBUG] - fit_round 69 received 15 results and 0 failures
individual accuracies [0.4352, 0.4265, 0.4215, 0.4314, 0.3856, 0.4268, 0.4432, 0.4443, 0.4331]
malicious is ['0', '0', '0', '0', '0', '0', '0', '0', '0']
Number of Evil Clients: 6
Number of Preset Malicious Clients is 0
Number of Preset Benign Clients is 9
Average poisoning accuracy: 0.8270166666666667
accuracies is [(0.424, -1), (0.431, 0), (0.4432, 1)]
accuracies is [(0.424, -1), (0.431, 0)]
benign class is -1
malicious class is 0
Final Clustering acc is 0.4444444444444444
0 added to evil list
Target label is 9
length of good results is 9 and length of bad results is 0
acc_diff is 0
Other cases
Evaluate
Global Poisoning Accuracy: 0.0649
[2024-03-04 18:20:41,468][flwr][INFO] - fit progress: (69, 154.26869368553162, {'accuracy': 0.4417}, 14883.996415260997)
Configure Evaluate
[2024-03-04 18:20:41,468][flwr][DEBUG] - evaluate_round 69: strategy sampled 15 clients (out of 50)
[2024-03-04 18:20:55,034][flwr][DEBUG] - evaluate_round 69 received 15 results and 0 failures
Aggregate evaluate
Configure Fit
server round: 70
[2024-03-04 18:20:55,034][flwr][DEBUG] - fit_round 70: strategy sampled 15 clients (out of 50)
[2024-03-04 18:23:56,238][flwr][DEBUG] - fit_round 70 received 15 results and 0 failures
individual accuracies [0.4321, 0.4233, 0.4136, 0.3851, 0.4447, 0.4275, 0.3989]
malicious is ['0', '0', '0', '0', '0', '0', '0']
Number of Evil Clients: 8
Number of Preset Malicious Clients is 0
Number of Preset Benign Clients is 7
Average poisoning accuracy: 0.8699625000000001
accuracies is [(0.39935, -1), (0.4275, 0)]
accuracies is [(0.39935, -1), (0.4275, 0)]
benign class is -1
malicious class is 0
Final Clustering acc is 0.2857142857142857
0 added to evil list
Target label is 9
length of good results is 7 and length of bad results is 0
acc_diff is 0
Other cases
Evaluate
Global Poisoning Accuracy: 0.0676
[2024-03-04 18:24:27,110][flwr][INFO] - fit progress: (70, 159.37277567386627, {'accuracy': 0.4323}, 15109.638708072001)
Configure Evaluate
[2024-03-04 18:24:27,111][flwr][DEBUG] - evaluate_round 70: strategy sampled 15 clients (out of 50)
[2024-03-04 18:24:40,458][flwr][DEBUG] - evaluate_round 70 received 15 results and 0 failures
Aggregate evaluate
Configure Fit
server round: 71
[2024-03-04 18:24:40,459][flwr][DEBUG] - fit_round 71: strategy sampled 15 clients (out of 50)
[2024-03-04 18:26:58,925][flwr][DEBUG] - fit_round 71 received 15 results and 0 failures
individual accuracies [0.4253, 0.423, 0.4279, 0.4397, 0.3983, 0.3814, 0.4286, 0.4193, 0.4271]
malicious is ['0', '0', '0', '0', '0', '0', '0', '0', '0']
Number of Evil Clients: 6
Number of Preset Malicious Clients is 0
Number of Preset Benign Clients is 9
Average poisoning accuracy: 0.87125
accuracies is [(0.41269999999999996, -1), (0.4253, 0)]
accuracies is [(0.41269999999999996, -1), (0.4253, 0)]
benign class is -1
malicious class is 0
Final Clustering acc is 0.4444444444444444
0 added to evil list
Target label is 9
length of good results is 9 and length of bad results is 0
acc_diff is 0
Other cases
Evaluate
Global Poisoning Accuracy: 0.0618
[2024-03-04 18:27:31,387][flwr][INFO] - fit progress: (71, 157.59029138088226, {'accuracy': 0.4397}, 15293.915192581)
Configure Evaluate
[2024-03-04 18:27:31,387][flwr][DEBUG] - evaluate_round 71: strategy sampled 15 clients (out of 50)
[2024-03-04 18:27:44,650][flwr][DEBUG] - evaluate_round 71 received 15 results and 0 failures
Aggregate evaluate
Configure Fit
server round: 72
[2024-03-04 18:27:44,651][flwr][DEBUG] - fit_round 72: strategy sampled 15 clients (out of 50)
[2024-03-04 18:30:19,915][flwr][DEBUG] - fit_round 72 received 15 results and 0 failures
individual accuracies [0.4237, 0.4412, 0.4378, 0.4303, 0.4491, 0.4415, 0.3971, 0.4237, 0.4412]
malicious is ['0', '0', '0', '0', '0', '0', '0', '0', '0']
Number of Evil Clients: 6
Number of Preset Malicious Clients is 0
Number of Preset Benign Clients is 9
Average poisoning accuracy: 0.8579333333333333
accuracies is [(0.4137, -1), (0.4412, 0), (0.43245, 1)]
accuracies is [(0.4137, -1), (0.4412, 0)]
benign class is -1
malicious class is 0
Final Clustering acc is 0.2222222222222222
0 added to evil list
Target label is 9
length of good results is 9 and length of bad results is 0
acc_diff is 0
Other cases
Evaluate
Global Poisoning Accuracy: 0.0556
[2024-03-04 18:30:50,806][flwr][INFO] - fit progress: (72, 155.3127430677414, {'accuracy': 0.4451}, 15493.334075453)
Configure Evaluate
[2024-03-04 18:30:50,806][flwr][DEBUG] - evaluate_round 72: strategy sampled 15 clients (out of 50)
[2024-03-04 18:31:04,367][flwr][DEBUG] - evaluate_round 72 received 15 results and 0 failures
Aggregate evaluate
Configure Fit
server round: 73
[2024-03-04 18:31:04,368][flwr][DEBUG] - fit_round 73: strategy sampled 15 clients (out of 50)
[2024-03-04 18:33:58,912][flwr][DEBUG] - fit_round 73 received 15 results and 0 failures
individual accuracies [0.4316, 0.4031, 0.3278, 0.4264, 0.4376, 0.4173, 0.3905, 0.4267, 0.4305]
malicious is ['0', '0', '0', '0', '0', '0', '0', '0', '0']
Number of Evil Clients: 6
Number of Preset Malicious Clients is 0
Number of Preset Benign Clients is 9
Average poisoning accuracy: 0.8507166666666666
accuracies is [(0.3905, -1), (0.42915000000000003, 0), (0.42035, 1), (0.42185, 2)]
accuracies is [(0.3905, -1), (0.42915000000000003, 0)]
benign class is -1
malicious class is 0
Final Clustering acc is 0.3333333333333333
0 added to evil list
Target label is 9
length of good results is 9 and length of bad results is 0
acc_diff is 0
Other cases
Evaluate
Global Poisoning Accuracy: 0.0901
[2024-03-04 18:34:30,043][flwr][INFO] - fit progress: (73, 156.4393619298935, {'accuracy': 0.4387}, 15712.571861912998)
Configure Evaluate
[2024-03-04 18:34:30,044][flwr][DEBUG] - evaluate_round 73: strategy sampled 15 clients (out of 50)
[2024-03-04 18:34:43,499][flwr][DEBUG] - evaluate_round 73 received 15 results and 0 failures
Aggregate evaluate
Configure Fit
server round: 74
[2024-03-04 18:34:43,499][flwr][DEBUG] - fit_round 74: strategy sampled 15 clients (out of 50)
[2024-03-04 18:37:30,169][flwr][DEBUG] - fit_round 74 received 15 results and 0 failures
individual accuracies [0.4395, 0.4273, 0.4458, 0.4234, 0.4365]
malicious is ['0', '0', '0', '0', '0']
Number of Evil Clients: 10
Number of Preset Malicious Clients is 0
Number of Preset Benign Clients is 5
Average poisoning accuracy: 0.87073
accuracies is [(0.4273, -1), (0.44115, 0)]
accuracies is [(0.4273, -1), (0.44115, 0)]
benign class is -1
malicious class is 0
Final Clustering acc is 0.6
0 added to evil list
Target label is 9
length of good results is 5 and length of bad results is 0
acc_diff is 0
Other cases
Evaluate
Global Poisoning Accuracy: 0.0885
[2024-03-04 18:38:01,860][flwr][INFO] - fit progress: (74, 153.04831039905548, {'accuracy': 0.4463}, 15924.388844583002)
Configure Evaluate
[2024-03-04 18:38:01,861][flwr][DEBUG] - evaluate_round 74: strategy sampled 15 clients (out of 50)
[2024-03-04 18:38:15,277][flwr][DEBUG] - evaluate_round 74 received 15 results and 0 failures
Aggregate evaluate
Configure Fit
server round: 75
[2024-03-04 18:38:15,278][flwr][DEBUG] - fit_round 75: strategy sampled 15 clients (out of 50)
[2024-03-04 18:40:49,877][flwr][DEBUG] - fit_round 75 received 15 results and 0 failures
individual accuracies [0.4436, 0.4405, 0.4017, 0.4347, 0.3405, 0.3951, 0.4429, 0.4202, 0.4249, 0.4384, 0.4262, 0.423]
malicious is ['0', '0', '0', '0', '0', '0', '0', '0', '0', '0', '0', '0']
Number of Evil Clients: 3
Number of Preset Malicious Clients is 0
Number of Preset Benign Clients is 12
Average poisoning accuracy: 0.8167333333333334
accuracies is [(0.3951, -1), (0.4347, 0), (0.41095000000000004, 1)]
accuracies is [(0.3951, -1), (0.4347, 0)]
benign class is -1
malicious class is 0
Final Clustering acc is 0.4166666666666667
0 added to evil list
Target label is 9
length of good results is 12 and length of bad results is 0
acc_diff is 0
Other cases
Evaluate
Global Poisoning Accuracy: 0.0811
[2024-03-04 18:41:20,777][flwr][INFO] - fit progress: (75, 152.88462448120117, {'accuracy': 0.444}, 16123.305409426)
Configure Evaluate
[2024-03-04 18:41:20,777][flwr][DEBUG] - evaluate_round 75: strategy sampled 15 clients (out of 50)
[2024-03-04 18:41:34,239][flwr][DEBUG] - evaluate_round 75 received 15 results and 0 failures
Aggregate evaluate
Configure Fit
server round: 76
[2024-03-04 18:41:34,240][flwr][DEBUG] - fit_round 76: strategy sampled 15 clients (out of 50)
[2024-03-04 18:44:15,489][flwr][DEBUG] - fit_round 76 received 15 results and 0 failures
individual accuracies [0.4505, 0.3879, 0.4387, 0.4468, 0.4311, 0.4483, 0.4432, 0.4416, 0.4161, 0.4364]
malicious is ['0', '0', '0', '0', '0', '0', '0', '0', '0', '0']
Number of Evil Clients: 5
Number of Preset Malicious Clients is 0
Number of Preset Benign Clients is 10
Average poisoning accuracy: 0.8361600000000001
accuracies is [(0.4161, -1), (0.4432, 0)]
accuracies is [(0.4161, -1), (0.4432, 0)]
benign class is -1
malicious class is 0
Final Clustering acc is 0.3
0 added to evil list
Target label is 9
length of good results is 10 and length of bad results is 0
acc_diff is 0
Other cases
Evaluate
Global Poisoning Accuracy: 0.0862
[2024-03-04 18:44:46,731][flwr][INFO] - fit progress: (76, 153.35243952274323, {'accuracy': 0.4459}, 16329.259367070998)
Configure Evaluate
[2024-03-04 18:44:46,731][flwr][DEBUG] - evaluate_round 76: strategy sampled 15 clients (out of 50)
[2024-03-04 18:45:00,155][flwr][DEBUG] - evaluate_round 76 received 15 results and 0 failures
Aggregate evaluate
Configure Fit
server round: 77
[2024-03-04 18:45:00,156][flwr][DEBUG] - fit_round 77: strategy sampled 15 clients (out of 50)
[2024-03-04 18:48:01,863][flwr][DEBUG] - fit_round 77 received 15 results and 0 failures
individual accuracies [0.4277, 0.4257, 0.4359, 0.4215, 0.4289, 0.4377, 0.447, 0.4344, 0.4317]
malicious is ['0', '0', '0', '0', '0', '0', '0', '0', '0']
Number of Evil Clients: 6
Number of Preset Malicious Clients is 0
Number of Preset Benign Clients is 9
Average poisoning accuracy: 0.85105
accuracies is [(0.4257, -1), (0.43305, 0)]
accuracies is [(0.4257, -1), (0.43305, 0)]
benign class is -1
malicious class is 0
Final Clustering acc is 0.1111111111111111
0 added to evil list
Target label is 9
length of good results is 9 and length of bad results is 0
acc_diff is 0
Other cases
Evaluate
Global Poisoning Accuracy: 0.1021
[2024-03-04 18:48:32,551][flwr][INFO] - fit progress: (77, 154.19681799411774, {'accuracy': 0.4501}, 16555.079799589003)
Configure Evaluate
[2024-03-04 18:48:32,552][flwr][DEBUG] - evaluate_round 77: strategy sampled 15 clients (out of 50)
[2024-03-04 18:48:45,973][flwr][DEBUG] - evaluate_round 77 received 15 results and 0 failures
Aggregate evaluate
Configure Fit
server round: 78
[2024-03-04 18:48:45,973][flwr][DEBUG] - fit_round 78: strategy sampled 15 clients (out of 50)
[2024-03-04 18:51:39,921][flwr][DEBUG] - fit_round 78 received 15 results and 0 failures
individual accuracies [0.4244, 0.4384, 0.3463, 0.4368, 0.4251, 0.4284, 0.4432, 0.3924, 0.4372, 0.4303]
malicious is ['0', '0', '0', '0', '0', '0', '0', '0', '0', '0']
Number of Evil Clients: 5
Number of Preset Malicious Clients is 0
Number of Preset Benign Clients is 10
Average poisoning accuracy: 0.84374
accuracies is [(0.4372, -1), (0.4368, 0), (0.3883, 1), (0.40875, 2)]
accuracies is [(0.4372, -1), (0.4368, 0)]
benign class is -1
malicious class is 0
Final Clustering acc is 0.1
0 added to evil list
Target label is 9
length of good results is 10 and length of bad results is 0
acc_diff is 0
Other cases
Evaluate
Global Poisoning Accuracy: 0.0901
[2024-03-04 18:52:11,795][flwr][INFO] - fit progress: (78, 156.7536963224411, {'accuracy': 0.443}, 16774.323329985004)
Configure Evaluate
[2024-03-04 18:52:11,795][flwr][DEBUG] - evaluate_round 78: strategy sampled 15 clients (out of 50)
[2024-03-04 18:52:25,681][flwr][DEBUG] - evaluate_round 78 received 15 results and 0 failures
Aggregate evaluate
Configure Fit
server round: 79
[2024-03-04 18:52:25,682][flwr][DEBUG] - fit_round 79: strategy sampled 15 clients (out of 50)
[2024-03-04 18:55:23,637][flwr][DEBUG] - fit_round 79 received 15 results and 0 failures
individual accuracies [0.435, 0.4236, 0.4269, 0.3309, 0.4333, 0.4288, 0.4249, 0.4254, 0.4345, 0.4338, 0.3946]
malicious is ['0', '0', '0', '0', '0', '0', '0', '0', '0', '0', '0']
Number of Evil Clients: 4
Number of Preset Malicious Clients is 0
Number of Preset Benign Clients is 11
Average poisoning accuracy: 0.8558749999999999
accuracies is [(0.42710000000000004, -1), (0.4269, 0)]
accuracies is [(0.42710000000000004, -1), (0.4269, 0)]
benign class is -1
malicious class is 0
Final Clustering acc is 0.36363636363636365
0 added to evil list
Target label is 9
length of good results is 11 and length of bad results is 0
acc_diff is 0
Other cases
Evaluate
Global Poisoning Accuracy: 0.1016
[2024-03-04 18:55:56,939][flwr][INFO] - fit progress: (79, 155.7316015958786, {'accuracy': 0.4391}, 16999.467327041)
Configure Evaluate
[2024-03-04 18:55:56,939][flwr][DEBUG] - evaluate_round 79: strategy sampled 15 clients (out of 50)
[2024-03-04 18:56:10,712][flwr][DEBUG] - evaluate_round 79 received 15 results and 0 failures
Aggregate evaluate
Configure Fit
server round: 80
[2024-03-04 18:56:10,713][flwr][DEBUG] - fit_round 80: strategy sampled 15 clients (out of 50)
[2024-03-04 18:59:02,061][flwr][DEBUG] - fit_round 80 received 15 results and 0 failures
individual accuracies [0.4318, 0.412, 0.4412, 0.4316, 0.4435, 0.4041, 0.4352, 0.4331, 0.3513, 0.4363]
malicious is ['0', '0', '0', '0', '0', '0', '0', '0', '0', '0']
Number of Evil Clients: 5
Number of Preset Malicious Clients is 0
Number of Preset Benign Clients is 10
Average poisoning accuracy: 0.8377800000000001
accuracies is [(0.38165, -1), (0.43415, 0)]
accuracies is [(0.38165, -1), (0.43415, 0)]
benign class is -1
malicious class is 0
Final Clustering acc is 0.2
0 added to evil list
Target label is 9
length of good results is 10 and length of bad results is 0
acc_diff is 0
Other cases
Evaluate
Global Poisoning Accuracy: 0.0995
[2024-03-04 18:59:34,631][flwr][INFO] - fit progress: (80, 157.1553190946579, {'accuracy': 0.4372}, 17217.159384297003)
Configure Evaluate
[2024-03-04 18:59:34,631][flwr][DEBUG] - evaluate_round 80: strategy sampled 15 clients (out of 50)
[2024-03-04 18:59:48,220][flwr][DEBUG] - evaluate_round 80 received 15 results and 0 failures
Aggregate evaluate
Configure Fit
server round: 81
[2024-03-04 18:59:48,220][flwr][DEBUG] - fit_round 81: strategy sampled 15 clients (out of 50)
[2024-03-04 19:02:54,541][flwr][DEBUG] - fit_round 81 received 15 results and 0 failures
individual accuracies [0.439, 0.403, 0.3078, 0.4233, 0.4206, 0.4502, 0.4307, 0.4496]
malicious is ['0', '0', '0', '0', '0', '0', '0', '0']
Number of Evil Clients: 7
Number of Preset Malicious Clients is 0
Number of Preset Benign Clients is 8
Average poisoning accuracy: 0.8409142857142858
accuracies is [(0.3078, -1), (0.4233, 0), (0.44015000000000004, 1)]
accuracies is [(0.3078, -1), (0.4233, 0)]
benign class is -1
malicious class is 0
Final Clustering acc is 0.125
0 added to evil list
Target label is 9
length of good results is 8 and length of bad results is 0
acc_diff is 0
Other cases
Evaluate
Global Poisoning Accuracy: 0.0777
[2024-03-04 19:03:26,358][flwr][INFO] - fit progress: (81, 157.07194137573242, {'accuracy': 0.4398}, 17448.886761823)
Configure Evaluate
[2024-03-04 19:03:26,359][flwr][DEBUG] - evaluate_round 81: strategy sampled 15 clients (out of 50)
[2024-03-04 19:03:39,892][flwr][DEBUG] - evaluate_round 81 received 15 results and 0 failures
Aggregate evaluate
Configure Fit
server round: 82
[2024-03-04 19:03:39,892][flwr][DEBUG] - fit_round 82: strategy sampled 15 clients (out of 50)
[2024-03-04 19:06:35,015][flwr][DEBUG] - fit_round 82 received 15 results and 0 failures
individual accuracies [0.4447, 0.4419, 0.4066, 0.4225, 0.4369, 0.4414, 0.341, 0.4216, 0.4312, 0.4043]
malicious is ['0', '0', '0', '0', '0', '0', '0', '0', '0', '0']
Number of Evil Clients: 5
Number of Preset Malicious Clients is 0
Number of Preset Benign Clients is 10
Average poisoning accuracy: 0.8438399999999999
accuracies is [(0.40545, -1), (0.43915000000000004, 0)]
accuracies is [(0.40545, -1), (0.43915000000000004, 0)]
benign class is -1
malicious class is 0
Final Clustering acc is 0.4
0 added to evil list
Target label is 9
length of good results is 10 and length of bad results is 0
acc_diff is 0
Other cases
Evaluate
Global Poisoning Accuracy: 0.0536
[2024-03-04 19:07:05,048][flwr][INFO] - fit progress: (82, 155.98630702495575, {'accuracy': 0.4451}, 17667.576730032)
Configure Evaluate
[2024-03-04 19:07:05,049][flwr][DEBUG] - evaluate_round 82: strategy sampled 15 clients (out of 50)
[2024-03-04 19:07:18,424][flwr][DEBUG] - evaluate_round 82 received 15 results and 0 failures
Aggregate evaluate
Configure Fit
server round: 83
[2024-03-04 19:07:18,425][flwr][DEBUG] - fit_round 83: strategy sampled 15 clients (out of 50)
[2024-03-04 19:10:00,516][flwr][DEBUG] - fit_round 83 received 15 results and 0 failures
individual accuracies [0.437, 0.4286, 0.4446, 0.4409, 0.4318, 0.3759, 0.4141, 0.4335]
malicious is ['0', '0', '0', '0', '0', '0', '0', '0']
Number of Evil Clients: 7
Number of Preset Malicious Clients is 0
Number of Preset Benign Clients is 8
Average poisoning accuracy: 0.8594571428571429
accuracies is [(0.4302, -1), (0.43895, 0), (0.4047, 1)]
accuracies is [(0.4302, -1), (0.43895, 0)]
benign class is -1
malicious class is 0
Final Clustering acc is 0.5
0 added to evil list
Target label is 9
length of good results is 8 and length of bad results is 0
acc_diff is 0
Other cases
Evaluate
Global Poisoning Accuracy: 0.0676
[2024-03-04 19:10:31,819][flwr][INFO] - fit progress: (83, 154.6475123167038, {'accuracy': 0.448}, 17874.347079418003)
Configure Evaluate
[2024-03-04 19:10:31,819][flwr][DEBUG] - evaluate_round 83: strategy sampled 15 clients (out of 50)
[2024-03-04 19:10:45,401][flwr][DEBUG] - evaluate_round 83 received 15 results and 0 failures
Aggregate evaluate
Configure Fit
server round: 84
[2024-03-04 19:10:45,402][flwr][DEBUG] - fit_round 84: strategy sampled 15 clients (out of 50)
[2024-03-04 19:13:51,968][flwr][DEBUG] - fit_round 84 received 15 results and 0 failures
individual accuracies [0.4295, 0.4467, 0.3933, 0.2886, 0.4188, 0.4349]
malicious is ['0', '0', '0', '0', '0', '0']
Number of Evil Clients: 9
Number of Preset Malicious Clients is 0
Number of Preset Benign Clients is 6
Average poisoning accuracy: 0.8276777777777777
accuracies is [(0.40605, -1), (0.44079999999999997, 0)]
accuracies is [(0.40605, -1), (0.44079999999999997, 0)]
benign class is -1
malicious class is 0
Final Clustering acc is 0.6666666666666666
0 added to evil list
Target label is 9
length of good results is 6 and length of bad results is 0
acc_diff is 0
Other cases
Evaluate
Global Poisoning Accuracy: 0.0523
[2024-03-04 19:14:23,963][flwr][INFO] - fit progress: (84, 157.7711967229843, {'accuracy': 0.4299}, 18106.491266846002)
Configure Evaluate
[2024-03-04 19:14:23,963][flwr][DEBUG] - evaluate_round 84: strategy sampled 15 clients (out of 50)
[2024-03-04 19:14:37,209][flwr][DEBUG] - evaluate_round 84 received 15 results and 0 failures
Aggregate evaluate
Configure Fit
server round: 85
[2024-03-04 19:14:37,209][flwr][DEBUG] - fit_round 85: strategy sampled 15 clients (out of 50)
[2024-03-04 19:17:34,249][flwr][DEBUG] - fit_round 85 received 15 results and 0 failures
individual accuracies [0.4279, 0.4191, 0.434, 0.425, 0.4161, 0.3788, 0.4279, 0.3751, 0.4163, 0.328, 0.4392]
malicious is ['0', '0', '0', '0', '0', '0', '0', '0', '0', '0', '0']
Number of Evil Clients: 4
Number of Preset Malicious Clients is 0
Number of Preset Benign Clients is 11
Average poisoning accuracy: 0.817025
accuracies is [(0.4161, -1), (0.4279, 0), (0.35340000000000005, 1)]
accuracies is [(0.4161, -1), (0.4279, 0)]
benign class is -1
malicious class is 0
Final Clustering acc is 0.45454545454545453
0 added to evil list
Target label is 9
length of good results is 11 and length of bad results is 0
acc_diff is 0
Other cases
Evaluate
Global Poisoning Accuracy: 0.0427
[2024-03-04 19:18:04,201][flwr][INFO] - fit progress: (85, 157.95323240756989, {'accuracy': 0.4279}, 18326.729585859997)
Configure Evaluate
[2024-03-04 19:18:04,202][flwr][DEBUG] - evaluate_round 85: strategy sampled 15 clients (out of 50)
[2024-03-04 19:18:17,613][flwr][DEBUG] - evaluate_round 85 received 15 results and 0 failures
Aggregate evaluate
Configure Fit
server round: 86
[2024-03-04 19:18:17,613][flwr][DEBUG] - fit_round 86: strategy sampled 15 clients (out of 50)
[2024-03-04 19:20:50,610][flwr][DEBUG] - fit_round 86 received 15 results and 0 failures
individual accuracies [0.4263, 0.4166, 0.4181, 0.4227, 0.4131, 0.4385, 0.4418, 0.4295]
malicious is ['0', '0', '0', '0', '0', '0', '0', '0']
Number of Evil Clients: 7
Number of Preset Malicious Clients is 0
Number of Preset Benign Clients is 8
Average poisoning accuracy: 0.8481714285714286
accuracies is [(0.4227, -1), (0.4263, 0), (0.4213, 1)]
accuracies is [(0.4227, -1), (0.4263, 0)]
benign class is -1
malicious class is 0
Final Clustering acc is 0.375
0 added to evil list
Target label is 9
length of good results is 8 and length of bad results is 0
acc_diff is 0
Other cases
Evaluate
Global Poisoning Accuracy: 0.0516
[2024-03-04 19:21:24,182][flwr][INFO] - fit progress: (86, 157.75732564926147, {'accuracy': 0.4384}, 18526.710578691003)
Configure Evaluate
[2024-03-04 19:21:24,182][flwr][DEBUG] - evaluate_round 86: strategy sampled 15 clients (out of 50)
[2024-03-04 19:21:37,735][flwr][DEBUG] - evaluate_round 86 received 15 results and 0 failures
Aggregate evaluate
Configure Fit
server round: 87
[2024-03-04 19:21:37,736][flwr][DEBUG] - fit_round 87: strategy sampled 15 clients (out of 50)
[2024-03-04 19:24:36,703][flwr][DEBUG] - fit_round 87 received 15 results and 0 failures
individual accuracies [0.4385, 0.4208, 0.425, 0.43, 0.4128, 0.4314, 0.4299, 0.4392, 0.4323]
malicious is ['0', '0', '0', '0', '0', '0', '0', '0', '0']
Number of Evil Clients: 6
Number of Preset Malicious Clients is 0
Number of Preset Benign Clients is 9
Average poisoning accuracy: 0.8610833333333332
accuracies is [(0.4208, -1), (0.43185, 0)]
accuracies is [(0.4208, -1), (0.43185, 0)]
benign class is -1
malicious class is 0
Final Clustering acc is 0.3333333333333333
0 added to evil list
Target label is 9
length of good results is 9 and length of bad results is 0
acc_diff is 0
Other cases
Evaluate
Global Poisoning Accuracy: 0.0795
[2024-03-04 19:25:10,604][flwr][INFO] - fit progress: (87, 154.0635665655136, {'accuracy': 0.4458}, 18753.132011483)
Configure Evaluate
[2024-03-04 19:25:10,604][flwr][DEBUG] - evaluate_round 87: strategy sampled 15 clients (out of 50)
[2024-03-04 19:25:24,069][flwr][DEBUG] - evaluate_round 87 received 15 results and 0 failures
Aggregate evaluate
Configure Fit
server round: 88
[2024-03-04 19:25:24,070][flwr][DEBUG] - fit_round 88: strategy sampled 15 clients (out of 50)
[2024-03-04 19:28:01,825][flwr][DEBUG] - fit_round 88 received 15 results and 0 failures
individual accuracies [0.4342, 0.4315, 0.4431, 0.438, 0.4292, 0.4336, 0.4304, 0.3528, 0.42, 0.4521, 0.4299, 0.424]
malicious is ['0', '0', '0', '0', '0', '0', '0', '0', '0', '0', '0', '0']
Number of Evil Clients: 3
Number of Preset Malicious Clients is 0
Number of Preset Benign Clients is 12
Average poisoning accuracy: 0.8157666666666666
accuracies is [(0.38639999999999997, -1), (0.43255, 0)]
accuracies is [(0.38639999999999997, -1), (0.43255, 0)]
benign class is -1
malicious class is 0
Final Clustering acc is 0.16666666666666666
0 added to evil list
Target label is 9
length of good results is 12 and length of bad results is 0
acc_diff is 0
Other cases
Evaluate
Global Poisoning Accuracy: 0.0777
[2024-03-04 19:28:31,912][flwr][INFO] - fit progress: (88, 153.52375483512878, {'accuracy': 0.4474}, 18954.439991786)
Configure Evaluate
[2024-03-04 19:28:31,912][flwr][DEBUG] - evaluate_round 88: strategy sampled 15 clients (out of 50)
[2024-03-04 19:28:45,706][flwr][DEBUG] - evaluate_round 88 received 15 results and 0 failures
Aggregate evaluate
Configure Fit
server round: 89
[2024-03-04 19:28:45,706][flwr][DEBUG] - fit_round 89: strategy sampled 15 clients (out of 50)
[2024-03-04 19:31:01,765][flwr][DEBUG] - fit_round 89 received 15 results and 0 failures
individual accuracies [0.4372, 0.4381, 0.4478, 0.4305, 0.4319, 0.4163, 0.4131, 0.442, 0.4281, 0.4325]
malicious is ['0', '0', '0', '0', '0', '0', '0', '0', '0', '0']
Number of Evil Clients: 5
Number of Preset Malicious Clients is 0
Number of Preset Benign Clients is 10
Average poisoning accuracy: 0.88574
accuracies is [(0.4293, -1), (0.43484999999999996, 0)]
accuracies is [(0.4293, -1), (0.43484999999999996, 0)]
benign class is -1
malicious class is 0
Final Clustering acc is 0.2
0 added to evil list
Target label is 9
length of good results is 10 and length of bad results is 0
acc_diff is 0
Other cases
Evaluate
Global Poisoning Accuracy: 0.0856
[2024-03-04 19:31:34,693][flwr][INFO] - fit progress: (89, 152.98423528671265, {'accuracy': 0.449}, 19137.220907315997)
Configure Evaluate
[2024-03-04 19:31:34,693][flwr][DEBUG] - evaluate_round 89: strategy sampled 15 clients (out of 50)
[2024-03-04 19:31:48,564][flwr][DEBUG] - evaluate_round 89 received 15 results and 0 failures
Aggregate evaluate
Configure Fit
server round: 90
[2024-03-04 19:31:48,564][flwr][DEBUG] - fit_round 90: strategy sampled 15 clients (out of 50)
[2024-03-04 19:34:33,877][flwr][DEBUG] - fit_round 90 received 15 results and 0 failures
individual accuracies [0.4427, 0.4395, 0.4449, 0.3937, 0.4476, 0.4246, 0.4421, 0.4305, 0.4294, 0.4318, 0.4265, 0.4367]
malicious is ['0', '0', '0', '0', '0', '0', '0', '0', '0', '0', '0', '0']
Number of Evil Clients: 3
Number of Preset Malicious Clients is 0
Number of Preset Benign Clients is 12
Average poisoning accuracy: 0.8037333333333333
accuracies is [(0.4265, -1), (0.4366, 0), (0.4367, 1)]
accuracies is [(0.4265, -1), (0.4366, 0)]
benign class is -1
malicious class is 0
Final Clustering acc is 0.08333333333333333
0 added to evil list
Target label is 9
length of good results is 12 and length of bad results is 0
acc_diff is 0
Other cases
Evaluate
Global Poisoning Accuracy: 0.0725
[2024-03-04 19:35:06,327][flwr][INFO] - fit progress: (90, 153.73228538036346, {'accuracy': 0.4493}, 19348.854879246)
Configure Evaluate
[2024-03-04 19:35:06,327][flwr][DEBUG] - evaluate_round 90: strategy sampled 15 clients (out of 50)
[2024-03-04 19:35:20,268][flwr][DEBUG] - evaluate_round 90 received 15 results and 0 failures
Aggregate evaluate
Configure Fit
server round: 91
[2024-03-04 19:35:20,268][flwr][DEBUG] - fit_round 91: strategy sampled 15 clients (out of 50)
[2024-03-04 19:38:18,639][flwr][DEBUG] - fit_round 91 received 15 results and 0 failures
individual accuracies [0.4419, 0.4387, 0.4349, 0.4394, 0.4317, 0.4448, 0.3915, 0.4043, 0.4508]
malicious is ['0', '0', '0', '0', '0', '0', '0', '0', '0']
Number of Evil Clients: 6
Number of Preset Malicious Clients is 0
Number of Preset Benign Clients is 9
Average poisoning accuracy: 0.8636500000000001
accuracies is [(0.4043, -1), (0.44065, 0)]
accuracies is [(0.4043, -1), (0.44065, 0)]
benign class is -1
malicious class is 0
Final Clustering acc is 0.3333333333333333
0 added to evil list
Target label is 9
length of good results is 9 and length of bad results is 0
acc_diff is 0
Other cases
Evaluate
Global Poisoning Accuracy: 0.083
[2024-03-04 19:38:49,428][flwr][INFO] - fit progress: (91, 157.48543965816498, {'accuracy': 0.4427}, 19571.956251005002)
Configure Evaluate
[2024-03-04 19:38:49,428][flwr][DEBUG] - evaluate_round 91: strategy sampled 15 clients (out of 50)
[2024-03-04 19:39:02,960][flwr][DEBUG] - evaluate_round 91 received 15 results and 0 failures
Aggregate evaluate
Configure Fit
server round: 92
[2024-03-04 19:39:02,960][flwr][DEBUG] - fit_round 92: strategy sampled 15 clients (out of 50)
[2024-03-04 19:41:53,023][flwr][DEBUG] - fit_round 92 received 15 results and 0 failures
individual accuracies [0.4109, 0.451, 0.4252, 0.433, 0.4325, 0.4193, 0.3925, 0.4273, 0.4188, 0.4385]
malicious is ['0', '0', '0', '0', '0', '0', '0', '0', '0', '0']
Number of Evil Clients: 5
Number of Preset Malicious Clients is 0
Number of Preset Benign Clients is 10
Average poisoning accuracy: 0.8760200000000001
accuracies is [(0.41485, -1), (0.4299, 0)]
accuracies is [(0.41485, -1), (0.4299, 0)]
benign class is -1
malicious class is 0
Final Clustering acc is 0.2
0 added to evil list
Target label is 9
length of good results is 10 and length of bad results is 0
acc_diff is 0
Other cases
Evaluate
Global Poisoning Accuracy: 0.0885
[2024-03-04 19:42:24,092][flwr][INFO] - fit progress: (92, 158.79049456119537, {'accuracy': 0.4413}, 19786.620806184997)
Configure Evaluate
[2024-03-04 19:42:24,093][flwr][DEBUG] - evaluate_round 92: strategy sampled 15 clients (out of 50)
[2024-03-04 19:42:38,242][flwr][DEBUG] - evaluate_round 92 received 15 results and 0 failures
Aggregate evaluate
Configure Fit
server round: 93
[2024-03-04 19:42:38,243][flwr][DEBUG] - fit_round 93: strategy sampled 15 clients (out of 50)
[2024-03-04 19:45:20,763][flwr][DEBUG] - fit_round 93 received 15 results and 0 failures
individual accuracies [0.421, 0.447, 0.4254, 0.4328, 0.4208, 0.437, 0.4164]
malicious is ['0', '0', '0', '0', '0', '0', '0']
Number of Evil Clients: 8
Number of Preset Malicious Clients is 0
Number of Preset Benign Clients is 7
Average poisoning accuracy: 0.8511249999999999
accuracies is [(0.4208, -1), (0.4349, 0)]
accuracies is [(0.4208, -1), (0.4349, 0)]
benign class is -1
malicious class is 0
Final Clustering acc is 0.42857142857142855
0 added to evil list
Target label is 9
length of good results is 7 and length of bad results is 0
acc_diff is 0
Other cases
Evaluate
Global Poisoning Accuracy: 0.118
[2024-03-04 19:45:53,697][flwr][INFO] - fit progress: (93, 162.0519837141037, {'accuracy': 0.4379}, 19996.225745063)
Configure Evaluate
[2024-03-04 19:45:53,698][flwr][DEBUG] - evaluate_round 93: strategy sampled 15 clients (out of 50)
[2024-03-04 19:46:07,328][flwr][DEBUG] - evaluate_round 93 received 15 results and 0 failures
Aggregate evaluate
Configure Fit
server round: 94
[2024-03-04 19:46:07,328][flwr][DEBUG] - fit_round 94: strategy sampled 15 clients (out of 50)
[2024-03-04 19:49:01,347][flwr][DEBUG] - fit_round 94 received 15 results and 0 failures
individual accuracies [0.4215, 0.4389, 0.4108, 0.4307, 0.4306, 0.4379, 0.406, 0.4444, 0.4195]
malicious is ['0', '0', '0', '0', '0', '0', '0', '0', '0']
Number of Evil Clients: 6
Number of Preset Malicious Clients is 0
Number of Preset Benign Clients is 9
Average poisoning accuracy: 0.8675
accuracies is [(0.4084, -1), (0.4307, 0)]
accuracies is [(0.4084, -1), (0.4307, 0)]
benign class is -1
malicious class is 0
Final Clustering acc is 0.2222222222222222
0 added to evil list
Target label is 9
length of good results is 9 and length of bad results is 0
acc_diff is 0
Other cases
Evaluate
Global Poisoning Accuracy: 0.0916
[2024-03-04 19:49:32,858][flwr][INFO] - fit progress: (94, 160.61663818359375, {'accuracy': 0.4374}, 20215.386753688)
Configure Evaluate
[2024-03-04 19:49:32,859][flwr][DEBUG] - evaluate_round 94: strategy sampled 15 clients (out of 50)
[2024-03-04 19:49:46,421][flwr][DEBUG] - evaluate_round 94 received 15 results and 0 failures
Aggregate evaluate
Configure Fit
server round: 95
[2024-03-04 19:49:46,422][flwr][DEBUG] - fit_round 95: strategy sampled 15 clients (out of 50)
[2024-03-04 19:52:24,662][flwr][DEBUG] - fit_round 95 received 15 results and 0 failures
individual accuracies [0.4166, 0.4325, 0.438, 0.4331, 0.4306, 0.4081, 0.4471, 0.4437, 0.4243]
malicious is ['0', '0', '0', '0', '0', '0', '0', '0', '0']
Number of Evil Clients: 6
Number of Preset Malicious Clients is 0
Number of Preset Benign Clients is 9
Average poisoning accuracy: 0.8625166666666667
accuracies is [(0.4166, -1), (0.43279999999999996, 0)]
accuracies is [(0.4166, -1), (0.43279999999999996, 0)]
benign class is -1
malicious class is 0
Final Clustering acc is 0.1111111111111111
0 added to evil list
Target label is 9
length of good results is 9 and length of bad results is 0
acc_diff is 0
Other cases
Evaluate
Global Poisoning Accuracy: 0.0962
[2024-03-04 19:52:55,982][flwr][INFO] - fit progress: (95, 161.12098503112793, {'accuracy': 0.4365}, 20418.510733033)
Configure Evaluate
[2024-03-04 19:52:55,983][flwr][DEBUG] - evaluate_round 95: strategy sampled 15 clients (out of 50)
[2024-03-04 19:53:11,376][flwr][DEBUG] - evaluate_round 95 received 15 results and 0 failures
Aggregate evaluate
Configure Fit
server round: 96
[2024-03-04 19:53:11,376][flwr][DEBUG] - fit_round 96: strategy sampled 15 clients (out of 50)
[2024-03-04 19:55:43,097][flwr][DEBUG] - fit_round 96 received 15 results and 0 failures
individual accuracies [0.4311, 0.4373, 0.4264, 0.4031, 0.4381, 0.4217, 0.4352, 0.4332, 0.4442]
malicious is ['0', '0', '0', '0', '0', '0', '0', '0', '0']
Number of Evil Clients: 6
Number of Preset Malicious Clients is 0
Number of Preset Benign Clients is 9
Average poisoning accuracy: 0.8500833333333334
accuracies is [(0.41815, -1), (0.4352, 0)]
accuracies is [(0.41815, -1), (0.4352, 0)]
benign class is -1
malicious class is 0
Final Clustering acc is 0.2222222222222222
0 added to evil list
Target label is 9
length of good results is 9 and length of bad results is 0
acc_diff is 0
Other cases
Evaluate
Global Poisoning Accuracy: 0.0826
[2024-03-04 19:56:15,983][flwr][INFO] - fit progress: (96, 158.0560199022293, {'accuracy': 0.4451}, 20618.511067628002)
Configure Evaluate
[2024-03-04 19:56:15,983][flwr][DEBUG] - evaluate_round 96: strategy sampled 15 clients (out of 50)
[2024-03-04 19:56:29,255][flwr][DEBUG] - evaluate_round 96 received 15 results and 0 failures
Aggregate evaluate
Configure Fit
server round: 97
[2024-03-04 19:56:29,256][flwr][DEBUG] - fit_round 97: strategy sampled 15 clients (out of 50)
[2024-03-04 19:59:12,447][flwr][DEBUG] - fit_round 97 received 15 results and 0 failures
individual accuracies [0.4343, 0.4323, 0.4271, 0.4428, 0.4267, 0.4311, 0.436, 0.3452, 0.4224, 0.418]
malicious is ['0', '0', '0', '0', '0', '0', '0', '0', '0', '0']
Number of Evil Clients: 5
Number of Preset Malicious Clients is 0
Number of Preset Benign Clients is 10
Average poisoning accuracy: 0.87418
accuracies is [(0.3816, -1), (0.4317, 0)]
accuracies is [(0.3816, -1), (0.4317, 0)]
benign class is -1
malicious class is 0
Final Clustering acc is 0.2
0 added to evil list
Target label is 9
length of good results is 10 and length of bad results is 0
acc_diff is 0
Other cases
Evaluate
Global Poisoning Accuracy: 0.0925
[2024-03-04 19:59:44,923][flwr][INFO] - fit progress: (97, 159.0699042081833, {'accuracy': 0.4381}, 20827.4515119)
Configure Evaluate
[2024-03-04 19:59:44,923][flwr][DEBUG] - evaluate_round 97: strategy sampled 15 clients (out of 50)
[2024-03-04 19:59:58,469][flwr][DEBUG] - evaluate_round 97 received 15 results and 0 failures
Aggregate evaluate
Configure Fit
server round: 98
[2024-03-04 19:59:58,470][flwr][DEBUG] - fit_round 98: strategy sampled 15 clients (out of 50)
[2024-03-04 20:03:26,672][flwr][DEBUG] - fit_round 98 received 15 results and 0 failures
individual accuracies [0.4358, 0.4461, 0.4274, 0.4104, 0.3496, 0.4072, 0.4266, 0.3908, 0.4182]
malicious is ['0', '0', '0', '0', '0', '0', '0', '0', '0']
Number of Evil Clients: 6
Number of Preset Malicious Clients is 0
Number of Preset Benign Clients is 9
Average poisoning accuracy: 0.8195833333333334
accuracies is [(0.40059999999999996, -1), (0.4274, 0)]
accuracies is [(0.40059999999999996, -1), (0.4274, 0)]
benign class is -1
malicious class is 0
Final Clustering acc is 0.4444444444444444
0 added to evil list
Target label is 9
length of good results is 9 and length of bad results is 0
acc_diff is 0
Other cases
Evaluate
Global Poisoning Accuracy: 0.0693
[2024-03-04 20:03:57,514][flwr][INFO] - fit progress: (98, 159.75480031967163, {'accuracy': 0.4397}, 21080.042234229004)
Configure Evaluate
[2024-03-04 20:03:57,514][flwr][DEBUG] - evaluate_round 98: strategy sampled 15 clients (out of 50)
[2024-03-04 20:04:11,035][flwr][DEBUG] - evaluate_round 98 received 15 results and 0 failures
Aggregate evaluate
Configure Fit
server round: 99
[2024-03-04 20:04:11,036][flwr][DEBUG] - fit_round 99: strategy sampled 15 clients (out of 50)
[2024-03-04 20:06:48,375][flwr][DEBUG] - fit_round 99 received 15 results and 0 failures
individual accuracies [0.3681, 0.4278, 0.4163, 0.4229, 0.433, 0.4292, 0.4387, 0.4466, 0.4505, 0.44, 0.4371]
malicious is ['0', '0', '0', '0', '0', '0', '0', '0', '0', '0', '0']
Number of Evil Clients: 4
Number of Preset Malicious Clients is 0
Number of Preset Benign Clients is 11
Average poisoning accuracy: 0.83875
accuracies is [(0.4229, -1), (0.43789999999999996, 0)]
accuracies is [(0.4229, -1), (0.43789999999999996, 0)]
benign class is -1
malicious class is 0
Final Clustering acc is 0.2727272727272727
0 added to evil list
Target label is 9
length of good results is 11 and length of bad results is 0
acc_diff is 0
Other cases
Evaluate
Global Poisoning Accuracy: 0.0795
[2024-03-04 20:07:19,739][flwr][INFO] - fit progress: (99, 158.4830503463745, {'accuracy': 0.4445}, 21282.267731459004)
Configure Evaluate
[2024-03-04 20:07:19,740][flwr][DEBUG] - evaluate_round 99: strategy sampled 15 clients (out of 50)
[2024-03-04 20:07:33,219][flwr][DEBUG] - evaluate_round 99 received 15 results and 0 failures
Aggregate evaluate
Configure Fit
server round: 100
[2024-03-04 20:07:33,219][flwr][DEBUG] - fit_round 100: strategy sampled 15 clients (out of 50)
[2024-03-04 20:10:05,274][flwr][DEBUG] - fit_round 100 received 15 results and 0 failures
individual accuracies [0.4352, 0.4412, 0.4154, 0.4522, 0.4432, 0.401, 0.4387, 0.4437, 0.4261]
malicious is ['0', '0', '0', '0', '0', '0', '0', '0', '0']
Number of Evil Clients: 6
Number of Preset Malicious Clients is 0
Number of Preset Benign Clients is 9
Average poisoning accuracy: 0.8205666666666667
accuracies is [(0.41355, -1), (0.4412, 0)]
accuracies is [(0.41355, -1), (0.4412, 0)]
benign class is -1
malicious class is 0
Final Clustering acc is 0.2222222222222222
0 added to evil list
Target label is 9
length of good results is 9 and length of bad results is 0
acc_diff is 0
Other cases
Evaluate
Global Poisoning Accuracy: 0.079
[2024-03-04 20:10:37,505][flwr][INFO] - fit progress: (100, 158.53048288822174, {'accuracy': 0.446}, 21480.033341652)
Configure Evaluate
[2024-03-04 20:10:37,505][flwr][DEBUG] - evaluate_round 100: strategy sampled 15 clients (out of 50)
[2024-03-04 20:10:51,023][flwr][DEBUG] - evaluate_round 100 received 15 results and 0 failures
Aggregate evaluate
[2024-03-04 20:10:51,024][flwr][INFO] - FL finished in 21493.552053538
[2024-03-04 20:10:51,026][flwr][INFO] - app_fit: losses_distributed [(1, 11.863870604471726), (2, 11.8214328367202), (3, 9.328365575699578), (4, 11.257702572704995), (5, 13.757697456184475), (6, 9.294628856579463), (7, 8.609576209865768), (8, 7.629621538850996), (9, 10.137761720868408), (10, 9.394832586540895), (11, 7.637419921764429), (12, 5.866357113494248), (13, 7.807590442161038), (14, 6.896534136084259), (15, 7.96034984234156), (16, 5.6209651911913445), (17, 7.475267202250268), (18, 6.288003750718557), (19, 5.732056136066849), (20, 6.720362914477786), (21, 7.315253439195016), (22, 4.507487507000313), (23, 6.904844308157026), (24, 4.9193452365406145), (25, 6.628754901049274), (26, 6.478519172422015), (27, 3.6396248808029936), (28, 4.856686716949618), (29, 4.204980770445296), (30, 5.429103900377567), (31, 4.483275006384109), (32, 3.666050651746373), (33, 6.653450692338603), (34, 7.613712116997302), (35, 5.740494976616532), (36, 2.799578887775827), (37, 6.904634352691253), (38, 3.290325596763362), (39, 7.6023318517749034), (40, 3.590888597028838), (41, 5.126351135391472), (42, 3.647923428309478), (43, 6.129190202998488), (44, 4.58391369852009), (45, 3.9312238609287102), (46, 4.658387411097508), (47, 6.537621226720512), (48, 4.311457436692751), (49, 3.886875470749057), (50, 6.504598927123544), (51, 7.510009455015804), (52, 3.0582716974332147), (53, 3.0960182481716427), (54, 3.1202067763643395), (55, 3.976687695247472), (56, 5.076344152805784), (57, 5.765784206235549), (58, 6.195485286436328), (59, 5.5280606385919135), (60, 5.425191575851148), (61, 6.63414437569445), (62, 2.302299430555679), (63, 4.177237700811294), (64, 4.299276628799271), (65, 6.504251082891583), (66, 3.4521780753705955), (67, 6.151913438163894), (68, 3.7974402035270303), (69, 2.8247004826462216), (70, 7.4884487641347555), (71, 4.9268349333127075), (72, 6.2910320845236125), (73, 3.2349039023643926), (74, 3.544969808324525), (75, 5.282962236311977), (76, 5.10057227047679), (77, 5.570796793562134), (78, 4.037880913591981), (79, 7.0044338456116595), (80, 2.3222229522555913), (81, 4.577906901198631), (82, 4.043203395125653), (83, 6.356783131013516), (84, 5.131966198054964), (85, 5.305337080256055), (86, 5.107648371369578), (87, 5.127576097815108), (88, 5.835196326512829), (89, 3.883492771588499), (90, 6.213574098613968), (91, 4.782132671104272), (92, 7.623405948173944), (93, 5.708688558427075), (94, 5.6896164380297884), (95, 4.5407264079078145), (96, 3.0576463633749817), (97, 4.446140279701092), (98, 6.757578721744906), (99, 3.859182001630931), (100, 5.7083972031000085)]
[2024-03-04 20:10:51,026][flwr][INFO] - app_fit: metrics_distributed_fit {}
[2024-03-04 20:10:51,026][flwr][INFO] - app_fit: metrics_distributed {'accuracy': [(1, 0.1052060606060606), (2, 0.13432295081967216), (3, 0.2681031746031746), (4, 0.3112027397260274), (5, 0.29250919540229886), (6, 0.32978), (7, 0.41341206896551713), (8, 0.46359682539682534), (9, 0.38727540983606557), (10, 0.4496397058823529), (11, 0.47639855072463777), (12, 0.5402131147540984), (13, 0.5272671232876712), (14, 0.4923491803278688), (15, 0.5421333333333335), (16, 0.6127530303030303), (17, 0.5748934210526315), (18, 0.6054738461538461), (19, 0.6677932432432432), (20, 0.5523783333333333), (21, 0.5648073529411766), (22, 0.660706779661017), (23, 0.6265555555555556), (24, 0.7007649350649352), (25, 0.6328523809523809), (26, 0.6253461538461539), (27, 0.7311783783783784), (28, 0.7026621621621623), (29, 0.6818014285714286), (30, 0.6103876923076924), (31, 0.6857954545454545), (32, 0.6934142857142856), (33, 0.6357935064935064), (34, 0.6293675324675325), (35, 0.6436579710144928), (36, 0.7700215384615384), (37, 0.6161705882352942), (38, 0.7655274193548387), (39, 0.6113561643835617), (40, 0.7382742424242424), (41, 0.675559420289855), (42, 0.7357366197183098), (43, 0.6389403508771929), (44, 0.6817150943396226), (45, 0.7345999999999998), (46, 0.7364460317460318), (47, 0.62478), (48, 0.7060851851851853), (49, 0.7135131147540983), (50, 0.6318692307692307), (51, 0.6145478873239435), (52, 0.7485854838709678), (53, 0.753397014925373), (54, 0.7444378787878788), (55, 0.7537259740259741), (56, 0.746125), (57, 0.653915), (58, 0.636750847457627), (59, 0.6950614285714286), (60, 0.6777338461538461), (61, 0.6188783333333334), (62, 0.7861786885245902), (63, 0.7204986301369863), (64, 0.6779583333333334), (65, 0.6260693548387096), (66, 0.7522479452054796), (67, 0.6314140350877193), (68, 0.728776119402985), (69, 0.7694468750000001), (70, 0.509070588235294), (71, 0.6373894736842106), (72, 0.69071125), (73, 0.7156705882352942), (74, 0.6542775510204082), (75, 0.6186129629629631), (76, 0.6903898734177215), (77, 0.6797867647058823), (78, 0.7343854838709677), (79, 0.6524108433734938), (80, 0.8006805555555556), (81, 0.723513698630137), (82, 0.7412591549295775), (83, 0.6519714285714286), (84, 0.6825632352941176), (85, 0.6857808823529412), (86, 0.662057142857143), (87, 0.6572015624999998), (88, 0.6836462686567164), (89, 0.7473566666666666), (90, 0.6049950819672132), (91, 0.7322012987012986), (92, 0.6359155844155845), (93, 0.6914316455696202), (94, 0.7243646341463414), (95, 0.6914111111111111), (96, 0.7479862068965516), (97, 0.7065970588235294), (98, 0.6458492753623188), (99, 0.783604), (100, 0.6801354430379747)]}
[2024-03-04 20:10:51,027][flwr][INFO] - app_fit: losses_centralized [(0, 182.62414264678955), (1, 186.69325184822083), (2, 190.388840675354), (3, 159.0934751033783), (4, 152.92438876628876), (5, 155.85026514530182), (6, 146.4088100194931), (7, 140.6268631219864), (8, 140.14470255374908), (9, 146.25351738929749), (10, 140.82923591136932), (11, 133.31359159946442), (12, 133.53642463684082), (13, 133.80940914154053), (14, 147.20712912082672), (15, 145.56827664375305), (16, 138.39456856250763), (17, 149.54886496067047), (18, 139.4042570590973), (19, 136.9152467250824), (20, 141.88308477401733), (21, 145.48768997192383), (22, 145.63201475143433), (23, 139.95858764648438), (24, 140.8685963153839), (25, 143.2526935338974), (26, 147.15484595298767), (27, 148.1109334230423), (28, 141.92464780807495), (29, 142.44058847427368), (30, 142.15071833133698), (31, 143.22520279884338), (32, 146.2953007221222), (33, 148.5759675502777), (34, 147.10065817832947), (35, 151.7152078151703), (36, 152.96161007881165), (37, 146.56794583797455), (38, 147.48259091377258), (39, 150.84581661224365), (40, 147.50122261047363), (41, 146.0609415769577), (42, 148.38037109375), (43, 148.01753044128418), (44, 148.01847064495087), (45, 145.41629648208618), (46, 146.89724481105804), (47, 146.76369965076447), (48, 146.9257378578186), (49, 149.0599125623703), (50, 151.98884284496307), (51, 153.24817085266113), (52, 151.83805346488953), (53, 150.87756872177124), (54, 151.1898523569107), (55, 153.13559985160828), (56, 151.62019228935242), (57, 152.17984282970428), (58, 150.29320287704468), (59, 152.19455659389496), (60, 154.2883439064026), (61, 151.25968325138092), (62, 151.07997179031372), (63, 153.48522293567657), (64, 155.08187460899353), (65, 152.89971601963043), (66, 153.49377262592316), (67, 154.02910101413727), (68, 153.32122671604156), (69, 154.26869368553162), (70, 159.37277567386627), (71, 157.59029138088226), (72, 155.3127430677414), (73, 156.4393619298935), (74, 153.04831039905548), (75, 152.88462448120117), (76, 153.35243952274323), (77, 154.19681799411774), (78, 156.7536963224411), (79, 155.7316015958786), (80, 157.1553190946579), (81, 157.07194137573242), (82, 155.98630702495575), (83, 154.6475123167038), (84, 157.7711967229843), (85, 157.95323240756989), (86, 157.75732564926147), (87, 154.0635665655136), (88, 153.52375483512878), (89, 152.98423528671265), (90, 153.73228538036346), (91, 157.48543965816498), (92, 158.79049456119537), (93, 162.0519837141037), (94, 160.61663818359375), (95, 161.12098503112793), (96, 158.0560199022293), (97, 159.0699042081833), (98, 159.75480031967163), (99, 158.4830503463745), (100, 158.53048288822174)]
[2024-03-04 20:10:51,027][flwr][INFO] - app_fit: metrics_centralized {'accuracy': [(0, 0.0966), (1, 0.1178), (2, 0.1359), (3, 0.2568), (4, 0.2805), (5, 0.2879), (6, 0.3319), (7, 0.3523), (8, 0.3623), (9, 0.3563), (10, 0.3897), (11, 0.4156), (12, 0.4116), (13, 0.4178), (14, 0.3976), (15, 0.4065), (16, 0.4254), (17, 0.4087), (18, 0.4222), (19, 0.4327), (20, 0.4324), (21, 0.4212), (22, 0.4345), (23, 0.43), (24, 0.4338), (25, 0.4344), (26, 0.4319), (27, 0.4309), (28, 0.4393), (29, 0.4252), (30, 0.4359), (31, 0.4432), (32, 0.4367), (33, 0.4375), (34, 0.4375), (35, 0.4254), (36, 0.4379), (37, 0.4403), (38, 0.4301), (39, 0.4226), (40, 0.4324), (41, 0.4436), (42, 0.4406), (43, 0.4378), (44, 0.4387), (45, 0.4355), (46, 0.4341), (47, 0.4388), (48, 0.4387), (49, 0.4432), (50, 0.4442), (51, 0.4409), (52, 0.4364), (53, 0.4346), (54, 0.4414), (55, 0.4398), (56, 0.4417), (57, 0.4441), (58, 0.4471), (59, 0.4402), (60, 0.4411), (61, 0.4438), (62, 0.4507), (63, 0.4478), (64, 0.4435), (65, 0.4447), (66, 0.4431), (67, 0.4365), (68, 0.4402), (69, 0.4417), (70, 0.4323), (71, 0.4397), (72, 0.4451), (73, 0.4387), (74, 0.4463), (75, 0.444), (76, 0.4459), (77, 0.4501), (78, 0.443), (79, 0.4391), (80, 0.4372), (81, 0.4398), (82, 0.4451), (83, 0.448), (84, 0.4299), (85, 0.4279), (86, 0.4384), (87, 0.4458), (88, 0.4474), (89, 0.449), (90, 0.4493), (91, 0.4427), (92, 0.4413), (93, 0.4379), (94, 0.4374), (95, 0.4365), (96, 0.4451), (97, 0.4381), (98, 0.4397), (99, 0.4445), (100, 0.446)]}
