Using CUDA: True
Using MPS: False
dataset: cifar10
num_rounds: 100
num_clients: 50
batch_size: 20
num_classes: 10
num_channels: 3
num_clients_per_round_fit: 15
num_clients_per_round_eval: 15
config_fit:
  poisoning_rate: 0.6
  lr: 0.01
  momentum: 0.9
  local_epochs: 5
  proximal_mu: 2.0
dataset_config:
  ratio_benign_client: 0.6
  iid: false
  balance: false
  power_law: false
  dirichlet: true
  alpha: 0.5

Files already downloaded and verified
Files already downloaded and verified
[2024-03-04 01:56:57,321][flwr][INFO] - Starting Flower simulation, config: ServerConfig(num_rounds=100, round_timeout=None)
[2024-03-04 01:57:08,731][flwr][INFO] - Flower VCE: Ray initialized with resources: {'node:__internal_head__': 1.0, 'accelerator_type:A10': 1.0, 'node:10.131.34.74': 1.0, 'GPU': 1.0, 'object_store_memory': 155492782080.0, 'CPU': 96.0, 'memory': 352816491520.0}
[2024-03-04 01:57:08,731][flwr][INFO] - Initializing global parameters
[2024-03-04 01:57:08,731][flwr][INFO] - Using initial parameters provided by strategy
[2024-03-04 01:57:08,731][flwr][INFO] - Evaluating initial parameters
Evaluate
[2024-03-04 01:57:13,328][flwr][INFO] - initial parameters (loss, other metrics): 181.66301202774048, {'accuracy': 0.1048}
[2024-03-04 01:57:13,328][flwr][INFO] - FL starting
Configure Fit
server round: 1
[2024-03-04 01:57:13,328][flwr][DEBUG] - fit_round 1: strategy sampled 15 clients (out of 50)
[2024-03-04 02:00:04,815][flwr][DEBUG] - fit_round 1 received 15 results and 0 failures
individual accuracies [0.2123, 0.1876, 0.1559, 0.1463, 0.1348, 0.1563, 0.1287, 0.139, 0.133, 0.2039, 0.1603, 0.1318, 0.2078, 0.1229, 0.1864]
malicious is ['0', '0', '2', '0', '2', '2', '2', '2', '2', '0', '2', '2', '0', '2', '0']
Number of Evil Clients: 0
Number of Preset Malicious Clients is 9
Number of Preset Benign Clients is 6
Average poisoning accuracy: 0.936111111111111
accuracies is [(0.1463, -1), (0.15610000000000002, 0)]
accuracies is [(0.1463, -1), (0.15610000000000002, 0)]
benign class is -1
malicious class is 0
Final Clustering acc is 0.6666666666666666
9 added to evil list
Target label is 9
length of good results is 6 and length of bad results is 9
acc_diff is 0
Other cases
[2024-03-04 02:00:55,120][flwr][WARNING] - No fit_metrics_aggregation_fn provided
Evaluate
Global Poisoning Accuracy: 0.0035
[2024-03-04 02:00:58,908][flwr][INFO] - fit progress: (1, 189.73004865646362, {'accuracy': 0.1451}, 225.58039453113452)
Configure Evaluate
[2024-03-04 02:00:58,908][flwr][DEBUG] - evaluate_round 1: strategy sampled 15 clients (out of 50)
[2024-03-04 02:01:12,328][flwr][DEBUG] - evaluate_round 1 received 15 results and 0 failures
Aggregate evaluate
Configure Fit
server round: 2
[2024-03-04 02:01:12,328][flwr][DEBUG] - fit_round 2: strategy sampled 15 clients (out of 50)
[2024-03-04 02:04:03,206][flwr][DEBUG] - fit_round 2 received 15 results and 0 failures
individual accuracies [0.1912, 0.1662, 0.159, 0.1956, 0.1805, 0.1552, 0.1798, 0.1571, 0.1936, 0.1323, 0.2002, 0.1777, 0.1454, 0.1283, 0.2189]
malicious is ['0', '0', '0', '0', '0', '0', '0', '0', '0', '0', '0', '0', '2', '2', '0']
Number of Evil Clients: 0
Number of Preset Malicious Clients is 2
Number of Preset Benign Clients is 13
Average poisoning accuracy: 0.9478500000000001
accuracies is [(0.18014999999999998, -1), (0.1571, 0)]
accuracies is [(0.18014999999999998, -1), (0.1571, 0)]
benign class is -1
malicious class is 0
Final Clustering acc is 0.6666666666666666
2 added to evil list
Target label is 9
length of good results is 13 and length of bad results is 2
acc_diff is 0
Other cases
Evaluate
Global Poisoning Accuracy: 0.0004
[2024-03-04 02:04:37,636][flwr][INFO] - fit progress: (2, 176.7854871749878, {'accuracy': 0.1776}, 444.3082746551372)
Configure Evaluate
[2024-03-04 02:04:37,636][flwr][DEBUG] - evaluate_round 2: strategy sampled 15 clients (out of 50)
[2024-03-04 02:04:50,982][flwr][DEBUG] - evaluate_round 2 received 15 results and 0 failures
Aggregate evaluate
Configure Fit
server round: 3
[2024-03-04 02:04:50,982][flwr][DEBUG] - fit_round 3: strategy sampled 15 clients (out of 50)
[2024-03-04 02:07:43,243][flwr][DEBUG] - fit_round 3 received 15 results and 0 failures
individual accuracies [0.2234, 0.2143, 0.1924, 0.1908, 0.164, 0.1428, 0.2384, 0.1712, 0.2261, 0.1684, 0.1794, 0.1815, 0.2603]
malicious is ['0', '0', '0', '0', '0', '2', '0', '2', '0', '2', '0', '0', '0']
Number of Evil Clients: 2
Number of Preset Malicious Clients is 3
Number of Preset Benign Clients is 10
Average poisoning accuracy: 0.9270400000000001
accuracies is [(0.1908, -1)]
accuracies is [(0.1908, -1)]
benign class is -1
malicious class is 10
Final Clustering acc is 0.7692307692307693
Target label is 9
length of good results is 10 and length of bad results is 3
acc_diff is 0
Other cases
Evaluate
Global Poisoning Accuracy: 0.0008
[2024-03-04 02:08:20,777][flwr][INFO] - fit progress: (3, 161.90805160999298, {'accuracy': 0.2412}, 667.4488831050694)
Configure Evaluate
[2024-03-04 02:08:20,777][flwr][DEBUG] - evaluate_round 3: strategy sampled 15 clients (out of 50)
[2024-03-04 02:08:34,326][flwr][DEBUG] - evaluate_round 3 received 15 results and 0 failures
Aggregate evaluate
Configure Fit
server round: 4
[2024-03-04 02:08:34,326][flwr][DEBUG] - fit_round 4: strategy sampled 15 clients (out of 50)
[2024-03-04 02:11:22,745][flwr][DEBUG] - fit_round 4 received 15 results and 0 failures
individual accuracies [0.1811, 0.1875, 0.2275, 0.1911, 0.2305, 0.2141, 0.2214, 0.1412, 0.2219, 0.2044, 0.1967, 0.1641]
malicious is ['0', '0', '0', '2', '0', '0', '0', '2', '0', '2', '0', '2']
Number of Evil Clients: 3
Number of Preset Malicious Clients is 4
Number of Preset Benign Clients is 8
Average poisoning accuracy: 0.9197142857142857
accuracies is [(0.2044, -1), (0.1641, 0)]
accuracies is [(0.2044, -1), (0.1641, 0)]
benign class is -1
malicious class is 0
Final Clustering acc is 0.75
4 added to evil list
Target label is 9
length of good results is 8 and length of bad results is 4
acc_diff is 0
Other cases
Evaluate
Global Poisoning Accuracy: 0.0188
[2024-03-04 02:12:02,691][flwr][INFO] - fit progress: (4, 155.2725509405136, {'accuracy': 0.2753}, 889.3629619020503)
Configure Evaluate
[2024-03-04 02:12:02,691][flwr][DEBUG] - evaluate_round 4: strategy sampled 15 clients (out of 50)
[2024-03-04 02:12:16,047][flwr][DEBUG] - evaluate_round 4 received 15 results and 0 failures
Aggregate evaluate
Configure Fit
server round: 5
[2024-03-04 02:12:16,048][flwr][DEBUG] - fit_round 5: strategy sampled 15 clients (out of 50)
[2024-03-04 02:15:29,696][flwr][DEBUG] - fit_round 5 received 15 results and 0 failures
individual accuracies [0.2539, 0.1884, 0.2361, 0.2291, 0.2714, 0.2389, 0.1657, 0.2188, 0.2627, 0.2537, 0.1737, 0.2442, 0.211, 0.2132]
malicious is ['0', '0', '0', '0', '0', '0', '2', '0', '0', '0', '2', '0', '0', '2']
Number of Evil Clients: 1
Number of Preset Malicious Clients is 3
Number of Preset Benign Clients is 11
Average poisoning accuracy: 0.9202250000000001
accuracies is [(0.2326, -1)]
accuracies is [(0.2326, -1)]
benign class is -1
malicious class is 10
Final Clustering acc is 0.7857142857142857
Target label is 9
length of good results is 11 and length of bad results is 3
acc_diff is 0
Other cases
Evaluate
Global Poisoning Accuracy: 0.1279
[2024-03-04 02:16:06,431][flwr][INFO] - fit progress: (5, 143.80753231048584, {'accuracy': 0.3397}, 1133.1030186051503)
Configure Evaluate
[2024-03-04 02:16:06,431][flwr][DEBUG] - evaluate_round 5: strategy sampled 15 clients (out of 50)
[2024-03-04 02:16:19,959][flwr][DEBUG] - evaluate_round 5 received 15 results and 0 failures
Aggregate evaluate
Configure Fit
server round: 6
[2024-03-04 02:16:19,960][flwr][DEBUG] - fit_round 6: strategy sampled 15 clients (out of 50)
[2024-03-04 02:19:03,876][flwr][DEBUG] - fit_round 6 received 15 results and 0 failures
individual accuracies [0.2709, 0.2324, 0.286, 0.2703, 0.1959, 0.2324, 0.2062, 0.1914, 0.271, 0.2142, 0.2558]
malicious is ['0', '0', '0', '0', '0', '0', '0', '2', '0', '2', '0']
Number of Evil Clients: 4
Number of Preset Malicious Clients is 2
Number of Preset Benign Clients is 9
Average poisoning accuracy: 0.9224333333333333
accuracies is [(0.2324, -1)]
accuracies is [(0.2324, -1)]
benign class is -1
malicious class is 10
Final Clustering acc is 0.8181818181818182
Target label is 9
length of good results is 9 and length of bad results is 2
acc_diff is 0
Other cases
Evaluate
Global Poisoning Accuracy: 0.1657
[2024-03-04 02:19:38,482][flwr][INFO] - fit progress: (6, 142.93488430976868, {'accuracy': 0.3398}, 1345.1538354950026)
Configure Evaluate
[2024-03-04 02:19:38,482][flwr][DEBUG] - evaluate_round 6: strategy sampled 15 clients (out of 50)
[2024-03-04 02:19:52,086][flwr][DEBUG] - evaluate_round 6 received 15 results and 0 failures
Aggregate evaluate
Configure Fit
server round: 7
[2024-03-04 02:19:52,086][flwr][DEBUG] - fit_round 7: strategy sampled 15 clients (out of 50)
[2024-03-04 02:22:56,097][flwr][DEBUG] - fit_round 7 received 15 results and 0 failures
individual accuracies [0.2607, 0.2321, 0.2057, 0.2554, 0.2575, 0.2652, 0.2874, 0.2928, 0.2838, 0.2991, 0.2782, 0.2781, 0.2552]
malicious is ['0', '0', '2', '0', '0', '0', '0', '0', '0', '0', '0', '0', '0']
Number of Evil Clients: 2
Number of Preset Malicious Clients is 1
Number of Preset Benign Clients is 12
Average poisoning accuracy: 0.8960333333333333
accuracies is [(0.2591, -1), (0.2874, 0)]
accuracies is [(0.2591, -1), (0.2874, 0)]
benign class is -1
malicious class is 0
Final Clustering acc is 0.6923076923076923
1 added to evil list
Target label is 9
length of good results is 12 and length of bad results is 1
acc_diff is 0
Other cases
Evaluate
Global Poisoning Accuracy: 0.0402
[2024-03-04 02:23:29,663][flwr][INFO] - fit progress: (7, 136.11545264720917, {'accuracy': 0.371}, 1576.3350873810705)
Configure Evaluate
[2024-03-04 02:23:29,663][flwr][DEBUG] - evaluate_round 7: strategy sampled 15 clients (out of 50)
[2024-03-04 02:23:43,339][flwr][DEBUG] - evaluate_round 7 received 15 results and 0 failures
Aggregate evaluate
Configure Fit
server round: 8
[2024-03-04 02:23:43,339][flwr][DEBUG] - fit_round 8: strategy sampled 15 clients (out of 50)
[2024-03-04 02:26:31,163][flwr][DEBUG] - fit_round 8 received 15 results and 0 failures
individual accuracies [0.3228, 0.2057, 0.2751, 0.2733, 0.291, 0.2536, 0.2155, 0.2192, 0.2605, 0.2839, 0.2155, 0.2962]
malicious is ['0', '2', '0', '0', '0', '0', '0', '0', '0', '0', '2', '0']
Number of Evil Clients: 3
Number of Preset Malicious Clients is 2
Number of Preset Benign Clients is 10
Average poisoning accuracy: 0.9205
accuracies is [(0.2669, -1)]
accuracies is [(0.2669, -1)]
benign class is -1
malicious class is 10
Final Clustering acc is 0.8333333333333334
Target label is 9
length of good results is 10 and length of bad results is 2
acc_diff is 0
Other cases
Evaluate
Global Poisoning Accuracy: 0.1131
[2024-03-04 02:27:06,484][flwr][INFO] - fit progress: (8, 134.68239057064056, {'accuracy': 0.3819}, 1793.1564120741095)
Configure Evaluate
[2024-03-04 02:27:06,484][flwr][DEBUG] - evaluate_round 8: strategy sampled 15 clients (out of 50)
[2024-03-04 02:27:20,264][flwr][DEBUG] - evaluate_round 8 received 15 results and 0 failures
Aggregate evaluate
Configure Fit
server round: 9
[2024-03-04 02:27:20,264][flwr][DEBUG] - fit_round 9: strategy sampled 15 clients (out of 50)
[2024-03-04 02:29:57,334][flwr][DEBUG] - fit_round 9 received 15 results and 0 failures
individual accuracies [0.2861, 0.2745, 0.2943, 0.2587, 0.2542, 0.2966, 0.2783, 0.2411, 0.2036, 0.2869, 0.2828, 0.3476, 0.2932]
malicious is ['0', '0', '0', '0', '0', '0', '0', '2', '2', '0', '0', '0', '0']
Number of Evil Clients: 2
Number of Preset Malicious Clients is 2
Number of Preset Benign Clients is 11
Average poisoning accuracy: 0.8922
accuracies is [(0.2828, -1)]
accuracies is [(0.2828, -1)]
benign class is -1
malicious class is 10
Final Clustering acc is 0.8461538461538461
Target label is 9
length of good results is 11 and length of bad results is 2
acc_diff is 0
Other cases
Evaluate
Global Poisoning Accuracy: 0.0191
[2024-03-04 02:30:31,692][flwr][INFO] - fit progress: (9, 139.09601747989655, {'accuracy': 0.3639}, 1998.3645553921815)
Configure Evaluate
[2024-03-04 02:30:31,693][flwr][DEBUG] - evaluate_round 9: strategy sampled 15 clients (out of 50)
[2024-03-04 02:30:45,182][flwr][DEBUG] - evaluate_round 9 received 15 results and 0 failures
Aggregate evaluate
Configure Fit
server round: 10
[2024-03-04 02:30:45,182][flwr][DEBUG] - fit_round 10: strategy sampled 15 clients (out of 50)
[2024-03-04 02:34:04,659][flwr][DEBUG] - fit_round 10 received 15 results and 0 failures
individual accuracies [0.3173, 0.3076, 0.2511, 0.2861, 0.2751, 0.2722, 0.353, 0.2561, 0.3107]
malicious is ['0', '0', '0', '0', '0', '0', '0', '0', '0']
Number of Evil Clients: 6
Number of Preset Malicious Clients is 0
Number of Preset Benign Clients is 9
Average poisoning accuracy: 0.8915166666666666
accuracies is [(0.3173, -1), (0.29685, 0), (0.2809, 1), (0.26415, 2)]
accuracies is [(0.3173, -1), (0.29685, 0)]
benign class is -1
malicious class is 0
Final Clustering acc is 0.3333333333333333
0 added to evil list
Target label is 9
length of good results is 9 and length of bad results is 0
acc_diff is 0
Other cases
Evaluate
Global Poisoning Accuracy: 0.105
[2024-03-04 02:34:37,075][flwr][INFO] - fit progress: (10, 135.8794984817505, {'accuracy': 0.3883}, 2243.7468138199765)
Configure Evaluate
[2024-03-04 02:34:37,075][flwr][DEBUG] - evaluate_round 10: strategy sampled 15 clients (out of 50)
[2024-03-04 02:34:50,849][flwr][DEBUG] - evaluate_round 10 received 15 results and 0 failures
Aggregate evaluate
Configure Fit
server round: 11
[2024-03-04 02:34:50,850][flwr][DEBUG] - fit_round 11: strategy sampled 15 clients (out of 50)
[2024-03-04 02:37:48,351][flwr][DEBUG] - fit_round 11 received 15 results and 0 failures
individual accuracies [0.2829, 0.2492, 0.2296, 0.2645, 0.3531, 0.2066, 0.2393, 0.2298, 0.3021, 0.2888]
malicious is ['0', '0', '2', '2', '0', '0', '2', '2', '0', '0']
Number of Evil Clients: 5
Number of Preset Malicious Clients is 4
Number of Preset Benign Clients is 6
Average poisoning accuracy: 0.9132444444444445
accuracies is [(0.2611, -1), (0.2279, 0), (0.24705, 1), (0.29545, 2)]
accuracies is [(0.2611, -1), (0.2279, 0)]
benign class is -1
malicious class is 0
Final Clustering acc is 0.4
4 added to evil list
Target label is 9
length of good results is 6 and length of bad results is 4
acc_diff is 0
Other cases
Evaluate
Global Poisoning Accuracy: 0.0219
[2024-03-04 02:38:26,190][flwr][INFO] - fit progress: (11, 138.29747474193573, {'accuracy': 0.3739}, 2472.8624095511623)
Configure Evaluate
[2024-03-04 02:38:26,191][flwr][DEBUG] - evaluate_round 11: strategy sampled 15 clients (out of 50)
[2024-03-04 02:38:39,901][flwr][DEBUG] - evaluate_round 11 received 15 results and 0 failures
Aggregate evaluate
Configure Fit
server round: 12
[2024-03-04 02:38:39,902][flwr][DEBUG] - fit_round 12: strategy sampled 15 clients (out of 50)
[2024-03-04 02:41:23,139][flwr][DEBUG] - fit_round 12 received 15 results and 0 failures
individual accuracies [0.3321, 0.3259, 0.2929, 0.3465, 0.2578, 0.3043, 0.3624, 0.3244, 0.309, 0.2942]
malicious is ['0', '0', '0', '0', '0', '0', '0', '0', '0', '0']
Number of Evil Clients: 5
Number of Preset Malicious Clients is 0
Number of Preset Benign Clients is 10
Average poisoning accuracy: 0.8975799999999999
accuracies is [(0.3167, -1), (0.32035, 0)]
accuracies is [(0.3167, -1), (0.32035, 0)]
benign class is -1
malicious class is 0
Final Clustering acc is 0.8
0 added to evil list
Target label is 9
length of good results is 10 and length of bad results is 0
acc_diff is 0
Other cases
Evaluate
Global Poisoning Accuracy: 0.1532
[2024-03-04 02:41:54,078][flwr][INFO] - fit progress: (12, 133.40253388881683, {'accuracy': 0.4131}, 2680.7502935351804)
Configure Evaluate
[2024-03-04 02:41:54,078][flwr][DEBUG] - evaluate_round 12: strategy sampled 15 clients (out of 50)
[2024-03-04 02:42:07,675][flwr][DEBUG] - evaluate_round 12 received 15 results and 0 failures
Aggregate evaluate
Configure Fit
server round: 13
[2024-03-04 02:42:07,675][flwr][DEBUG] - fit_round 13: strategy sampled 15 clients (out of 50)
[2024-03-04 02:45:21,090][flwr][DEBUG] - fit_round 13 received 15 results and 0 failures
individual accuracies [0.3039, 0.3035, 0.2542, 0.3093, 0.3135, 0.3105, 0.3295, 0.2966, 0.3309]
malicious is ['0', '0', '0', '0', '0', '0', '0', '0', '0']
Number of Evil Clients: 6
Number of Preset Malicious Clients is 0
Number of Preset Benign Clients is 9
Average poisoning accuracy: 0.86815
accuracies is [(0.3093, -1)]
accuracies is [(0.3093, -1)]
benign class is -1
malicious class is 10
Final Clustering acc is 1.0
Target label is 9
length of good results is 9 and length of bad results is 0
acc_diff is 0
Other cases
Evaluate
Global Poisoning Accuracy: 0.1418
[2024-03-04 02:45:51,998][flwr][INFO] - fit progress: (13, 131.43794763088226, {'accuracy': 0.4237}, 2918.6699174940586)
Configure Evaluate
[2024-03-04 02:45:51,998][flwr][DEBUG] - evaluate_round 13: strategy sampled 15 clients (out of 50)
[2024-03-04 02:46:05,414][flwr][DEBUG] - evaluate_round 13 received 15 results and 0 failures
Aggregate evaluate
Configure Fit
server round: 14
[2024-03-04 02:46:05,414][flwr][DEBUG] - fit_round 14: strategy sampled 15 clients (out of 50)
[2024-03-04 02:49:18,148][flwr][DEBUG] - fit_round 14 received 15 results and 0 failures
individual accuracies [0.3052, 0.2799, 0.2386, 0.3188, 0.3806, 0.304, 0.319, 0.3189]
malicious is ['0', '0', '0', '0', '0', '0', '0', '0']
Number of Evil Clients: 7
Number of Preset Malicious Clients is 0
Number of Preset Benign Clients is 8
Average poisoning accuracy: 0.8668142857142858
accuracies is [(0.3114, -1), (0.31210000000000004, 0)]
accuracies is [(0.3114, -1), (0.31210000000000004, 0)]
benign class is -1
malicious class is 0
Final Clustering acc is 0.75
0 added to evil list
Target label is 9
length of good results is 8 and length of bad results is 0
acc_diff is 0
Other cases
Evaluate
Global Poisoning Accuracy: 0.1263
[2024-03-04 02:49:50,900][flwr][INFO] - fit progress: (14, 133.56786060333252, {'accuracy': 0.4181}, 3157.572443484096)
Configure Evaluate
[2024-03-04 02:49:50,901][flwr][DEBUG] - evaluate_round 14: strategy sampled 15 clients (out of 50)
[2024-03-04 02:50:04,447][flwr][DEBUG] - evaluate_round 14 received 15 results and 0 failures
Aggregate evaluate
Configure Fit
server round: 15
[2024-03-04 02:50:04,448][flwr][DEBUG] - fit_round 15: strategy sampled 15 clients (out of 50)
[2024-03-04 02:52:59,227][flwr][DEBUG] - fit_round 15 received 15 results and 0 failures
individual accuracies [0.279, 0.307, 0.3095, 0.3115, 0.2487, 0.3274, 0.3802, 0.3179, 0.3351, 0.3134]
malicious is ['0', '0', '0', '0', '0', '0', '0', '0', '0', '0']
Number of Evil Clients: 5
Number of Preset Malicious Clients is 0
Number of Preset Benign Clients is 10
Average poisoning accuracy: 0.8795
accuracies is [(0.31245, -1)]
accuracies is [(0.31245, -1)]
benign class is -1
malicious class is 10
Final Clustering acc is 1.0
Target label is 9
length of good results is 10 and length of bad results is 0
acc_diff is 0
Other cases
Evaluate
Global Poisoning Accuracy: 0.0457
[2024-03-04 02:53:31,284][flwr][INFO] - fit progress: (15, 134.80413222312927, {'accuracy': 0.4194}, 3377.9565304231364)
Configure Evaluate
[2024-03-04 02:53:31,285][flwr][DEBUG] - evaluate_round 15: strategy sampled 15 clients (out of 50)
[2024-03-04 02:53:45,068][flwr][DEBUG] - evaluate_round 15 received 15 results and 0 failures
Aggregate evaluate
Configure Fit
server round: 16
[2024-03-04 02:53:45,069][flwr][DEBUG] - fit_round 16: strategy sampled 15 clients (out of 50)
[2024-03-04 02:56:27,569][flwr][DEBUG] - fit_round 16 received 15 results and 0 failures
individual accuracies [0.3585, 0.3656, 0.3161, 0.3178, 0.2751, 0.354, 0.3487, 0.3334, 0.3534]
malicious is ['0', '0', '0', '0', '0', '0', '0', '0', '0']
Number of Evil Clients: 6
Number of Preset Malicious Clients is 0
Number of Preset Benign Clients is 9
Average poisoning accuracy: 0.8617833333333335
accuracies is [(0.3487, -1), (0.34595, 0)]
accuracies is [(0.3487, -1), (0.34595, 0)]
benign class is -1
malicious class is 0
Final Clustering acc is 0.7777777777777778
0 added to evil list
Target label is 9
length of good results is 9 and length of bad results is 0
acc_diff is 0
Other cases
Evaluate
Global Poisoning Accuracy: 0.0926
[2024-03-04 02:56:59,578][flwr][INFO] - fit progress: (16, 136.13201308250427, {'accuracy': 0.4259}, 3586.2505145280156)
Configure Evaluate
[2024-03-04 02:56:59,578][flwr][DEBUG] - evaluate_round 16: strategy sampled 15 clients (out of 50)
[2024-03-04 02:57:13,270][flwr][DEBUG] - evaluate_round 16 received 15 results and 0 failures
Aggregate evaluate
Configure Fit
server round: 17
[2024-03-04 02:57:13,270][flwr][DEBUG] - fit_round 17: strategy sampled 15 clients (out of 50)
[2024-03-04 02:59:50,889][flwr][DEBUG] - fit_round 17 received 15 results and 0 failures
individual accuracies [0.3402, 0.3992, 0.383, 0.4126, 0.3221, 0.33, 0.3606, 0.3528]
malicious is ['0', '0', '0', '0', '0', '0', '0', '0']
Number of Evil Clients: 7
Number of Preset Malicious Clients is 0
Number of Preset Benign Clients is 8
Average poisoning accuracy: 0.8654000000000001
accuracies is [(0.3567, -1), (0.36160000000000003, 0)]
accuracies is [(0.3567, -1), (0.36160000000000003, 0)]
benign class is -1
malicious class is 0
Final Clustering acc is 0.75
0 added to evil list
Target label is 9
length of good results is 8 and length of bad results is 0
acc_diff is 0
Other cases
Evaluate
Global Poisoning Accuracy: 0.1191
[2024-03-04 03:00:21,566][flwr][INFO] - fit progress: (17, 135.25777089595795, {'accuracy': 0.4252}, 3788.238003897015)
Configure Evaluate
[2024-03-04 03:00:21,566][flwr][DEBUG] - evaluate_round 17: strategy sampled 15 clients (out of 50)
[2024-03-04 03:00:35,230][flwr][DEBUG] - evaluate_round 17 received 15 results and 0 failures
Aggregate evaluate
Configure Fit
server round: 18
[2024-03-04 03:00:35,230][flwr][DEBUG] - fit_round 18: strategy sampled 15 clients (out of 50)
[2024-03-04 03:03:32,014][flwr][DEBUG] - fit_round 18 received 15 results and 0 failures
individual accuracies [0.353, 0.3332, 0.3631, 0.3177, 0.3543, 0.3378, 0.3272, 0.3869, 0.2624, 0.3628, 0.3649]
malicious is ['0', '0', '0', '0', '0', '0', '0', '0', '0', '0', '0']
Number of Evil Clients: 4
Number of Preset Malicious Clients is 0
Number of Preset Benign Clients is 11
Average poisoning accuracy: 0.893925
accuracies is [(0.3378, -1), (0.35805, 0)]
accuracies is [(0.3378, -1), (0.35805, 0)]
benign class is -1
malicious class is 0
Final Clustering acc is 0.8181818181818182
0 added to evil list
Target label is 9
length of good results is 11 and length of bad results is 0
acc_diff is 0
Other cases
Evaluate
Global Poisoning Accuracy: 0.0677
[2024-03-04 03:04:03,362][flwr][INFO] - fit progress: (18, 137.02327060699463, {'accuracy': 0.4283}, 4010.0345949439798)
Configure Evaluate
[2024-03-04 03:04:03,363][flwr][DEBUG] - evaluate_round 18: strategy sampled 15 clients (out of 50)
[2024-03-04 03:04:16,980][flwr][DEBUG] - evaluate_round 18 received 15 results and 0 failures
Aggregate evaluate
Configure Fit
server round: 19
[2024-03-04 03:04:16,980][flwr][DEBUG] - fit_round 19: strategy sampled 15 clients (out of 50)
[2024-03-04 03:07:33,517][flwr][DEBUG] - fit_round 19 received 15 results and 0 failures
individual accuracies [0.344, 0.3033, 0.403, 0.3829, 0.2906, 0.4255, 0.3308, 0.3452]
malicious is ['0', '0', '0', '0', '0', '0', '0', '0']
Number of Evil Clients: 7
Number of Preset Malicious Clients is 0
Number of Preset Benign Clients is 8
Average poisoning accuracy: 0.8520142857142857
accuracies is [(0.3374, -1), (0.41425, 0)]
accuracies is [(0.3374, -1), (0.41425, 0)]
benign class is -1
malicious class is 0
Final Clustering acc is 0.75
0 added to evil list
Target label is 9
length of good results is 8 and length of bad results is 0
acc_diff is 0
Other cases
Evaluate
Global Poisoning Accuracy: 0.0469
[2024-03-04 03:08:03,530][flwr][INFO] - fit progress: (19, 138.9326742887497, {'accuracy': 0.4113}, 4250.202528749127)
Configure Evaluate
[2024-03-04 03:08:03,531][flwr][DEBUG] - evaluate_round 19: strategy sampled 15 clients (out of 50)
[2024-03-04 03:08:17,123][flwr][DEBUG] - evaluate_round 19 received 15 results and 0 failures
Aggregate evaluate
Configure Fit
server round: 20
[2024-03-04 03:08:17,124][flwr][DEBUG] - fit_round 20: strategy sampled 15 clients (out of 50)
[2024-03-04 03:11:20,130][flwr][DEBUG] - fit_round 20 received 15 results and 0 failures
individual accuracies [0.3742, 0.3658, 0.3271, 0.3923, 0.381, 0.2623, 0.3593, 0.3536, 0.3806, 0.3055]
malicious is ['0', '0', '0', '0', '0', '0', '0', '0', '0', '0']
Number of Evil Clients: 5
Number of Preset Malicious Clients is 0
Number of Preset Benign Clients is 10
Average poisoning accuracy: 0.8441599999999999
accuracies is [(0.31825, -1), (0.3734, 0), (0.34035000000000004, 1), (0.3758, 2), (0.34304999999999997, 3)]
accuracies is [(0.31825, -1), (0.3734, 0)]
benign class is -1
malicious class is 0
Final Clustering acc is 0.6
0 added to evil list
Target label is 9
length of good results is 10 and length of bad results is 0
acc_diff is 0
Other cases
Evaluate
Global Poisoning Accuracy: 0.1161
[2024-03-04 03:11:53,208][flwr][INFO] - fit progress: (20, 137.458829164505, {'accuracy': 0.4335}, 4479.879806061974)
Configure Evaluate
[2024-03-04 03:11:53,208][flwr][DEBUG] - evaluate_round 20: strategy sampled 15 clients (out of 50)
[2024-03-04 03:12:06,508][flwr][DEBUG] - evaluate_round 20 received 15 results and 0 failures
Aggregate evaluate
Configure Fit
server round: 21
[2024-03-04 03:12:06,508][flwr][DEBUG] - fit_round 21: strategy sampled 15 clients (out of 50)
[2024-03-04 03:14:59,550][flwr][DEBUG] - fit_round 21 received 15 results and 0 failures
individual accuracies [0.4265, 0.3658, 0.3664, 0.3726, 0.3304, 0.3147, 0.3458, 0.4082, 0.3797]
malicious is ['0', '0', '0', '0', '0', '0', '0', '0', '0']
Number of Evil Clients: 6
Number of Preset Malicious Clients is 0
Number of Preset Benign Clients is 9
Average poisoning accuracy: 0.8473
accuracies is [(0.3664, -1), (0.34365, 0)]
accuracies is [(0.3664, -1), (0.34365, 0)]
benign class is -1
malicious class is 0
Final Clustering acc is 0.7777777777777778
0 added to evil list
Target label is 9
length of good results is 9 and length of bad results is 0
acc_diff is 0
Other cases
Evaluate
Global Poisoning Accuracy: 0.1399
[2024-03-04 03:15:31,531][flwr][INFO] - fit progress: (21, 141.0169701576233, {'accuracy': 0.4277}, 4698.203305604169)
Configure Evaluate
[2024-03-04 03:15:31,531][flwr][DEBUG] - evaluate_round 21: strategy sampled 15 clients (out of 50)
[2024-03-04 03:15:44,948][flwr][DEBUG] - evaluate_round 21 received 15 results and 0 failures
Aggregate evaluate
Configure Fit
server round: 22
[2024-03-04 03:15:44,949][flwr][DEBUG] - fit_round 22: strategy sampled 15 clients (out of 50)
[2024-03-04 03:19:09,565][flwr][DEBUG] - fit_round 22 received 15 results and 0 failures
individual accuracies [0.3747, 0.3999, 0.3383, 0.4124, 0.3346, 0.3199, 0.3637]
malicious is ['0', '0', '0', '0', '0', '0', '0']
Number of Evil Clients: 8
Number of Preset Malicious Clients is 0
Number of Preset Benign Clients is 7
Average poisoning accuracy: 0.8876000000000001
accuracies is [(0.3383, -1), (0.39354999999999996, 0)]
accuracies is [(0.3383, -1), (0.39354999999999996, 0)]
benign class is -1
malicious class is 0
Final Clustering acc is 0.7142857142857143
0 added to evil list
Target label is 9
length of good results is 7 and length of bad results is 0
acc_diff is 0
Other cases
Evaluate
Global Poisoning Accuracy: 0.0672
[2024-03-04 03:19:41,767][flwr][INFO] - fit progress: (22, 143.4290452003479, {'accuracy': 0.4239}, 4948.439320088131)
Configure Evaluate
[2024-03-04 03:19:41,767][flwr][DEBUG] - evaluate_round 22: strategy sampled 15 clients (out of 50)
[2024-03-04 03:19:55,386][flwr][DEBUG] - evaluate_round 22 received 15 results and 0 failures
Aggregate evaluate
Configure Fit
server round: 23
[2024-03-04 03:19:55,387][flwr][DEBUG] - fit_round 23: strategy sampled 15 clients (out of 50)
[2024-03-04 03:22:40,127][flwr][DEBUG] - fit_round 23 received 15 results and 0 failures
individual accuracies [0.3595, 0.2686, 0.3553, 0.3497, 0.3354, 0.3748, 0.3051, 0.3996, 0.401, 0.3842, 0.3534]
malicious is ['0', '0', '0', '0', '0', '0', '0', '0', '0', '0', '0']
Number of Evil Clients: 4
Number of Preset Malicious Clients is 0
Number of Preset Benign Clients is 11
Average poisoning accuracy: 0.8675250000000001
accuracies is [(0.3444, -1), (0.37955, 0), (0.3302, 1), (0.3748, 2)]
accuracies is [(0.3444, -1), (0.37955, 0)]
benign class is -1
malicious class is 0
Final Clustering acc is 0.5454545454545454
0 added to evil list
Target label is 9
length of good results is 11 and length of bad results is 0
acc_diff is 0
Other cases
Evaluate
Global Poisoning Accuracy: 0.1072
[2024-03-04 03:23:11,471][flwr][INFO] - fit progress: (23, 140.48292911052704, {'accuracy': 0.4287}, 5158.142860914115)
Configure Evaluate
[2024-03-04 03:23:11,471][flwr][DEBUG] - evaluate_round 23: strategy sampled 15 clients (out of 50)
[2024-03-04 03:23:24,973][flwr][DEBUG] - evaluate_round 23 received 15 results and 0 failures
Aggregate evaluate
Configure Fit
server round: 24
[2024-03-04 03:23:24,974][flwr][DEBUG] - fit_round 24: strategy sampled 15 clients (out of 50)
[2024-03-04 03:26:18,101][flwr][DEBUG] - fit_round 24 received 15 results and 0 failures
individual accuracies [0.4158, 0.3395, 0.3985, 0.354, 0.4048, 0.3459, 0.4316, 0.4126]
malicious is ['0', '0', '0', '0', '0', '0', '0', '0']
Number of Evil Clients: 7
Number of Preset Malicious Clients is 0
Number of Preset Benign Clients is 8
Average poisoning accuracy: 0.877
accuracies is [(0.37939999999999996, -1), (0.40715, 0)]
accuracies is [(0.37939999999999996, -1), (0.40715, 0)]
benign class is -1
malicious class is 0
Final Clustering acc is 0.75
0 added to evil list
Target label is 9
length of good results is 8 and length of bad results is 0
acc_diff is 0
Other cases
Evaluate
Global Poisoning Accuracy: 0.0721
[2024-03-04 03:26:49,648][flwr][INFO] - fit progress: (24, 143.9929177761078, {'accuracy': 0.4235}, 5376.320591807133)
Configure Evaluate
[2024-03-04 03:26:49,649][flwr][DEBUG] - evaluate_round 24: strategy sampled 15 clients (out of 50)
[2024-03-04 03:27:03,534][flwr][DEBUG] - evaluate_round 24 received 15 results and 0 failures
Aggregate evaluate
Configure Fit
server round: 25
[2024-03-04 03:27:03,535][flwr][DEBUG] - fit_round 25: strategy sampled 15 clients (out of 50)
[2024-03-04 03:29:33,359][flwr][DEBUG] - fit_round 25 received 15 results and 0 failures
individual accuracies [0.3999, 0.3965, 0.3909, 0.4367, 0.3622, 0.3622, 0.3568, 0.3863]
malicious is ['0', '0', '0', '0', '0', '0', '0', '0']
Number of Evil Clients: 7
Number of Preset Malicious Clients is 0
Number of Preset Benign Clients is 8
Average poisoning accuracy: 0.8574857142857143
accuracies is [(0.37424999999999997, -1), (0.3954, 0)]
accuracies is [(0.37424999999999997, -1), (0.3954, 0)]
benign class is -1
malicious class is 0
Final Clustering acc is 0.75
0 added to evil list
Target label is 9
length of good results is 8 and length of bad results is 0
acc_diff is 0
Other cases
Evaluate
Global Poisoning Accuracy: 0.0459
[2024-03-04 03:30:05,370][flwr][INFO] - fit progress: (25, 144.38969147205353, {'accuracy': 0.4191}, 5572.041687639197)
Configure Evaluate
[2024-03-04 03:30:05,370][flwr][DEBUG] - evaluate_round 25: strategy sampled 15 clients (out of 50)
[2024-03-04 03:30:18,873][flwr][DEBUG] - evaluate_round 25 received 15 results and 0 failures
Aggregate evaluate
Configure Fit
server round: 26
[2024-03-04 03:30:18,873][flwr][DEBUG] - fit_round 26: strategy sampled 15 clients (out of 50)
[2024-03-04 03:33:17,483][flwr][DEBUG] - fit_round 26 received 15 results and 0 failures
individual accuracies [0.3737, 0.3033, 0.4082, 0.4023, 0.3595, 0.421, 0.3179, 0.3927, 0.3895, 0.2988]
malicious is ['0', '0', '0', '0', '0', '0', '0', '0', '0', '0']
Number of Evil Clients: 5
Number of Preset Malicious Clients is 0
Number of Preset Benign Clients is 10
Average poisoning accuracy: 0.85584
accuracies is [(0.3816, -1), (0.39025, 0)]
accuracies is [(0.3816, -1), (0.39025, 0)]
benign class is -1
malicious class is 0
Final Clustering acc is 0.8
0 added to evil list
Target label is 9
length of good results is 10 and length of bad results is 0
acc_diff is 0
Other cases
Evaluate
Global Poisoning Accuracy: 0.1061
[2024-03-04 03:33:47,929][flwr][INFO] - fit progress: (26, 143.7996038198471, {'accuracy': 0.4324}, 5794.600715339184)
Configure Evaluate
[2024-03-04 03:33:47,929][flwr][DEBUG] - evaluate_round 26: strategy sampled 15 clients (out of 50)
[2024-03-04 03:34:01,813][flwr][DEBUG] - evaluate_round 26 received 15 results and 0 failures
Aggregate evaluate
Configure Fit
server round: 27
[2024-03-04 03:34:01,813][flwr][DEBUG] - fit_round 27: strategy sampled 15 clients (out of 50)
[2024-03-04 03:37:00,074][flwr][DEBUG] - fit_round 27 received 15 results and 0 failures
individual accuracies [0.4045, 0.3926, 0.4129, 0.3818, 0.3425]
malicious is ['0', '0', '0', '0', '0']
Number of Evil Clients: 10
Number of Preset Malicious Clients is 0
Number of Preset Benign Clients is 5
Average poisoning accuracy: 0.8513300000000001
accuracies is [(0.3818, -1), (0.39855, 0)]
accuracies is [(0.3818, -1), (0.39855, 0)]
benign class is -1
malicious class is 0
Final Clustering acc is 0.6
0 added to evil list
Target label is 9
length of good results is 5 and length of bad results is 0
acc_diff is 0
Other cases
Evaluate
Global Poisoning Accuracy: 0.1175
[2024-03-04 03:37:34,622][flwr][INFO] - fit progress: (27, 146.4549664258957, {'accuracy': 0.4328}, 6021.294502511155)
Configure Evaluate
[2024-03-04 03:37:34,623][flwr][DEBUG] - evaluate_round 27: strategy sampled 15 clients (out of 50)
[2024-03-04 03:37:48,428][flwr][DEBUG] - evaluate_round 27 received 15 results and 0 failures
Aggregate evaluate
Configure Fit
server round: 28
[2024-03-04 03:37:48,428][flwr][DEBUG] - fit_round 28: strategy sampled 15 clients (out of 50)
[2024-03-04 03:40:42,266][flwr][DEBUG] - fit_round 28 received 15 results and 0 failures
individual accuracies [0.4003, 0.3973, 0.4153, 0.3391, 0.3708, 0.3845, 0.3668, 0.3084, 0.4258]
malicious is ['0', '0', '0', '0', '0', '0', '0', '0', '0']
Number of Evil Clients: 6
Number of Preset Malicious Clients is 0
Number of Preset Benign Clients is 9
Average poisoning accuracy: 0.8556833333333334
accuracies is [(0.3845, -1), (0.36970000000000003, 0), (0.38405, 1), (0.3963, 2)]
accuracies is [(0.3845, -1), (0.36970000000000003, 0)]
benign class is -1
malicious class is 0
Final Clustering acc is 0.7777777777777778
0 added to evil list
Target label is 9
length of good results is 9 and length of bad results is 0
acc_diff is 0
Other cases
Evaluate
Global Poisoning Accuracy: 0.1197
[2024-03-04 03:41:15,660][flwr][INFO] - fit progress: (28, 144.71936810016632, {'accuracy': 0.4318}, 6242.332450042013)
Configure Evaluate
[2024-03-04 03:41:15,660][flwr][DEBUG] - evaluate_round 28: strategy sampled 15 clients (out of 50)
[2024-03-04 03:41:29,240][flwr][DEBUG] - evaluate_round 28 received 15 results and 0 failures
Aggregate evaluate
Configure Fit
server round: 29
[2024-03-04 03:41:29,240][flwr][DEBUG] - fit_round 29: strategy sampled 15 clients (out of 50)
[2024-03-04 03:44:45,752][flwr][DEBUG] - fit_round 29 received 15 results and 0 failures
individual accuracies [0.3026, 0.4037, 0.3962, 0.4035, 0.3857, 0.3491, 0.4262]
malicious is ['0', '0', '0', '0', '0', '0', '0']
Number of Evil Clients: 8
Number of Preset Malicious Clients is 0
Number of Preset Benign Clients is 7
Average poisoning accuracy: 0.863625
accuracies is [(0.3491, -1), (0.39995, 0), (0.3946, 1)]
accuracies is [(0.3491, -1), (0.39995, 0)]
benign class is -1
malicious class is 0
Final Clustering acc is 0.42857142857142855
0 added to evil list
Target label is 9
length of good results is 7 and length of bad results is 0
acc_diff is 0
Other cases
Evaluate
Global Poisoning Accuracy: 0.0978
[2024-03-04 03:45:19,113][flwr][INFO] - fit progress: (29, 150.25137966871262, {'accuracy': 0.4186}, 6485.785354509018)
Configure Evaluate
[2024-03-04 03:45:19,113][flwr][DEBUG] - evaluate_round 29: strategy sampled 15 clients (out of 50)
[2024-03-04 03:45:32,864][flwr][DEBUG] - evaluate_round 29 received 15 results and 0 failures
Aggregate evaluate
Configure Fit
server round: 30
[2024-03-04 03:45:32,865][flwr][DEBUG] - fit_round 30: strategy sampled 15 clients (out of 50)
[2024-03-04 03:48:17,725][flwr][DEBUG] - fit_round 30 received 15 results and 0 failures
individual accuracies [0.4062, 0.4263, 0.4267, 0.4001, 0.3718, 0.3865, 0.4079, 0.4242, 0.4053, 0.3481, 0.4069]
malicious is ['0', '0', '0', '0', '0', '0', '0', '0', '0', '0', '0']
Number of Evil Clients: 4
Number of Preset Malicious Clients is 0
Number of Preset Benign Clients is 11
Average poisoning accuracy: 0.8387500000000001
accuracies is [(0.4062, -1), (0.41475, 0)]
accuracies is [(0.4062, -1), (0.41475, 0)]
benign class is -1
malicious class is 0
Final Clustering acc is 0.8181818181818182
0 added to evil list
Target label is 9
length of good results is 11 and length of bad results is 0
acc_diff is 0
Other cases
Evaluate
Global Poisoning Accuracy: 0.0947
[2024-03-04 03:48:50,227][flwr][INFO] - fit progress: (30, 145.55945843458176, {'accuracy': 0.4335}, 6696.898947355105)
Configure Evaluate
[2024-03-04 03:48:50,227][flwr][DEBUG] - evaluate_round 30: strategy sampled 15 clients (out of 50)
[2024-03-04 03:49:04,099][flwr][DEBUG] - evaluate_round 30 received 15 results and 0 failures
Aggregate evaluate
Configure Fit
server round: 31
[2024-03-04 03:49:04,100][flwr][DEBUG] - fit_round 31: strategy sampled 15 clients (out of 50)
[2024-03-04 03:52:11,273][flwr][DEBUG] - fit_round 31 received 15 results and 0 failures
individual accuracies [0.4057, 0.3484, 0.3983, 0.3883, 0.3967, 0.3688, 0.4205]
malicious is ['0', '0', '0', '0', '0', '0', '0']
Number of Evil Clients: 8
Number of Preset Malicious Clients is 0
Number of Preset Benign Clients is 7
Average poisoning accuracy: 0.8280750000000001
accuracies is [(0.3983, -1), (0.39249999999999996, 0)]
accuracies is [(0.3983, -1), (0.39249999999999996, 0)]
benign class is -1
malicious class is 0
Final Clustering acc is 0.7142857142857143
0 added to evil list
Target label is 9
length of good results is 7 and length of bad results is 0
acc_diff is 0
Other cases
Evaluate
Global Poisoning Accuracy: 0.1342
[2024-03-04 03:52:46,210][flwr][INFO] - fit progress: (31, 148.24759948253632, {'accuracy': 0.437}, 6932.8818931421265)
Configure Evaluate
[2024-03-04 03:52:46,210][flwr][DEBUG] - evaluate_round 31: strategy sampled 15 clients (out of 50)
[2024-03-04 03:52:59,691][flwr][DEBUG] - evaluate_round 31 received 15 results and 0 failures
Aggregate evaluate
Configure Fit
server round: 32
[2024-03-04 03:52:59,691][flwr][DEBUG] - fit_round 32: strategy sampled 15 clients (out of 50)
[2024-03-04 03:55:58,566][flwr][DEBUG] - fit_round 32 received 15 results and 0 failures
individual accuracies [0.4336, 0.3587, 0.3614, 0.4188, 0.3148, 0.3614, 0.4294, 0.4005, 0.2977, 0.4039]
malicious is ['0', '0', '0', '0', '0', '0', '0', '0', '0', '0']
Number of Evil Clients: 5
Number of Preset Malicious Clients is 0
Number of Preset Benign Clients is 10
Average poisoning accuracy: 0.87582
accuracies is [(0.36005, -1), (0.40965, 0)]
accuracies is [(0.36005, -1), (0.40965, 0)]
benign class is -1
malicious class is 0
Final Clustering acc is 0.6
0 added to evil list
Target label is 9
length of good results is 10 and length of bad results is 0
acc_diff is 0
Other cases
Evaluate
Global Poisoning Accuracy: 0.1124
[2024-03-04 03:56:31,210][flwr][INFO] - fit progress: (32, 151.74475920200348, {'accuracy': 0.4241}, 7157.882077496033)
Configure Evaluate
[2024-03-04 03:56:31,210][flwr][DEBUG] - evaluate_round 32: strategy sampled 15 clients (out of 50)
[2024-03-04 03:56:44,756][flwr][DEBUG] - evaluate_round 32 received 15 results and 0 failures
Aggregate evaluate
Configure Fit
server round: 33
[2024-03-04 03:56:44,756][flwr][DEBUG] - fit_round 33: strategy sampled 15 clients (out of 50)
[2024-03-04 03:59:24,600][flwr][DEBUG] - fit_round 33 received 15 results and 0 failures
individual accuracies [0.4288, 0.4038, 0.3864, 0.4121, 0.3841, 0.4175, 0.312, 0.4207]
malicious is ['0', '0', '0', '0', '0', '0', '0', '0']
Number of Evil Clients: 7
Number of Preset Malicious Clients is 0
Number of Preset Benign Clients is 8
Average poisoning accuracy: 0.8493857142857143
accuracies is [(0.39925, -1), (0.42315, 0), (0.39395, 1)]
accuracies is [(0.39925, -1), (0.42315, 0)]
benign class is -1
malicious class is 0
Final Clustering acc is 0.75
0 added to evil list
Target label is 9
length of good results is 8 and length of bad results is 0
acc_diff is 0
Other cases
Evaluate
Global Poisoning Accuracy: 0.1427
[2024-03-04 03:59:57,378][flwr][INFO] - fit progress: (33, 148.1216423511505, {'accuracy': 0.4346}, 7364.04996925802)
Configure Evaluate
[2024-03-04 03:59:57,378][flwr][DEBUG] - evaluate_round 33: strategy sampled 15 clients (out of 50)
[2024-03-04 04:00:11,122][flwr][DEBUG] - evaluate_round 33 received 15 results and 0 failures
Aggregate evaluate
Configure Fit
server round: 34
[2024-03-04 04:00:11,123][flwr][DEBUG] - fit_round 34: strategy sampled 15 clients (out of 50)
[2024-03-04 04:03:00,543][flwr][DEBUG] - fit_round 34 received 15 results and 0 failures
individual accuracies [0.4091, 0.391, 0.3798, 0.3839, 0.3595, 0.4006, 0.4041, 0.3731, 0.3791, 0.3304, 0.4353, 0.4216]
malicious is ['0', '0', '0', '0', '0', '0', '0', '0', '0', '0', '0', '0']
Number of Evil Clients: 3
Number of Preset Malicious Clients is 0
Number of Preset Benign Clients is 12
Average poisoning accuracy: 0.8000666666666666
accuracies is [(0.4353, -1), (0.4091, 0), (0.3731, 1), (0.3798, 2), (0.38180000000000003, 3)]
accuracies is [(0.4353, -1), (0.4091, 0)]
benign class is -1
malicious class is 0
Final Clustering acc is 0.08333333333333333
0 added to evil list
Target label is 9
length of good results is 12 and length of bad results is 0
acc_diff is 0
Other cases
Evaluate
Global Poisoning Accuracy: 0.1128
[2024-03-04 04:03:32,363][flwr][INFO] - fit progress: (34, 152.2173181772232, {'accuracy': 0.4284}, 7579.035015169997)
Configure Evaluate
[2024-03-04 04:03:32,363][flwr][DEBUG] - evaluate_round 34: strategy sampled 15 clients (out of 50)
[2024-03-04 04:03:45,957][flwr][DEBUG] - evaluate_round 34 received 15 results and 0 failures
Aggregate evaluate
Configure Fit
server round: 35
[2024-03-04 04:03:45,958][flwr][DEBUG] - fit_round 35: strategy sampled 15 clients (out of 50)
[2024-03-04 04:06:37,259][flwr][DEBUG] - fit_round 35 received 15 results and 0 failures
individual accuracies [0.4213, 0.3708, 0.4134, 0.3292, 0.376, 0.4192, 0.424, 0.3944]
malicious is ['0', '0', '0', '0', '0', '0', '0', '0']
Number of Evil Clients: 7
Number of Preset Malicious Clients is 0
Number of Preset Benign Clients is 8
Average poisoning accuracy: 0.8438428571428572
accuracies is [(0.3852, -1), (0.42025, 0)]
accuracies is [(0.3852, -1), (0.42025, 0)]
benign class is -1
malicious class is 0
Final Clustering acc is 0.75
0 added to evil list
Target label is 9
length of good results is 8 and length of bad results is 0
acc_diff is 0
Other cases
Evaluate
Global Poisoning Accuracy: 0.1134
[2024-03-04 04:07:10,213][flwr][INFO] - fit progress: (35, 155.49667584896088, {'accuracy': 0.4229}, 7796.88503698702)
Configure Evaluate
[2024-03-04 04:07:10,213][flwr][DEBUG] - evaluate_round 35: strategy sampled 15 clients (out of 50)
[2024-03-04 04:07:23,886][flwr][DEBUG] - evaluate_round 35 received 15 results and 0 failures
Aggregate evaluate
Configure Fit
server round: 36
[2024-03-04 04:07:23,887][flwr][DEBUG] - fit_round 36: strategy sampled 15 clients (out of 50)
[2024-03-04 04:10:30,901][flwr][DEBUG] - fit_round 36 received 15 results and 0 failures
individual accuracies [0.4288, 0.3945, 0.411, 0.4167]
malicious is ['0', '0', '0', '0']
Number of Evil Clients: 11
Number of Preset Malicious Clients is 0
Number of Preset Benign Clients is 4
Average poisoning accuracy: 0.8600000000000001
accuracies is [(0.41385, -1)]
accuracies is [(0.41385, -1)]
benign class is -1
malicious class is 10
Final Clustering acc is 1.0
Target label is 9
length of good results is 4 and length of bad results is 0
acc_diff is 0
Other cases
Evaluate
Global Poisoning Accuracy: 0.1091
[2024-03-04 04:11:03,253][flwr][INFO] - fit progress: (36, 158.12688720226288, {'accuracy': 0.4185}, 8029.925332872197)
Configure Evaluate
[2024-03-04 04:11:03,253][flwr][DEBUG] - evaluate_round 36: strategy sampled 15 clients (out of 50)
[2024-03-04 04:11:16,855][flwr][DEBUG] - evaluate_round 36 received 15 results and 0 failures
Aggregate evaluate
Configure Fit
server round: 37
[2024-03-04 04:11:16,856][flwr][DEBUG] - fit_round 37: strategy sampled 15 clients (out of 50)
[2024-03-04 04:14:04,464][flwr][DEBUG] - fit_round 37 received 15 results and 0 failures
individual accuracies [0.3943, 0.3055, 0.4181, 0.408, 0.3028, 0.388, 0.4079, 0.4058, 0.3619, 0.4202]
malicious is ['0', '0', '0', '0', '0', '0', '0', '0', '0', '0']
Number of Evil Clients: 5
Number of Preset Malicious Clients is 0
Number of Preset Benign Clients is 10
Average poisoning accuracy: 0.84902
accuracies is [(0.398, -1), (0.4062, 0), (0.30415000000000003, 1), (0.40685, 2)]
accuracies is [(0.398, -1), (0.4062, 0)]
benign class is -1
malicious class is 0
Final Clustering acc is 0.6
0 added to evil list
Target label is 9
length of good results is 10 and length of bad results is 0
acc_diff is 0
Other cases
Evaluate
Global Poisoning Accuracy: 0.0788
[2024-03-04 04:14:34,582][flwr][INFO] - fit progress: (37, 156.13988482952118, {'accuracy': 0.4242}, 8241.254185402067)
Configure Evaluate
[2024-03-04 04:14:34,582][flwr][DEBUG] - evaluate_round 37: strategy sampled 15 clients (out of 50)
[2024-03-04 04:14:48,183][flwr][DEBUG] - evaluate_round 37 received 15 results and 0 failures
Aggregate evaluate
Configure Fit
server round: 38
[2024-03-04 04:14:48,183][flwr][DEBUG] - fit_round 38: strategy sampled 15 clients (out of 50)
[2024-03-04 04:17:50,430][flwr][DEBUG] - fit_round 38 received 15 results and 0 failures
individual accuracies [0.4215, 0.3997, 0.3552, 0.4315, 0.4075, 0.3796, 0.4119]
malicious is ['0', '0', '0', '0', '0', '0', '0']
Number of Evil Clients: 8
Number of Preset Malicious Clients is 0
Number of Preset Benign Clients is 7
Average poisoning accuracy: 0.8609499999999999
accuracies is [(0.4119, -1), (0.41059999999999997, 0), (0.38134999999999997, 1)]
accuracies is [(0.4119, -1), (0.41059999999999997, 0)]
benign class is -1
malicious class is 0
Final Clustering acc is 0.42857142857142855
0 added to evil list
Target label is 9
length of good results is 7 and length of bad results is 0
acc_diff is 0
Other cases
Evaluate
Global Poisoning Accuracy: 0.0986
[2024-03-04 04:18:22,941][flwr][INFO] - fit progress: (38, 150.04974937438965, {'accuracy': 0.4321}, 8469.613433154998)
Configure Evaluate
[2024-03-04 04:18:22,942][flwr][DEBUG] - evaluate_round 38: strategy sampled 15 clients (out of 50)
[2024-03-04 04:18:36,651][flwr][DEBUG] - evaluate_round 38 received 15 results and 0 failures
Aggregate evaluate
Configure Fit
server round: 39
[2024-03-04 04:18:36,652][flwr][DEBUG] - fit_round 39: strategy sampled 15 clients (out of 50)
[2024-03-04 04:21:43,438][flwr][DEBUG] - fit_round 39 received 15 results and 0 failures
individual accuracies [0.4102, 0.4116, 0.3154, 0.4272, 0.4181, 0.4253, 0.2877, 0.4343, 0.4124]
malicious is ['0', '0', '0', '0', '0', '0', '0', '0', '0']
Number of Evil Clients: 6
Number of Preset Malicious Clients is 0
Number of Preset Benign Clients is 9
Average poisoning accuracy: 0.86485
accuracies is [(0.3154, -1), (0.41090000000000004, 0), (0.42265, 1), (0.4298, 2)]
accuracies is [(0.3154, -1), (0.41090000000000004, 0)]
benign class is -1
malicious class is 0
Final Clustering acc is 0.3333333333333333
0 added to evil list
Target label is 9
length of good results is 9 and length of bad results is 0
acc_diff is 0
Other cases
Evaluate
Global Poisoning Accuracy: 0.1055
[2024-03-04 04:22:14,972][flwr][INFO] - fit progress: (39, 153.34563720226288, {'accuracy': 0.4232}, 8701.644402496982)
Configure Evaluate
[2024-03-04 04:22:14,972][flwr][DEBUG] - evaluate_round 39: strategy sampled 15 clients (out of 50)
[2024-03-04 04:22:28,636][flwr][DEBUG] - evaluate_round 39 received 15 results and 0 failures
Aggregate evaluate
Configure Fit
server round: 40
[2024-03-04 04:22:28,636][flwr][DEBUG] - fit_round 40: strategy sampled 15 clients (out of 50)
[2024-03-04 04:25:14,361][flwr][DEBUG] - fit_round 40 received 15 results and 0 failures
individual accuracies [0.4132, 0.4152, 0.3567, 0.3281, 0.406, 0.4231, 0.4189, 0.3866, 0.3975, 0.4181]
malicious is ['0', '0', '0', '0', '0', '0', '0', '0', '0', '0']
Number of Evil Clients: 5
Number of Preset Malicious Clients is 0
Number of Preset Benign Clients is 10
Average poisoning accuracy: 0.85972
accuracies is [(0.3975, -1), (0.4142, 0), (0.4181, 1)]
accuracies is [(0.3975, -1), (0.4142, 0)]
benign class is -1
malicious class is 0
Final Clustering acc is 0.5
0 added to evil list
Target label is 9
length of good results is 10 and length of bad results is 0
acc_diff is 0
Other cases
Evaluate
Global Poisoning Accuracy: 0.1042
[2024-03-04 04:25:46,335][flwr][INFO] - fit progress: (40, 156.75868570804596, {'accuracy': 0.4193}, 8913.006880992092)
Configure Evaluate
[2024-03-04 04:25:46,335][flwr][DEBUG] - evaluate_round 40: strategy sampled 15 clients (out of 50)
[2024-03-04 04:26:00,119][flwr][DEBUG] - evaluate_round 40 received 15 results and 0 failures
Aggregate evaluate
Configure Fit
server round: 41
[2024-03-04 04:26:00,119][flwr][DEBUG] - fit_round 41: strategy sampled 15 clients (out of 50)
[2024-03-04 04:28:50,974][flwr][DEBUG] - fit_round 41 received 15 results and 0 failures
individual accuracies [0.4133, 0.4176, 0.3222, 0.3441, 0.4161, 0.4141, 0.3835, 0.388]
malicious is ['0', '0', '0', '0', '0', '0', '0', '0']
Number of Evil Clients: 7
Number of Preset Malicious Clients is 0
Number of Preset Benign Clients is 8
Average poisoning accuracy: 0.8108714285714286
accuracies is [(0.36605, -1), (0.3984, 0), (0.41685000000000005, 1)]
accuracies is [(0.36605, -1), (0.3984, 0)]
benign class is -1
malicious class is 0
Final Clustering acc is 0.5
0 added to evil list
Target label is 9
length of good results is 8 and length of bad results is 0
acc_diff is 0
Other cases
Evaluate
Global Poisoning Accuracy: 0.0961
[2024-03-04 04:29:23,494][flwr][INFO] - fit progress: (41, 154.2711706161499, {'accuracy': 0.4272}, 9130.166452749167)
Configure Evaluate
[2024-03-04 04:29:23,495][flwr][DEBUG] - evaluate_round 41: strategy sampled 15 clients (out of 50)
[2024-03-04 04:29:37,414][flwr][DEBUG] - evaluate_round 41 received 15 results and 0 failures
Aggregate evaluate
Configure Fit
server round: 42
[2024-03-04 04:29:37,415][flwr][DEBUG] - fit_round 42: strategy sampled 15 clients (out of 50)
[2024-03-04 04:32:50,014][flwr][DEBUG] - fit_round 42 received 15 results and 0 failures
individual accuracies [0.3684, 0.4149, 0.3786, 0.407, 0.4183]
malicious is ['0', '0', '0', '0', '0']
Number of Evil Clients: 10
Number of Preset Malicious Clients is 0
Number of Preset Benign Clients is 5
Average poisoning accuracy: 0.8481099999999999
accuracies is [(0.407, -1)]
accuracies is [(0.407, -1)]
benign class is -1
malicious class is 10
Final Clustering acc is 1.0
Target label is 9
length of good results is 5 and length of bad results is 0
acc_diff is 0
Other cases
Evaluate
Global Poisoning Accuracy: 0.1008
[2024-03-04 04:33:23,757][flwr][INFO] - fit progress: (42, 154.21045303344727, {'accuracy': 0.4304}, 9370.429681255016)
Configure Evaluate
[2024-03-04 04:33:23,758][flwr][DEBUG] - evaluate_round 42: strategy sampled 15 clients (out of 50)
[2024-03-04 04:33:37,229][flwr][DEBUG] - evaluate_round 42 received 15 results and 0 failures
Aggregate evaluate
Configure Fit
server round: 43
[2024-03-04 04:33:37,230][flwr][DEBUG] - fit_round 43: strategy sampled 15 clients (out of 50)
[2024-03-04 04:36:55,683][flwr][DEBUG] - fit_round 43 received 15 results and 0 failures
individual accuracies [0.4247, 0.4116, 0.3629, 0.3925, 0.3829, 0.4075]
malicious is ['0', '0', '0', '0', '0', '0']
Number of Evil Clients: 9
Number of Preset Malicious Clients is 0
Number of Preset Benign Clients is 6
Average poisoning accuracy: 0.8564666666666666
accuracies is [(0.40205, -1), (0.4161, 0), (0.3729, 1)]
accuracies is [(0.40205, -1), (0.4161, 0)]
benign class is -1
malicious class is 0
Final Clustering acc is 0.6666666666666666
0 added to evil list
Target label is 9
length of good results is 6 and length of bad results is 0
acc_diff is 0
Other cases
Evaluate
Global Poisoning Accuracy: 0.1019
[2024-03-04 04:37:29,036][flwr][INFO] - fit progress: (43, 154.43824100494385, {'accuracy': 0.431}, 9615.708648208063)
Configure Evaluate
[2024-03-04 04:37:29,037][flwr][DEBUG] - evaluate_round 43: strategy sampled 15 clients (out of 50)
[2024-03-04 04:37:42,528][flwr][DEBUG] - evaluate_round 43 received 15 results and 0 failures
Aggregate evaluate
Configure Fit
server round: 44
[2024-03-04 04:37:42,528][flwr][DEBUG] - fit_round 44: strategy sampled 15 clients (out of 50)
[2024-03-04 04:40:25,680][flwr][DEBUG] - fit_round 44 received 15 results and 0 failures
individual accuracies [0.4122, 0.4195, 0.3765, 0.3988, 0.4274, 0.4051, 0.3676, 0.4059, 0.4218, 0.3732, 0.4173]
malicious is ['0', '0', '0', '0', '0', '0', '0', '0', '0', '0', '0']
Number of Evil Clients: 4
Number of Preset Malicious Clients is 0
Number of Preset Benign Clients is 11
Average poisoning accuracy: 0.8437749999999999
accuracies is [(0.38765, -1), (0.4122, 0), (0.41955, 1)]
accuracies is [(0.38765, -1), (0.4122, 0)]
benign class is -1
malicious class is 0
Final Clustering acc is 0.36363636363636365
0 added to evil list
Target label is 9
length of good results is 11 and length of bad results is 0
acc_diff is 0
Other cases
Evaluate
Global Poisoning Accuracy: 0.1123
[2024-03-04 04:40:56,980][flwr][INFO] - fit progress: (44, 155.0303395986557, {'accuracy': 0.4311}, 9823.652149965987)
Configure Evaluate
[2024-03-04 04:40:56,980][flwr][DEBUG] - evaluate_round 44: strategy sampled 15 clients (out of 50)
[2024-03-04 04:41:10,567][flwr][DEBUG] - evaluate_round 44 received 15 results and 0 failures
Aggregate evaluate
Configure Fit
server round: 45
[2024-03-04 04:41:10,567][flwr][DEBUG] - fit_round 45: strategy sampled 15 clients (out of 50)
[2024-03-04 04:43:52,306][flwr][DEBUG] - fit_round 45 received 15 results and 0 failures
individual accuracies [0.4166, 0.425, 0.418, 0.3405, 0.4298, 0.392, 0.4104, 0.3869, 0.4072, 0.3915, 0.4361]
malicious is ['0', '0', '0', '0', '0', '0', '0', '0', '0', '0', '0']
Number of Evil Clients: 4
Number of Preset Malicious Clients is 0
Number of Preset Benign Clients is 11
Average poisoning accuracy: 0.810275
accuracies is [(0.392, -1), (0.41190000000000004, 0), (0.4142, 1)]
accuracies is [(0.392, -1), (0.41190000000000004, 0)]
benign class is -1
malicious class is 0
Final Clustering acc is 0.6363636363636364
0 added to evil list
Target label is 9
length of good results is 11 and length of bad results is 0
acc_diff is 0
Other cases
Evaluate
Global Poisoning Accuracy: 0.1037
[2024-03-04 04:44:23,195][flwr][INFO] - fit progress: (45, 151.58800172805786, {'accuracy': 0.4364}, 10029.866941072047)
Configure Evaluate
[2024-03-04 04:44:23,195][flwr][DEBUG] - evaluate_round 45: strategy sampled 15 clients (out of 50)
[2024-03-04 04:44:36,833][flwr][DEBUG] - evaluate_round 45 received 15 results and 0 failures
Aggregate evaluate
Configure Fit
server round: 46
[2024-03-04 04:44:36,833][flwr][DEBUG] - fit_round 46: strategy sampled 15 clients (out of 50)
[2024-03-04 04:47:46,624][flwr][DEBUG] - fit_round 46 received 15 results and 0 failures
individual accuracies [0.4045, 0.4171, 0.2888, 0.3968, 0.4333, 0.4058, 0.3991, 0.4159]
malicious is ['0', '0', '0', '0', '0', '0', '0', '0']
Number of Evil Clients: 7
Number of Preset Malicious Clients is 0
Number of Preset Benign Clients is 8
Average poisoning accuracy: 0.8225857142857144
accuracies is [(0.3991, -1), (0.4171, 0)]
accuracies is [(0.3991, -1), (0.4171, 0)]
benign class is -1
malicious class is 0
Final Clustering acc is 0.625
0 added to evil list
Target label is 9
length of good results is 8 and length of bad results is 0
acc_diff is 0
Other cases
Evaluate
Global Poisoning Accuracy: 0.0778
[2024-03-04 04:48:19,797][flwr][INFO] - fit progress: (46, 152.6884881258011, {'accuracy': 0.4297}, 10266.469005458057)
Configure Evaluate
[2024-03-04 04:48:19,797][flwr][DEBUG] - evaluate_round 46: strategy sampled 15 clients (out of 50)
[2024-03-04 04:48:33,241][flwr][DEBUG] - evaluate_round 46 received 15 results and 0 failures
Aggregate evaluate
Configure Fit
server round: 47
[2024-03-04 04:48:33,241][flwr][DEBUG] - fit_round 47: strategy sampled 15 clients (out of 50)
[2024-03-04 04:51:06,153][flwr][DEBUG] - fit_round 47 received 15 results and 0 failures
individual accuracies [0.4296, 0.424, 0.3747, 0.4168, 0.4096, 0.4113, 0.3461, 0.4132, 0.4161]
malicious is ['0', '0', '0', '0', '0', '0', '0', '0', '0']
Number of Evil Clients: 6
Number of Preset Malicious Clients is 0
Number of Preset Benign Clients is 9
Average poisoning accuracy: 0.8418499999999999
accuracies is [(0.4096, -1), (0.42679999999999996, 0), (0.41645, 1), (0.37870000000000004, 2)]
accuracies is [(0.4096, -1), (0.42679999999999996, 0)]
benign class is -1
malicious class is 0
Final Clustering acc is 0.7777777777777778
0 added to evil list
Target label is 9
length of good results is 9 and length of bad results is 0
acc_diff is 0
Other cases
Evaluate
Global Poisoning Accuracy: 0.1028
[2024-03-04 04:51:39,036][flwr][INFO] - fit progress: (47, 152.5820620059967, {'accuracy': 0.4325}, 10465.708495347993)
Configure Evaluate
[2024-03-04 04:51:39,037][flwr][DEBUG] - evaluate_round 47: strategy sampled 15 clients (out of 50)
[2024-03-04 04:51:52,529][flwr][DEBUG] - evaluate_round 47 received 15 results and 0 failures
Aggregate evaluate
Configure Fit
server round: 48
[2024-03-04 04:51:52,530][flwr][DEBUG] - fit_round 48: strategy sampled 15 clients (out of 50)
[2024-03-04 04:54:50,547][flwr][DEBUG] - fit_round 48 received 15 results and 0 failures
individual accuracies [0.4113, 0.4275, 0.4097, 0.4094, 0.4207, 0.4165]
malicious is ['0', '0', '0', '0', '0', '0']
Number of Evil Clients: 9
Number of Preset Malicious Clients is 0
Number of Preset Benign Clients is 6
Average poisoning accuracy: 0.8089888888888888
accuracies is [(0.4139, -1)]
accuracies is [(0.4139, -1)]
benign class is -1
malicious class is 10
Final Clustering acc is 1.0
Target label is 9
length of good results is 6 and length of bad results is 0
acc_diff is 0
Other cases
Evaluate
Global Poisoning Accuracy: 0.0945
[2024-03-04 04:55:21,224][flwr][INFO] - fit progress: (48, 153.69870591163635, {'accuracy': 0.439}, 10687.896354747005)
Configure Evaluate
[2024-03-04 04:55:21,224][flwr][DEBUG] - evaluate_round 48: strategy sampled 15 clients (out of 50)
[2024-03-04 04:55:34,587][flwr][DEBUG] - evaluate_round 48 received 15 results and 0 failures
Aggregate evaluate
Configure Fit
server round: 49
[2024-03-04 04:55:34,588][flwr][DEBUG] - fit_round 49: strategy sampled 15 clients (out of 50)
[2024-03-04 04:58:17,427][flwr][DEBUG] - fit_round 49 received 15 results and 0 failures
individual accuracies [0.4378, 0.4239, 0.4079, 0.3701, 0.3538, 0.4384, 0.419]
malicious is ['0', '0', '0', '0', '0', '0', '0']
Number of Evil Clients: 8
Number of Preset Malicious Clients is 0
Number of Preset Benign Clients is 7
Average poisoning accuracy: 0.8360624999999999
accuracies is [(0.389, -1), (0.4378, 0)]
accuracies is [(0.389, -1), (0.4378, 0)]
benign class is -1
malicious class is 0
Final Clustering acc is 0.5714285714285714
0 added to evil list
Target label is 9
length of good results is 7 and length of bad results is 0
acc_diff is 0
Other cases
Evaluate
Global Poisoning Accuracy: 0.1214
[2024-03-04 04:58:49,287][flwr][INFO] - fit progress: (49, 159.29327392578125, {'accuracy': 0.4266}, 10895.958972637076)
Configure Evaluate
[2024-03-04 04:58:49,287][flwr][DEBUG] - evaluate_round 49: strategy sampled 15 clients (out of 50)
[2024-03-04 04:59:02,752][flwr][DEBUG] - evaluate_round 49 received 15 results and 0 failures
Aggregate evaluate
Configure Fit
server round: 50
[2024-03-04 04:59:02,752][flwr][DEBUG] - fit_round 50: strategy sampled 15 clients (out of 50)
[2024-03-04 05:02:08,372][flwr][DEBUG] - fit_round 50 received 15 results and 0 failures
individual accuracies [0.404, 0.4241, 0.4286, 0.4158, 0.427, 0.4122, 0.4291, 0.4239, 0.397]
malicious is ['0', '0', '0', '0', '0', '0', '0', '0', '0']
Number of Evil Clients: 6
Number of Preset Malicious Clients is 0
Number of Preset Benign Clients is 9
Average poisoning accuracy: 0.8252166666666666
accuracies is [(0.41405000000000003, -1), (0.427, 0), (0.41985, 1)]
accuracies is [(0.41405000000000003, -1), (0.427, 0)]
benign class is -1
malicious class is 0
Final Clustering acc is 0.6666666666666666
0 added to evil list
Target label is 9
length of good results is 9 and length of bad results is 0
acc_diff is 0
Other cases
Evaluate
Global Poisoning Accuracy: 0.097
[2024-03-04 05:02:38,999][flwr][INFO] - fit progress: (50, 155.07307922840118, {'accuracy': 0.4419}, 11125.670931029133)
Configure Evaluate
[2024-03-04 05:02:38,999][flwr][DEBUG] - evaluate_round 50: strategy sampled 15 clients (out of 50)
[2024-03-04 05:02:52,495][flwr][DEBUG] - evaluate_round 50 received 15 results and 0 failures
Aggregate evaluate
Configure Fit
server round: 51
[2024-03-04 05:02:52,496][flwr][DEBUG] - fit_round 51: strategy sampled 15 clients (out of 50)
[2024-03-04 05:05:28,318][flwr][DEBUG] - fit_round 51 received 15 results and 0 failures
individual accuracies [0.4282, 0.4075, 0.4165, 0.424, 0.4302, 0.4289, 0.4271]
malicious is ['0', '0', '0', '0', '0', '0', '0']
Number of Evil Clients: 8
Number of Preset Malicious Clients is 0
Number of Preset Benign Clients is 7
Average poisoning accuracy: 0.8382499999999999
accuracies is [(0.4271, -1)]
accuracies is [(0.4271, -1)]
benign class is -1
malicious class is 10
Final Clustering acc is 1.0
Target label is 9
length of good results is 7 and length of bad results is 0
acc_diff is 0
Other cases
Evaluate
Global Poisoning Accuracy: 0.0832
[2024-03-04 05:06:01,787][flwr][INFO] - fit progress: (51, 152.8195743560791, {'accuracy': 0.4387}, 11328.45967214997)
Configure Evaluate
[2024-03-04 05:06:01,788][flwr][DEBUG] - evaluate_round 51: strategy sampled 15 clients (out of 50)
[2024-03-04 05:06:15,453][flwr][DEBUG] - evaluate_round 51 received 15 results and 0 failures
Aggregate evaluate
Configure Fit
server round: 52
[2024-03-04 05:06:15,453][flwr][DEBUG] - fit_round 52: strategy sampled 15 clients (out of 50)
[2024-03-04 05:08:40,239][flwr][DEBUG] - fit_round 52 received 15 results and 0 failures
individual accuracies [0.4303, 0.425, 0.4378, 0.3154, 0.4362, 0.3885, 0.4409, 0.4301, 0.4209, 0.4218, 0.4358, 0.4139]
malicious is ['0', '0', '0', '0', '0', '0', '0', '0', '0', '0', '0', '0']
Number of Evil Clients: 3
Number of Preset Malicious Clients is 0
Number of Preset Benign Clients is 12
Average poisoning accuracy: 0.8127666666666666
accuracies is [(0.4094, -1), (0.42295, 0), (0.43395, 1), (0.429, 2)]
accuracies is [(0.4094, -1), (0.42295, 0)]
benign class is -1
malicious class is 0
Final Clustering acc is 0.3333333333333333
0 added to evil list
Target label is 9
length of good results is 12 and length of bad results is 0
acc_diff is 0
Other cases
Evaluate
Global Poisoning Accuracy: 0.1052
[2024-03-04 05:09:11,027][flwr][INFO] - fit progress: (52, 152.32248175144196, {'accuracy': 0.4397}, 11517.699594920035)
Configure Evaluate
[2024-03-04 05:09:11,028][flwr][DEBUG] - evaluate_round 52: strategy sampled 15 clients (out of 50)
[2024-03-04 05:09:24,413][flwr][DEBUG] - evaluate_round 52 received 15 results and 0 failures
Aggregate evaluate
Configure Fit
server round: 53
[2024-03-04 05:09:24,413][flwr][DEBUG] - fit_round 53: strategy sampled 15 clients (out of 50)
[2024-03-04 05:11:51,529][flwr][DEBUG] - fit_round 53 received 15 results and 0 failures
individual accuracies [0.4266, 0.4275, 0.4425, 0.4262, 0.4189, 0.4161, 0.409, 0.4282, 0.399, 0.4272]
malicious is ['0', '0', '0', '0', '0', '0', '0', '0', '0', '0']
Number of Evil Clients: 5
Number of Preset Malicious Clients is 0
Number of Preset Benign Clients is 10
Average poisoning accuracy: 0.8460599999999999
accuracies is [(0.42255, -1), (0.43535, 0), (0.42165, 1)]
accuracies is [(0.42255, -1), (0.43535, 0)]
benign class is -1
malicious class is 0
Final Clustering acc is 0.8
0 added to evil list
Target label is 9
length of good results is 10 and length of bad results is 0
acc_diff is 0
Other cases
Evaluate
Global Poisoning Accuracy: 0.1062
[2024-03-04 05:12:23,927][flwr][INFO] - fit progress: (53, 152.2367000579834, {'accuracy': 0.4382}, 11710.599499710137)
Configure Evaluate
[2024-03-04 05:12:23,928][flwr][DEBUG] - evaluate_round 53: strategy sampled 15 clients (out of 50)
[2024-03-04 05:12:37,406][flwr][DEBUG] - evaluate_round 53 received 15 results and 0 failures
Aggregate evaluate
Configure Fit
server round: 54
[2024-03-04 05:12:37,406][flwr][DEBUG] - fit_round 54: strategy sampled 15 clients (out of 50)
[2024-03-04 05:15:45,924][flwr][DEBUG] - fit_round 54 received 15 results and 0 failures
individual accuracies [0.4262, 0.4013, 0.4074, 0.4289, 0.4114, 0.3912, 0.3711, 0.4224, 0.4231]
malicious is ['0', '0', '0', '0', '0', '0', '0', '0', '0']
Number of Evil Clients: 6
Number of Preset Malicious Clients is 0
Number of Preset Benign Clients is 9
Average poisoning accuracy: 0.8023166666666667
accuracies is [(0.4074, -1), (0.42464999999999997, 0), (0.3862, 1)]
accuracies is [(0.4074, -1), (0.42464999999999997, 0)]
benign class is -1
malicious class is 0
Final Clustering acc is 0.5555555555555556
0 added to evil list
Target label is 9
length of good results is 9 and length of bad results is 0
acc_diff is 0
Other cases
Evaluate
Global Poisoning Accuracy: 0.1004
[2024-03-04 05:16:18,676][flwr][INFO] - fit progress: (54, 155.75597894191742, {'accuracy': 0.4371}, 11945.348092358094)
Configure Evaluate
[2024-03-04 05:16:18,676][flwr][DEBUG] - evaluate_round 54: strategy sampled 15 clients (out of 50)
[2024-03-04 05:16:31,920][flwr][DEBUG] - evaluate_round 54 received 15 results and 0 failures
Aggregate evaluate
Configure Fit
server round: 55
[2024-03-04 05:16:31,921][flwr][DEBUG] - fit_round 55: strategy sampled 15 clients (out of 50)
[2024-03-04 05:19:38,001][flwr][DEBUG] - fit_round 55 received 15 results and 0 failures
individual accuracies [0.4082, 0.4239, 0.4212, 0.4223, 0.411, 0.3693, 0.4027, 0.4067, 0.4276, 0.4231, 0.3553]
malicious is ['0', '0', '0', '0', '0', '0', '0', '0', '0', '0', '0']
Number of Evil Clients: 4
Number of Preset Malicious Clients is 0
Number of Preset Benign Clients is 11
Average poisoning accuracy: 0.8532000000000001
accuracies is [(0.4212, -1), (0.41605000000000003, 0), (0.40685, 1)]
accuracies is [(0.4212, -1), (0.41605000000000003, 0)]
benign class is -1
malicious class is 0
Final Clustering acc is 0.6363636363636364
0 added to evil list
Target label is 9
length of good results is 11 and length of bad results is 0
acc_diff is 0
Other cases
Evaluate
Global Poisoning Accuracy: 0.0853
[2024-03-04 05:20:09,381][flwr][INFO] - fit progress: (55, 156.00567054748535, {'accuracy': 0.4341}, 12176.053140104981)
Configure Evaluate
[2024-03-04 05:20:09,381][flwr][DEBUG] - evaluate_round 55: strategy sampled 15 clients (out of 50)
[2024-03-04 05:20:23,103][flwr][DEBUG] - evaluate_round 55 received 15 results and 0 failures
Aggregate evaluate
Configure Fit
server round: 56
[2024-03-04 05:20:23,103][flwr][DEBUG] - fit_round 56: strategy sampled 15 clients (out of 50)
[2024-03-04 05:23:41,067][flwr][DEBUG] - fit_round 56 received 15 results and 0 failures
individual accuracies [0.4289, 0.4291, 0.4168, 0.3986, 0.3863, 0.4255, 0.3154, 0.3988, 0.4181, 0.4029]
malicious is ['0', '0', '0', '0', '0', '0', '0', '0', '0', '0']
Number of Evil Clients: 5
Number of Preset Malicious Clients is 0
Number of Preset Benign Clients is 10
Average poisoning accuracy: 0.86492
accuracies is [(0.3988, -1), (0.4181, 0)]
accuracies is [(0.3988, -1), (0.4181, 0)]
benign class is -1
malicious class is 0
Final Clustering acc is 0.7
0 added to evil list
Target label is 9
length of good results is 10 and length of bad results is 0
acc_diff is 0
Other cases
Evaluate
Global Poisoning Accuracy: 0.0928
[2024-03-04 05:24:13,641][flwr][INFO] - fit progress: (56, 153.26535630226135, {'accuracy': 0.4353}, 12420.312729898142)
Configure Evaluate
[2024-03-04 05:24:13,641][flwr][DEBUG] - evaluate_round 56: strategy sampled 15 clients (out of 50)
[2024-03-04 05:24:27,200][flwr][DEBUG] - evaluate_round 56 received 15 results and 0 failures
Aggregate evaluate
Configure Fit
server round: 57
[2024-03-04 05:24:27,201][flwr][DEBUG] - fit_round 57: strategy sampled 15 clients (out of 50)
[2024-03-04 05:27:15,851][flwr][DEBUG] - fit_round 57 received 15 results and 0 failures
individual accuracies [0.4158, 0.3823, 0.4106, 0.4283, 0.4323, 0.4234, 0.4048, 0.4248, 0.4216, 0.3861]
malicious is ['0', '0', '0', '0', '0', '0', '0', '0', '0', '0']
Number of Evil Clients: 5
Number of Preset Malicious Clients is 0
Number of Preset Benign Clients is 10
Average poisoning accuracy: 0.83176
accuracies is [(0.3861, -1), (0.4158, 0), (0.4303, 1), (0.4225, 2)]
accuracies is [(0.3861, -1), (0.4158, 0)]
benign class is -1
malicious class is 0
Final Clustering acc is 0.3
0 added to evil list
Target label is 9
length of good results is 10 and length of bad results is 0
acc_diff is 0
Other cases
Evaluate
Global Poisoning Accuracy: 0.1066
[2024-03-04 05:27:47,649][flwr][INFO] - fit progress: (57, 154.82095885276794, {'accuracy': 0.4351}, 12634.321478065103)
Configure Evaluate
[2024-03-04 05:27:47,650][flwr][DEBUG] - evaluate_round 57: strategy sampled 15 clients (out of 50)
[2024-03-04 05:28:01,181][flwr][DEBUG] - evaluate_round 57 received 15 results and 0 failures
Aggregate evaluate
Configure Fit
server round: 58
[2024-03-04 05:28:01,182][flwr][DEBUG] - fit_round 58: strategy sampled 15 clients (out of 50)
[2024-03-04 05:30:57,951][flwr][DEBUG] - fit_round 58 received 15 results and 0 failures
individual accuracies [0.3895, 0.4256, 0.4309, 0.363, 0.4038, 0.416, 0.4365, 0.3834, 0.4063, 0.4215, 0.423]
malicious is ['0', '0', '0', '0', '0', '0', '0', '0', '0', '0', '0']
Number of Evil Clients: 4
Number of Preset Malicious Clients is 0
Number of Preset Benign Clients is 11
Average poisoning accuracy: 0.8783500000000001
accuracies is [(0.38645, -1), (0.41595, 0), (0.423, 1), (0.429, 2)]
accuracies is [(0.38645, -1), (0.41595, 0)]
benign class is -1
malicious class is 0
Final Clustering acc is 0.36363636363636365
0 added to evil list
Target label is 9
length of good results is 11 and length of bad results is 0
acc_diff is 0
Other cases
Evaluate
Global Poisoning Accuracy: 0.0996
[2024-03-04 05:31:29,456][flwr][INFO] - fit progress: (58, 154.48679339885712, {'accuracy': 0.4377}, 12856.12806722615)
Configure Evaluate
[2024-03-04 05:31:29,456][flwr][DEBUG] - evaluate_round 58: strategy sampled 15 clients (out of 50)
[2024-03-04 05:31:43,075][flwr][DEBUG] - evaluate_round 58 received 15 results and 0 failures
Aggregate evaluate
Configure Fit
server round: 59
[2024-03-04 05:31:43,076][flwr][DEBUG] - fit_round 59: strategy sampled 15 clients (out of 50)
[2024-03-04 05:34:43,795][flwr][DEBUG] - fit_round 59 received 15 results and 0 failures
individual accuracies [0.4241, 0.4318, 0.4287, 0.4329, 0.422, 0.321, 0.4214, 0.4282]
malicious is ['0', '0', '0', '0', '0', '0', '0', '0']
Number of Evil Clients: 7
Number of Preset Malicious Clients is 0
Number of Preset Benign Clients is 8
Average poisoning accuracy: 0.8458571428571429
accuracies is [(0.422, -1), (0.4287, 0)]
accuracies is [(0.422, -1), (0.4287, 0)]
benign class is -1
malicious class is 0
Final Clustering acc is 0.625
0 added to evil list
Target label is 9
length of good results is 8 and length of bad results is 0
acc_diff is 0
Other cases
Evaluate
Global Poisoning Accuracy: 0.0888
[2024-03-04 05:35:15,916][flwr][INFO] - fit progress: (59, 154.46704745292664, {'accuracy': 0.432}, 13082.58830091008)
Configure Evaluate
[2024-03-04 05:35:15,916][flwr][DEBUG] - evaluate_round 59: strategy sampled 15 clients (out of 50)
[2024-03-04 05:35:29,216][flwr][DEBUG] - evaluate_round 59 received 15 results and 0 failures
Aggregate evaluate
Configure Fit
server round: 60
[2024-03-04 05:35:29,216][flwr][DEBUG] - fit_round 60: strategy sampled 15 clients (out of 50)
[2024-03-04 05:38:27,974][flwr][DEBUG] - fit_round 60 received 15 results and 0 failures
individual accuracies [0.4336, 0.4158, 0.423, 0.4126, 0.4198, 0.4176, 0.4006, 0.3425, 0.4235, 0.4186, 0.4129, 0.4084]
malicious is ['0', '0', '0', '0', '0', '0', '0', '0', '0', '0', '0', '0']
Number of Evil Clients: 3
Number of Preset Malicious Clients is 0
Number of Preset Benign Clients is 12
Average poisoning accuracy: 0.8659
accuracies is [(0.4126, -1), (0.4186, 0), (0.4187, 1)]
accuracies is [(0.4126, -1), (0.4186, 0)]
benign class is -1
malicious class is 0
Final Clustering acc is 0.25
0 added to evil list
Target label is 9
length of good results is 12 and length of bad results is 0
acc_diff is 0
Other cases
Evaluate
Global Poisoning Accuracy: 0.0461
[2024-03-04 05:38:59,424][flwr][INFO] - fit progress: (60, 154.27779138088226, {'accuracy': 0.4269}, 13306.09578374005)
Configure Evaluate
[2024-03-04 05:38:59,424][flwr][DEBUG] - evaluate_round 60: strategy sampled 15 clients (out of 50)
[2024-03-04 05:39:12,993][flwr][DEBUG] - evaluate_round 60 received 15 results and 0 failures
Aggregate evaluate
Configure Fit
server round: 61
[2024-03-04 05:39:12,994][flwr][DEBUG] - fit_round 61: strategy sampled 15 clients (out of 50)
[2024-03-04 05:42:01,619][flwr][DEBUG] - fit_round 61 received 15 results and 0 failures
individual accuracies [0.4233, 0.4129, 0.4224, 0.4168, 0.3511, 0.4222, 0.42, 0.4243, 0.4175]
malicious is ['0', '0', '0', '0', '0', '0', '0', '0', '0']
Number of Evil Clients: 6
Number of Preset Malicious Clients is 0
Number of Preset Benign Clients is 9
Average poisoning accuracy: 0.8267166666666667
accuracies is [(0.4175, -1), (0.42110000000000003, 0)]
accuracies is [(0.4175, -1), (0.42110000000000003, 0)]
benign class is -1
malicious class is 0
Final Clustering acc is 0.5555555555555556
0 added to evil list
Target label is 9
length of good results is 9 and length of bad results is 0
acc_diff is 0
Other cases
Evaluate
Global Poisoning Accuracy: 0.0492
[2024-03-04 05:42:33,609][flwr][INFO] - fit progress: (61, 155.0258194208145, {'accuracy': 0.4252}, 13520.281231976114)
Configure Evaluate
[2024-03-04 05:42:33,609][flwr][DEBUG] - evaluate_round 61: strategy sampled 15 clients (out of 50)
[2024-03-04 05:42:47,340][flwr][DEBUG] - evaluate_round 61 received 15 results and 0 failures
Aggregate evaluate
Configure Fit
server round: 62
[2024-03-04 05:42:47,340][flwr][DEBUG] - fit_round 62: strategy sampled 15 clients (out of 50)
[2024-03-04 05:46:05,780][flwr][DEBUG] - fit_round 62 received 15 results and 0 failures
individual accuracies [0.4119, 0.4351, 0.4251, 0.424, 0.4112, 0.4182, 0.4119, 0.4272, 0.4171]
malicious is ['0', '0', '0', '0', '0', '0', '0', '0', '0']
Number of Evil Clients: 6
Number of Preset Malicious Clients is 0
Number of Preset Benign Clients is 9
Average poisoning accuracy: 0.8344499999999999
accuracies is [(0.43115000000000003, -1), (0.4182, 0), (0.41415, 1)]
accuracies is [(0.43115000000000003, -1), (0.4182, 0)]
benign class is -1
malicious class is 0
Final Clustering acc is 0.2222222222222222
0 added to evil list
Target label is 9
length of good results is 9 and length of bad results is 0
acc_diff is 0
Other cases
Evaluate
Global Poisoning Accuracy: 0.0615
[2024-03-04 05:46:37,590][flwr][INFO] - fit progress: (62, 153.10694527626038, {'accuracy': 0.433}, 13764.262398954015)
Configure Evaluate
[2024-03-04 05:46:37,590][flwr][DEBUG] - evaluate_round 62: strategy sampled 15 clients (out of 50)
[2024-03-04 05:46:51,420][flwr][DEBUG] - evaluate_round 62 received 15 results and 0 failures
Aggregate evaluate
Configure Fit
server round: 63
[2024-03-04 05:46:51,420][flwr][DEBUG] - fit_round 63: strategy sampled 15 clients (out of 50)
[2024-03-04 05:50:48,084][flwr][DEBUG] - fit_round 63 received 15 results and 0 failures
individual accuracies [0.4197, 0.4116, 0.4011, 0.3543, 0.4295, 0.3811, 0.4205, 0.4384]
malicious is ['0', '0', '0', '0', '0', '0', '0', '0']
Number of Evil Clients: 7
Number of Preset Malicious Clients is 0
Number of Preset Benign Clients is 8
Average poisoning accuracy: 0.8324142857142857
accuracies is [(0.425, -1), (0.4004, 0), (0.38295, 1)]
accuracies is [(0.425, -1), (0.4004, 0)]
benign class is -1
malicious class is 0
Final Clustering acc is 0.5
0 added to evil list
Target label is 9
length of good results is 8 and length of bad results is 0
acc_diff is 0
Other cases
Evaluate
Global Poisoning Accuracy: 0.1055
[2024-03-04 05:51:21,777][flwr][INFO] - fit progress: (63, 156.14679563045502, {'accuracy': 0.4323}, 14048.448985674186)
Configure Evaluate
[2024-03-04 05:51:21,777][flwr][DEBUG] - evaluate_round 63: strategy sampled 15 clients (out of 50)
[2024-03-04 05:51:35,595][flwr][DEBUG] - evaluate_round 63 received 15 results and 0 failures
Aggregate evaluate
Configure Fit
server round: 64
[2024-03-04 05:51:35,595][flwr][DEBUG] - fit_round 64: strategy sampled 15 clients (out of 50)
[2024-03-04 05:54:49,338][flwr][DEBUG] - fit_round 64 received 15 results and 0 failures
individual accuracies [0.4211, 0.3462, 0.4242, 0.4335, 0.4306, 0.3913, 0.4285, 0.4247, 0.3609, 0.4333, 0.409, 0.4191]
malicious is ['0', '0', '0', '0', '0', '0', '0', '0', '0', '0', '0', '0']
Number of Evil Clients: 3
Number of Preset Malicious Clients is 0
Number of Preset Benign Clients is 12
Average poisoning accuracy: 0.8711666666666668
accuracies is [(0.4062, -1), (0.42445, 0)]
accuracies is [(0.4062, -1), (0.42445, 0)]
benign class is -1
malicious class is 0
Final Clustering acc is 0.5
0 added to evil list
Target label is 9
length of good results is 12 and length of bad results is 0
acc_diff is 0
Other cases
Evaluate
Global Poisoning Accuracy: 0.0897
[2024-03-04 05:55:22,308][flwr][INFO] - fit progress: (64, 155.40492522716522, {'accuracy': 0.4351}, 14288.980330938008)
Configure Evaluate
[2024-03-04 05:55:22,308][flwr][DEBUG] - evaluate_round 64: strategy sampled 15 clients (out of 50)
[2024-03-04 05:55:35,972][flwr][DEBUG] - evaluate_round 64 received 15 results and 0 failures
Aggregate evaluate
Configure Fit
server round: 65
[2024-03-04 05:55:35,972][flwr][DEBUG] - fit_round 65: strategy sampled 15 clients (out of 50)
[2024-03-04 05:58:34,654][flwr][DEBUG] - fit_round 65 received 15 results and 0 failures
individual accuracies [0.4235, 0.4237, 0.3518, 0.4249, 0.4224, 0.4106, 0.4266, 0.4062, 0.4006, 0.4247]
malicious is ['0', '0', '0', '0', '0', '0', '0', '0', '0', '0']
Number of Evil Clients: 5
Number of Preset Malicious Clients is 0
Number of Preset Benign Clients is 10
Average poisoning accuracy: 0.8751599999999999
accuracies is [(0.4106, -1), (0.4235, 0), (0.42515000000000003, 1), (0.3871, 2)]
accuracies is [(0.4106, -1), (0.4235, 0)]
benign class is -1
malicious class is 0
Final Clustering acc is 0.5
0 added to evil list
Target label is 9
length of good results is 10 and length of bad results is 0
acc_diff is 0
Other cases
Evaluate
Global Poisoning Accuracy: 0.0881
[2024-03-04 05:59:07,668][flwr][INFO] - fit progress: (65, 152.18262922763824, {'accuracy': 0.4403}, 14514.340695976047)
Configure Evaluate
[2024-03-04 05:59:07,669][flwr][DEBUG] - evaluate_round 65: strategy sampled 15 clients (out of 50)
[2024-03-04 05:59:21,608][flwr][DEBUG] - evaluate_round 65 received 15 results and 0 failures
Aggregate evaluate
Configure Fit
server round: 66
[2024-03-04 05:59:21,608][flwr][DEBUG] - fit_round 66: strategy sampled 15 clients (out of 50)
[2024-03-04 06:02:22,638][flwr][DEBUG] - fit_round 66 received 15 results and 0 failures
individual accuracies [0.4346, 0.4264, 0.4355, 0.4334, 0.4388, 0.3603, 0.4268, 0.4282, 0.4292]
malicious is ['0', '0', '0', '0', '0', '0', '0', '0', '0']
Number of Evil Clients: 6
Number of Preset Malicious Clients is 0
Number of Preset Benign Clients is 9
Average poisoning accuracy: 0.8717
accuracies is [(0.4264, -1), (0.43505, 0), (0.4287, 1)]
accuracies is [(0.4264, -1), (0.43505, 0)]
benign class is -1
malicious class is 0
Final Clustering acc is 0.5555555555555556
0 added to evil list
Target label is 9
length of good results is 9 and length of bad results is 0
acc_diff is 0
Other cases
Evaluate
Global Poisoning Accuracy: 0.1029
[2024-03-04 06:02:54,673][flwr][INFO] - fit progress: (66, 153.63139653205872, {'accuracy': 0.4417}, 14741.345071216114)
Configure Evaluate
[2024-03-04 06:02:54,673][flwr][DEBUG] - evaluate_round 66: strategy sampled 15 clients (out of 50)
[2024-03-04 06:03:08,681][flwr][DEBUG] - evaluate_round 66 received 15 results and 0 failures
Aggregate evaluate
Configure Fit
server round: 67
[2024-03-04 06:03:08,681][flwr][DEBUG] - fit_round 67: strategy sampled 15 clients (out of 50)
[2024-03-04 06:06:08,580][flwr][DEBUG] - fit_round 67 received 15 results and 0 failures
individual accuracies [0.4152, 0.4266, 0.4366, 0.4321, 0.4369, 0.4148, 0.4244, 0.4045]
malicious is ['0', '0', '0', '0', '0', '0', '0', '0']
Number of Evil Clients: 7
Number of Preset Malicious Clients is 0
Number of Preset Benign Clients is 8
Average poisoning accuracy: 0.8425428571428571
accuracies is [(0.4255, -1)]
accuracies is [(0.4255, -1)]
benign class is -1
malicious class is 10
Final Clustering acc is 1.0
Target label is 9
length of good results is 8 and length of bad results is 0
acc_diff is 0
Other cases
Evaluate
Global Poisoning Accuracy: 0.1014
[2024-03-04 06:06:40,098][flwr][INFO] - fit progress: (67, 155.52805721759796, {'accuracy': 0.4382}, 14966.770493949065)
Configure Evaluate
[2024-03-04 06:06:40,099][flwr][DEBUG] - evaluate_round 67: strategy sampled 15 clients (out of 50)
[2024-03-04 06:06:54,013][flwr][DEBUG] - evaluate_round 67 received 15 results and 0 failures
Aggregate evaluate
Configure Fit
server round: 68
[2024-03-04 06:06:54,013][flwr][DEBUG] - fit_round 68: strategy sampled 15 clients (out of 50)
[2024-03-04 06:10:32,586][flwr][DEBUG] - fit_round 68 received 15 results and 0 failures
individual accuracies [0.4317, 0.4345, 0.4223, 0.3371, 0.4122, 0.4283, 0.4117, 0.4235, 0.4023, 0.4129, 0.4369]
malicious is ['0', '0', '0', '0', '0', '0', '0', '0', '0', '0', '0']
Number of Evil Clients: 4
Number of Preset Malicious Clients is 0
Number of Preset Benign Clients is 11
Average poisoning accuracy: 0.8514250000000001
accuracies is [(0.4023, -1), (0.43, 0), (0.4229, 1)]
accuracies is [(0.4023, -1), (0.43, 0)]
benign class is -1
malicious class is 0
Final Clustering acc is 0.2727272727272727
0 added to evil list
Target label is 9
length of good results is 11 and length of bad results is 0
acc_diff is 0
Other cases
Evaluate
Global Poisoning Accuracy: 0.1244
[2024-03-04 06:11:04,642][flwr][INFO] - fit progress: (68, 156.34136736392975, {'accuracy': 0.4358}, 15231.31386795803)
Configure Evaluate
[2024-03-04 06:11:04,642][flwr][DEBUG] - evaluate_round 68: strategy sampled 15 clients (out of 50)
[2024-03-04 06:11:18,151][flwr][DEBUG] - evaluate_round 68 received 15 results and 0 failures
Aggregate evaluate
Configure Fit
server round: 69
[2024-03-04 06:11:18,151][flwr][DEBUG] - fit_round 69: strategy sampled 15 clients (out of 50)
[2024-03-04 06:14:17,869][flwr][DEBUG] - fit_round 69 received 15 results and 0 failures
individual accuracies [0.3886, 0.4313, 0.3856, 0.424, 0.4303, 0.4299, 0.3998, 0.4144, 0.4244, 0.4173]
malicious is ['0', '0', '0', '0', '0', '0', '0', '0', '0', '0']
Number of Evil Clients: 5
Number of Preset Malicious Clients is 0
Number of Preset Benign Clients is 10
Average poisoning accuracy: 0.8547399999999999
accuracies is [(0.41585, -1), (0.42715000000000003, 0)]
accuracies is [(0.41585, -1), (0.42715000000000003, 0)]
benign class is -1
malicious class is 0
Final Clustering acc is 0.8
0 added to evil list
Target label is 9
length of good results is 10 and length of bad results is 0
acc_diff is 0
Other cases
Evaluate
Global Poisoning Accuracy: 0.1071
[2024-03-04 06:14:48,733][flwr][INFO] - fit progress: (69, 156.10742723941803, {'accuracy': 0.437}, 15455.404961645138)
Configure Evaluate
[2024-03-04 06:14:48,733][flwr][DEBUG] - evaluate_round 69: strategy sampled 15 clients (out of 50)
[2024-03-04 06:15:02,558][flwr][DEBUG] - evaluate_round 69 received 15 results and 0 failures
Aggregate evaluate
Configure Fit
server round: 70
[2024-03-04 06:15:02,558][flwr][DEBUG] - fit_round 70: strategy sampled 15 clients (out of 50)
[2024-03-04 06:17:49,060][flwr][DEBUG] - fit_round 70 received 15 results and 0 failures
individual accuracies [0.4225, 0.4106, 0.4262, 0.3865, 0.4309, 0.432, 0.4244, 0.3639, 0.429, 0.4426]
malicious is ['0', '0', '0', '0', '0', '0', '0', '0', '0', '0']
Number of Evil Clients: 5
Number of Preset Malicious Clients is 0
Number of Preset Benign Clients is 10
Average poisoning accuracy: 0.8309799999999999
accuracies is [(0.40635, -1), (0.42669999999999997, 0)]
accuracies is [(0.40635, -1), (0.42669999999999997, 0)]
benign class is -1
malicious class is 0
Final Clustering acc is 0.4
0 added to evil list
Target label is 9
length of good results is 10 and length of bad results is 0
acc_diff is 0
Other cases
Evaluate
Global Poisoning Accuracy: 0.1123
[2024-03-04 06:18:21,854][flwr][INFO] - fit progress: (70, 155.66412484645844, {'accuracy': 0.44}, 15668.52651790413)
Configure Evaluate
[2024-03-04 06:18:21,855][flwr][DEBUG] - evaluate_round 70: strategy sampled 15 clients (out of 50)
[2024-03-04 06:18:35,639][flwr][DEBUG] - evaluate_round 70 received 15 results and 0 failures
Aggregate evaluate
Configure Fit
server round: 71
[2024-03-04 06:18:35,639][flwr][DEBUG] - fit_round 71: strategy sampled 15 clients (out of 50)
[2024-03-04 06:22:02,605][flwr][DEBUG] - fit_round 71 received 15 results and 0 failures
individual accuracies [0.4248, 0.4141, 0.3393, 0.404, 0.421, 0.4149, 0.4234]
malicious is ['0', '0', '0', '0', '0', '0', '0']
Number of Evil Clients: 8
Number of Preset Malicious Clients is 0
Number of Preset Benign Clients is 7
Average poisoning accuracy: 0.8591499999999999
accuracies is [(0.4149, -1)]
accuracies is [(0.4149, -1)]
benign class is -1
malicious class is 10
Final Clustering acc is 1.0
Target label is 9
length of good results is 7 and length of bad results is 0
acc_diff is 0
Other cases
Evaluate
Global Poisoning Accuracy: 0.0904
[2024-03-04 06:22:36,240][flwr][INFO] - fit progress: (71, 156.83844900131226, {'accuracy': 0.4343}, 15922.912358347094)
Configure Evaluate
[2024-03-04 06:22:36,241][flwr][DEBUG] - evaluate_round 71: strategy sampled 15 clients (out of 50)
[2024-03-04 06:22:50,173][flwr][DEBUG] - evaluate_round 71 received 15 results and 0 failures
Aggregate evaluate
Configure Fit
server round: 72
[2024-03-04 06:22:50,173][flwr][DEBUG] - fit_round 72: strategy sampled 15 clients (out of 50)
[2024-03-04 06:25:47,348][flwr][DEBUG] - fit_round 72 received 15 results and 0 failures
individual accuracies [0.3621, 0.4346, 0.4172, 0.385, 0.4109, 0.424, 0.416]
malicious is ['0', '0', '0', '0', '0', '0', '0']
Number of Evil Clients: 8
Number of Preset Malicious Clients is 0
Number of Preset Benign Clients is 7
Average poisoning accuracy: 0.8156625000000001
accuracies is [(0.4172, -1), (0.38649999999999995, 0)]
accuracies is [(0.4172, -1), (0.38649999999999995, 0)]
benign class is -1
malicious class is 0
Final Clustering acc is 0.7142857142857143
0 added to evil list
Target label is 9
length of good results is 7 and length of bad results is 0
acc_diff is 0
Other cases
Evaluate
Global Poisoning Accuracy: 0.0792
[2024-03-04 06:26:19,391][flwr][INFO] - fit progress: (72, 160.43909883499146, {'accuracy': 0.419}, 16146.063318551984)
Configure Evaluate
[2024-03-04 06:26:19,392][flwr][DEBUG] - evaluate_round 72: strategy sampled 15 clients (out of 50)
[2024-03-04 06:26:32,807][flwr][DEBUG] - evaluate_round 72 received 15 results and 0 failures
Aggregate evaluate
Configure Fit
server round: 73
[2024-03-04 06:26:32,808][flwr][DEBUG] - fit_round 73: strategy sampled 15 clients (out of 50)
[2024-03-04 06:29:54,682][flwr][DEBUG] - fit_round 73 received 15 results and 0 failures
individual accuracies [0.4251, 0.4118, 0.42, 0.4228, 0.4072, 0.4227, 0.4206]
malicious is ['0', '0', '0', '0', '0', '0', '0']
Number of Evil Clients: 8
Number of Preset Malicious Clients is 0
Number of Preset Benign Clients is 7
Average poisoning accuracy: 0.815625
accuracies is [(0.4095, -1), (0.42255, 0), (0.4227, 1)]
accuracies is [(0.4095, -1), (0.42255, 0)]
benign class is -1
malicious class is 0
Final Clustering acc is 0.2857142857142857
0 added to evil list
Target label is 9
length of good results is 7 and length of bad results is 0
acc_diff is 0
Other cases
Evaluate
Global Poisoning Accuracy: 0.0955
[2024-03-04 06:30:27,679][flwr][INFO] - fit progress: (73, 156.9647170305252, {'accuracy': 0.4327}, 16394.351618980058)
Configure Evaluate
[2024-03-04 06:30:27,680][flwr][DEBUG] - evaluate_round 73: strategy sampled 15 clients (out of 50)
[2024-03-04 06:30:41,436][flwr][DEBUG] - evaluate_round 73 received 15 results and 0 failures
Aggregate evaluate
Configure Fit
server round: 74
[2024-03-04 06:30:41,437][flwr][DEBUG] - fit_round 74: strategy sampled 15 clients (out of 50)
[2024-03-04 06:33:50,593][flwr][DEBUG] - fit_round 74 received 15 results and 0 failures
individual accuracies [0.4308, 0.4244, 0.4279, 0.4344, 0.4308, 0.4252, 0.4222]
malicious is ['0', '0', '0', '0', '0', '0', '0']
Number of Evil Clients: 8
Number of Preset Malicious Clients is 0
Number of Preset Benign Clients is 7
Average poisoning accuracy: 0.8539875
accuracies is [(0.42655, -1), (0.4308, 0)]
accuracies is [(0.42655, -1), (0.4308, 0)]
benign class is -1
malicious class is 0
Final Clustering acc is 0.5714285714285714
0 added to evil list
Target label is 9
length of good results is 7 and length of bad results is 0
acc_diff is 0
Other cases
Evaluate
Global Poisoning Accuracy: 0.1156
[2024-03-04 06:34:24,724][flwr][INFO] - fit progress: (74, 157.53808212280273, {'accuracy': 0.4404}, 16631.395748106996)
Configure Evaluate
[2024-03-04 06:34:24,724][flwr][DEBUG] - evaluate_round 74: strategy sampled 15 clients (out of 50)
[2024-03-04 06:34:38,605][flwr][DEBUG] - evaluate_round 74 received 15 results and 0 failures
Aggregate evaluate
Configure Fit
server round: 75
[2024-03-04 06:34:38,606][flwr][DEBUG] - fit_round 75: strategy sampled 15 clients (out of 50)
[2024-03-04 06:37:54,020][flwr][DEBUG] - fit_round 75 received 15 results and 0 failures
individual accuracies [0.4227, 0.4298, 0.4367, 0.4313, 0.4092, 0.4205, 0.431, 0.4212]
malicious is ['0', '0', '0', '0', '0', '0', '0', '0']
Number of Evil Clients: 7
Number of Preset Malicious Clients is 0
Number of Preset Benign Clients is 8
Average poisoning accuracy: 0.8410000000000001
accuracies is [(0.4304, -1), (0.42195000000000005, 0)]
accuracies is [(0.4304, -1), (0.42195000000000005, 0)]
benign class is -1
malicious class is 0
Final Clustering acc is 0.75
0 added to evil list
Target label is 9
length of good results is 8 and length of bad results is 0
acc_diff is 0
Other cases
Evaluate
Global Poisoning Accuracy: 0.1201
[2024-03-04 06:38:28,627][flwr][INFO] - fit progress: (75, 157.06277000904083, {'accuracy': 0.443}, 16875.299310735194)
Configure Evaluate
[2024-03-04 06:38:28,627][flwr][DEBUG] - evaluate_round 75: strategy sampled 15 clients (out of 50)
[2024-03-04 06:38:43,102][flwr][DEBUG] - evaluate_round 75 received 15 results and 0 failures
Aggregate evaluate
Configure Fit
server round: 76
[2024-03-04 06:38:43,103][flwr][DEBUG] - fit_round 76: strategy sampled 15 clients (out of 50)
[2024-03-04 06:41:32,005][flwr][DEBUG] - fit_round 76 received 15 results and 0 failures
individual accuracies [0.4353, 0.4222, 0.4291, 0.4227, 0.4137, 0.4123, 0.4362, 0.4316, 0.4417, 0.4326]
malicious is ['0', '0', '0', '0', '0', '0', '0', '0', '0', '0']
Number of Evil Clients: 5
Number of Preset Malicious Clients is 0
Number of Preset Benign Clients is 10
Average poisoning accuracy: 0.83048
accuracies is [(0.4137, -1), (0.4326, 0), (0.4175, 1)]
accuracies is [(0.4137, -1), (0.4326, 0)]
benign class is -1
malicious class is 0
Final Clustering acc is 0.3
0 added to evil list
Target label is 9
length of good results is 10 and length of bad results is 0
acc_diff is 0
Other cases
Evaluate
Global Poisoning Accuracy: 0.0934
[2024-03-04 06:42:02,897][flwr][INFO] - fit progress: (76, 155.55871617794037, {'accuracy': 0.4426}, 17089.56942065712)
Configure Evaluate
[2024-03-04 06:42:02,898][flwr][DEBUG] - evaluate_round 76: strategy sampled 15 clients (out of 50)
[2024-03-04 06:42:16,490][flwr][DEBUG] - evaluate_round 76 received 15 results and 0 failures
Aggregate evaluate
Configure Fit
server round: 77
[2024-03-04 06:42:16,490][flwr][DEBUG] - fit_round 77: strategy sampled 15 clients (out of 50)
[2024-03-04 06:45:58,297][flwr][DEBUG] - fit_round 77 received 15 results and 0 failures
individual accuracies [0.43, 0.4316, 0.4057, 0.4333, 0.4205, 0.4318, 0.4205, 0.4309]
malicious is ['0', '0', '0', '0', '0', '0', '0', '0']
Number of Evil Clients: 7
Number of Preset Malicious Clients is 0
Number of Preset Benign Clients is 8
Average poisoning accuracy: 0.7994285714285715
accuracies is [(0.42605, -1), (0.43045, 0)]
accuracies is [(0.42605, -1), (0.43045, 0)]
benign class is -1
malicious class is 0
Final Clustering acc is 0.5
0 added to evil list
Target label is 9
length of good results is 8 and length of bad results is 0
acc_diff is 0
Other cases
Evaluate
Global Poisoning Accuracy: 0.0827
[2024-03-04 06:46:30,525][flwr][INFO] - fit progress: (77, 154.5877366065979, {'accuracy': 0.443}, 17357.197397838114)
Configure Evaluate
[2024-03-04 06:46:30,525][flwr][DEBUG] - evaluate_round 77: strategy sampled 15 clients (out of 50)
[2024-03-04 06:46:44,503][flwr][DEBUG] - evaluate_round 77 received 15 results and 0 failures
Aggregate evaluate
Configure Fit
server round: 78
[2024-03-04 06:46:44,504][flwr][DEBUG] - fit_round 78: strategy sampled 15 clients (out of 50)
[2024-03-04 06:50:25,225][flwr][DEBUG] - fit_round 78 received 15 results and 0 failures
individual accuracies [0.4355, 0.4183, 0.4322, 0.366, 0.4363, 0.441, 0.4266]
malicious is ['0', '0', '0', '0', '0', '0', '0']
Number of Evil Clients: 8
Number of Preset Malicious Clients is 0
Number of Preset Benign Clients is 7
Average poisoning accuracy: 0.8455625000000001
accuracies is [(0.42245, -1), (0.4363, 0)]
accuracies is [(0.42245, -1), (0.4363, 0)]
benign class is -1
malicious class is 0
Final Clustering acc is 0.5714285714285714
0 added to evil list
Target label is 9
length of good results is 7 and length of bad results is 0
acc_diff is 0
Other cases
Evaluate
Global Poisoning Accuracy: 0.0983
[2024-03-04 06:50:57,493][flwr][INFO] - fit progress: (78, 159.68713200092316, {'accuracy': 0.4362}, 17624.16510885209)
Configure Evaluate
[2024-03-04 06:50:57,493][flwr][DEBUG] - evaluate_round 78: strategy sampled 15 clients (out of 50)
[2024-03-04 06:51:10,797][flwr][DEBUG] - evaluate_round 78 received 15 results and 0 failures
Aggregate evaluate
Configure Fit
server round: 79
[2024-03-04 06:51:10,797][flwr][DEBUG] - fit_round 79: strategy sampled 15 clients (out of 50)
[2024-03-04 06:53:52,377][flwr][DEBUG] - fit_round 79 received 15 results and 0 failures
individual accuracies [0.4316, 0.4347, 0.3832, 0.4232, 0.4318, 0.4356, 0.4217, 0.4223, 0.4156, 0.4268]
malicious is ['0', '0', '0', '0', '0', '0', '0', '0', '0', '0']
Number of Evil Clients: 5
Number of Preset Malicious Clients is 0
Number of Preset Benign Clients is 10
Average poisoning accuracy: 0.82806
accuracies is [(0.4236, -1), (0.42500000000000004, 0), (0.42705000000000004, 1)]
accuracies is [(0.4236, -1), (0.42500000000000004, 0)]
benign class is -1
malicious class is 0
Final Clustering acc is 0.4
0 added to evil list
Target label is 9
length of good results is 10 and length of bad results is 0
acc_diff is 0
Other cases
Evaluate
Global Poisoning Accuracy: 0.0919
[2024-03-04 06:54:23,876][flwr][INFO] - fit progress: (79, 156.6622474193573, {'accuracy': 0.44}, 17830.547742394032)
Configure Evaluate
[2024-03-04 06:54:23,876][flwr][DEBUG] - evaluate_round 79: strategy sampled 15 clients (out of 50)
[2024-03-04 06:54:37,350][flwr][DEBUG] - evaluate_round 79 received 15 results and 0 failures
Aggregate evaluate
Configure Fit
server round: 80
[2024-03-04 06:54:37,350][flwr][DEBUG] - fit_round 80: strategy sampled 15 clients (out of 50)
[2024-03-04 06:57:34,848][flwr][DEBUG] - fit_round 80 received 15 results and 0 failures
individual accuracies [0.4308, 0.4279, 0.4289, 0.4303, 0.3792, 0.4341, 0.4197, 0.4158, 0.4023, 0.4395]
malicious is ['0', '0', '0', '0', '0', '0', '0', '0', '0', '0']
Number of Evil Clients: 5
Number of Preset Malicious Clients is 0
Number of Preset Benign Clients is 10
Average poisoning accuracy: 0.82032
accuracies is [(0.39075, -1), (0.4303, 0), (0.4279, 1)]
accuracies is [(0.39075, -1), (0.4303, 0)]
benign class is -1
malicious class is 0
Final Clustering acc is 0.2
0 added to evil list
Target label is 9
length of good results is 10 and length of bad results is 0
acc_diff is 0
Other cases
Evaluate
Global Poisoning Accuracy: 0.1099
[2024-03-04 06:58:06,428][flwr][INFO] - fit progress: (80, 156.39179158210754, {'accuracy': 0.4432}, 18053.100054581184)
Configure Evaluate
[2024-03-04 06:58:06,428][flwr][DEBUG] - evaluate_round 80: strategy sampled 15 clients (out of 50)
[2024-03-04 06:58:19,669][flwr][DEBUG] - evaluate_round 80 received 15 results and 0 failures
Aggregate evaluate
Configure Fit
server round: 81
[2024-03-04 06:58:19,669][flwr][DEBUG] - fit_round 81: strategy sampled 15 clients (out of 50)
[2024-03-04 07:01:06,880][flwr][DEBUG] - fit_round 81 received 15 results and 0 failures
individual accuracies [0.4323, 0.4269, 0.4308, 0.4414, 0.4251, 0.4345, 0.4334, 0.4367]
malicious is ['0', '0', '0', '0', '0', '0', '0', '0']
Number of Evil Clients: 7
Number of Preset Malicious Clients is 0
Number of Preset Benign Clients is 8
Average poisoning accuracy: 0.8719571428571429
accuracies is [(0.4334, -1), (0.426, 0), (0.43505, 1)]
accuracies is [(0.4334, -1), (0.426, 0)]
benign class is -1
malicious class is 0
Final Clustering acc is 0.75
0 added to evil list
Target label is 9
length of good results is 8 and length of bad results is 0
acc_diff is 0
Other cases
Evaluate
Global Poisoning Accuracy: 0.0964
[2024-03-04 07:01:39,079][flwr][INFO] - fit progress: (81, 158.22620582580566, {'accuracy': 0.4457}, 18265.751285973005)
Configure Evaluate
[2024-03-04 07:01:39,079][flwr][DEBUG] - evaluate_round 81: strategy sampled 15 clients (out of 50)
[2024-03-04 07:01:52,416][flwr][DEBUG] - evaluate_round 81 received 15 results and 0 failures
Aggregate evaluate
Configure Fit
server round: 82
[2024-03-04 07:01:52,416][flwr][DEBUG] - fit_round 82: strategy sampled 15 clients (out of 50)
[2024-03-04 07:05:05,835][flwr][DEBUG] - fit_round 82 received 15 results and 0 failures
individual accuracies [0.438, 0.4344, 0.3849, 0.4262, 0.426, 0.4327, 0.3937]
malicious is ['0', '0', '0', '0', '0', '0', '0']
Number of Evil Clients: 8
Number of Preset Malicious Clients is 0
Number of Preset Benign Clients is 7
Average poisoning accuracy: 0.8448749999999999
accuracies is [(0.3937, -1), (0.4302, 0), (0.42945, 1)]
accuracies is [(0.3937, -1), (0.4302, 0)]
benign class is -1
malicious class is 0
Final Clustering acc is 0.42857142857142855
0 added to evil list
Target label is 9
length of good results is 7 and length of bad results is 0
acc_diff is 0
Other cases
Evaluate
Global Poisoning Accuracy: 0.0917
[2024-03-04 07:05:38,838][flwr][INFO] - fit progress: (82, 161.0436691045761, {'accuracy': 0.4423}, 18505.510257589165)
Configure Evaluate
[2024-03-04 07:05:38,838][flwr][DEBUG] - evaluate_round 82: strategy sampled 15 clients (out of 50)
[2024-03-04 07:05:51,972][flwr][DEBUG] - evaluate_round 82 received 15 results and 0 failures
Aggregate evaluate
Configure Fit
server round: 83
[2024-03-04 07:05:51,972][flwr][DEBUG] - fit_round 83: strategy sampled 15 clients (out of 50)
[2024-03-04 07:08:32,992][flwr][DEBUG] - fit_round 83 received 15 results and 0 failures
individual accuracies [0.4193, 0.3997, 0.4245, 0.4303, 0.4357, 0.4354, 0.4292, 0.4365]
malicious is ['0', '0', '0', '0', '0', '0', '0', '0']
Number of Evil Clients: 7
Number of Preset Malicious Clients is 0
Number of Preset Benign Clients is 8
Average poisoning accuracy: 0.8622
accuracies is [(0.4193, -1), (0.4292, 0), (0.4361, 1)]
accuracies is [(0.4193, -1), (0.4292, 0)]
benign class is -1
malicious class is 0
Final Clustering acc is 0.375
0 added to evil list
Target label is 9
length of good results is 8 and length of bad results is 0
acc_diff is 0
Other cases
Evaluate
Global Poisoning Accuracy: 0.0901
[2024-03-04 07:09:05,011][flwr][INFO] - fit progress: (83, 159.30266392230988, {'accuracy': 0.4405}, 18711.6829632991)
Configure Evaluate
[2024-03-04 07:09:05,011][flwr][DEBUG] - evaluate_round 83: strategy sampled 15 clients (out of 50)
[2024-03-04 07:09:18,364][flwr][DEBUG] - evaluate_round 83 received 15 results and 0 failures
Aggregate evaluate
Configure Fit
server round: 84
[2024-03-04 07:09:18,365][flwr][DEBUG] - fit_round 84: strategy sampled 15 clients (out of 50)
[2024-03-04 07:11:55,235][flwr][DEBUG] - fit_round 84 received 15 results and 0 failures
individual accuracies [0.4195, 0.4396, 0.4357, 0.422, 0.4358, 0.4268, 0.4297, 0.4292]
malicious is ['0', '0', '0', '0', '0', '0', '0', '0']
Number of Evil Clients: 7
Number of Preset Malicious Clients is 0
Number of Preset Benign Clients is 8
Average poisoning accuracy: 0.8437
accuracies is [(0.42800000000000005, -1), (0.4327, 0)]
accuracies is [(0.42800000000000005, -1), (0.4327, 0)]
benign class is -1
malicious class is 0
Final Clustering acc is 0.75
0 added to evil list
Target label is 9
length of good results is 8 and length of bad results is 0
acc_diff is 0
Other cases
Evaluate
Global Poisoning Accuracy: 0.0955
[2024-03-04 07:12:28,318][flwr][INFO] - fit progress: (84, 159.01237607002258, {'accuracy': 0.4459}, 18914.990535685094)
Configure Evaluate
[2024-03-04 07:12:28,319][flwr][DEBUG] - evaluate_round 84: strategy sampled 15 clients (out of 50)
[2024-03-04 07:12:41,901][flwr][DEBUG] - evaluate_round 84 received 15 results and 0 failures
Aggregate evaluate
Configure Fit
server round: 85
[2024-03-04 07:12:41,901][flwr][DEBUG] - fit_round 85: strategy sampled 15 clients (out of 50)
[2024-03-04 07:15:30,855][flwr][DEBUG] - fit_round 85 received 15 results and 0 failures
individual accuracies [0.4169, 0.4273, 0.4211, 0.4325, 0.3772, 0.4213, 0.4357, 0.4259, 0.4046]
malicious is ['0', '0', '0', '0', '0', '0', '0', '0', '0']
Number of Evil Clients: 6
Number of Preset Malicious Clients is 0
Number of Preset Benign Clients is 9
Average poisoning accuracy: 0.8250166666666666
accuracies is [(0.4169, -1), (0.4259, 0), (0.4211, 1)]
accuracies is [(0.4169, -1), (0.4259, 0)]
benign class is -1
malicious class is 0
Final Clustering acc is 0.6666666666666666
0 added to evil list
Target label is 9
length of good results is 9 and length of bad results is 0
acc_diff is 0
Other cases
Evaluate
Global Poisoning Accuracy: 0.097
[2024-03-04 07:16:02,434][flwr][INFO] - fit progress: (85, 161.559028506279, {'accuracy': 0.4325}, 19129.105922444025)
Configure Evaluate
[2024-03-04 07:16:02,434][flwr][DEBUG] - evaluate_round 85: strategy sampled 15 clients (out of 50)
[2024-03-04 07:16:15,955][flwr][DEBUG] - evaluate_round 85 received 15 results and 0 failures
Aggregate evaluate
Configure Fit
server round: 86
[2024-03-04 07:16:15,955][flwr][DEBUG] - fit_round 86: strategy sampled 15 clients (out of 50)
[2024-03-04 07:19:19,491][flwr][DEBUG] - fit_round 86 received 15 results and 0 failures
individual accuracies [0.3961, 0.4354, 0.4412, 0.4348, 0.4286, 0.4319, 0.3849, 0.4235]
malicious is ['0', '0', '0', '0', '0', '0', '0', '0']
Number of Evil Clients: 7
Number of Preset Malicious Clients is 0
Number of Preset Benign Clients is 8
Average poisoning accuracy: 0.8578571428571429
accuracies is [(0.42605, -1), (0.43365, 0)]
accuracies is [(0.42605, -1), (0.43365, 0)]
benign class is -1
malicious class is 0
Final Clustering acc is 0.75
0 added to evil list
Target label is 9
length of good results is 8 and length of bad results is 0
acc_diff is 0
Other cases
Evaluate
Global Poisoning Accuracy: 0.1237
[2024-03-04 07:19:50,356][flwr][INFO] - fit progress: (86, 161.62836933135986, {'accuracy': 0.4422}, 19357.02835546597)
Configure Evaluate
[2024-03-04 07:19:50,357][flwr][DEBUG] - evaluate_round 86: strategy sampled 15 clients (out of 50)
[2024-03-04 07:20:03,585][flwr][DEBUG] - evaluate_round 86 received 15 results and 0 failures
Aggregate evaluate
Configure Fit
server round: 87
[2024-03-04 07:20:03,585][flwr][DEBUG] - fit_round 87: strategy sampled 15 clients (out of 50)
[2024-03-04 07:22:55,178][flwr][DEBUG] - fit_round 87 received 15 results and 0 failures
individual accuracies [0.4312, 0.4284, 0.4172, 0.374, 0.4289, 0.4299, 0.408, 0.4235, 0.3757, 0.4264]
malicious is ['0', '0', '0', '0', '0', '0', '0', '0', '0', '0']
Number of Evil Clients: 5
Number of Preset Malicious Clients is 0
Number of Preset Benign Clients is 10
Average poisoning accuracy: 0.82958
accuracies is [(0.39644999999999997, -1), (0.4294, 0), (0.41574999999999995, 1)]
accuracies is [(0.39644999999999997, -1), (0.4294, 0)]
benign class is -1
malicious class is 0
Final Clustering acc is 0.4
0 added to evil list
Target label is 9
length of good results is 10 and length of bad results is 0
acc_diff is 0
Other cases
Evaluate
Global Poisoning Accuracy: 0.1138
[2024-03-04 07:23:26,472][flwr][INFO] - fit progress: (87, 164.42009139060974, {'accuracy': 0.4332}, 19573.144115552073)
Configure Evaluate
[2024-03-04 07:23:26,472][flwr][DEBUG] - evaluate_round 87: strategy sampled 15 clients (out of 50)
[2024-03-04 07:23:39,943][flwr][DEBUG] - evaluate_round 87 received 15 results and 0 failures
Aggregate evaluate
Configure Fit
server round: 88
[2024-03-04 07:23:39,943][flwr][DEBUG] - fit_round 88: strategy sampled 15 clients (out of 50)
[2024-03-04 07:26:15,551][flwr][DEBUG] - fit_round 88 received 15 results and 0 failures
individual accuracies [0.4278, 0.4195, 0.439, 0.4191, 0.4274, 0.4186, 0.4185, 0.4261, 0.4308, 0.4363]
malicious is ['0', '0', '0', '0', '0', '0', '0', '0', '0', '0']
Number of Evil Clients: 5
Number of Preset Malicious Clients is 0
Number of Preset Benign Clients is 10
Average poisoning accuracy: 0.84924
accuracies is [(0.419, -1), (0.4308, 0), (0.4191, 1)]
accuracies is [(0.419, -1), (0.4308, 0)]
benign class is -1
malicious class is 0
Final Clustering acc is 0.5
0 added to evil list
Target label is 9
length of good results is 10 and length of bad results is 0
acc_diff is 0
Other cases
Evaluate
Global Poisoning Accuracy: 0.1078
[2024-03-04 07:26:55,607][flwr][INFO] - fit progress: (88, 160.7010407447815, {'accuracy': 0.442}, 19782.27893381403)
Configure Evaluate
[2024-03-04 07:26:55,607][flwr][DEBUG] - evaluate_round 88: strategy sampled 15 clients (out of 50)
[2024-03-04 07:27:09,299][flwr][DEBUG] - evaluate_round 88 received 15 results and 0 failures
Aggregate evaluate
Configure Fit
server round: 89
[2024-03-04 07:27:09,300][flwr][DEBUG] - fit_round 89: strategy sampled 15 clients (out of 50)
[2024-03-04 07:30:10,333][flwr][DEBUG] - fit_round 89 received 15 results and 0 failures
individual accuracies [0.4205, 0.4123, 0.4265, 0.4353, 0.4306, 0.4205, 0.4313, 0.3743, 0.426, 0.4345]
malicious is ['0', '0', '0', '0', '0', '0', '0', '0', '0', '0']
Number of Evil Clients: 5
Number of Preset Malicious Clients is 0
Number of Preset Benign Clients is 10
Average poisoning accuracy: 0.8211999999999999
accuracies is [(0.4004, -1), (0.4329, 0), (0.42145, 1), (0.42325, 2)]
accuracies is [(0.4004, -1), (0.4329, 0)]
benign class is -1
malicious class is 0
Final Clustering acc is 0.2
0 added to evil list
Target label is 9
length of good results is 10 and length of bad results is 0
acc_diff is 0
Other cases
Evaluate
Global Poisoning Accuracy: 0.0984
[2024-03-04 07:30:40,353][flwr][INFO] - fit progress: (89, 164.05578207969666, {'accuracy': 0.4348}, 20007.024920125026)
Configure Evaluate
[2024-03-04 07:30:40,353][flwr][DEBUG] - evaluate_round 89: strategy sampled 15 clients (out of 50)
[2024-03-04 07:30:53,744][flwr][DEBUG] - evaluate_round 89 received 15 results and 0 failures
Aggregate evaluate
Configure Fit
server round: 90
[2024-03-04 07:30:53,744][flwr][DEBUG] - fit_round 90: strategy sampled 15 clients (out of 50)
[2024-03-04 07:33:44,402][flwr][DEBUG] - fit_round 90 received 15 results and 0 failures
individual accuracies [0.4297, 0.3773, 0.4314, 0.4289, 0.422, 0.4098, 0.3903, 0.4175]
malicious is ['0', '0', '0', '0', '0', '0', '0', '0']
Number of Evil Clients: 7
Number of Preset Malicious Clients is 0
Number of Preset Benign Clients is 8
Average poisoning accuracy: 0.8440428571428571
accuracies is [(0.4098, -1), (0.4289, 0)]
accuracies is [(0.4098, -1), (0.4289, 0)]
benign class is -1
malicious class is 0
Final Clustering acc is 0.625
0 added to evil list
Target label is 9
length of good results is 8 and length of bad results is 0
acc_diff is 0
Other cases
Evaluate
Global Poisoning Accuracy: 0.1093
[2024-03-04 07:34:15,027][flwr][INFO] - fit progress: (90, 165.0348914861679, {'accuracy': 0.4344}, 20221.699276785133)
Configure Evaluate
[2024-03-04 07:34:15,027][flwr][DEBUG] - evaluate_round 90: strategy sampled 15 clients (out of 50)
[2024-03-04 07:34:28,190][flwr][DEBUG] - evaluate_round 90 received 15 results and 0 failures
Aggregate evaluate
Configure Fit
server round: 91
[2024-03-04 07:34:28,190][flwr][DEBUG] - fit_round 91: strategy sampled 15 clients (out of 50)
[2024-03-04 07:37:04,308][flwr][DEBUG] - fit_round 91 received 15 results and 0 failures
individual accuracies [0.4208, 0.4181, 0.4259, 0.408, 0.4193, 0.4341, 0.423, 0.4135, 0.3855, 0.4215]
malicious is ['0', '0', '0', '0', '0', '0', '0', '0', '0', '0']
Number of Evil Clients: 5
Number of Preset Malicious Clients is 0
Number of Preset Benign Clients is 10
Average poisoning accuracy: 0.8570399999999999
accuracies is [(0.4193, -1), (0.423, 0)]
accuracies is [(0.4193, -1), (0.423, 0)]
benign class is -1
malicious class is 0
Final Clustering acc is 0.7
0 added to evil list
Target label is 9
length of good results is 10 and length of bad results is 0
acc_diff is 0
Other cases
Evaluate
Global Poisoning Accuracy: 0.1216
[2024-03-04 07:37:35,035][flwr][INFO] - fit progress: (91, 166.57994508743286, {'accuracy': 0.435}, 20421.70754059404)
Configure Evaluate
[2024-03-04 07:37:35,036][flwr][DEBUG] - evaluate_round 91: strategy sampled 15 clients (out of 50)
[2024-03-04 07:37:48,318][flwr][DEBUG] - evaluate_round 91 received 15 results and 0 failures
Aggregate evaluate
Configure Fit
server round: 92
[2024-03-04 07:37:48,318][flwr][DEBUG] - fit_round 92: strategy sampled 15 clients (out of 50)
[2024-03-04 07:40:28,244][flwr][DEBUG] - fit_round 92 received 15 results and 0 failures
individual accuracies [0.426, 0.4264, 0.4316, 0.4089, 0.4217, 0.4294, 0.4301, 0.4101, 0.4234, 0.4274, 0.4298]
malicious is ['0', '0', '0', '0', '0', '0', '0', '0', '0', '0', '0']
Number of Evil Clients: 4
Number of Preset Malicious Clients is 0
Number of Preset Benign Clients is 11
Average poisoning accuracy: 0.839175
accuracies is [(0.42879999999999996, 0), (0.4294, 1), (0.4095, 2), (0.4254, 3)]
