[2025-11-03 14:07:52,421][root][INFO] - dataset: cifar10
num_rounds: 100
num_clients: 50
batch_size: 20
num_classes: 10
num_channels: 3
target_label: 9
num_clients_per_round_fit: 15
num_clients_per_round_eval: 15
config_fit:
  poisoning_rate: 0.7
  lr: 0.01
  momentum: 0.9
  local_epochs: 5
  proximal_mu: 2.0
dataset_config:
  ratio_benign_client: 0.6
  iid: false
  balance: false
  power_law: false
  dirichlet: true
  alpha: 0.9

[2025-11-03 14:07:52,421][root][INFO] - Device is cuda
[2025-11-03 14:07:57,962][flwr][INFO] - Starting Flower simulation, config: ServerConfig(num_rounds=100, round_timeout=None)
[2025-11-03 14:08:00,136][flwr][INFO] - Flower VCE: Ray initialized with resources: {'node:137.205.115.203': 1.0, 'memory': 36468847412.0, 'accelerator_type:G': 1.0, 'GPU': 1.0, 'node:__internal_head__': 1.0, 'CPU': 20.0, 'object_store_memory': 18234423705.0}
[2025-11-03 14:08:00,137][flwr][INFO] - Initializing global parameters
[2025-11-03 14:08:00,137][flwr][INFO] - Using initial parameters provided by strategy
[2025-11-03 14:08:00,137][flwr][INFO] - Evaluating initial parameters
[2025-11-03 14:08:01,918][flwr][INFO] - initial parameters (loss, other metrics): 182.7026777267456, {'accuracy': 0.1003}
[2025-11-03 14:08:01,918][flwr][INFO] - FL starting
[2025-11-03 14:08:01,918][flwr][DEBUG] - fit_round 1: strategy sampled 15 clients (out of 50)
[2025-11-03 14:08:31,386][flwr][DEBUG] - fit_round 1 received 15 results and 0 failures
[2025-11-03 14:08:31,556][root][INFO] - Number of Evil Clients: 0
[2025-11-03 14:08:31,557][root][INFO] - Number of Preset Malicious Clients is 7
[2025-11-03 14:08:31,557][root][INFO] - Number of Preset Benign Clients is 8
[2025-11-03 14:08:36,711][root][INFO] - Average poisoning accuracy: 0.9714571428571429
[2025-11-03 14:08:37,016][root][INFO] - Target label is 9
[2025-11-03 14:08:37,016][root][INFO] - Clustering Accuracy is 0.8666666666666667
[2025-11-03 14:08:37,077][root][INFO] - Lambda is -0.1
[2025-11-03 14:08:37,262][flwr][WARNING] - No fit_metrics_aggregation_fn provided
[2025-11-03 14:08:38,744][root][INFO] - Global Poisoning Accuracy: 0.0001
[2025-11-03 14:08:38,812][flwr][INFO] - fit progress: (1, 193.85574793815613, {'accuracy': 0.1118}, 36.89440386998467)
[2025-11-03 14:08:38,813][flwr][DEBUG] - evaluate_round 1: strategy sampled 15 clients (out of 50)
[2025-11-03 14:08:47,673][flwr][DEBUG] - evaluate_round 1 received 15 results and 0 failures
[2025-11-03 14:08:47,673][root][INFO] - Federated Accuracy: 0.1461
[2025-11-03 14:08:47,742][flwr][DEBUG] - fit_round 2: strategy sampled 15 clients (out of 50)
[2025-11-03 14:09:15,559][flwr][DEBUG] - fit_round 2 received 15 results and 0 failures
[2025-11-03 14:09:17,880][root][INFO] - Number of Evil Clients: 3
[2025-11-03 14:09:17,880][root][INFO] - Number of Preset Malicious Clients is 4
[2025-11-03 14:09:17,880][root][INFO] - Number of Preset Benign Clients is 8
[2025-11-03 14:09:20,799][root][INFO] - Average poisoning accuracy: 0.9707857142857144
[2025-11-03 14:09:20,810][root][INFO] - Clustering Accuracy is 0.9166666666666666
[2025-11-03 14:09:20,815][root][INFO] - Lambda is -0.1
[2025-11-03 14:09:22,458][root][INFO] - Global Poisoning Accuracy: 0.0014
[2025-11-03 14:09:22,657][flwr][INFO] - fit progress: (2, 171.49815905094147, {'accuracy': 0.2502}, 80.73934594902676)
[2025-11-03 14:09:22,657][flwr][DEBUG] - evaluate_round 2: strategy sampled 15 clients (out of 50)
[2025-11-03 14:09:31,343][flwr][DEBUG] - evaluate_round 2 received 15 results and 0 failures
[2025-11-03 14:09:31,343][root][INFO] - Federated Accuracy: 0.25769166666666665
[2025-11-03 14:09:31,414][flwr][DEBUG] - fit_round 3: strategy sampled 15 clients (out of 50)
[2025-11-03 14:09:56,901][flwr][DEBUG] - fit_round 3 received 15 results and 0 failures
[2025-11-03 14:09:59,957][root][INFO] - Number of Evil Clients: 4
[2025-11-03 14:09:59,957][root][INFO] - Number of Preset Malicious Clients is 1
[2025-11-03 14:09:59,957][root][INFO] - Number of Preset Benign Clients is 10
[2025-11-03 14:10:00,688][root][INFO] - Average poisoning accuracy: 0.6720400000000001
[2025-11-03 14:10:00,699][root][INFO] - Clustering Accuracy is 0.9090909090909091
[2025-11-03 14:10:00,704][root][INFO] - Lambda is -0.1
[2025-11-03 14:10:02,307][root][INFO] - Global Poisoning Accuracy: 0.0835
[2025-11-03 14:10:02,375][flwr][INFO] - fit progress: (3, 145.5711716413498, {'accuracy': 0.3593}, 120.45727532100864)
[2025-11-03 14:10:02,375][flwr][DEBUG] - evaluate_round 3: strategy sampled 15 clients (out of 50)
[2025-11-03 14:10:11,130][flwr][DEBUG] - evaluate_round 3 received 15 results and 0 failures
[2025-11-03 14:10:11,131][root][INFO] - Federated Accuracy: 0.40948823529411765
[2025-11-03 14:10:11,205][flwr][DEBUG] - fit_round 4: strategy sampled 15 clients (out of 50)
[2025-11-03 14:10:38,154][flwr][DEBUG] - fit_round 4 received 15 results and 0 failures
[2025-11-03 14:10:41,223][root][INFO] - Number of Evil Clients: 4
[2025-11-03 14:10:41,224][root][INFO] - Number of Preset Malicious Clients is 4
[2025-11-03 14:10:41,224][root][INFO] - Number of Preset Benign Clients is 7
[2025-11-03 14:10:44,154][root][INFO] - Average poisoning accuracy: 0.978025
[2025-11-03 14:10:44,165][root][INFO] - Clustering Accuracy is 1.0
[2025-11-03 14:10:44,175][root][INFO] - Lambda is -0.1
[2025-11-03 14:10:45,887][root][INFO] - Global Poisoning Accuracy: 0.0395
[2025-11-03 14:10:45,955][flwr][INFO] - fit progress: (4, 149.20211470127106, {'accuracy': 0.3875}, 164.0373779949732)
[2025-11-03 14:10:45,955][flwr][DEBUG] - evaluate_round 4: strategy sampled 15 clients (out of 50)
[2025-11-03 14:10:54,828][flwr][DEBUG] - evaluate_round 4 received 15 results and 0 failures
[2025-11-03 14:10:54,829][root][INFO] - Federated Accuracy: 0.5087578947368422
[2025-11-03 14:10:54,927][flwr][DEBUG] - fit_round 5: strategy sampled 15 clients (out of 50)
[2025-11-03 14:11:22,000][flwr][DEBUG] - fit_round 5 received 15 results and 0 failures
[2025-11-03 14:11:26,545][root][INFO] - Number of Evil Clients: 6
[2025-11-03 14:11:26,545][root][INFO] - Number of Preset Malicious Clients is 1
[2025-11-03 14:11:26,545][root][INFO] - Number of Preset Benign Clients is 8
[2025-11-03 14:11:27,277][root][INFO] - Average poisoning accuracy: 0.8574857142857144
[2025-11-03 14:11:27,288][root][INFO] - Clustering Accuracy is 0.8888888888888888
[2025-11-03 14:11:27,293][root][INFO] - Lambda is -0.1
[2025-11-03 14:11:28,895][root][INFO] - Global Poisoning Accuracy: 0.1701
[2025-11-03 14:11:28,964][flwr][INFO] - fit progress: (5, 142.71950018405914, {'accuracy': 0.431}, 207.04577759397216)
[2025-11-03 14:11:28,964][flwr][DEBUG] - evaluate_round 5: strategy sampled 15 clients (out of 50)
[2025-11-03 14:11:37,849][flwr][DEBUG] - evaluate_round 5 received 15 results and 0 failures
[2025-11-03 14:11:37,849][root][INFO] - Federated Accuracy: 0.699041935483871
[2025-11-03 14:11:38,032][flwr][DEBUG] - fit_round 6: strategy sampled 15 clients (out of 50)
[2025-11-03 14:12:06,561][flwr][DEBUG] - fit_round 6 received 15 results and 0 failures
[2025-11-03 14:12:09,620][root][INFO] - Number of Evil Clients: 4
[2025-11-03 14:12:09,620][root][INFO] - Number of Preset Malicious Clients is 1
[2025-11-03 14:12:09,621][root][INFO] - Number of Preset Benign Clients is 10
[2025-11-03 14:12:10,353][root][INFO] - Average poisoning accuracy: 0.81868
[2025-11-03 14:12:10,364][root][INFO] - Clustering Accuracy is 0.9090909090909091
[2025-11-03 14:12:10,370][root][INFO] - Lambda is -0.1
[2025-11-03 14:12:11,967][root][INFO] - Global Poisoning Accuracy: 0.1234
[2025-11-03 14:12:12,038][flwr][INFO] - fit progress: (6, 149.56809401512146, {'accuracy': 0.4293}, 250.1203707520035)
[2025-11-03 14:12:12,038][flwr][DEBUG] - evaluate_round 6: strategy sampled 15 clients (out of 50)
[2025-11-03 14:12:20,905][flwr][DEBUG] - evaluate_round 6 received 15 results and 0 failures
[2025-11-03 14:12:20,905][root][INFO] - Federated Accuracy: 0.6657659574468086
[2025-11-03 14:12:20,974][flwr][DEBUG] - fit_round 7: strategy sampled 15 clients (out of 50)
[2025-11-03 14:12:47,798][flwr][DEBUG] - fit_round 7 received 15 results and 0 failures
[2025-11-03 14:12:53,849][root][INFO] - Number of Evil Clients: 8
[2025-11-03 14:12:53,849][root][INFO] - Number of Preset Malicious Clients is 1
[2025-11-03 14:12:53,849][root][INFO] - Number of Preset Benign Clients is 6
[2025-11-03 14:12:54,584][root][INFO] - Average poisoning accuracy: 0.9753111111111112
[2025-11-03 14:12:54,595][root][INFO] - Clustering Accuracy is 0.8571428571428571
[2025-11-03 14:12:54,601][root][INFO] - Lambda is -0.1
[2025-11-03 14:12:56,209][root][INFO] - Global Poisoning Accuracy: 0.2348
[2025-11-03 14:12:56,277][flwr][INFO] - fit progress: (7, 151.9680986404419, {'accuracy': 0.4405}, 294.35882433800725)
[2025-11-03 14:12:56,277][flwr][DEBUG] - evaluate_round 7: strategy sampled 15 clients (out of 50)
[2025-11-03 14:13:05,028][flwr][DEBUG] - evaluate_round 7 received 15 results and 0 failures
[2025-11-03 14:13:05,028][root][INFO] - Federated Accuracy: 0.806206818181818
[2025-11-03 14:13:05,222][flwr][DEBUG] - fit_round 8: strategy sampled 15 clients (out of 50)
[2025-11-03 14:13:31,385][flwr][DEBUG] - fit_round 8 received 15 results and 0 failures
[2025-11-03 14:13:35,188][root][INFO] - Number of Evil Clients: 5
[2025-11-03 14:13:35,188][root][INFO] - Number of Preset Malicious Clients is 3
[2025-11-03 14:13:35,188][root][INFO] - Number of Preset Benign Clients is 7
[2025-11-03 14:13:37,400][root][INFO] - Average poisoning accuracy: 0.878225
[2025-11-03 14:13:37,411][root][INFO] - Clustering Accuracy is 0.6
[2025-11-03 14:13:37,417][root][INFO] - Lambda is -0.1
[2025-11-03 14:13:39,050][root][INFO] - Global Poisoning Accuracy: 0.0681
[2025-11-03 14:13:39,118][flwr][INFO] - fit progress: (8, 163.73528003692627, {'accuracy': 0.4387}, 337.20015155000146)
[2025-11-03 14:13:39,118][flwr][DEBUG] - evaluate_round 8: strategy sampled 15 clients (out of 50)
[2025-11-03 14:13:48,001][flwr][DEBUG] - evaluate_round 8 received 15 results and 0 failures
[2025-11-03 14:13:48,002][root][INFO] - Federated Accuracy: 0.7630102564102564
[2025-11-03 14:13:48,070][flwr][DEBUG] - fit_round 9: strategy sampled 15 clients (out of 50)
[2025-11-03 14:14:14,873][flwr][DEBUG] - fit_round 9 received 15 results and 0 failures
[2025-11-03 14:14:20,163][root][INFO] - Number of Evil Clients: 7
[2025-11-03 14:14:20,164][root][INFO] - Number of Preset Malicious Clients is 1
[2025-11-03 14:14:20,164][root][INFO] - Number of Preset Benign Clients is 7
[2025-11-03 14:14:20,893][root][INFO] - Average poisoning accuracy: 0.7949625
[2025-11-03 14:14:20,904][root][INFO] - Clustering Accuracy is 0.875
[2025-11-03 14:14:20,909][root][INFO] - Lambda is -0.1
[2025-11-03 14:14:22,513][root][INFO] - Global Poisoning Accuracy: 0.1516
[2025-11-03 14:14:22,581][flwr][INFO] - fit progress: (9, 161.1353440284729, {'accuracy': 0.4409}, 380.6633295150241)
[2025-11-03 14:14:22,581][flwr][DEBUG] - evaluate_round 9: strategy sampled 15 clients (out of 50)
[2025-11-03 14:14:31,557][flwr][DEBUG] - evaluate_round 9 received 15 results and 0 failures
[2025-11-03 14:14:31,557][root][INFO] - Federated Accuracy: 0.7681071428571428
[2025-11-03 14:14:31,740][flwr][DEBUG] - fit_round 10: strategy sampled 15 clients (out of 50)
[2025-11-03 14:14:59,919][flwr][DEBUG] - fit_round 10 received 15 results and 0 failures
[2025-11-03 14:15:05,298][root][INFO] - Number of Evil Clients: 7
[2025-11-03 14:15:05,298][root][INFO] - Number of Preset Malicious Clients is 0
[2025-11-03 14:15:05,298][root][INFO] - Number of Preset Benign Clients is 8
[2025-11-03 14:15:05,298][root][INFO] - Average poisoning accuracy: 0.8789857142857143
[2025-11-03 14:15:05,309][root][INFO] - Clustering Accuracy is 1.0
[2025-11-03 14:15:05,315][root][INFO] - Lambda is -0.1
[2025-11-03 14:15:06,916][root][INFO] - Global Poisoning Accuracy: 0.268
[2025-11-03 14:15:06,984][flwr][INFO] - fit progress: (10, 164.22732400894165, {'accuracy': 0.4337}, 425.0664970310172)
[2025-11-03 14:15:06,985][flwr][DEBUG] - evaluate_round 10: strategy sampled 15 clients (out of 50)
[2025-11-03 14:15:16,013][flwr][DEBUG] - evaluate_round 10 received 15 results and 0 failures
[2025-11-03 14:15:16,014][root][INFO] - Federated Accuracy: 0.7473194444444444
[2025-11-03 14:15:16,088][flwr][DEBUG] - fit_round 11: strategy sampled 15 clients (out of 50)
[2025-11-03 14:15:50,128][flwr][DEBUG] - fit_round 11 received 15 results and 0 failures
[2025-11-03 14:15:56,924][root][INFO] - Number of Evil Clients: 9
[2025-11-03 14:15:56,924][root][INFO] - Number of Preset Malicious Clients is 2
[2025-11-03 14:15:56,924][root][INFO] - Number of Preset Benign Clients is 4
[2025-11-03 14:15:58,411][root][INFO] - Average poisoning accuracy: 0.7804181818181817
[2025-11-03 14:15:58,421][root][INFO] - Clustering Accuracy is 1.0
[2025-11-03 14:15:58,427][root][INFO] - Lambda is -0.1
[2025-11-03 14:16:00,042][root][INFO] - Global Poisoning Accuracy: 0.2461
[2025-11-03 14:16:00,230][flwr][INFO] - fit progress: (11, 161.1011950969696, {'accuracy': 0.4313}, 478.3116947200033)
[2025-11-03 14:16:00,230][flwr][DEBUG] - evaluate_round 11: strategy sampled 15 clients (out of 50)
[2025-11-03 14:16:09,110][flwr][DEBUG] - evaluate_round 11 received 15 results and 0 failures
[2025-11-03 14:16:09,111][root][INFO] - Federated Accuracy: 0.7837644444444446
[2025-11-03 14:16:09,180][flwr][DEBUG] - fit_round 12: strategy sampled 15 clients (out of 50)
[2025-11-03 14:16:35,351][flwr][DEBUG] - fit_round 12 received 15 results and 0 failures
[2025-11-03 14:16:42,103][root][INFO] - Number of Evil Clients: 9
[2025-11-03 14:16:42,103][root][INFO] - Number of Preset Malicious Clients is 0
[2025-11-03 14:16:42,103][root][INFO] - Number of Preset Benign Clients is 6
[2025-11-03 14:16:42,103][root][INFO] - Average poisoning accuracy: 0.8152444444444444
[2025-11-03 14:16:42,114][root][INFO] - Clustering Accuracy is 1.0
[2025-11-03 14:16:42,119][root][INFO] - Lambda is -0.1
[2025-11-03 14:16:43,724][root][INFO] - Global Poisoning Accuracy: 0.228
[2025-11-03 14:16:43,793][flwr][INFO] - fit progress: (12, 159.38500046730042, {'accuracy': 0.439}, 521.874705934024)
[2025-11-03 14:16:43,793][flwr][DEBUG] - evaluate_round 12: strategy sampled 15 clients (out of 50)
[2025-11-03 14:16:52,720][flwr][DEBUG] - evaluate_round 12 received 15 results and 0 failures
[2025-11-03 14:16:52,720][root][INFO] - Federated Accuracy: 0.7835526315789475
[2025-11-03 14:16:52,823][flwr][DEBUG] - fit_round 13: strategy sampled 15 clients (out of 50)
[2025-11-03 14:17:20,255][flwr][DEBUG] - fit_round 13 received 15 results and 0 failures
[2025-11-03 14:17:27,896][root][INFO] - Number of Evil Clients: 10
[2025-11-03 14:17:27,896][root][INFO] - Number of Preset Malicious Clients is 0
[2025-11-03 14:17:27,896][root][INFO] - Number of Preset Benign Clients is 5
[2025-11-03 14:17:27,896][root][INFO] - Average poisoning accuracy: 0.75969
[2025-11-03 14:17:27,907][root][INFO] - Clustering Accuracy is 1.0
[2025-11-03 14:17:27,912][root][INFO] - Lambda is -0.1
[2025-11-03 14:17:29,562][root][INFO] - Global Poisoning Accuracy: 0.1272
[2025-11-03 14:17:29,747][flwr][INFO] - fit progress: (13, 162.16352379322052, {'accuracy': 0.441}, 567.8286358399782)
[2025-11-03 14:17:29,747][flwr][DEBUG] - evaluate_round 13: strategy sampled 15 clients (out of 50)
[2025-11-03 14:17:38,915][flwr][DEBUG] - evaluate_round 13 received 15 results and 0 failures
[2025-11-03 14:17:38,916][root][INFO] - Federated Accuracy: 0.78951
[2025-11-03 14:17:38,986][flwr][DEBUG] - fit_round 14: strategy sampled 15 clients (out of 50)
[2025-11-03 14:18:05,793][flwr][DEBUG] - fit_round 14 received 15 results and 0 failures
[2025-11-03 14:18:11,094][root][INFO] - Number of Evil Clients: 7
[2025-11-03 14:18:11,094][root][INFO] - Number of Preset Malicious Clients is 0
[2025-11-03 14:18:11,094][root][INFO] - Number of Preset Benign Clients is 8
[2025-11-03 14:18:11,094][root][INFO] - Average poisoning accuracy: 0.9761
[2025-11-03 14:18:11,105][root][INFO] - Clustering Accuracy is 1.0
[2025-11-03 14:18:11,110][root][INFO] - Lambda is -0.1
[2025-11-03 14:18:12,701][root][INFO] - Global Poisoning Accuracy: 0.1614
[2025-11-03 14:18:12,770][flwr][INFO] - fit progress: (14, 156.9430422782898, {'accuracy': 0.448}, 610.8517913119867)
[2025-11-03 14:18:12,770][flwr][DEBUG] - evaluate_round 14: strategy sampled 15 clients (out of 50)
[2025-11-03 14:18:21,690][flwr][DEBUG] - evaluate_round 14 received 15 results and 0 failures
[2025-11-03 14:18:21,690][root][INFO] - Federated Accuracy: 0.8020874999999998
[2025-11-03 14:18:21,764][flwr][DEBUG] - fit_round 15: strategy sampled 15 clients (out of 50)
[2025-11-03 14:18:50,873][flwr][DEBUG] - fit_round 15 received 15 results and 0 failures
[2025-11-03 14:18:56,257][root][INFO] - Number of Evil Clients: 7
[2025-11-03 14:18:56,258][root][INFO] - Number of Preset Malicious Clients is 0
[2025-11-03 14:18:56,258][root][INFO] - Number of Preset Benign Clients is 8
[2025-11-03 14:18:56,258][root][INFO] - Average poisoning accuracy: 0.9715285714285715
[2025-11-03 14:18:56,269][root][INFO] - Clustering Accuracy is 1.0
[2025-11-03 14:18:56,274][root][INFO] - Lambda is -0.1
[2025-11-03 14:18:57,870][root][INFO] - Global Poisoning Accuracy: 0.1546
[2025-11-03 14:18:58,081][flwr][INFO] - fit progress: (15, 154.07584071159363, {'accuracy': 0.449}, 656.1631973250187)
[2025-11-03 14:18:58,081][flwr][DEBUG] - evaluate_round 15: strategy sampled 15 clients (out of 50)
[2025-11-03 14:19:06,993][flwr][DEBUG] - evaluate_round 15 received 15 results and 0 failures
[2025-11-03 14:19:06,994][root][INFO] - Federated Accuracy: 0.7711222222222223
[2025-11-03 14:19:07,065][flwr][DEBUG] - fit_round 16: strategy sampled 15 clients (out of 50)
[2025-11-03 14:19:35,558][flwr][DEBUG] - fit_round 16 received 15 results and 0 failures
[2025-11-03 14:19:45,143][root][INFO] - Number of Evil Clients: 9
[2025-11-03 14:19:45,143][root][INFO] - Number of Preset Malicious Clients is 1
[2025-11-03 14:19:45,143][root][INFO] - Number of Preset Benign Clients is 5
[2025-11-03 14:19:46,477][root][INFO] - Average poisoning accuracy: 0.90228
[2025-11-03 14:19:46,489][root][INFO] - Clustering Accuracy is 0.8333333333333334
[2025-11-03 14:19:46,495][root][INFO] - Lambda is -0.1
[2025-11-03 14:19:48,697][root][INFO] - Global Poisoning Accuracy: 0.3795
[2025-11-03 14:19:48,773][flwr][INFO] - fit progress: (16, 161.69676458835602, {'accuracy': 0.4223}, 706.8547132129897)
[2025-11-03 14:19:48,773][flwr][DEBUG] - evaluate_round 16: strategy sampled 15 clients (out of 50)
[2025-11-03 14:19:57,858][flwr][DEBUG] - evaluate_round 16 received 15 results and 0 failures
[2025-11-03 14:19:57,858][root][INFO] - Federated Accuracy: 0.8123032786885246
[2025-11-03 14:19:57,927][flwr][DEBUG] - fit_round 17: strategy sampled 15 clients (out of 50)
[2025-11-03 14:20:25,318][flwr][DEBUG] - fit_round 17 received 15 results and 0 failures
[2025-11-03 14:20:29,868][root][INFO] - Number of Evil Clients: 6
[2025-11-03 14:20:29,868][root][INFO] - Number of Preset Malicious Clients is 1
[2025-11-03 14:20:29,868][root][INFO] - Number of Preset Benign Clients is 8
[2025-11-03 14:20:30,601][root][INFO] - Average poisoning accuracy: 0.6769285714285714
[2025-11-03 14:20:30,612][root][INFO] - Clustering Accuracy is 0.8888888888888888
[2025-11-03 14:20:30,618][root][INFO] - Lambda is -0.1
[2025-11-03 14:20:32,225][root][INFO] - Global Poisoning Accuracy: 0.4536
[2025-11-03 14:20:32,409][flwr][INFO] - fit progress: (17, 166.18475914001465, {'accuracy': 0.4208}, 750.4914884599857)
[2025-11-03 14:20:32,410][flwr][DEBUG] - evaluate_round 17: strategy sampled 15 clients (out of 50)
[2025-11-03 14:20:41,374][flwr][DEBUG] - evaluate_round 17 received 15 results and 0 failures
[2025-11-03 14:20:41,374][root][INFO] - Federated Accuracy: 0.7728545454545455
[2025-11-03 14:20:41,448][flwr][DEBUG] - fit_round 18: strategy sampled 15 clients (out of 50)
[2025-11-03 14:21:08,412][flwr][DEBUG] - fit_round 18 received 15 results and 0 failures
[2025-11-03 14:21:12,975][root][INFO] - Number of Evil Clients: 6
[2025-11-03 14:21:12,975][root][INFO] - Number of Preset Malicious Clients is 0
[2025-11-03 14:21:12,975][root][INFO] - Number of Preset Benign Clients is 9
[2025-11-03 14:21:12,975][root][INFO] - Average poisoning accuracy: 0.7491833333333333
[2025-11-03 14:21:12,986][root][INFO] - Clustering Accuracy is 1.0
[2025-11-03 14:21:12,991][root][INFO] - Lambda is -0.1
[2025-11-03 14:21:14,585][root][INFO] - Global Poisoning Accuracy: 0.4506
[2025-11-03 14:21:14,680][flwr][INFO] - fit progress: (18, 170.41345810890198, {'accuracy': 0.4229}, 792.7621157729882)
[2025-11-03 14:21:14,680][flwr][DEBUG] - evaluate_round 18: strategy sampled 15 clients (out of 50)
[2025-11-03 14:21:23,685][flwr][DEBUG] - evaluate_round 18 received 15 results and 0 failures
[2025-11-03 14:21:23,685][root][INFO] - Federated Accuracy: 0.7100892857142859
[2025-11-03 14:21:23,782][flwr][DEBUG] - fit_round 19: strategy sampled 15 clients (out of 50)
[2025-11-03 14:21:50,402][flwr][DEBUG] - fit_round 19 received 15 results and 0 failures
[2025-11-03 14:21:55,783][root][INFO] - Number of Evil Clients: 7
[2025-11-03 14:21:55,784][root][INFO] - Number of Preset Malicious Clients is 0
[2025-11-03 14:21:55,784][root][INFO] - Number of Preset Benign Clients is 8
[2025-11-03 14:21:55,784][root][INFO] - Average poisoning accuracy: 0.8892285714285715
[2025-11-03 14:21:55,794][root][INFO] - Clustering Accuracy is 1.0
[2025-11-03 14:21:55,800][root][INFO] - Lambda is -0.1
[2025-11-03 14:21:57,413][root][INFO] - Global Poisoning Accuracy: 0.3704
[2025-11-03 14:21:57,480][flwr][INFO] - fit progress: (19, 164.40539634227753, {'accuracy': 0.434}, 835.5625072339899)
[2025-11-03 14:21:57,481][flwr][DEBUG] - evaluate_round 19: strategy sampled 15 clients (out of 50)
[2025-11-03 14:22:06,364][flwr][DEBUG] - evaluate_round 19 received 15 results and 0 failures
[2025-11-03 14:22:06,364][root][INFO] - Federated Accuracy: 0.77015
[2025-11-03 14:22:06,433][flwr][DEBUG] - fit_round 20: strategy sampled 15 clients (out of 50)
[2025-11-03 14:22:34,518][flwr][DEBUG] - fit_round 20 received 15 results and 0 failures
[2025-11-03 14:22:42,000][root][INFO] - Number of Evil Clients: 10
[2025-11-03 14:22:42,000][root][INFO] - Number of Preset Malicious Clients is 0
[2025-11-03 14:22:42,000][root][INFO] - Number of Preset Benign Clients is 5
[2025-11-03 14:22:42,000][root][INFO] - Average poisoning accuracy: 0.83826
[2025-11-03 14:22:42,054][root][INFO] - Clustering Accuracy is 1.0
[2025-11-03 14:22:42,110][root][INFO] - Lambda is -0.1
[2025-11-03 14:22:43,717][root][INFO] - Global Poisoning Accuracy: 0.4381
[2025-11-03 14:22:43,785][flwr][INFO] - fit progress: (20, 171.87096524238586, {'accuracy': 0.4212}, 881.8665755490074)
[2025-11-03 14:22:43,785][flwr][DEBUG] - evaluate_round 20: strategy sampled 15 clients (out of 50)
[2025-11-03 14:22:52,658][flwr][DEBUG] - evaluate_round 20 received 15 results and 0 failures
[2025-11-03 14:22:52,659][root][INFO] - Federated Accuracy: 0.7505518518518519
[2025-11-03 14:22:52,843][flwr][DEBUG] - fit_round 21: strategy sampled 15 clients (out of 50)
[2025-11-03 14:23:21,101][flwr][DEBUG] - fit_round 21 received 15 results and 0 failures
[2025-11-03 14:23:26,384][root][INFO] - Number of Evil Clients: 7
[2025-11-03 14:23:26,384][root][INFO] - Number of Preset Malicious Clients is 0
[2025-11-03 14:23:26,384][root][INFO] - Number of Preset Benign Clients is 8
[2025-11-03 14:23:26,384][root][INFO] - Average poisoning accuracy: 0.8176
[2025-11-03 14:23:26,395][root][INFO] - Clustering Accuracy is 1.0
[2025-11-03 14:23:26,400][root][INFO] - Lambda is -0.1
[2025-11-03 14:23:27,997][root][INFO] - Global Poisoning Accuracy: 0.4151
[2025-11-03 14:23:28,066][flwr][INFO] - fit progress: (21, 170.4604353904724, {'accuracy': 0.4202}, 926.1476321800146)
[2025-11-03 14:23:28,066][flwr][DEBUG] - evaluate_round 21: strategy sampled 15 clients (out of 50)
[2025-11-03 14:23:37,043][flwr][DEBUG] - evaluate_round 21 received 15 results and 0 failures
[2025-11-03 14:23:37,043][root][INFO] - Federated Accuracy: 0.7835692307692308
[2025-11-03 14:23:37,126][flwr][DEBUG] - fit_round 22: strategy sampled 15 clients (out of 50)
[2025-11-03 14:24:05,146][flwr][DEBUG] - fit_round 22 received 15 results and 0 failures
[2025-11-03 14:24:08,964][root][INFO] - Number of Evil Clients: 5
[2025-11-03 14:24:08,964][root][INFO] - Number of Preset Malicious Clients is 1
[2025-11-03 14:24:08,964][root][INFO] - Number of Preset Benign Clients is 9
[2025-11-03 14:24:09,697][root][INFO] - Average poisoning accuracy: 0.7054
[2025-11-03 14:24:09,708][root][INFO] - Clustering Accuracy is 0.9
[2025-11-03 14:24:09,716][root][INFO] - Lambda is -0.1
[2025-11-03 14:24:11,322][root][INFO] - Global Poisoning Accuracy: 0.4316
[2025-11-03 14:24:11,391][flwr][INFO] - fit progress: (22, 165.6701784133911, {'accuracy': 0.4301}, 969.472754250979)
[2025-11-03 14:24:11,391][flwr][DEBUG] - evaluate_round 22: strategy sampled 15 clients (out of 50)
[2025-11-03 14:24:20,337][flwr][DEBUG] - evaluate_round 22 received 15 results and 0 failures
[2025-11-03 14:24:20,337][root][INFO] - Federated Accuracy: 0.7330727272727272
[2025-11-03 14:24:20,524][flwr][DEBUG] - fit_round 23: strategy sampled 15 clients (out of 50)
[2025-11-03 14:24:48,790][flwr][DEBUG] - fit_round 23 received 15 results and 0 failures
[2025-11-03 14:24:55,951][root][INFO] - Number of Evil Clients: 9
[2025-11-03 14:24:55,951][root][INFO] - Number of Preset Malicious Clients is 0
[2025-11-03 14:24:55,951][root][INFO] - Number of Preset Benign Clients is 6
[2025-11-03 14:24:55,951][root][INFO] - Average poisoning accuracy: 0.8659333333333332
[2025-11-03 14:24:55,962][root][INFO] - Clustering Accuracy is 1.0
[2025-11-03 14:24:55,967][root][INFO] - Lambda is -0.1
[2025-11-03 14:24:57,577][root][INFO] - Global Poisoning Accuracy: 0.4105
[2025-11-03 14:24:57,645][flwr][INFO] - fit progress: (23, 171.25983214378357, {'accuracy': 0.4241}, 1015.7266672449769)
[2025-11-03 14:24:57,645][flwr][DEBUG] - evaluate_round 23: strategy sampled 15 clients (out of 50)
[2025-11-03 14:25:06,793][flwr][DEBUG] - evaluate_round 23 received 15 results and 0 failures
[2025-11-03 14:25:06,793][root][INFO] - Federated Accuracy: 0.7354060000000001
[2025-11-03 14:25:06,861][flwr][DEBUG] - fit_round 24: strategy sampled 15 clients (out of 50)
[2025-11-03 14:25:40,111][flwr][DEBUG] - fit_round 24 received 15 results and 0 failures
[2025-11-03 14:25:44,726][root][INFO] - Number of Evil Clients: 6
[2025-11-03 14:25:44,726][root][INFO] - Number of Preset Malicious Clients is 0
[2025-11-03 14:25:44,726][root][INFO] - Number of Preset Benign Clients is 9
[2025-11-03 14:25:44,726][root][INFO] - Average poisoning accuracy: 0.9064
[2025-11-03 14:25:44,737][root][INFO] - Clustering Accuracy is 1.0
[2025-11-03 14:25:44,747][root][INFO] - Lambda is -0.1
[2025-11-03 14:25:46,393][root][INFO] - Global Poisoning Accuracy: 0.435
[2025-11-03 14:25:46,581][flwr][INFO] - fit progress: (24, 169.77247178554535, {'accuracy': 0.424}, 1064.663049647992)
[2025-11-03 14:25:46,581][flwr][DEBUG] - evaluate_round 24: strategy sampled 15 clients (out of 50)
[2025-11-03 14:25:55,398][flwr][DEBUG] - evaluate_round 24 received 15 results and 0 failures
[2025-11-03 14:25:55,398][root][INFO] - Federated Accuracy: 0.8444224489795918
[2025-11-03 14:25:55,493][flwr][DEBUG] - fit_round 25: strategy sampled 15 clients (out of 50)
[2025-11-03 14:26:23,434][flwr][DEBUG] - fit_round 25 received 15 results and 0 failures
[2025-11-03 14:26:29,528][root][INFO] - Number of Evil Clients: 8
[2025-11-03 14:26:29,528][root][INFO] - Number of Preset Malicious Clients is 0
[2025-11-03 14:26:29,528][root][INFO] - Number of Preset Benign Clients is 7
[2025-11-03 14:26:29,528][root][INFO] - Average poisoning accuracy: 0.9148625
[2025-11-03 14:26:29,539][root][INFO] - Clustering Accuracy is 1.0
[2025-11-03 14:26:29,545][root][INFO] - Lambda is -0.1
[2025-11-03 14:26:31,132][root][INFO] - Global Poisoning Accuracy: 0.4641
[2025-11-03 14:26:31,200][flwr][INFO] - fit progress: (25, 171.81642889976501, {'accuracy': 0.4164}, 1109.2822617570055)
[2025-11-03 14:26:31,200][flwr][DEBUG] - evaluate_round 25: strategy sampled 15 clients (out of 50)
[2025-11-03 14:26:40,478][flwr][DEBUG] - evaluate_round 25 received 15 results and 0 failures
[2025-11-03 14:26:40,478][root][INFO] - Federated Accuracy: 0.7317346938775511
[2025-11-03 14:26:40,547][flwr][DEBUG] - fit_round 26: strategy sampled 15 clients (out of 50)
[2025-11-03 14:27:12,397][flwr][DEBUG] - fit_round 26 received 15 results and 0 failures
[2025-11-03 14:27:17,710][root][INFO] - Number of Evil Clients: 7
[2025-11-03 14:27:17,710][root][INFO] - Number of Preset Malicious Clients is 0
[2025-11-03 14:27:17,711][root][INFO] - Number of Preset Benign Clients is 8
[2025-11-03 14:27:17,711][root][INFO] - Average poisoning accuracy: 0.8884714285714285
[2025-11-03 14:27:17,721][root][INFO] - Clustering Accuracy is 1.0
[2025-11-03 14:27:17,727][root][INFO] - Lambda is -0.1
[2025-11-03 14:27:19,314][root][INFO] - Global Poisoning Accuracy: 0.4084
[2025-11-03 14:27:19,499][flwr][INFO] - fit progress: (26, 167.0590009689331, {'accuracy': 0.4241}, 1157.5809894250124)
[2025-11-03 14:27:19,499][flwr][DEBUG] - evaluate_round 26: strategy sampled 15 clients (out of 50)
[2025-11-03 14:27:28,541][flwr][DEBUG] - evaluate_round 26 received 15 results and 0 failures
[2025-11-03 14:27:28,541][root][INFO] - Federated Accuracy: 0.7862076923076924
[2025-11-03 14:27:28,613][flwr][DEBUG] - fit_round 27: strategy sampled 15 clients (out of 50)
[2025-11-03 14:27:54,112][flwr][DEBUG] - fit_round 27 received 15 results and 0 failures
[2025-11-03 14:27:59,395][root][INFO] - Number of Evil Clients: 7
[2025-11-03 14:27:59,395][root][INFO] - Number of Preset Malicious Clients is 1
[2025-11-03 14:27:59,395][root][INFO] - Number of Preset Benign Clients is 7
[2025-11-03 14:28:00,124][root][INFO] - Average poisoning accuracy: 0.8503000000000001
[2025-11-03 14:28:00,135][root][INFO] - Clustering Accuracy is 0.875
[2025-11-03 14:28:00,145][root][INFO] - Lambda is -0.1
[2025-11-03 14:28:01,752][root][INFO] - Global Poisoning Accuracy: 0.5472
[2025-11-03 14:28:01,819][flwr][INFO] - fit progress: (27, 174.66560351848602, {'accuracy': 0.4067}, 1199.9014796059928)
[2025-11-03 14:28:01,820][flwr][DEBUG] - evaluate_round 27: strategy sampled 15 clients (out of 50)
[2025-11-03 14:28:10,726][flwr][DEBUG] - evaluate_round 27 received 15 results and 0 failures
[2025-11-03 14:28:10,726][root][INFO] - Federated Accuracy: 0.8699441176470589
[2025-11-03 14:28:10,794][flwr][DEBUG] - fit_round 28: strategy sampled 15 clients (out of 50)
[2025-11-03 14:28:37,851][flwr][DEBUG] - fit_round 28 received 15 results and 0 failures
[2025-11-03 14:28:42,779][root][INFO] - Number of Evil Clients: 6
[2025-11-03 14:28:42,780][root][INFO] - Number of Preset Malicious Clients is 0
[2025-11-03 14:28:42,780][root][INFO] - Number of Preset Benign Clients is 9
[2025-11-03 14:28:42,780][root][INFO] - Average poisoning accuracy: 0.9172333333333332
[2025-11-03 14:28:42,791][root][INFO] - Clustering Accuracy is 1.0
[2025-11-03 14:28:42,797][root][INFO] - Lambda is -0.1
[2025-11-03 14:28:44,409][root][INFO] - Global Poisoning Accuracy: 0.5933
[2025-11-03 14:28:44,587][flwr][INFO] - fit progress: (28, 182.46029937267303, {'accuracy': 0.4025}, 1242.669522560027)
[2025-11-03 14:28:44,588][flwr][DEBUG] - evaluate_round 28: strategy sampled 15 clients (out of 50)
[2025-11-03 14:28:53,573][flwr][DEBUG] - evaluate_round 28 received 15 results and 0 failures
[2025-11-03 14:28:53,573][root][INFO] - Federated Accuracy: 0.8470658536585368
[2025-11-03 14:28:53,641][flwr][DEBUG] - fit_round 29: strategy sampled 15 clients (out of 50)
[2025-11-03 14:29:24,175][flwr][DEBUG] - fit_round 29 received 15 results and 0 failures
[2025-11-03 14:29:30,261][root][INFO] - Number of Evil Clients: 8
[2025-11-03 14:29:30,261][root][INFO] - Number of Preset Malicious Clients is 0
[2025-11-03 14:29:30,261][root][INFO] - Number of Preset Benign Clients is 7
[2025-11-03 14:29:30,261][root][INFO] - Average poisoning accuracy: 0.798575
[2025-11-03 14:29:30,272][root][INFO] - Clustering Accuracy is 1.0
[2025-11-03 14:29:30,277][root][INFO] - Lambda is -0.1
[2025-11-03 14:29:31,899][root][INFO] - Global Poisoning Accuracy: 0.5968
[2025-11-03 14:29:31,968][flwr][INFO] - fit progress: (29, 184.95281529426575, {'accuracy': 0.3986}, 1290.0497822429752)
[2025-11-03 14:29:31,968][flwr][DEBUG] - evaluate_round 29: strategy sampled 15 clients (out of 50)
[2025-11-03 14:29:40,851][flwr][DEBUG] - evaluate_round 29 received 15 results and 0 failures
[2025-11-03 14:29:40,851][root][INFO] - Federated Accuracy: 0.8146434782608697
[2025-11-03 14:29:40,920][flwr][DEBUG] - fit_round 30: strategy sampled 15 clients (out of 50)
[2025-11-03 14:30:07,493][flwr][DEBUG] - fit_round 30 received 15 results and 0 failures
[2025-11-03 14:30:15,025][root][INFO] - Number of Evil Clients: 10
[2025-11-03 14:30:15,025][root][INFO] - Number of Preset Malicious Clients is 0
[2025-11-03 14:30:15,025][root][INFO] - Number of Preset Benign Clients is 5
[2025-11-03 14:30:15,025][root][INFO] - Average poisoning accuracy: 0.8234199999999999
[2025-11-03 14:30:15,036][root][INFO] - Clustering Accuracy is 1.0
[2025-11-03 14:30:15,041][root][INFO] - Lambda is -0.1
[2025-11-03 14:30:16,648][root][INFO] - Global Poisoning Accuracy: 0.5201
[2025-11-03 14:30:16,833][flwr][INFO] - fit progress: (30, 175.8914190530777, {'accuracy': 0.4089}, 1334.914639020979)
[2025-11-03 14:30:16,833][flwr][DEBUG] - evaluate_round 30: strategy sampled 15 clients (out of 50)
[2025-11-03 14:30:25,754][flwr][DEBUG] - evaluate_round 30 received 15 results and 0 failures
[2025-11-03 14:30:25,754][root][INFO] - Federated Accuracy: 0.7762021276595744
[2025-11-03 14:30:25,825][flwr][DEBUG] - fit_round 31: strategy sampled 15 clients (out of 50)
[2025-11-03 14:30:54,086][flwr][DEBUG] - fit_round 31 received 15 results and 0 failures
[2025-11-03 14:30:59,406][root][INFO] - Number of Evil Clients: 7
[2025-11-03 14:30:59,406][root][INFO] - Number of Preset Malicious Clients is 0
[2025-11-03 14:30:59,406][root][INFO] - Number of Preset Benign Clients is 8
[2025-11-03 14:30:59,406][root][INFO] - Average poisoning accuracy: 0.8320000000000001
[2025-11-03 14:30:59,417][root][INFO] - Clustering Accuracy is 1.0
[2025-11-03 14:30:59,422][root][INFO] - Lambda is -0.1
[2025-11-03 14:31:01,044][root][INFO] - Global Poisoning Accuracy: 0.4477
[2025-11-03 14:31:01,112][flwr][INFO] - fit progress: (31, 169.45142877101898, {'accuracy': 0.4265}, 1379.1936073540128)
[2025-11-03 14:31:01,112][flwr][DEBUG] - evaluate_round 31: strategy sampled 15 clients (out of 50)
[2025-11-03 14:31:10,059][flwr][DEBUG] - evaluate_round 31 received 15 results and 0 failures
[2025-11-03 14:31:10,059][root][INFO] - Federated Accuracy: 0.8446883720930234
[2025-11-03 14:31:10,252][flwr][DEBUG] - fit_round 32: strategy sampled 15 clients (out of 50)
[2025-11-03 14:31:37,065][flwr][DEBUG] - fit_round 32 received 15 results and 0 failures
[2025-11-03 14:31:46,133][root][INFO] - Number of Evil Clients: 12
[2025-11-03 14:31:46,133][root][INFO] - Number of Preset Malicious Clients is 0
[2025-11-03 14:31:46,133][root][INFO] - Number of Preset Benign Clients is 3
[2025-11-03 14:31:46,133][root][INFO] - Average poisoning accuracy: 0.8694083333333333
[2025-11-03 14:31:46,144][root][INFO] - Clustering Accuracy is 1.0
[2025-11-03 14:31:46,150][root][INFO] - Lambda is -0.1
[2025-11-03 14:31:47,776][root][INFO] - Global Poisoning Accuracy: 0.3949
[2025-11-03 14:31:47,844][flwr][INFO] - fit progress: (32, 166.26578962802887, {'accuracy': 0.432}, 1425.926211842976)
[2025-11-03 14:31:47,844][flwr][DEBUG] - evaluate_round 32: strategy sampled 15 clients (out of 50)
[2025-11-03 14:31:56,683][flwr][DEBUG] - evaluate_round 32 received 15 results and 0 failures
[2025-11-03 14:31:56,683][root][INFO] - Federated Accuracy: 0.769987037037037
[2025-11-03 14:31:56,780][flwr][DEBUG] - fit_round 33: strategy sampled 15 clients (out of 50)
[2025-11-03 14:32:25,121][flwr][DEBUG] - fit_round 33 received 15 results and 0 failures
[2025-11-03 14:32:30,432][root][INFO] - Number of Evil Clients: 7
[2025-11-03 14:32:30,433][root][INFO] - Number of Preset Malicious Clients is 0
[2025-11-03 14:32:30,433][root][INFO] - Number of Preset Benign Clients is 8
[2025-11-03 14:32:30,433][root][INFO] - Average poisoning accuracy: 0.8431857142857143
[2025-11-03 14:32:30,443][root][INFO] - Clustering Accuracy is 1.0
[2025-11-03 14:32:30,448][root][INFO] - Lambda is -0.1
[2025-11-03 14:32:32,046][root][INFO] - Global Poisoning Accuracy: 0.4027
[2025-11-03 14:32:32,114][flwr][INFO] - fit progress: (33, 166.09414947032928, {'accuracy': 0.4282}, 1470.1956230080104)
[2025-11-03 14:32:32,114][flwr][DEBUG] - evaluate_round 33: strategy sampled 15 clients (out of 50)
[2025-11-03 14:32:41,116][flwr][DEBUG] - evaluate_round 33 received 15 results and 0 failures
[2025-11-03 14:32:41,117][root][INFO] - Federated Accuracy: 0.8933175
[2025-11-03 14:32:41,304][flwr][DEBUG] - fit_round 34: strategy sampled 15 clients (out of 50)
[2025-11-03 14:33:08,496][flwr][DEBUG] - fit_round 34 received 15 results and 0 failures
[2025-11-03 14:33:15,288][root][INFO] - Number of Evil Clients: 9
[2025-11-03 14:33:15,288][root][INFO] - Number of Preset Malicious Clients is 0
[2025-11-03 14:33:15,288][root][INFO] - Number of Preset Benign Clients is 6
[2025-11-03 14:33:15,288][root][INFO] - Average poisoning accuracy: 0.8536666666666668
[2025-11-03 14:33:15,298][root][INFO] - Clustering Accuracy is 1.0
[2025-11-03 14:33:15,304][root][INFO] - Lambda is -0.1
[2025-11-03 14:33:16,911][root][INFO] - Global Poisoning Accuracy: 0.5051
[2025-11-03 14:33:16,980][flwr][INFO] - fit progress: (34, 172.78027772903442, {'accuracy': 0.4164}, 1515.0623975169729)
[2025-11-03 14:33:16,981][flwr][DEBUG] - evaluate_round 34: strategy sampled 15 clients (out of 50)
[2025-11-03 14:33:25,928][flwr][DEBUG] - evaluate_round 34 received 15 results and 0 failures
[2025-11-03 14:33:25,928][root][INFO] - Federated Accuracy: 0.8006191489361703
[2025-11-03 14:33:26,031][flwr][DEBUG] - fit_round 35: strategy sampled 15 clients (out of 50)
[2025-11-03 14:33:52,739][flwr][DEBUG] - fit_round 35 received 15 results and 0 failures
[2025-11-03 14:34:00,313][root][INFO] - Number of Evil Clients: 10
[2025-11-03 14:34:00,313][root][INFO] - Number of Preset Malicious Clients is 0
[2025-11-03 14:34:00,313][root][INFO] - Number of Preset Benign Clients is 5
[2025-11-03 14:34:00,313][root][INFO] - Average poisoning accuracy: 0.7712000000000001
[2025-11-03 14:34:00,324][root][INFO] - Clustering Accuracy is 1.0
[2025-11-03 14:34:00,329][root][INFO] - Lambda is -0.1
[2025-11-03 14:34:01,952][root][INFO] - Global Poisoning Accuracy: 0.4192
[2025-11-03 14:34:02,019][flwr][INFO] - fit progress: (35, 165.37934470176697, {'accuracy': 0.4292}, 1560.1007544460008)
[2025-11-03 14:34:02,019][flwr][DEBUG] - evaluate_round 35: strategy sampled 15 clients (out of 50)
[2025-11-03 14:34:10,984][flwr][DEBUG] - evaluate_round 35 received 15 results and 0 failures
[2025-11-03 14:34:10,984][root][INFO] - Federated Accuracy: 0.7720326086956524
[2025-11-03 14:34:11,171][flwr][DEBUG] - fit_round 36: strategy sampled 15 clients (out of 50)
[2025-11-03 14:34:38,612][flwr][DEBUG] - fit_round 36 received 15 results and 0 failures
[2025-11-03 14:34:43,915][root][INFO] - Number of Evil Clients: 7
[2025-11-03 14:34:43,915][root][INFO] - Number of Preset Malicious Clients is 1
[2025-11-03 14:34:43,915][root][INFO] - Number of Preset Benign Clients is 7
[2025-11-03 14:34:44,648][root][INFO] - Average poisoning accuracy: 0.800575
[2025-11-03 14:34:44,659][root][INFO] - Clustering Accuracy is 0.875
[2025-11-03 14:34:44,664][root][INFO] - Lambda is -0.1
[2025-11-03 14:34:46,271][root][INFO] - Global Poisoning Accuracy: 0.6024
[2025-11-03 14:34:46,338][flwr][INFO] - fit progress: (36, 179.72736978530884, {'accuracy': 0.4011}, 1604.4203275089967)
[2025-11-03 14:34:46,338][flwr][DEBUG] - evaluate_round 36: strategy sampled 15 clients (out of 50)
[2025-11-03 14:34:55,211][flwr][DEBUG] - evaluate_round 36 received 15 results and 0 failures
[2025-11-03 14:34:55,212][root][INFO] - Federated Accuracy: 0.8490160714285714
[2025-11-03 14:34:55,283][flwr][DEBUG] - fit_round 37: strategy sampled 15 clients (out of 50)
[2025-11-03 14:35:23,150][flwr][DEBUG] - fit_round 37 received 15 results and 0 failures
[2025-11-03 14:35:27,724][root][INFO] - Number of Evil Clients: 6
[2025-11-03 14:35:27,724][root][INFO] - Number of Preset Malicious Clients is 1
[2025-11-03 14:35:27,724][root][INFO] - Number of Preset Benign Clients is 8
[2025-11-03 14:35:28,461][root][INFO] - Average poisoning accuracy: 0.9000285714285715
[2025-11-03 14:35:28,472][root][INFO] - Clustering Accuracy is 0.8888888888888888
[2025-11-03 14:35:28,478][root][INFO] - Lambda is -0.1
[2025-11-03 14:35:30,079][root][INFO] - Global Poisoning Accuracy: 0.7184
[2025-11-03 14:35:30,146][flwr][INFO] - fit progress: (37, 194.8517210483551, {'accuracy': 0.3836}, 1648.227991867985)
[2025-11-03 14:35:30,146][flwr][DEBUG] - evaluate_round 37: strategy sampled 15 clients (out of 50)
[2025-11-03 14:35:39,208][flwr][DEBUG] - evaluate_round 37 received 15 results and 0 failures
[2025-11-03 14:35:39,208][root][INFO] - Federated Accuracy: 0.8208738461538462
[2025-11-03 14:35:39,394][flwr][DEBUG] - fit_round 38: strategy sampled 15 clients (out of 50)
[2025-11-03 14:36:06,240][flwr][DEBUG] - fit_round 38 received 15 results and 0 failures
[2025-11-03 14:36:12,251][root][INFO] - Number of Evil Clients: 8
[2025-11-03 14:36:12,251][root][INFO] - Number of Preset Malicious Clients is 0
[2025-11-03 14:36:12,251][root][INFO] - Number of Preset Benign Clients is 7
[2025-11-03 14:36:12,251][root][INFO] - Average poisoning accuracy: 0.9641624999999999
[2025-11-03 14:36:12,262][root][INFO] - Clustering Accuracy is 1.0
[2025-11-03 14:36:12,267][root][INFO] - Lambda is -0.1
[2025-11-03 14:36:13,869][root][INFO] - Global Poisoning Accuracy: 0.694
[2025-11-03 14:36:13,936][flwr][INFO] - fit progress: (38, 194.07326579093933, {'accuracy': 0.3862}, 1692.0182272599777)
[2025-11-03 14:36:13,936][flwr][DEBUG] - evaluate_round 38: strategy sampled 15 clients (out of 50)
[2025-11-03 14:36:22,961][flwr][DEBUG] - evaluate_round 38 received 15 results and 0 failures
[2025-11-03 14:36:22,961][root][INFO] - Federated Accuracy: 0.8713911764705882
[2025-11-03 14:36:23,032][flwr][DEBUG] - fit_round 39: strategy sampled 15 clients (out of 50)
[2025-11-03 14:36:52,174][flwr][DEBUG] - fit_round 39 received 15 results and 0 failures
[2025-11-03 14:36:55,270][root][INFO] - Number of Evil Clients: 4
[2025-11-03 14:36:55,270][root][INFO] - Number of Preset Malicious Clients is 1
[2025-11-03 14:36:55,270][root][INFO] - Number of Preset Benign Clients is 10
[2025-11-03 14:36:56,003][root][INFO] - Average poisoning accuracy: 0.931
[2025-11-03 14:36:56,014][root][INFO] - Clustering Accuracy is 0.9090909090909091
[2025-11-03 14:36:56,020][root][INFO] - Lambda is -0.1
[2025-11-03 14:36:57,646][root][INFO] - Global Poisoning Accuracy: 0.6986
[2025-11-03 14:36:57,713][flwr][INFO] - fit progress: (39, 192.90565943717957, {'accuracy': 0.3884}, 1735.7951423550257)
[2025-11-03 14:36:57,713][flwr][DEBUG] - evaluate_round 39: strategy sampled 15 clients (out of 50)
[2025-11-03 14:37:06,677][flwr][DEBUG] - evaluate_round 39 received 15 results and 0 failures
[2025-11-03 14:37:06,677][root][INFO] - Federated Accuracy: 0.8465692307692307
[2025-11-03 14:37:06,878][flwr][DEBUG] - fit_round 40: strategy sampled 15 clients (out of 50)
[2025-11-03 14:37:35,485][flwr][DEBUG] - fit_round 40 received 15 results and 0 failures
[2025-11-03 14:37:41,615][root][INFO] - Number of Evil Clients: 8
[2025-11-03 14:37:41,615][root][INFO] - Number of Preset Malicious Clients is 0
[2025-11-03 14:37:41,615][root][INFO] - Number of Preset Benign Clients is 7
[2025-11-03 14:37:41,615][root][INFO] - Average poisoning accuracy: 0.9644124999999999
[2025-11-03 14:37:41,673][root][INFO] - Clustering Accuracy is 1.0
[2025-11-03 14:37:41,731][root][INFO] - Lambda is -0.1
[2025-11-03 14:37:43,341][root][INFO] - Global Poisoning Accuracy: 0.7341
[2025-11-03 14:37:43,409][flwr][INFO] - fit progress: (40, 203.1580901145935, {'accuracy': 0.377}, 1781.4908043990145)
[2025-11-03 14:37:43,409][flwr][DEBUG] - evaluate_round 40: strategy sampled 15 clients (out of 50)
[2025-11-03 14:37:52,607][flwr][DEBUG] - evaluate_round 40 received 15 results and 0 failures
[2025-11-03 14:37:52,607][root][INFO] - Federated Accuracy: 0.7765142857142857
[2025-11-03 14:37:52,675][flwr][DEBUG] - fit_round 41: strategy sampled 15 clients (out of 50)
[2025-11-03 14:38:29,438][flwr][DEBUG] - fit_round 41 received 15 results and 0 failures
[2025-11-03 14:38:34,745][root][INFO] - Number of Evil Clients: 7
[2025-11-03 14:38:34,746][root][INFO] - Number of Preset Malicious Clients is 0
[2025-11-03 14:38:34,746][root][INFO] - Number of Preset Benign Clients is 8
[2025-11-03 14:38:34,746][root][INFO] - Average poisoning accuracy: 0.9088714285714286
[2025-11-03 14:38:34,756][root][INFO] - Clustering Accuracy is 1.0
[2025-11-03 14:38:34,762][root][INFO] - Lambda is -0.1
[2025-11-03 14:38:36,368][root][INFO] - Global Poisoning Accuracy: 0.6769
[2025-11-03 14:38:36,558][flwr][INFO] - fit progress: (41, 192.61044216156006, {'accuracy': 0.3887}, 1834.639798475022)
[2025-11-03 14:38:36,558][flwr][DEBUG] - evaluate_round 41: strategy sampled 15 clients (out of 50)
[2025-11-03 14:38:45,433][flwr][DEBUG] - evaluate_round 41 received 15 results and 0 failures
[2025-11-03 14:38:45,434][root][INFO] - Federated Accuracy: 0.7816157894736843
[2025-11-03 14:38:45,501][flwr][DEBUG] - fit_round 42: strategy sampled 15 clients (out of 50)
[2025-11-03 14:39:12,763][flwr][DEBUG] - fit_round 42 received 15 results and 0 failures
[2025-11-03 14:39:18,837][root][INFO] - Number of Evil Clients: 8
[2025-11-03 14:39:18,837][root][INFO] - Number of Preset Malicious Clients is 1
[2025-11-03 14:39:18,837][root][INFO] - Number of Preset Benign Clients is 6
[2025-11-03 14:39:19,570][root][INFO] - Average poisoning accuracy: 0.9528111111111112
[2025-11-03 14:39:19,581][root][INFO] - Clustering Accuracy is 0.8571428571428571
[2025-11-03 14:39:19,586][root][INFO] - Lambda is -0.1
[2025-11-03 14:39:21,190][root][INFO] - Global Poisoning Accuracy: 0.7724
[2025-11-03 14:39:21,258][flwr][INFO] - fit progress: (42, 208.80083084106445, {'accuracy': 0.3703}, 1879.3401248070295)
[2025-11-03 14:39:21,258][flwr][DEBUG] - evaluate_round 42: strategy sampled 15 clients (out of 50)
[2025-11-03 14:39:30,425][flwr][DEBUG] - evaluate_round 42 received 15 results and 0 failures
[2025-11-03 14:39:30,425][root][INFO] - Federated Accuracy: 0.8255372881355932
[2025-11-03 14:39:30,496][flwr][DEBUG] - fit_round 43: strategy sampled 15 clients (out of 50)
[2025-11-03 14:40:01,092][flwr][DEBUG] - fit_round 43 received 15 results and 0 failures
[2025-11-03 14:40:10,454][root][INFO] - Number of Evil Clients: 7
[2025-11-03 14:40:10,454][root][INFO] - Number of Preset Malicious Clients is 0
[2025-11-03 14:40:10,454][root][INFO] - Number of Preset Benign Clients is 8
[2025-11-03 14:40:10,454][root][INFO] - Average poisoning accuracy: 0.9555142857142858
[2025-11-03 14:40:10,465][root][INFO] - Clustering Accuracy is 1.0
[2025-11-03 14:40:10,472][root][INFO] - Lambda is -0.1
[2025-11-03 14:40:12,660][root][INFO] - Global Poisoning Accuracy: 0.759
[2025-11-03 14:40:12,844][flwr][INFO] - fit progress: (43, 210.55714344978333, {'accuracy': 0.3744}, 1930.9257657090202)
[2025-11-03 14:40:12,844][flwr][DEBUG] - evaluate_round 43: strategy sampled 15 clients (out of 50)
[2025-11-03 14:40:21,758][flwr][DEBUG] - evaluate_round 43 received 15 results and 0 failures
[2025-11-03 14:40:21,759][root][INFO] - Federated Accuracy: 0.8103365853658536
[2025-11-03 14:40:21,826][flwr][DEBUG] - fit_round 44: strategy sampled 15 clients (out of 50)
[2025-11-03 14:40:50,211][flwr][DEBUG] - fit_round 44 received 15 results and 0 failures
[2025-11-03 14:40:53,302][root][INFO] - Number of Evil Clients: 4
[2025-11-03 14:40:53,302][root][INFO] - Number of Preset Malicious Clients is 1
[2025-11-03 14:40:53,302][root][INFO] - Number of Preset Benign Clients is 10
[2025-11-03 14:40:54,035][root][INFO] - Average poisoning accuracy: 0.86968
[2025-11-03 14:40:54,046][root][INFO] - Clustering Accuracy is 0.9090909090909091
[2025-11-03 14:40:54,055][root][INFO] - Lambda is -0.1
[2025-11-03 14:40:55,652][root][INFO] - Global Poisoning Accuracy: 0.8096
[2025-11-03 14:40:55,747][flwr][INFO] - fit progress: (44, 221.84534645080566, {'accuracy': 0.3621}, 1973.8286427489948)
[2025-11-03 14:40:55,747][flwr][DEBUG] - evaluate_round 44: strategy sampled 15 clients (out of 50)
[2025-11-03 14:41:04,556][flwr][DEBUG] - evaluate_round 44 received 15 results and 0 failures
[2025-11-03 14:41:04,556][root][INFO] - Federated Accuracy: 0.7858361111111112
[2025-11-03 14:41:04,624][flwr][DEBUG] - fit_round 45: strategy sampled 15 clients (out of 50)
[2025-11-03 14:41:31,327][flwr][DEBUG] - fit_round 45 received 15 results and 0 failures
[2025-11-03 14:41:37,349][root][INFO] - Number of Evil Clients: 8
[2025-11-03 14:41:37,349][root][INFO] - Number of Preset Malicious Clients is 0
[2025-11-03 14:41:37,349][root][INFO] - Number of Preset Benign Clients is 7
[2025-11-03 14:41:37,349][root][INFO] - Average poisoning accuracy: 0.9661375
[2025-11-03 14:41:37,360][root][INFO] - Clustering Accuracy is 1.0
[2025-11-03 14:41:37,365][root][INFO] - Lambda is -0.1
[2025-11-03 14:41:38,967][root][INFO] - Global Poisoning Accuracy: 0.8101
[2025-11-03 14:41:39,154][flwr][INFO] - fit progress: (45, 220.92929673194885, {'accuracy': 0.3632}, 2017.235562036978)
[2025-11-03 14:41:39,154][flwr][DEBUG] - evaluate_round 45: strategy sampled 15 clients (out of 50)
[2025-11-03 14:41:48,136][flwr][DEBUG] - evaluate_round 45 received 15 results and 0 failures
[2025-11-03 14:41:48,137][root][INFO] - Federated Accuracy: 0.7904426229508197
[2025-11-03 14:41:48,206][flwr][DEBUG] - fit_round 46: strategy sampled 15 clients (out of 50)
[2025-11-03 14:42:15,998][flwr][DEBUG] - fit_round 46 received 15 results and 0 failures
[2025-11-03 14:42:22,046][root][INFO] - Number of Evil Clients: 8
[2025-11-03 14:42:22,046][root][INFO] - Number of Preset Malicious Clients is 0
[2025-11-03 14:42:22,046][root][INFO] - Number of Preset Benign Clients is 7
[2025-11-03 14:42:22,046][root][INFO] - Average poisoning accuracy: 0.8804625
[2025-11-03 14:42:22,057][root][INFO] - Clustering Accuracy is 1.0
[2025-11-03 14:42:22,062][root][INFO] - Lambda is -0.1
[2025-11-03 14:42:23,674][root][INFO] - Global Poisoning Accuracy: 0.7168
[2025-11-03 14:42:23,742][flwr][INFO] - fit progress: (46, 201.60057854652405, {'accuracy': 0.3829}, 2061.823797767982)
[2025-11-03 14:42:23,742][flwr][DEBUG] - evaluate_round 46: strategy sampled 15 clients (out of 50)
[2025-11-03 14:42:32,679][flwr][DEBUG] - evaluate_round 46 received 15 results and 0 failures
[2025-11-03 14:42:32,680][root][INFO] - Federated Accuracy: 0.824876923076923
[2025-11-03 14:42:32,748][flwr][DEBUG] - fit_round 47: strategy sampled 15 clients (out of 50)
[2025-11-03 14:43:00,225][flwr][DEBUG] - fit_round 47 received 15 results and 0 failures
[2025-11-03 14:43:09,221][root][INFO] - Number of Evil Clients: 12
[2025-11-03 14:43:09,221][root][INFO] - Number of Preset Malicious Clients is 1
[2025-11-03 14:43:09,221][root][INFO] - Number of Preset Benign Clients is 2
[2025-11-03 14:43:09,953][root][INFO] - Average poisoning accuracy: 0.9516461538461537
[2025-11-03 14:43:09,964][root][INFO] - Clustering Accuracy is 0.6666666666666666
[2025-11-03 14:43:09,970][root][INFO] - Lambda is -0.1
[2025-11-03 14:43:11,584][root][INFO] - Global Poisoning Accuracy: 0.9224
[2025-11-03 14:43:11,770][flwr][INFO] - fit progress: (47, 255.0122570991516, {'accuracy': 0.3312}, 2109.8517819119734)
[2025-11-03 14:43:11,770][flwr][DEBUG] - evaluate_round 47: strategy sampled 15 clients (out of 50)
[2025-11-03 14:43:20,701][flwr][DEBUG] - evaluate_round 47 received 15 results and 0 failures
[2025-11-03 14:43:20,702][root][INFO] - Federated Accuracy: 0.7970343750000001
[2025-11-03 14:43:20,775][flwr][DEBUG] - fit_round 48: strategy sampled 15 clients (out of 50)
[2025-11-03 14:43:49,832][flwr][DEBUG] - fit_round 48 received 15 results and 0 failures
[2025-11-03 14:44:02,795][root][INFO] - Number of Evil Clients: 10
[2025-11-03 14:44:02,795][root][INFO] - Number of Preset Malicious Clients is 0
[2025-11-03 14:44:02,795][root][INFO] - Number of Preset Benign Clients is 5
[2025-11-03 14:44:02,795][root][INFO] - Average poisoning accuracy: 0.9703000000000002
[2025-11-03 14:44:02,806][root][INFO] - Clustering Accuracy is 1.0
[2025-11-03 14:44:02,813][root][INFO] - Lambda is -0.1
[2025-11-03 14:44:05,031][root][INFO] - Global Poisoning Accuracy: 0.8585
[2025-11-03 14:44:05,099][flwr][INFO] - fit progress: (48, 238.93295907974243, {'accuracy': 0.3551}, 2163.181049741979)
[2025-11-03 14:44:05,099][flwr][DEBUG] - evaluate_round 48: strategy sampled 15 clients (out of 50)
[2025-11-03 14:44:14,123][flwr][DEBUG] - evaluate_round 48 received 15 results and 0 failures
[2025-11-03 14:44:14,123][root][INFO] - Federated Accuracy: 0.7370115384615386
[2025-11-03 14:44:14,191][flwr][DEBUG] - fit_round 49: strategy sampled 15 clients (out of 50)
[2025-11-03 14:44:40,845][flwr][DEBUG] - fit_round 49 received 15 results and 0 failures
[2025-11-03 14:44:45,417][root][INFO] - Number of Evil Clients: 6
[2025-11-03 14:44:45,417][root][INFO] - Number of Preset Malicious Clients is 0
[2025-11-03 14:44:45,417][root][INFO] - Number of Preset Benign Clients is 9
[2025-11-03 14:44:45,417][root][INFO] - Average poisoning accuracy: 0.9244166666666666
[2025-11-03 14:44:45,428][root][INFO] - Clustering Accuracy is 1.0
[2025-11-03 14:44:45,434][root][INFO] - Lambda is -0.1
[2025-11-03 14:44:47,026][root][INFO] - Global Poisoning Accuracy: 0.8112
[2025-11-03 14:44:47,209][flwr][INFO] - fit progress: (49, 220.51039934158325, {'accuracy': 0.3625}, 2205.291469588992)
[2025-11-03 14:44:47,210][flwr][DEBUG] - evaluate_round 49: strategy sampled 15 clients (out of 50)
[2025-11-03 14:44:56,073][flwr][DEBUG] - evaluate_round 49 received 15 results and 0 failures
[2025-11-03 14:44:56,073][root][INFO] - Federated Accuracy: 0.7624048780487805
[2025-11-03 14:44:56,142][flwr][DEBUG] - fit_round 50: strategy sampled 15 clients (out of 50)
[2025-11-03 14:45:23,193][flwr][DEBUG] - fit_round 50 received 15 results and 0 failures
[2025-11-03 14:45:27,751][root][INFO] - Number of Evil Clients: 6
[2025-11-03 14:45:27,751][root][INFO] - Number of Preset Malicious Clients is 0
[2025-11-03 14:45:27,751][root][INFO] - Number of Preset Benign Clients is 9
[2025-11-03 14:45:27,751][root][INFO] - Average poisoning accuracy: 0.8813833333333334
[2025-11-03 14:45:27,762][root][INFO] - Clustering Accuracy is 1.0
[2025-11-03 14:45:27,768][root][INFO] - Lambda is -0.1
[2025-11-03 14:45:29,354][root][INFO] - Global Poisoning Accuracy: 0.825
[2025-11-03 14:45:29,421][flwr][INFO] - fit progress: (50, 223.08338856697083, {'accuracy': 0.3607}, 2247.5025316820247)
[2025-11-03 14:45:29,421][flwr][DEBUG] - evaluate_round 50: strategy sampled 15 clients (out of 50)
[2025-11-03 14:45:38,366][flwr][DEBUG] - evaluate_round 50 received 15 results and 0 failures
[2025-11-03 14:45:38,366][root][INFO] - Federated Accuracy: 0.8548791666666666
[2025-11-03 14:45:38,438][flwr][DEBUG] - fit_round 51: strategy sampled 15 clients (out of 50)
[2025-11-03 14:46:04,626][flwr][DEBUG] - fit_round 51 received 15 results and 0 failures
[2025-11-03 14:46:11,421][root][INFO] - Number of Evil Clients: 9
[2025-11-03 14:46:11,421][root][INFO] - Number of Preset Malicious Clients is 1
[2025-11-03 14:46:11,421][root][INFO] - Number of Preset Benign Clients is 5
[2025-11-03 14:46:12,153][root][INFO] - Average poisoning accuracy: 0.95587
[2025-11-03 14:46:12,164][root][INFO] - Clustering Accuracy is 0.8333333333333334
[2025-11-03 14:46:12,170][root][INFO] - Lambda is -0.1
[2025-11-03 14:46:13,792][root][INFO] - Global Poisoning Accuracy: 0.8936
[2025-11-03 14:46:13,978][flwr][INFO] - fit progress: (51, 241.7315104007721, {'accuracy': 0.3429}, 2292.0596961730043)
[2025-11-03 14:46:13,978][flwr][DEBUG] - evaluate_round 51: strategy sampled 15 clients (out of 50)
[2025-11-03 14:46:23,031][flwr][DEBUG] - evaluate_round 51 received 15 results and 0 failures
[2025-11-03 14:46:23,031][root][INFO] - Federated Accuracy: 0.841460465116279
[2025-11-03 14:46:23,139][flwr][DEBUG] - fit_round 52: strategy sampled 15 clients (out of 50)
[2025-11-03 14:46:52,115][flwr][DEBUG] - fit_round 52 received 15 results and 0 failures
[2025-11-03 14:46:59,952][root][INFO] - Number of Evil Clients: 6
[2025-11-03 14:46:59,952][root][INFO] - Number of Preset Malicious Clients is 0
[2025-11-03 14:46:59,952][root][INFO] - Number of Preset Benign Clients is 9
[2025-11-03 14:46:59,952][root][INFO] - Average poisoning accuracy: 0.9486666666666667
[2025-11-03 14:46:59,963][root][INFO] - Clustering Accuracy is 1.0
[2025-11-03 14:46:59,969][root][INFO] - Lambda is -0.1
[2025-11-03 14:47:02,338][root][INFO] - Global Poisoning Accuracy: 0.8537
[2025-11-03 14:47:02,407][flwr][INFO] - fit progress: (52, 233.31272077560425, {'accuracy': 0.3545}, 2340.4885377609753)
[2025-11-03 14:47:02,407][flwr][DEBUG] - evaluate_round 52: strategy sampled 15 clients (out of 50)
[2025-11-03 14:47:11,491][flwr][DEBUG] - evaluate_round 52 received 15 results and 0 failures
[2025-11-03 14:47:11,491][root][INFO] - Federated Accuracy: 0.872784090909091
[2025-11-03 14:47:11,560][flwr][DEBUG] - fit_round 53: strategy sampled 15 clients (out of 50)
[2025-11-03 14:47:39,887][flwr][DEBUG] - fit_round 53 received 15 results and 0 failures
[2025-11-03 14:47:45,217][root][INFO] - Number of Evil Clients: 7
[2025-11-03 14:47:45,217][root][INFO] - Number of Preset Malicious Clients is 1
[2025-11-03 14:47:45,217][root][INFO] - Number of Preset Benign Clients is 7
[2025-11-03 14:47:45,957][root][INFO] - Average poisoning accuracy: 0.9500125
[2025-11-03 14:47:45,968][root][INFO] - Clustering Accuracy is 0.875
[2025-11-03 14:47:45,973][root][INFO] - Lambda is -0.1
[2025-11-03 14:47:47,574][root][INFO] - Global Poisoning Accuracy: 0.8492
[2025-11-03 14:47:47,756][flwr][INFO] - fit progress: (53, 230.38055849075317, {'accuracy': 0.3583}, 2385.837966921972)
[2025-11-03 14:47:47,756][flwr][DEBUG] - evaluate_round 53: strategy sampled 15 clients (out of 50)
[2025-11-03 14:47:56,632][flwr][DEBUG] - evaluate_round 53 received 15 results and 0 failures
[2025-11-03 14:47:56,632][root][INFO] - Federated Accuracy: 0.779288888888889
[2025-11-03 14:47:56,700][flwr][DEBUG] - fit_round 54: strategy sampled 15 clients (out of 50)
[2025-11-03 14:48:24,291][flwr][DEBUG] - fit_round 54 received 15 results and 0 failures
[2025-11-03 14:48:30,304][root][INFO] - Number of Evil Clients: 8
[2025-11-03 14:48:30,305][root][INFO] - Number of Preset Malicious Clients is 0
[2025-11-03 14:48:30,305][root][INFO] - Number of Preset Benign Clients is 7
[2025-11-03 14:48:30,305][root][INFO] - Average poisoning accuracy: 0.9675499999999999
[2025-11-03 14:48:30,315][root][INFO] - Clustering Accuracy is 1.0
[2025-11-03 14:48:30,324][root][INFO] - Lambda is -0.1
[2025-11-03 14:48:31,919][root][INFO] - Global Poisoning Accuracy: 0.88
[2025-11-03 14:48:31,987][flwr][INFO] - fit progress: (54, 246.76210045814514, {'accuracy': 0.3515}, 2430.0690369440126)
[2025-11-03 14:48:31,987][flwr][DEBUG] - evaluate_round 54: strategy sampled 15 clients (out of 50)
[2025-11-03 14:48:40,910][flwr][DEBUG] - evaluate_round 54 received 15 results and 0 failures
[2025-11-03 14:48:40,910][root][INFO] - Federated Accuracy: 0.8446688888888889
[2025-11-03 14:48:40,981][flwr][DEBUG] - fit_round 55: strategy sampled 15 clients (out of 50)
[2025-11-03 14:49:09,158][flwr][DEBUG] - fit_round 55 received 15 results and 0 failures
[2025-11-03 14:49:13,718][root][INFO] - Number of Evil Clients: 6
[2025-11-03 14:49:13,718][root][INFO] - Number of Preset Malicious Clients is 0
[2025-11-03 14:49:13,718][root][INFO] - Number of Preset Benign Clients is 9
[2025-11-03 14:49:13,718][root][INFO] - Average poisoning accuracy: 0.95205
[2025-11-03 14:49:13,844][root][INFO] - Clustering Accuracy is 1.0
[2025-11-03 14:49:13,851][root][INFO] - Lambda is -0.1
[2025-11-03 14:49:15,463][root][INFO] - Global Poisoning Accuracy: 0.8487
[2025-11-03 14:49:15,532][flwr][INFO] - fit progress: (55, 230.20123100280762, {'accuracy': 0.3575}, 2473.6135940700187)
[2025-11-03 14:49:15,532][flwr][DEBUG] - evaluate_round 55: strategy sampled 15 clients (out of 50)
[2025-11-03 14:49:24,463][flwr][DEBUG] - evaluate_round 55 received 15 results and 0 failures
[2025-11-03 14:49:24,463][root][INFO] - Federated Accuracy: 0.7886432432432432
[2025-11-03 14:49:24,531][flwr][DEBUG] - fit_round 56: strategy sampled 15 clients (out of 50)
[2025-11-03 14:49:51,762][flwr][DEBUG] - fit_round 56 received 15 results and 0 failures
[2025-11-03 14:49:58,540][root][INFO] - Number of Evil Clients: 9
[2025-11-03 14:49:58,540][root][INFO] - Number of Preset Malicious Clients is 1
[2025-11-03 14:49:58,540][root][INFO] - Number of Preset Benign Clients is 5
[2025-11-03 14:49:59,272][root][INFO] - Average poisoning accuracy: 0.9405100000000001
[2025-11-03 14:49:59,282][root][INFO] - Clustering Accuracy is 0.8333333333333334
[2025-11-03 14:49:59,288][root][INFO] - Lambda is -0.1
[2025-11-03 14:50:00,990][root][INFO] - Global Poisoning Accuracy: 0.9019
[2025-11-03 14:50:01,115][flwr][INFO] - fit progress: (56, 248.19956994056702, {'accuracy': 0.3412}, 2519.197406283987)
[2025-11-03 14:50:01,116][flwr][DEBUG] - evaluate_round 56: strategy sampled 15 clients (out of 50)
[2025-11-03 14:50:10,141][flwr][DEBUG] - evaluate_round 56 received 15 results and 0 failures
[2025-11-03 14:50:10,141][root][INFO] - Federated Accuracy: 0.7916549999999999
[2025-11-03 14:50:10,328][flwr][DEBUG] - fit_round 57: strategy sampled 15 clients (out of 50)
[2025-11-03 14:50:43,123][flwr][DEBUG] - fit_round 57 received 15 results and 0 failures
[2025-11-03 14:50:52,086][root][INFO] - Number of Evil Clients: 12
[2025-11-03 14:50:52,086][root][INFO] - Number of Preset Malicious Clients is 0
[2025-11-03 14:50:52,086][root][INFO] - Number of Preset Benign Clients is 3
[2025-11-03 14:50:52,086][root][INFO] - Average poisoning accuracy: 0.9561749999999999
[2025-11-03 14:50:52,097][root][INFO] - Clustering Accuracy is 1.0
[2025-11-03 14:50:52,103][root][INFO] - Lambda is -0.1
[2025-11-03 14:50:53,734][root][INFO] - Global Poisoning Accuracy: 0.881
[2025-11-03 14:50:53,801][flwr][INFO] - fit progress: (57, 246.8229751586914, {'accuracy': 0.3446}, 2571.883430905)
[2025-11-03 14:50:53,802][flwr][DEBUG] - evaluate_round 57: strategy sampled 15 clients (out of 50)
[2025-11-03 14:51:02,592][flwr][DEBUG] - evaluate_round 57 received 15 results and 0 failures
[2025-11-03 14:51:02,592][root][INFO] - Federated Accuracy: 0.87280625
[2025-11-03 14:51:02,660][flwr][DEBUG] - fit_round 58: strategy sampled 15 clients (out of 50)
[2025-11-03 14:51:29,249][flwr][DEBUG] - fit_round 58 received 15 results and 0 failures
[2025-11-03 14:51:36,059][root][INFO] - Number of Evil Clients: 9
[2025-11-03 14:51:36,059][root][INFO] - Number of Preset Malicious Clients is 1
[2025-11-03 14:51:36,059][root][INFO] - Number of Preset Benign Clients is 5
[2025-11-03 14:51:36,796][root][INFO] - Average poisoning accuracy: 0.9437099999999999
[2025-11-03 14:51:36,807][root][INFO] - Clustering Accuracy is 0.8333333333333334
[2025-11-03 14:51:36,812][root][INFO] - Lambda is -0.1
[2025-11-03 14:51:38,431][root][INFO] - Global Poisoning Accuracy: 0.9224
[2025-11-03 14:51:38,497][flwr][INFO] - fit progress: (58, 251.86791348457336, {'accuracy': 0.3414}, 2616.5789297739975)
[2025-11-03 14:51:38,497][flwr][DEBUG] - evaluate_round 58: strategy sampled 15 clients (out of 50)
[2025-11-03 14:51:47,243][flwr][DEBUG] - evaluate_round 58 received 15 results and 0 failures
[2025-11-03 14:51:47,243][root][INFO] - Federated Accuracy: 0.7137189189189189
[2025-11-03 14:51:47,429][flwr][DEBUG] - fit_round 59: strategy sampled 15 clients (out of 50)
[2025-11-03 14:52:15,396][flwr][DEBUG] - fit_round 59 received 15 results and 0 failures
[2025-11-03 14:52:20,686][root][INFO] - Number of Evil Clients: 7
[2025-11-03 14:52:20,686][root][INFO] - Number of Preset Malicious Clients is 1
[2025-11-03 14:52:20,686][root][INFO] - Number of Preset Benign Clients is 7
[2025-11-03 14:52:21,417][root][INFO] - Average poisoning accuracy: 0.9697625000000001
[2025-11-03 14:52:21,428][root][INFO] - Clustering Accuracy is 0.875
[2025-11-03 14:52:21,437][root][INFO] - Lambda is -0.1
[2025-11-03 14:52:23,030][root][INFO] - Global Poisoning Accuracy: 0.9134
[2025-11-03 14:52:23,123][flwr][INFO] - fit progress: (59, 252.27721762657166, {'accuracy': 0.3403}, 2661.2052107030177)
[2025-11-03 14:52:23,123][flwr][DEBUG] - evaluate_round 59: strategy sampled 15 clients (out of 50)
[2025-11-03 14:52:32,002][flwr][DEBUG] - evaluate_round 59 received 15 results and 0 failures
[2025-11-03 14:52:32,003][root][INFO] - Federated Accuracy: 0.749363829787234
[2025-11-03 14:52:32,071][flwr][DEBUG] - fit_round 60: strategy sampled 15 clients (out of 50)
[2025-11-03 14:53:00,710][flwr][DEBUG] - fit_round 60 received 15 results and 0 failures
[2025-11-03 14:53:07,521][root][INFO] - Number of Evil Clients: 9
[2025-11-03 14:53:07,521][root][INFO] - Number of Preset Malicious Clients is 0
[2025-11-03 14:53:07,521][root][INFO] - Number of Preset Benign Clients is 6
[2025-11-03 14:53:07,521][root][INFO] - Average poisoning accuracy: 0.9685111111111111
[2025-11-03 14:53:07,575][root][INFO] - Clustering Accuracy is 1.0
[2025-11-03 14:53:07,635][root][INFO] - Lambda is -0.1
[2025-11-03 14:53:09,246][root][INFO] - Global Poisoning Accuracy: 0.8629
[2025-11-03 14:53:09,436][flwr][INFO] - fit progress: (60, 235.6049370765686, {'accuracy': 0.3513}, 2707.518048945989)
[2025-11-03 14:53:09,436][flwr][DEBUG] - evaluate_round 60: strategy sampled 15 clients (out of 50)
[2025-11-03 14:53:18,132][flwr][DEBUG] - evaluate_round 60 received 15 results and 0 failures
[2025-11-03 14:53:18,133][root][INFO] - Federated Accuracy: 0.7722058823529413
[2025-11-03 14:53:18,208][flwr][DEBUG] - fit_round 61: strategy sampled 15 clients (out of 50)
[2025-11-03 14:53:44,978][flwr][DEBUG] - fit_round 61 received 15 results and 0 failures
[2025-11-03 14:53:50,286][root][INFO] - Number of Evil Clients: 7
[2025-11-03 14:53:50,286][root][INFO] - Number of Preset Malicious Clients is 1
[2025-11-03 14:53:50,286][root][INFO] - Number of Preset Benign Clients is 7
[2025-11-03 14:53:51,018][root][INFO] - Average poisoning accuracy: 0.921925
[2025-11-03 14:53:51,029][root][INFO] - Clustering Accuracy is 0.875
[2025-11-03 14:53:51,035][root][INFO] - Lambda is -0.1
[2025-11-03 14:53:52,635][root][INFO] - Global Poisoning Accuracy: 0.9035
[2025-11-03 14:53:52,708][flwr][INFO] - fit progress: (61, 248.87864756584167, {'accuracy': 0.3438}, 2750.790395049029)
[2025-11-03 14:53:52,709][flwr][DEBUG] - evaluate_round 61: strategy sampled 15 clients (out of 50)
[2025-11-03 14:54:01,564][flwr][DEBUG] - evaluate_round 61 received 15 results and 0 failures
[2025-11-03 14:54:01,564][root][INFO] - Federated Accuracy: 0.7624147058823529
[2025-11-03 14:54:01,637][flwr][DEBUG] - fit_round 62: strategy sampled 15 clients (out of 50)
[2025-11-03 14:54:27,969][flwr][DEBUG] - fit_round 62 received 15 results and 0 failures
[2025-11-03 14:54:34,731][root][INFO] - Number of Evil Clients: 9
[2025-11-03 14:54:34,731][root][INFO] - Number of Preset Malicious Clients is 0
[2025-11-03 14:54:34,731][root][INFO] - Number of Preset Benign Clients is 6
[2025-11-03 14:54:34,731][root][INFO] - Average poisoning accuracy: 0.9796444444444445
[2025-11-03 14:54:34,742][root][INFO] - Clustering Accuracy is 1.0
[2025-11-03 14:54:34,747][root][INFO] - Lambda is -0.1
[2025-11-03 14:54:36,344][root][INFO] - Global Poisoning Accuracy: 0.9086
[2025-11-03 14:54:36,526][flwr][INFO] - fit progress: (62, 261.4777719974518, {'accuracy': 0.3444}, 2794.608500753995)
[2025-11-03 14:54:36,527][flwr][DEBUG] - evaluate_round 62: strategy sampled 15 clients (out of 50)
[2025-11-03 14:54:45,382][flwr][DEBUG] - evaluate_round 62 received 15 results and 0 failures
[2025-11-03 14:54:45,382][root][INFO] - Federated Accuracy: 0.7368750000000001
[2025-11-03 14:54:45,449][flwr][DEBUG] - fit_round 63: strategy sampled 15 clients (out of 50)
[2025-11-03 14:55:12,085][flwr][DEBUG] - fit_round 63 received 15 results and 0 failures
[2025-11-03 14:55:16,631][root][INFO] - Number of Evil Clients: 6
[2025-11-03 14:55:16,632][root][INFO] - Number of Preset Malicious Clients is 0
[2025-11-03 14:55:16,632][root][INFO] - Number of Preset Benign Clients is 9
[2025-11-03 14:55:16,632][root][INFO] - Average poisoning accuracy: 0.9750000000000001
[2025-11-03 14:55:16,642][root][INFO] - Clustering Accuracy is 1.0
[2025-11-03 14:55:16,647][root][INFO] - Lambda is -0.1
[2025-11-03 14:55:18,243][root][INFO] - Global Poisoning Accuracy: 0.8814
[2025-11-03 14:55:18,309][flwr][INFO] - fit progress: (63, 245.83329939842224, {'accuracy': 0.3488}, 2836.391076433996)
[2025-11-03 14:55:18,309][flwr][DEBUG] - evaluate_round 63: strategy sampled 15 clients (out of 50)
[2025-11-03 14:55:27,223][flwr][DEBUG] - evaluate_round 63 received 15 results and 0 failures
[2025-11-03 14:55:27,224][root][INFO] - Federated Accuracy: 0.757901886792453
[2025-11-03 14:55:27,319][flwr][DEBUG] - fit_round 64: strategy sampled 15 clients (out of 50)
[2025-11-03 14:55:54,932][flwr][DEBUG] - fit_round 64 received 15 results and 0 failures
[2025-11-03 14:55:58,751][root][INFO] - Number of Evil Clients: 5
[2025-11-03 14:55:58,751][root][INFO] - Number of Preset Malicious Clients is 1
[2025-11-03 14:55:58,751][root][INFO] - Number of Preset Benign Clients is 9
[2025-11-03 14:55:59,481][root][INFO] - Average poisoning accuracy: 0.97195
[2025-11-03 14:55:59,492][root][INFO] - Clustering Accuracy is 0.9
[2025-11-03 14:55:59,498][root][INFO] - Lambda is -0.1
[2025-11-03 14:56:01,083][root][INFO] - Global Poisoning Accuracy: 0.8866
[2025-11-03 14:56:01,267][flwr][INFO] - fit progress: (64, 240.52132534980774, {'accuracy': 0.35}, 2879.3490262299892)
[2025-11-03 14:56:01,267][flwr][DEBUG] - evaluate_round 64: strategy sampled 15 clients (out of 50)
[2025-11-03 14:56:10,044][flwr][DEBUG] - evaluate_round 64 received 15 results and 0 failures
[2025-11-03 14:56:10,044][root][INFO] - Federated Accuracy: 0.7490826086956524
[2025-11-03 14:56:10,111][flwr][DEBUG] - fit_round 65: strategy sampled 15 clients (out of 50)
[2025-11-03 14:56:37,161][flwr][DEBUG] - fit_round 65 received 15 results and 0 failures
[2025-11-03 14:56:42,440][root][INFO] - Number of Evil Clients: 7
[2025-11-03 14:56:42,441][root][INFO] - Number of Preset Malicious Clients is 0
[2025-11-03 14:56:42,441][root][INFO] - Number of Preset Benign Clients is 8
[2025-11-03 14:56:42,441][root][INFO] - Average poisoning accuracy: 0.9760714285714285
[2025-11-03 14:56:42,451][root][INFO] - Clustering Accuracy is 1.0
[2025-11-03 14:56:42,456][root][INFO] - Lambda is -0.1
[2025-11-03 14:56:44,051][root][INFO] - Global Poisoning Accuracy: 0.9013
[2025-11-03 14:56:44,117][flwr][INFO] - fit progress: (65, 252.39266276359558, {'accuracy': 0.3452}, 2922.198985774012)
[2025-11-03 14:56:44,117][flwr][DEBUG] - evaluate_round 65: strategy sampled 15 clients (out of 50)
[2025-11-03 14:56:52,910][flwr][DEBUG] - evaluate_round 65 received 15 results and 0 failures
[2025-11-03 14:56:52,910][root][INFO] - Federated Accuracy: 0.809975
[2025-11-03 14:56:52,978][flwr][DEBUG] - fit_round 66: strategy sampled 15 clients (out of 50)
[2025-11-03 14:57:20,709][flwr][DEBUG] - fit_round 66 received 15 results and 0 failures
[2025-11-03 14:57:25,964][root][INFO] - Number of Evil Clients: 7
[2025-11-03 14:57:25,964][root][INFO] - Number of Preset Malicious Clients is 0
[2025-11-03 14:57:25,964][root][INFO] - Number of Preset Benign Clients is 8
[2025-11-03 14:57:25,964][root][INFO] - Average poisoning accuracy: 0.9760428571428571
[2025-11-03 14:57:25,975][root][INFO] - Clustering Accuracy is 1.0
[2025-11-03 14:57:25,980][root][INFO] - Lambda is -0.1
[2025-11-03 14:57:27,565][root][INFO] - Global Poisoning Accuracy: 0.8997
[2025-11-03 14:57:27,776][flwr][INFO] - fit progress: (66, 253.88111448287964, {'accuracy': 0.3477}, 2965.8584215100273)
[2025-11-03 14:57:27,777][flwr][DEBUG] - evaluate_round 66: strategy sampled 15 clients (out of 50)
[2025-11-03 14:57:36,564][flwr][DEBUG] - evaluate_round 66 received 15 results and 0 failures
[2025-11-03 14:57:36,564][root][INFO] - Federated Accuracy: 0.7866955555555555
[2025-11-03 14:57:36,671][flwr][DEBUG] - fit_round 67: strategy sampled 15 clients (out of 50)
[2025-11-03 14:58:04,617][flwr][DEBUG] - fit_round 67 received 15 results and 0 failures
[2025-11-03 14:58:07,736][root][INFO] - Number of Evil Clients: 4
[2025-11-03 14:58:07,736][root][INFO] - Number of Preset Malicious Clients is 1
[2025-11-03 14:58:07,736][root][INFO] - Number of Preset Benign Clients is 10
[2025-11-03 14:58:08,477][root][INFO] - Average poisoning accuracy: 0.9905999999999999
[2025-11-03 14:58:08,488][root][INFO] - Clustering Accuracy is 0.9090909090909091
[2025-11-03 14:58:08,493][root][INFO] - Lambda is -0.1
[2025-11-03 14:58:10,140][root][INFO] - Global Poisoning Accuracy: 0.895
[2025-11-03 14:58:10,208][flwr][INFO] - fit progress: (67, 245.5046284198761, {'accuracy': 0.3509}, 3008.289678023022)
[2025-11-03 14:58:10,208][flwr][DEBUG] - evaluate_round 67: strategy sampled 15 clients (out of 50)
[2025-11-03 14:58:19,149][flwr][DEBUG] - evaluate_round 67 received 15 results and 0 failures
[2025-11-03 14:58:19,149][root][INFO] - Federated Accuracy: 0.8562022222222222
[2025-11-03 14:58:19,216][flwr][DEBUG] - fit_round 68: strategy sampled 15 clients (out of 50)
[2025-11-03 14:58:47,647][flwr][DEBUG] - fit_round 68 received 15 results and 0 failures
[2025-11-03 14:58:53,805][root][INFO] - Number of Evil Clients: 8
[2025-11-03 14:58:53,806][root][INFO] - Number of Preset Malicious Clients is 1
[2025-11-03 14:58:53,806][root][INFO] - Number of Preset Benign Clients is 6
[2025-11-03 14:58:54,557][root][INFO] - Average poisoning accuracy: 0.9785555555555556
[2025-11-03 14:58:54,568][root][INFO] - Clustering Accuracy is 0.8571428571428571
[2025-11-03 14:58:54,575][root][INFO] - Lambda is -0.1
[2025-11-03 14:58:56,202][root][INFO] - Global Poisoning Accuracy: 0.9275
[2025-11-03 14:58:56,388][flwr][INFO] - fit progress: (68, 258.24042654037476, {'accuracy': 0.3392}, 3054.4699319709907)
[2025-11-03 14:58:56,388][flwr][DEBUG] - evaluate_round 68: strategy sampled 15 clients (out of 50)
[2025-11-03 14:59:05,428][flwr][DEBUG] - evaluate_round 68 received 15 results and 0 failures
[2025-11-03 14:59:05,429][root][INFO] - Federated Accuracy: 0.7732960784313727
[2025-11-03 14:59:05,501][flwr][DEBUG] - fit_round 69: strategy sampled 15 clients (out of 50)
[2025-11-03 14:59:33,688][flwr][DEBUG] - fit_round 69 received 15 results and 0 failures
[2025-11-03 14:59:39,032][root][INFO] - Number of Evil Clients: 7
[2025-11-03 14:59:39,032][root][INFO] - Number of Preset Malicious Clients is 0
[2025-11-03 14:59:39,032][root][INFO] - Number of Preset Benign Clients is 8
[2025-11-03 14:59:39,032][root][INFO] - Average poisoning accuracy: 0.9775428571428572
[2025-11-03 14:59:39,043][root][INFO] - Clustering Accuracy is 1.0
[2025-11-03 14:59:39,049][root][INFO] - Lambda is -0.1
[2025-11-03 14:59:40,684][root][INFO] - Global Poisoning Accuracy: 0.919
[2025-11-03 14:59:40,753][flwr][INFO] - fit progress: (69, 258.3257565498352, {'accuracy': 0.3417}, 3098.834599596972)
[2025-11-03 14:59:40,753][flwr][DEBUG] - evaluate_round 69: strategy sampled 15 clients (out of 50)
[2025-11-03 14:59:49,590][flwr][DEBUG] - evaluate_round 69 received 15 results and 0 failures
[2025-11-03 14:59:49,590][root][INFO] - Federated Accuracy: 0.8878815789473686
[2025-11-03 14:59:49,663][flwr][DEBUG] - fit_round 70: strategy sampled 15 clients (out of 50)
[2025-11-03 15:00:18,337][flwr][DEBUG] - fit_round 70 received 15 results and 0 failures
[2025-11-03 15:00:28,857][root][INFO] - Number of Evil Clients: 8
[2025-11-03 15:00:28,857][root][INFO] - Number of Preset Malicious Clients is 0
[2025-11-03 15:00:28,857][root][INFO] - Number of Preset Benign Clients is 7
[2025-11-03 15:00:28,857][root][INFO] - Average poisoning accuracy: 0.9711624999999999
[2025-11-03 15:00:28,868][root][INFO] - Clustering Accuracy is 1.0
[2025-11-03 15:00:28,874][root][INFO] - Lambda is -0.1
[2025-11-03 15:00:31,057][root][INFO] - Global Poisoning Accuracy: 0.8957
[2025-11-03 15:00:31,239][flwr][INFO] - fit progress: (70, 246.32275247573853, {'accuracy': 0.3465}, 3149.321265242994)
[2025-11-03 15:00:31,239][flwr][DEBUG] - evaluate_round 70: strategy sampled 15 clients (out of 50)
[2025-11-03 15:00:40,220][flwr][DEBUG] - evaluate_round 70 received 15 results and 0 failures
[2025-11-03 15:00:40,220][root][INFO] - Federated Accuracy: 0.8676145833333333
[2025-11-03 15:00:40,294][flwr][DEBUG] - fit_round 71: strategy sampled 15 clients (out of 50)
[2025-11-03 15:01:06,724][flwr][DEBUG] - fit_round 71 received 15 results and 0 failures
[2025-11-03 15:01:11,281][root][INFO] - Number of Evil Clients: 6
[2025-11-03 15:01:11,282][root][INFO] - Number of Preset Malicious Clients is 0
[2025-11-03 15:01:11,282][root][INFO] - Number of Preset Benign Clients is 9
[2025-11-03 15:01:11,282][root][INFO] - Average poisoning accuracy: 0.9868999999999999
[2025-11-03 15:01:11,293][root][INFO] - Clustering Accuracy is 1.0
[2025-11-03 15:01:11,298][root][INFO] - Lambda is -0.1
[2025-11-03 15:01:12,900][root][INFO] - Global Poisoning Accuracy: 0.8787
[2025-11-03 15:01:12,995][flwr][INFO] - fit progress: (71, 237.42340397834778, {'accuracy': 0.3507}, 3191.0771029500174)
[2025-11-03 15:01:12,995][flwr][DEBUG] - evaluate_round 71: strategy sampled 15 clients (out of 50)
[2025-11-03 15:01:21,868][flwr][DEBUG] - evaluate_round 71 received 15 results and 0 failures
[2025-11-03 15:01:21,868][root][INFO] - Federated Accuracy: 0.71044
[2025-11-03 15:01:22,062][flwr][DEBUG] - fit_round 72: strategy sampled 15 clients (out of 50)
[2025-11-03 15:01:48,621][flwr][DEBUG] - fit_round 72 received 15 results and 0 failures
[2025-11-03 15:01:54,667][root][INFO] - Number of Evil Clients: 8
[2025-11-03 15:01:54,667][root][INFO] - Number of Preset Malicious Clients is 0
[2025-11-03 15:01:54,667][root][INFO] - Number of Preset Benign Clients is 7
[2025-11-03 15:01:54,667][root][INFO] - Average poisoning accuracy: 0.9612625
[2025-11-03 15:01:54,678][root][INFO] - Clustering Accuracy is 1.0
[2025-11-03 15:01:54,683][root][INFO] - Lambda is -0.1
[2025-11-03 15:01:56,266][root][INFO] - Global Poisoning Accuracy: 0.8714
[2025-11-03 15:01:56,333][flwr][INFO] - fit progress: (72, 235.45739006996155, {'accuracy': 0.3549}, 3234.4145317489747)
[2025-11-03 15:01:56,333][flwr][DEBUG] - evaluate_round 72: strategy sampled 15 clients (out of 50)
[2025-11-03 15:02:05,185][flwr][DEBUG] - evaluate_round 72 received 15 results and 0 failures
[2025-11-03 15:02:05,185][root][INFO] - Federated Accuracy: 0.8160105263157894
[2025-11-03 15:02:05,252][flwr][DEBUG] - fit_round 73: strategy sampled 15 clients (out of 50)
[2025-11-03 15:02:32,524][flwr][DEBUG] - fit_round 73 received 15 results and 0 failures
[2025-11-03 15:02:36,323][root][INFO] - Number of Evil Clients: 5
[2025-11-03 15:02:36,323][root][INFO] - Number of Preset Malicious Clients is 1
[2025-11-03 15:02:36,323][root][INFO] - Number of Preset Benign Clients is 9
[2025-11-03 15:02:37,050][root][INFO] - Average poisoning accuracy: 0.9411499999999999
[2025-11-03 15:02:37,061][root][INFO] - Clustering Accuracy is 0.9
[2025-11-03 15:02:37,066][root][INFO] - Lambda is -0.1
[2025-11-03 15:02:38,659][root][INFO] - Global Poisoning Accuracy: 0.8634
[2025-11-03 15:02:38,726][flwr][INFO] - fit progress: (73, 227.48273229599, {'accuracy': 0.3582}, 3276.80783871701)
[2025-11-03 15:02:38,726][flwr][DEBUG] - evaluate_round 73: strategy sampled 15 clients (out of 50)
[2025-11-03 15:02:47,639][flwr][DEBUG] - evaluate_round 73 received 15 results and 0 failures
[2025-11-03 15:02:47,639][root][INFO] - Federated Accuracy: 0.7685877192982457
[2025-11-03 15:02:47,824][flwr][DEBUG] - fit_round 74: strategy sampled 15 clients (out of 50)
[2025-11-03 15:03:17,747][flwr][DEBUG] - fit_round 74 received 15 results and 0 failures
[2025-11-03 15:03:23,027][root][INFO] - Number of Evil Clients: 7
[2025-11-03 15:03:23,027][root][INFO] - Number of Preset Malicious Clients is 0
[2025-11-03 15:03:23,027][root][INFO] - Number of Preset Benign Clients is 8
[2025-11-03 15:03:23,027][root][INFO] - Average poisoning accuracy: 0.9723142857142858
[2025-11-03 15:03:23,038][root][INFO] - Clustering Accuracy is 1.0
[2025-11-03 15:03:23,043][root][INFO] - Lambda is -0.1
[2025-11-03 15:03:24,636][root][INFO] - Global Poisoning Accuracy: 0.869
[2025-11-03 15:03:24,703][flwr][INFO] - fit progress: (74, 243.0653874874115, {'accuracy': 0.3545}, 3322.785016900976)
[2025-11-03 15:03:24,703][flwr][DEBUG] - evaluate_round 74: strategy sampled 15 clients (out of 50)
[2025-11-03 15:03:33,509][flwr][DEBUG] - evaluate_round 74 received 15 results and 0 failures
[2025-11-03 15:03:33,510][root][INFO] - Federated Accuracy: 0.8530868421052631
[2025-11-03 15:03:33,605][flwr][DEBUG] - fit_round 75: strategy sampled 15 clients (out of 50)
[2025-11-03 15:04:00,585][flwr][DEBUG] - fit_round 75 received 15 results and 0 failures
[2025-11-03 15:04:08,048][root][INFO] - Number of Evil Clients: 10
[2025-11-03 15:04:08,048][root][INFO] - Number of Preset Malicious Clients is 0
[2025-11-03 15:04:08,048][root][INFO] - Number of Preset Benign Clients is 5
[2025-11-03 15:04:08,048][root][INFO] - Average poisoning accuracy: 0.96777
[2025-11-03 15:04:08,059][root][INFO] - Clustering Accuracy is 1.0
[2025-11-03 15:04:08,065][root][INFO] - Lambda is -0.1
[2025-11-03 15:04:09,680][root][INFO] - Global Poisoning Accuracy: 0.877
[2025-11-03 15:04:09,747][flwr][INFO] - fit progress: (75, 240.71873092651367, {'accuracy': 0.3523}, 3367.829077575996)
[2025-11-03 15:04:09,747][flwr][DEBUG] - evaluate_round 75: strategy sampled 15 clients (out of 50)
[2025-11-03 15:04:18,628][flwr][DEBUG] - evaluate_round 75 received 15 results and 0 failures
[2025-11-03 15:04:18,629][root][INFO] - Federated Accuracy: 0.8650484848484847
[2025-11-03 15:04:18,818][flwr][DEBUG] - fit_round 76: strategy sampled 15 clients (out of 50)
[2025-11-03 15:04:45,368][flwr][DEBUG] - fit_round 76 received 15 results and 0 failures
[2025-11-03 15:04:52,138][root][INFO] - Number of Evil Clients: 9
[2025-11-03 15:04:52,138][root][INFO] - Number of Preset Malicious Clients is 0
[2025-11-03 15:04:52,138][root][INFO] - Number of Preset Benign Clients is 6
[2025-11-03 15:04:52,138][root][INFO] - Average poisoning accuracy: 0.9554444444444444
[2025-11-03 15:04:52,149][root][INFO] - Clustering Accuracy is 1.0
[2025-11-03 15:04:52,155][root][INFO] - Lambda is -0.1
[2025-11-03 15:04:53,762][root][INFO] - Global Poisoning Accuracy: 0.8766
[2025-11-03 15:04:53,829][flwr][INFO] - fit progress: (76, 244.24876356124878, {'accuracy': 0.3491}, 3411.9108296839986)
[2025-11-03 15:04:53,829][flwr][DEBUG] - evaluate_round 76: strategy sampled 15 clients (out of 50)
[2025-11-03 15:05:02,728][flwr][DEBUG] - evaluate_round 76 received 15 results and 0 failures
[2025-11-03 15:05:02,728][root][INFO] - Federated Accuracy: 0.7724702702702704
[2025-11-03 15:05:02,795][flwr][DEBUG] - fit_round 77: strategy sampled 15 clients (out of 50)
[2025-11-03 15:05:31,015][flwr][DEBUG] - fit_round 77 received 15 results and 0 failures
[2025-11-03 15:05:37,769][root][INFO] - Number of Evil Clients: 9
[2025-11-03 15:05:37,770][root][INFO] - Number of Preset Malicious Clients is 1
[2025-11-03 15:05:37,770][root][INFO] - Number of Preset Benign Clients is 5
[2025-11-03 15:05:38,499][root][INFO] - Average poisoning accuracy: 0.9367899999999999
[2025-11-03 15:05:38,510][root][INFO] - Clustering Accuracy is 0.8333333333333334
[2025-11-03 15:05:38,516][root][INFO] - Lambda is -0.1
[2025-11-03 15:05:40,125][root][INFO] - Global Poisoning Accuracy: 0.8843
[2025-11-03 15:05:40,191][flwr][INFO] - fit progress: (77, 237.02942776679993, {'accuracy': 0.3521}, 3458.2734736729763)
[2025-11-03 15:05:40,192][flwr][DEBUG] - evaluate_round 77: strategy sampled 15 clients (out of 50)
[2025-11-03 15:05:49,130][flwr][DEBUG] - evaluate_round 77 received 15 results and 0 failures
[2025-11-03 15:05:49,130][root][INFO] - Federated Accuracy: 0.8247900000000001
[2025-11-03 15:05:49,313][flwr][DEBUG] - fit_round 78: strategy sampled 15 clients (out of 50)
[2025-11-03 15:06:15,937][flwr][DEBUG] - fit_round 78 received 15 results and 0 failures
[2025-11-03 15:06:20,470][root][INFO] - Number of Evil Clients: 6
[2025-11-03 15:06:20,470][root][INFO] - Number of Preset Malicious Clients is 0
[2025-11-03 15:06:20,470][root][INFO] - Number of Preset Benign Clients is 9
[2025-11-03 15:06:20,470][root][INFO] - Average poisoning accuracy: 0.9513000000000001
[2025-11-03 15:06:20,481][root][INFO] - Clustering Accuracy is 1.0
[2025-11-03 15:06:20,486][root][INFO] - Lambda is -0.1
[2025-11-03 15:06:22,074][root][INFO] - Global Poisoning Accuracy: 0.9041
[2025-11-03 15:06:22,140][flwr][INFO] - fit progress: (78, 255.48537707328796, {'accuracy': 0.3473}, 3500.2220801970107)
[2025-11-03 15:06:22,140][flwr][DEBUG] - evaluate_round 78: strategy sampled 15 clients (out of 50)
[2025-11-03 15:06:30,967][flwr][DEBUG] - evaluate_round 78 received 15 results and 0 failures
[2025-11-03 15:06:30,967][root][INFO] - Federated Accuracy: 0.9009413043478262
[2025-11-03 15:06:31,045][flwr][DEBUG] - fit_round 79: strategy sampled 15 clients (out of 50)
[2025-11-03 15:06:58,736][flwr][DEBUG] - fit_round 79 received 15 results and 0 failures
[2025-11-03 15:07:04,035][root][INFO] - Number of Evil Clients: 7
[2025-11-03 15:07:04,035][root][INFO] - Number of Preset Malicious Clients is 1
[2025-11-03 15:07:04,035][root][INFO] - Number of Preset Benign Clients is 7
[2025-11-03 15:07:04,786][root][INFO] - Average poisoning accuracy: 0.977425
[2025-11-03 15:07:04,797][root][INFO] - Clustering Accuracy is 0.875
[2025-11-03 15:07:04,802][root][INFO] - Lambda is -0.1
[2025-11-03 15:07:06,410][root][INFO] - Global Poisoning Accuracy: 0.9187
[2025-11-03 15:07:06,476][flwr][INFO] - fit progress: (79, 254.70818972587585, {'accuracy': 0.3474}, 3544.5579582410282)
[2025-11-03 15:07:06,476][flwr][DEBUG] - evaluate_round 79: strategy sampled 15 clients (out of 50)
[2025-11-03 15:07:15,431][flwr][DEBUG] - evaluate_round 79 received 15 results and 0 failures
[2025-11-03 15:07:15,431][root][INFO] - Federated Accuracy: 0.745209756097561
[2025-11-03 15:07:15,618][flwr][DEBUG] - fit_round 80: strategy sampled 15 clients (out of 50)
[2025-11-03 15:07:42,269][flwr][DEBUG] - fit_round 80 received 15 results and 0 failures
[2025-11-03 15:07:50,904][root][INFO] - Number of Evil Clients: 9
[2025-11-03 15:07:50,904][root][INFO] - Number of Preset Malicious Clients is 0
[2025-11-03 15:07:50,904][root][INFO] - Number of Preset Benign Clients is 6
[2025-11-03 15:07:50,904][root][INFO] - Average poisoning accuracy: 0.9659777777777777
[2025-11-03 15:07:50,969][root][INFO] - Clustering Accuracy is 1.0
[2025-11-03 15:07:51,033][root][INFO] - Lambda is -0.1
[2025-11-03 15:07:52,785][root][INFO] - Global Poisoning Accuracy: 0.9248
[2025-11-03 15:07:52,852][flwr][INFO] - fit progress: (80, 265.4403200149536, {'accuracy': 0.3413}, 3590.9336487029796)
[2025-11-03 15:07:52,852][flwr][DEBUG] - evaluate_round 80: strategy sampled 15 clients (out of 50)
[2025-11-03 15:08:01,858][flwr][DEBUG] - evaluate_round 80 received 15 results and 0 failures
[2025-11-03 15:08:01,858][root][INFO] - Federated Accuracy: 0.793327659574468
[2025-11-03 15:08:01,937][flwr][DEBUG] - fit_round 81: strategy sampled 15 clients (out of 50)
[2025-11-03 15:08:30,697][flwr][DEBUG] - fit_round 81 received 15 results and 0 failures
[2025-11-03 15:08:37,474][root][INFO] - Number of Evil Clients: 9
[2025-11-03 15:08:37,474][root][INFO] - Number of Preset Malicious Clients is 0
[2025-11-03 15:08:37,474][root][INFO] - Number of Preset Benign Clients is 6
[2025-11-03 15:08:37,474][root][INFO] - Average poisoning accuracy: 0.9898888888888889
[2025-11-03 15:08:37,485][root][INFO] - Clustering Accuracy is 1.0
[2025-11-03 15:08:37,490][root][INFO] - Lambda is -0.1
[2025-11-03 15:08:39,091][root][INFO] - Global Poisoning Accuracy: 0.9058
[2025-11-03 15:08:39,158][flwr][INFO] - fit progress: (81, 250.25477075576782, {'accuracy': 0.3475}, 3637.2396992950235)
[2025-11-03 15:08:39,158][flwr][DEBUG] - evaluate_round 81: strategy sampled 15 clients (out of 50)
[2025-11-03 15:08:47,950][flwr][DEBUG] - evaluate_round 81 received 15 results and 0 failures
[2025-11-03 15:08:47,950][root][INFO] - Federated Accuracy: 0.8043132075471698
[2025-11-03 15:08:48,134][flwr][DEBUG] - fit_round 82: strategy sampled 15 clients (out of 50)
[2025-11-03 15:09:17,786][flwr][DEBUG] - fit_round 82 received 15 results and 0 failures
[2025-11-03 15:09:24,538][root][INFO] - Number of Evil Clients: 9
[2025-11-03 15:09:24,538][root][INFO] - Number of Preset Malicious Clients is 0
[2025-11-03 15:09:24,538][root][INFO] - Number of Preset Benign Clients is 6
[2025-11-03 15:09:24,538][root][INFO] - Average poisoning accuracy: 0.9603888888888888
[2025-11-03 15:09:24,549][root][INFO] - Clustering Accuracy is 1.0
[2025-11-03 15:09:24,554][root][INFO] - Lambda is -0.1
[2025-11-03 15:09:26,151][root][INFO] - Global Poisoning Accuracy: 0.9077
[2025-11-03 15:09:26,218][flwr][INFO] - fit progress: (82, 251.0942075252533, {'accuracy': 0.3482}, 3684.2997074070154)
[2025-11-03 15:09:26,218][flwr][DEBUG] - evaluate_round 82: strategy sampled 15 clients (out of 50)
[2025-11-03 15:09:35,005][flwr][DEBUG] - evaluate_round 82 received 15 results and 0 failures
[2025-11-03 15:09:35,006][root][INFO] - Federated Accuracy: 0.6883903846153847
[2025-11-03 15:09:35,102][flwr][DEBUG] - fit_round 83: strategy sampled 15 clients (out of 50)
[2025-11-03 15:10:01,205][flwr][DEBUG] - fit_round 83 received 15 results and 0 failures
[2025-11-03 15:10:05,742][root][INFO] - Number of Evil Clients: 6
[2025-11-03 15:10:05,742][root][INFO] - Number of Preset Malicious Clients is 1
[2025-11-03 15:10:05,742][root][INFO] - Number of Preset Benign Clients is 8
[2025-11-03 15:10:06,471][root][INFO] - Average poisoning accuracy: 0.9593857142857143
[2025-11-03 15:10:06,482][root][INFO] - Clustering Accuracy is 0.8888888888888888
[2025-11-03 15:10:06,488][root][INFO] - Lambda is -0.1
[2025-11-03 15:10:08,084][root][INFO] - Global Poisoning Accuracy: 0.9286
[2025-11-03 15:10:08,150][flwr][INFO] - fit progress: (83, 260.5946328639984, {'accuracy': 0.3451}, 3726.232138562016)
[2025-11-03 15:10:08,150][flwr][DEBUG] - evaluate_round 83: strategy sampled 15 clients (out of 50)
[2025-11-03 15:10:17,153][flwr][DEBUG] - evaluate_round 83 received 15 results and 0 failures
[2025-11-03 15:10:17,153][root][INFO] - Federated Accuracy: 0.8190352941176471
[2025-11-03 15:10:17,220][flwr][DEBUG] - fit_round 84: strategy sampled 15 clients (out of 50)
[2025-11-03 15:10:43,597][flwr][DEBUG] - fit_round 84 received 15 results and 0 failures
[2025-11-03 15:10:50,918][root][INFO] - Number of Evil Clients: 9
[2025-11-03 15:10:50,919][root][INFO] - Number of Preset Malicious Clients is 0
[2025-11-03 15:10:50,919][root][INFO] - Number of Preset Benign Clients is 6
[2025-11-03 15:10:50,919][root][INFO] - Average poisoning accuracy: 0.9663777777777778
[2025-11-03 15:10:50,930][root][INFO] - Clustering Accuracy is 1.0
[2025-11-03 15:10:50,937][root][INFO] - Lambda is -0.1
[2025-11-03 15:10:52,547][root][INFO] - Global Poisoning Accuracy: 0.9331
[2025-11-03 15:10:52,640][flwr][INFO] - fit progress: (84, 272.8356182575226, {'accuracy': 0.3391}, 3770.722056790022)
[2025-11-03 15:10:52,640][flwr][DEBUG] - evaluate_round 84: strategy sampled 15 clients (out of 50)
[2025-11-03 15:11:01,711][flwr][DEBUG] - evaluate_round 84 received 15 results and 0 failures
[2025-11-03 15:11:01,712][root][INFO] - Federated Accuracy: 0.7689727272727273
[2025-11-03 15:11:01,783][flwr][DEBUG] - fit_round 85: strategy sampled 15 clients (out of 50)
[2025-11-03 15:11:28,714][flwr][DEBUG] - fit_round 85 received 15 results and 0 failures
[2025-11-03 15:11:35,472][root][INFO] - Number of Evil Clients: 9
[2025-11-03 15:11:35,472][root][INFO] - Number of Preset Malicious Clients is 0
[2025-11-03 15:11:35,472][root][INFO] - Number of Preset Benign Clients is 6
[2025-11-03 15:11:35,472][root][INFO] - Average poisoning accuracy: 0.9709333333333332
[2025-11-03 15:11:35,483][root][INFO] - Clustering Accuracy is 1.0
[2025-11-03 15:11:35,489][root][INFO] - Lambda is -0.1
[2025-11-03 15:11:37,089][root][INFO] - Global Poisoning Accuracy: 0.9147
[2025-11-03 15:11:37,272][flwr][INFO] - fit progress: (85, 256.0638129711151, {'accuracy': 0.3475}, 3815.354518460983)
[2025-11-03 15:11:37,273][flwr][DEBUG] - evaluate_round 85: strategy sampled 15 clients (out of 50)
[2025-11-03 15:11:46,206][flwr][DEBUG] - evaluate_round 85 received 15 results and 0 failures
[2025-11-03 15:11:46,206][root][INFO] - Federated Accuracy: 0.7669313725490197
[2025-11-03 15:11:46,277][flwr][DEBUG] - fit_round 86: strategy sampled 15 clients (out of 50)
[2025-11-03 15:12:14,257][flwr][DEBUG] - fit_round 86 received 15 results and 0 failures
[2025-11-03 15:12:19,915][root][INFO] - Number of Evil Clients: 7
[2025-11-03 15:12:19,915][root][INFO] - Number of Preset Malicious Clients is 0
[2025-11-03 15:12:19,915][root][INFO] - Number of Preset Benign Clients is 8
[2025-11-03 15:12:19,915][root][INFO] - Average poisoning accuracy: 0.9858285714285715
[2025-11-03 15:12:19,927][root][INFO] - Clustering Accuracy is 1.0
[2025-11-03 15:12:19,937][root][INFO] - Lambda is -0.1
[2025-11-03 15:12:21,561][root][INFO] - Global Poisoning Accuracy: 0.8784
[2025-11-03 15:12:21,628][flwr][INFO] - fit progress: (86, 240.61990118026733, {'accuracy': 0.3544}, 3859.710090134002)
[2025-11-03 15:12:21,628][flwr][DEBUG] - evaluate_round 86: strategy sampled 15 clients (out of 50)
[2025-11-03 15:12:30,522][flwr][DEBUG] - evaluate_round 86 received 15 results and 0 failures
[2025-11-03 15:12:30,522][root][INFO] - Federated Accuracy: 0.8182999999999999
[2025-11-03 15:12:30,590][flwr][DEBUG] - fit_round 87: strategy sampled 15 clients (out of 50)
[2025-11-03 15:13:03,052][flwr][DEBUG] - fit_round 87 received 15 results and 0 failures
[2025-11-03 15:13:09,061][root][INFO] - Number of Evil Clients: 8
[2025-11-03 15:13:09,061][root][INFO] - Number of Preset Malicious Clients is 1
[2025-11-03 15:13:09,061][root][INFO] - Number of Preset Benign Clients is 6
[2025-11-03 15:13:09,785][root][INFO] - Average poisoning accuracy: 0.975111111111111
[2025-11-03 15:13:09,796][root][INFO] - Clustering Accuracy is 0.8571428571428571
[2025-11-03 15:13:09,804][root][INFO] - Lambda is -0.1
[2025-11-03 15:13:11,404][root][INFO] - Global Poisoning Accuracy: 0.9342
[2025-11-03 15:13:11,590][flwr][INFO] - fit progress: (87, 260.1291618347168, {'accuracy': 0.3406}, 3909.671924134018)
[2025-11-03 15:13:11,590][flwr][DEBUG] - evaluate_round 87: strategy sampled 15 clients (out of 50)
[2025-11-03 15:13:20,355][flwr][DEBUG] - evaluate_round 87 received 15 results and 0 failures
[2025-11-03 15:13:20,355][root][INFO] - Federated Accuracy: 0.8543403846153846
[2025-11-03 15:13:20,435][flwr][DEBUG] - fit_round 88: strategy sampled 15 clients (out of 50)
[2025-11-03 15:13:47,903][flwr][DEBUG] - fit_round 88 received 15 results and 0 failures
[2025-11-03 15:13:54,617][root][INFO] - Number of Evil Clients: 9
[2025-11-03 15:13:54,617][root][INFO] - Number of Preset Malicious Clients is 1
[2025-11-03 15:13:54,617][root][INFO] - Number of Preset Benign Clients is 5
[2025-11-03 15:13:55,345][root][INFO] - Average poisoning accuracy: 0.9649300000000001
[2025-11-03 15:13:55,356][root][INFO] - Clustering Accuracy is 0.8333333333333334
[2025-11-03 15:13:55,361][root][INFO] - Lambda is -0.1
[2025-11-03 15:13:56,958][root][INFO] - Global Poisoning Accuracy: 0.9306
[2025-11-03 15:13:57,025][flwr][INFO] - fit progress: (88, 257.5428547859192, {'accuracy': 0.3442}, 3955.106564955029)
[2025-11-03 15:13:57,025][flwr][DEBUG] - evaluate_round 88: strategy sampled 15 clients (out of 50)
[2025-11-03 15:14:05,955][flwr][DEBUG] - evaluate_round 88 received 15 results and 0 failures
[2025-11-03 15:14:05,955][root][INFO] - Federated Accuracy: 0.8789360000000002
[2025-11-03 15:14:06,021][flwr][DEBUG] - fit_round 89: strategy sampled 15 clients (out of 50)
[2025-11-03 15:14:33,838][flwr][DEBUG] - fit_round 89 received 15 results and 0 failures
[2025-11-03 15:14:42,429][root][INFO] - Number of Evil Clients: 7
[2025-11-03 15:14:42,429][root][INFO] - Number of Preset Malicious Clients is 0
[2025-11-03 15:14:42,429][root][INFO] - Number of Preset Benign Clients is 8
[2025-11-03 15:14:42,429][root][INFO] - Average poisoning accuracy: 0.9731571428571428
[2025-11-03 15:14:42,553][root][INFO] - Clustering Accuracy is 1.0
[2025-11-03 15:14:42,561][root][INFO] - Lambda is -0.1
[2025-11-03 15:14:44,806][root][INFO] - Global Poisoning Accuracy: 0.9169
[2025-11-03 15:14:44,874][flwr][INFO] - fit progress: (89, 264.55183720588684, {'accuracy': 0.343}, 4002.9557118520024)
[2025-11-03 15:14:44,874][flwr][DEBUG] - evaluate_round 89: strategy sampled 15 clients (out of 50)
[2025-11-03 15:14:54,100][flwr][DEBUG] - evaluate_round 89 received 15 results and 0 failures
[2025-11-03 15:14:54,100][root][INFO] - Federated Accuracy: 0.8593600000000002
[2025-11-03 15:14:54,168][flwr][DEBUG] - fit_round 90: strategy sampled 15 clients (out of 50)
[2025-11-03 15:15:23,288][flwr][DEBUG] - fit_round 90 received 15 results and 0 failures
[2025-11-03 15:15:31,227][root][INFO] - Number of Evil Clients: 10
[2025-11-03 15:15:31,227][root][INFO] - Number of Preset Malicious Clients is 0
[2025-11-03 15:15:31,227][root][INFO] - Number of Preset Benign Clients is 5
[2025-11-03 15:15:31,227][root][INFO] - Average poisoning accuracy: 0.97439
[2025-11-03 15:15:31,238][root][INFO] - Clustering Accuracy is 1.0
[2025-11-03 15:15:31,244][root][INFO] - Lambda is -0.1
[2025-11-03 15:15:32,861][root][INFO] - Global Poisoning Accuracy: 0.9224
[2025-11-03 15:15:32,928][flwr][INFO] - fit progress: (90, 262.6415662765503, {'accuracy': 0.3424}, 4051.0099536639755)
[2025-11-03 15:15:32,928][flwr][DEBUG] - evaluate_round 90: strategy sampled 15 clients (out of 50)
[2025-11-03 15:15:42,095][flwr][DEBUG] - evaluate_round 90 received 15 results and 0 failures
[2025-11-03 15:15:42,095][root][INFO] - Federated Accuracy: 0.7900338709677421
[2025-11-03 15:15:42,289][flwr][DEBUG] - fit_round 91: strategy sampled 15 clients (out of 50)
[2025-11-03 15:16:13,937][flwr][DEBUG] - fit_round 91 received 15 results and 0 failures
[2025-11-03 15:16:20,003][root][INFO] - Number of Evil Clients: 8
[2025-11-03 15:16:20,003][root][INFO] - Number of Preset Malicious Clients is 1
[2025-11-03 15:16:20,003][root][INFO] - Number of Preset Benign Clients is 6
[2025-11-03 15:16:20,735][root][INFO] - Average poisoning accuracy: 0.9832666666666666
[2025-11-03 15:16:20,746][root][INFO] - Clustering Accuracy is 0.8571428571428571
[2025-11-03 15:16:20,751][root][INFO] - Lambda is -0.1
[2025-11-03 15:16:22,359][root][INFO] - Global Poisoning Accuracy: 0.948
[2025-11-03 15:16:22,425][flwr][INFO] - fit progress: (91, 277.8069121837616, {'accuracy': 0.3366}, 4100.507421092014)
[2025-11-03 15:16:22,426][flwr][DEBUG] - evaluate_round 91: strategy sampled 15 clients (out of 50)
[2025-11-03 15:16:31,236][flwr][DEBUG] - evaluate_round 91 received 15 results and 0 failures
[2025-11-03 15:16:31,236][root][INFO] - Federated Accuracy: 0.7778809523809522
[2025-11-03 15:16:31,304][flwr][DEBUG] - fit_round 92: strategy sampled 15 clients (out of 50)
[2025-11-03 15:17:03,337][flwr][DEBUG] - fit_round 92 received 15 results and 0 failures
[2025-11-03 15:17:10,057][root][INFO] - Number of Evil Clients: 5
[2025-11-03 15:17:10,058][root][INFO] - Number of Preset Malicious Clients is 1
[2025-11-03 15:17:10,058][root][INFO] - Number of Preset Benign Clients is 9
[2025-11-03 15:17:11,357][root][INFO] - Average poisoning accuracy: 0.9826
[2025-11-03 15:17:11,368][root][INFO] - Clustering Accuracy is 0.9
[2025-11-03 15:17:11,375][root][INFO] - Lambda is -0.1
[2025-11-03 15:17:13,519][root][INFO] - Global Poisoning Accuracy: 0.9396
[2025-11-03 15:17:13,586][flwr][INFO] - fit progress: (92, 275.8224895000458, {'accuracy': 0.3364}, 4151.668365116988)
[2025-11-03 15:17:13,586][flwr][DEBUG] - evaluate_round 92: strategy sampled 15 clients (out of 50)
[2025-11-03 15:17:22,655][flwr][DEBUG] - evaluate_round 92 received 15 results and 0 failures
[2025-11-03 15:17:22,655][root][INFO] - Federated Accuracy: 0.8205984126984126
[2025-11-03 15:17:22,839][flwr][DEBUG] - fit_round 93: strategy sampled 15 clients (out of 50)
[2025-11-03 15:17:51,859][flwr][DEBUG] - fit_round 93 received 15 results and 0 failures
[2025-11-03 15:17:57,853][root][INFO] - Number of Evil Clients: 8
[2025-11-03 15:17:57,853][root][INFO] - Number of Preset Malicious Clients is 1
[2025-11-03 15:17:57,853][root][INFO] - Number of Preset Benign Clients is 6
[2025-11-03 15:17:58,602][root][INFO] - Average poisoning accuracy: 0.9782444444444446
[2025-11-03 15:17:58,613][root][INFO] - Clustering Accuracy is 0.8571428571428571
[2025-11-03 15:17:58,620][root][INFO] - Lambda is -0.1
[2025-11-03 15:18:00,215][root][INFO] - Global Poisoning Accuracy: 0.9579
[2025-11-03 15:18:00,282][flwr][INFO] - fit progress: (93, 291.40052008628845, {'accuracy': 0.3346}, 4198.364014444989)
[2025-11-03 15:18:00,282][flwr][DEBUG] - evaluate_round 93: strategy sampled 15 clients (out of 50)
[2025-11-03 15:18:09,338][flwr][DEBUG] - evaluate_round 93 received 15 results and 0 failures
[2025-11-03 15:18:09,338][root][INFO] - Federated Accuracy: 0.7602904761904762
[2025-11-03 15:18:09,407][flwr][DEBUG] - fit_round 94: strategy sampled 15 clients (out of 50)
[2025-11-03 15:18:43,449][flwr][DEBUG] - fit_round 94 received 15 results and 0 failures
[2025-11-03 15:18:55,521][root][INFO] - Number of Evil Clients: 9
[2025-11-03 15:18:55,521][root][INFO] - Number of Preset Malicious Clients is 0
[2025-11-03 15:18:55,521][root][INFO] - Number of Preset Benign Clients is 6
[2025-11-03 15:18:55,521][root][INFO] - Average poisoning accuracy: 0.9684888888888887
[2025-11-03 15:18:55,532][root][INFO] - Clustering Accuracy is 1.0
[2025-11-03 15:18:55,538][root][INFO] - Lambda is -0.1
[2025-11-03 15:18:57,785][root][INFO] - Global Poisoning Accuracy: 0.9339
[2025-11-03 15:18:57,970][flwr][INFO] - fit progress: (94, 270.7551579475403, {'accuracy': 0.3417}, 4256.051587871974)
[2025-11-03 15:18:57,970][flwr][DEBUG] - evaluate_round 94: strategy sampled 15 clients (out of 50)
[2025-11-03 15:19:07,024][flwr][DEBUG] - evaluate_round 94 received 15 results and 0 failures
[2025-11-03 15:19:07,024][root][INFO] - Federated Accuracy: 0.8270444444444444
[2025-11-03 15:19:07,092][flwr][DEBUG] - fit_round 95: strategy sampled 15 clients (out of 50)
[2025-11-03 15:19:38,413][flwr][DEBUG] - fit_round 95 received 15 results and 0 failures
[2025-11-03 15:19:45,933][root][INFO] - Number of Evil Clients: 10
[2025-11-03 15:19:45,933][root][INFO] - Number of Preset Malicious Clients is 1
[2025-11-03 15:19:45,933][root][INFO] - Number of Preset Benign Clients is 4
[2025-11-03 15:19:46,662][root][INFO] - Average poisoning accuracy: 0.9550363636363636
[2025-11-03 15:19:46,673][root][INFO] - Clustering Accuracy is 0.8
[2025-11-03 15:19:46,683][root][INFO] - Lambda is -0.1
[2025-11-03 15:19:48,314][root][INFO] - Global Poisoning Accuracy: 0.9538
[2025-11-03 15:19:48,381][flwr][INFO] - fit progress: (95, 287.65677070617676, {'accuracy': 0.3325}, 4306.463150191004)
[2025-11-03 15:19:48,381][flwr][DEBUG] - evaluate_round 95: strategy sampled 15 clients (out of 50)
[2025-11-03 15:19:57,164][flwr][DEBUG] - evaluate_round 95 received 15 results and 0 failures
[2025-11-03 15:19:57,164][root][INFO] - Federated Accuracy: 0.7759145833333334
[2025-11-03 15:19:57,231][flwr][DEBUG] - fit_round 96: strategy sampled 15 clients (out of 50)
[2025-11-03 15:20:26,699][flwr][DEBUG] - fit_round 96 received 15 results and 0 failures
[2025-11-03 15:20:31,970][root][INFO] - Number of Evil Clients: 7
[2025-11-03 15:20:31,970][root][INFO] - Number of Preset Malicious Clients is 0
[2025-11-03 15:20:31,970][root][INFO] - Number of Preset Benign Clients is 8
[2025-11-03 15:20:31,970][root][INFO] - Average poisoning accuracy: 0.9733714285714284
[2025-11-03 15:20:31,981][root][INFO] - Clustering Accuracy is 1.0
[2025-11-03 15:20:31,988][root][INFO] - Lambda is -0.1
[2025-11-03 15:20:33,581][root][INFO] - Global Poisoning Accuracy: 0.9344
[2025-11-03 15:20:33,768][flwr][INFO] - fit progress: (96, 270.2085773944855, {'accuracy': 0.3397}, 4351.8500381329795)
[2025-11-03 15:20:33,768][flwr][DEBUG] - evaluate_round 96: strategy sampled 15 clients (out of 50)
[2025-11-03 15:20:42,688][flwr][DEBUG] - evaluate_round 96 received 15 results and 0 failures
[2025-11-03 15:20:42,688][root][INFO] - Federated Accuracy: 0.7862195652173913
[2025-11-03 15:20:42,755][flwr][DEBUG] - fit_round 97: strategy sampled 15 clients (out of 50)
[2025-11-03 15:21:10,159][flwr][DEBUG] - fit_round 97 received 15 results and 0 failures
[2025-11-03 15:21:14,016][root][INFO] - Number of Evil Clients: 5
[2025-11-03 15:21:14,016][root][INFO] - Number of Preset Malicious Clients is 0
[2025-11-03 15:21:14,016][root][INFO] - Number of Preset Benign Clients is 10
[2025-11-03 15:21:14,016][root][INFO] - Average poisoning accuracy: 0.9762000000000001
[2025-11-03 15:21:14,028][root][INFO] - Clustering Accuracy is 1.0
[2025-11-03 15:21:14,038][root][INFO] - Lambda is -0.1
[2025-11-03 15:21:15,633][root][INFO] - Global Poisoning Accuracy: 0.9366
[2025-11-03 15:21:15,727][flwr][INFO] - fit progress: (97, 273.03962230682373, {'accuracy': 0.3396}, 4393.808768698014)
[2025-11-03 15:21:15,727][flwr][DEBUG] - evaluate_round 97: strategy sampled 15 clients (out of 50)
[2025-11-03 15:21:24,650][flwr][DEBUG] - evaluate_round 97 received 15 results and 0 failures
[2025-11-03 15:21:24,650][root][INFO] - Federated Accuracy: 0.8216319148936169
[2025-11-03 15:21:24,716][flwr][DEBUG] - fit_round 98: strategy sampled 15 clients (out of 50)
[2025-11-03 15:21:52,160][flwr][DEBUG] - fit_round 98 received 15 results and 0 failures
[2025-11-03 15:21:59,655][root][INFO] - Number of Evil Clients: 10
[2025-11-03 15:21:59,656][root][INFO] - Number of Preset Malicious Clients is 0
[2025-11-03 15:21:59,656][root][INFO] - Number of Preset Benign Clients is 5
[2025-11-03 15:21:59,656][root][INFO] - Average poisoning accuracy: 0.9775400000000001
[2025-11-03 15:21:59,667][root][INFO] - Clustering Accuracy is 1.0
[2025-11-03 15:21:59,672][root][INFO] - Lambda is -0.1
[2025-11-03 15:22:01,284][root][INFO] - Global Poisoning Accuracy: 0.9236
[2025-11-03 15:22:01,468][flwr][INFO] - fit progress: (98, 266.6221868991852, {'accuracy': 0.3427}, 4439.550286958984)
[2025-11-03 15:22:01,468][flwr][DEBUG] - evaluate_round 98: strategy sampled 15 clients (out of 50)
[2025-11-03 15:22:10,210][flwr][DEBUG] - evaluate_round 98 received 15 results and 0 failures
[2025-11-03 15:22:10,210][root][INFO] - Federated Accuracy: 0.6803238095238096
[2025-11-03 15:22:10,286][flwr][DEBUG] - fit_round 99: strategy sampled 15 clients (out of 50)
[2025-11-03 15:22:37,700][flwr][DEBUG] - fit_round 99 received 15 results and 0 failures
[2025-11-03 15:22:44,466][root][INFO] - Number of Evil Clients: 9
[2025-11-03 15:22:44,466][root][INFO] - Number of Preset Malicious Clients is 1
[2025-11-03 15:22:44,466][root][INFO] - Number of Preset Benign Clients is 5
[2025-11-03 15:22:45,196][root][INFO] - Average poisoning accuracy: 0.97916
[2025-11-03 15:22:45,208][root][INFO] - Clustering Accuracy is 0.8333333333333334
[2025-11-03 15:22:45,214][root][INFO] - Lambda is -0.1
[2025-11-03 15:22:46,822][root][INFO] - Global Poisoning Accuracy: 0.9306
[2025-11-03 15:22:46,889][flwr][INFO] - fit progress: (99, 259.29795575141907, {'accuracy': 0.3393}, 4484.970754595008)
[2025-11-03 15:22:46,889][flwr][DEBUG] - evaluate_round 99: strategy sampled 15 clients (out of 50)
[2025-11-03 15:22:55,773][flwr][DEBUG] - evaluate_round 99 received 15 results and 0 failures
[2025-11-03 15:22:55,773][root][INFO] - Federated Accuracy: 0.8548183333333333
[2025-11-03 15:22:55,870][flwr][DEBUG] - fit_round 100: strategy sampled 15 clients (out of 50)
[2025-11-03 15:23:23,096][flwr][DEBUG] - fit_round 100 received 15 results and 0 failures
[2025-11-03 15:23:29,098][root][INFO] - Number of Evil Clients: 8
[2025-11-03 15:23:29,098][root][INFO] - Number of Preset Malicious Clients is 1
[2025-11-03 15:23:29,098][root][INFO] - Number of Preset Benign Clients is 6
[2025-11-03 15:23:29,826][root][INFO] - Average poisoning accuracy: 0.9890333333333334
[2025-11-03 15:23:29,882][root][INFO] - Clustering Accuracy is 0.8571428571428571
[2025-11-03 15:23:29,939][root][INFO] - Lambda is -0.1
[2025-11-03 15:23:31,536][root][INFO] - Global Poisoning Accuracy: 0.9559
[2025-11-03 15:23:31,721][flwr][INFO] - fit progress: (100, 282.9360909461975, {'accuracy': 0.3345}, 4529.802775660995)
[2025-11-03 15:23:31,721][flwr][DEBUG] - evaluate_round 100: strategy sampled 15 clients (out of 50)
[2025-11-03 15:23:40,481][flwr][DEBUG] - evaluate_round 100 received 15 results and 0 failures
[2025-11-03 15:23:40,481][root][INFO] - Federated Accuracy: 0.7279533333333335
[2025-11-03 15:23:41,856][flwr][INFO] - FL finished in 4539.938132815005
[2025-11-03 15:23:41,887][flwr][INFO] - app_fit: losses_distributed [(1, 9.192408800125122), (2, 9.59418535232544), (3, 9.664699792861938), (4, 7.163415149638527), (5, 3.548527120582519), (6, 5.160454045743384), (7, 1.437459350224923), (8, 2.4435522039540305), (9, 2.855636743629085), (10, 3.9487995224577994), (11, 1.6138908190394028), (12, 1.667977832073934), (13, 1.8663154083769768), (14, 1.4988550759901824), (15, 1.6257718432979245), (16, 2.1632228962443465), (17, 2.4168751650934364), (18, 4.3398712657092675), (19, 2.9201661749559986), (20, 3.3372065502874277), (21, 2.0315602489908295), (22, 3.702559099071236), (23, 3.442298327885801), (24, 1.1862601181789187), (25, 3.926189488833485), (26, 2.699535926697606), (27, 0.7334682173523641), (28, 1.2800993384926853), (29, 0.5527967677335255), (30, 2.0246061726926547), (31, 0.8815937785683524), (32, 2.7160257680893496), (33, 0.5422853597992798), (34, 2.0639903771299672), (35, 2.706517251170463), (36, 0.895506893356339), (37, 2.318226625308251), (38, 0.2364616288567263), (39, 0.632385793628577), (40, 3.0110217946443747), (41, 2.0622985583276634), (42, 1.9952168646248816), (43, 2.050331141017434), (44, 2.7341941431805026), (45, 2.904262632226999), (46, 2.674804095019891), (47, 1.9591488388323341), (48, 4.629452573043706), (49, 2.5271636490105287), (50, 0.5582354369059127), (51, 1.4175312159336606), (52, 0.4863605924686205), (53, 2.5927789999133286), (54, 0.9279201388527225), (55, 2.537912032359305), (56, 2.5156430071772773), (57, 0.5516754076937408), (58, 5.660855106364407), (59, 5.682203923207163), (60, 4.079522862648089), (61, 4.6976071585942165), (62, 3.8485371240982205), (63, 4.89660917552746), (64, 4.251126092093055), (65, 3.3805418033492365), (66, 3.849495616171043), (67, 1.2336445267480385), (68, 3.641413212470783), (69, 0.15661331740710394), (70, 0.8442074339994482), (71, 5.1721015043133365), (72, 2.498005106421739), (73, 4.454520368707579), (74, 0.7248472714111956), (75, 0.0790080286237891), (76, 2.985911070430538), (77, 1.1864673929143463), (78, 0.18024201192715933), (79, 3.6854705027412487), (80, 1.9999905946909728), (81, 2.162673565857815), (82, 6.966469326511008), (83, 2.4815468905749274), (84, 4.152431719220741), (85, 3.33983525928959), (86, 1.2240917997183522), (87, 1.3898918753122695), (88, 0.5895426556793972), (89, 0.5885173593531363), (90, 3.900754984383257), (91, 4.689057883899382), (92, 2.336139692465723), (93, 4.75849725639758), (94, 3.4104179748715575), (95, 4.062353888781217), (96, 4.004798613207759), (97, 1.6744078577624912), (98, 7.300303328858544), (99, 1.2515394262086679), (100, 5.664658642284727)]
[2025-11-03 15:23:41,887][flwr][INFO] - app_fit: metrics_distributed_fit {}
[2025-11-03 15:23:41,887][flwr][INFO] - app_fit: metrics_distributed {'accuracy': [(1, 0.1461), (2, 0.25769166666666665), (3, 0.40948823529411765), (4, 0.5087578947368422), (5, 0.699041935483871), (6, 0.6657659574468086), (7, 0.806206818181818), (8, 0.7630102564102564), (9, 0.7681071428571428), (10, 0.7473194444444444), (11, 0.7837644444444446), (12, 0.7835526315789475), (13, 0.78951), (14, 0.8020874999999998), (15, 0.7711222222222223), (16, 0.8123032786885246), (17, 0.7728545454545455), (18, 0.7100892857142859), (19, 0.77015), (20, 0.7505518518518519), (21, 0.7835692307692308), (22, 0.7330727272727272), (23, 0.7354060000000001), (24, 0.8444224489795918), (25, 0.7317346938775511), (26, 0.7862076923076924), (27, 0.8699441176470589), (28, 0.8470658536585368), (29, 0.8146434782608697), (30, 0.7762021276595744), (31, 0.8446883720930234), (32, 0.769987037037037), (33, 0.8933175), (34, 0.8006191489361703), (35, 0.7720326086956524), (36, 0.8490160714285714), (37, 0.8208738461538462), (38, 0.8713911764705882), (39, 0.8465692307692307), (40, 0.7765142857142857), (41, 0.7816157894736843), (42, 0.8255372881355932), (43, 0.8103365853658536), (44, 0.7858361111111112), (45, 0.7904426229508197), (46, 0.824876923076923), (47, 0.7970343750000001), (48, 0.7370115384615386), (49, 0.7624048780487805), (50, 0.8548791666666666), (51, 0.841460465116279), (52, 0.872784090909091), (53, 0.779288888888889), (54, 0.8446688888888889), (55, 0.7886432432432432), (56, 0.7916549999999999), (57, 0.87280625), (58, 0.7137189189189189), (59, 0.749363829787234), (60, 0.7722058823529413), (61, 0.7624147058823529), (62, 0.7368750000000001), (63, 0.757901886792453), (64, 0.7490826086956524), (65, 0.809975), (66, 0.7866955555555555), (67, 0.8562022222222222), (68, 0.7732960784313727), (69, 0.8878815789473686), (70, 0.8676145833333333), (71, 0.71044), (72, 0.8160105263157894), (73, 0.7685877192982457), (74, 0.8530868421052631), (75, 0.8650484848484847), (76, 0.7724702702702704), (77, 0.8247900000000001), (78, 0.9009413043478262), (79, 0.745209756097561), (80, 0.793327659574468), (81, 0.8043132075471698), (82, 0.6883903846153847), (83, 0.8190352941176471), (84, 0.7689727272727273), (85, 0.7669313725490197), (86, 0.8182999999999999), (87, 0.8543403846153846), (88, 0.8789360000000002), (89, 0.8593600000000002), (90, 0.7900338709677421), (91, 0.7778809523809522), (92, 0.8205984126984126), (93, 0.7602904761904762), (94, 0.8270444444444444), (95, 0.7759145833333334), (96, 0.7862195652173913), (97, 0.8216319148936169), (98, 0.6803238095238096), (99, 0.8548183333333333), (100, 0.7279533333333335)]}
[2025-11-03 15:23:41,887][flwr][INFO] - app_fit: losses_centralized [(0, 182.7026777267456), (1, 193.85574793815613), (2, 171.49815905094147), (3, 145.5711716413498), (4, 149.20211470127106), (5, 142.71950018405914), (6, 149.56809401512146), (7, 151.9680986404419), (8, 163.73528003692627), (9, 161.1353440284729), (10, 164.22732400894165), (11, 161.1011950969696), (12, 159.38500046730042), (13, 162.16352379322052), (14, 156.9430422782898), (15, 154.07584071159363), (16, 161.69676458835602), (17, 166.18475914001465), (18, 170.41345810890198), (19, 164.40539634227753), (20, 171.87096524238586), (21, 170.4604353904724), (22, 165.6701784133911), (23, 171.25983214378357), (24, 169.77247178554535), (25, 171.81642889976501), (26, 167.0590009689331), (27, 174.66560351848602), (28, 182.46029937267303), (29, 184.95281529426575), (30, 175.8914190530777), (31, 169.45142877101898), (32, 166.26578962802887), (33, 166.09414947032928), (34, 172.78027772903442), (35, 165.37934470176697), (36, 179.72736978530884), (37, 194.8517210483551), (38, 194.07326579093933), (39, 192.90565943717957), (40, 203.1580901145935), (41, 192.61044216156006), (42, 208.80083084106445), (43, 210.55714344978333), (44, 221.84534645080566), (45, 220.92929673194885), (46, 201.60057854652405), (47, 255.0122570991516), (48, 238.93295907974243), (49, 220.51039934158325), (50, 223.08338856697083), (51, 241.7315104007721), (52, 233.31272077560425), (53, 230.38055849075317), (54, 246.76210045814514), (55, 230.20123100280762), (56, 248.19956994056702), (57, 246.8229751586914), (58, 251.86791348457336), (59, 252.27721762657166), (60, 235.6049370765686), (61, 248.87864756584167), (62, 261.4777719974518), (63, 245.83329939842224), (64, 240.52132534980774), (65, 252.39266276359558), (66, 253.88111448287964), (67, 245.5046284198761), (68, 258.24042654037476), (69, 258.3257565498352), (70, 246.32275247573853), (71, 237.42340397834778), (72, 235.45739006996155), (73, 227.48273229599), (74, 243.0653874874115), (75, 240.71873092651367), (76, 244.24876356124878), (77, 237.02942776679993), (78, 255.48537707328796), (79, 254.70818972587585), (80, 265.4403200149536), (81, 250.25477075576782), (82, 251.0942075252533), (83, 260.5946328639984), (84, 272.8356182575226), (85, 256.0638129711151), (86, 240.61990118026733), (87, 260.1291618347168), (88, 257.5428547859192), (89, 264.55183720588684), (90, 262.6415662765503), (91, 277.8069121837616), (92, 275.8224895000458), (93, 291.40052008628845), (94, 270.7551579475403), (95, 287.65677070617676), (96, 270.2085773944855), (97, 273.03962230682373), (98, 266.6221868991852), (99, 259.29795575141907), (100, 282.9360909461975)]
[2025-11-03 15:23:41,887][flwr][INFO] - app_fit: metrics_centralized {'accuracy': [(0, 0.1003), (1, 0.1118), (2, 0.2502), (3, 0.3593), (4, 0.3875), (5, 0.431), (6, 0.4293), (7, 0.4405), (8, 0.4387), (9, 0.4409), (10, 0.4337), (11, 0.4313), (12, 0.439), (13, 0.441), (14, 0.448), (15, 0.449), (16, 0.4223), (17, 0.4208), (18, 0.4229), (19, 0.434), (20, 0.4212), (21, 0.4202), (22, 0.4301), (23, 0.4241), (24, 0.424), (25, 0.4164), (26, 0.4241), (27, 0.4067), (28, 0.4025), (29, 0.3986), (30, 0.4089), (31, 0.4265), (32, 0.432), (33, 0.4282), (34, 0.4164), (35, 0.4292), (36, 0.4011), (37, 0.3836), (38, 0.3862), (39, 0.3884), (40, 0.377), (41, 0.3887), (42, 0.3703), (43, 0.3744), (44, 0.3621), (45, 0.3632), (46, 0.3829), (47, 0.3312), (48, 0.3551), (49, 0.3625), (50, 0.3607), (51, 0.3429), (52, 0.3545), (53, 0.3583), (54, 0.3515), (55, 0.3575), (56, 0.3412), (57, 0.3446), (58, 0.3414), (59, 0.3403), (60, 0.3513), (61, 0.3438), (62, 0.3444), (63, 0.3488), (64, 0.35), (65, 0.3452), (66, 0.3477), (67, 0.3509), (68, 0.3392), (69, 0.3417), (70, 0.3465), (71, 0.3507), (72, 0.3549), (73, 0.3582), (74, 0.3545), (75, 0.3523), (76, 0.3491), (77, 0.3521), (78, 0.3473), (79, 0.3474), (80, 0.3413), (81, 0.3475), (82, 0.3482), (83, 0.3451), (84, 0.3391), (85, 0.3475), (86, 0.3544), (87, 0.3406), (88, 0.3442), (89, 0.343), (90, 0.3424), (91, 0.3366), (92, 0.3364), (93, 0.3346), (94, 0.3417), (95, 0.3325), (96, 0.3397), (97, 0.3396), (98, 0.3427), (99, 0.3393), (100, 0.3345)]}
