2025-11-03 23:00:45.286259: I tensorflow/core/util/port.cc:111] oneDNN custom operations are on. You may see slightly different numerical results due to floating-point round-off errors from different computation orders. To turn them off, set the environment variable `TF_ENABLE_ONEDNN_OPTS=0`.
2025-11-03 23:00:45.305801: E tensorflow/compiler/xla/stream_executor/cuda/cuda_dnn.cc:9342] Unable to register cuDNN factory: Attempting to register factory for plugin cuDNN when one has already been registered
2025-11-03 23:00:45.305828: E tensorflow/compiler/xla/stream_executor/cuda/cuda_fft.cc:609] Unable to register cuFFT factory: Attempting to register factory for plugin cuFFT when one has already been registered
2025-11-03 23:00:45.305842: E tensorflow/compiler/xla/stream_executor/cuda/cuda_blas.cc:1518] Unable to register cuBLAS factory: Attempting to register factory for plugin cuBLAS when one has already been registered
2025-11-03 23:00:45.309453: I tensorflow/core/platform/cpu_feature_guard.cc:182] This TensorFlow binary is optimized to use available CPU instructions in performance-critical operations.
To enable the following instructions: AVX2 AVX_VNNI FMA, in other operations, rebuild TensorFlow with the appropriate compiler flags.
2025-11-03 23:00:45.668058: W tensorflow/compiler/tf2tensorrt/utils/py_utils.cc:38] TF-TRT Warning: Could not find TensorRT
[2025-11-03 23:00:47,746][root][INFO] - dataset: cifar10
num_rounds: 100
num_clients: 50
batch_size: 20
num_classes: 10
num_channels: 3
target_label: 9
num_clients_per_round_fit: 15
num_clients_per_round_eval: 15
config_fit:
  poisoning_rate: 0.7
  lr: 0.01
  momentum: 0.9
  local_epochs: 5
  proximal_mu: 2.0
dataset_config:
  ratio_benign_client: 0.6
  iid: false
  balance: false
  power_law: false
  dirichlet: true
  alpha: 0.9

[2025-11-03 23:00:47,746][root][INFO] - Device is cuda
INFO flwr 2025-11-03 23:00:53,689 | app.py:146 | Starting Flower simulation, config: ServerConfig(num_rounds=100, round_timeout=None)
Files already downloaded and verified
Files already downloaded and verified
[2025-11-03 23:00:53,689][flwr][INFO] - Starting Flower simulation, config: ServerConfig(num_rounds=100, round_timeout=None)
2025-11-03 23:00:55,410	INFO worker.py:1753 -- Started a local Ray instance.
INFO flwr 2025-11-03 23:00:55,910 | app.py:180 | Flower VCE: Ray initialized with resources: {'object_store_memory': 16639801344.0, 'memory': 33279602688.0, 'node:__internal_head__': 1.0, 'GPU': 1.0, 'accelerator_type:G': 1.0, 'node:137.205.115.203': 1.0, 'CPU': 20.0}
[2025-11-03 23:00:55,910][flwr][INFO] - Flower VCE: Ray initialized with resources: {'object_store_memory': 16639801344.0, 'memory': 33279602688.0, 'node:__internal_head__': 1.0, 'GPU': 1.0, 'accelerator_type:G': 1.0, 'node:137.205.115.203': 1.0, 'CPU': 20.0}
INFO flwr 2025-11-03 23:00:55,910 | server.py:86 | Initializing global parameters
[2025-11-03 23:00:55,910][flwr][INFO] - Initializing global parameters
INFO flwr 2025-11-03 23:00:55,911 | server.py:269 | Using initial parameters provided by strategy
[2025-11-03 23:00:55,911][flwr][INFO] - Using initial parameters provided by strategy
INFO flwr 2025-11-03 23:00:55,911 | server.py:88 | Evaluating initial parameters
[2025-11-03 23:00:55,911][flwr][INFO] - Evaluating initial parameters
INFO flwr 2025-11-03 23:00:57,696 | server.py:91 | initial parameters (loss, other metrics): 182.8866024017334, {'accuracy': 0.0999}
Evaluate
[2025-11-03 23:00:57,696][flwr][INFO] - initial parameters (loss, other metrics): 182.8866024017334, {'accuracy': 0.0999}
INFO flwr 2025-11-03 23:00:57,696 | server.py:101 | FL starting
[2025-11-03 23:00:57,696][flwr][INFO] - FL starting
DEBUG flwr 2025-11-03 23:00:57,696 | server.py:218 | fit_round 1: strategy sampled 15 clients (out of 50)
Configure Fit
server round: 1
[2025-11-03 23:00:57,696][flwr][DEBUG] - fit_round 1: strategy sampled 15 clients (out of 50)
[36m(pid=1492997)[0m 2025-11-03 23:01:03.675720: E tensorflow/compiler/xla/stream_executor/cuda/cuda_dnn.cc:9342] Unable to register cuDNN factory: Attempting to register factory for plugin cuDNN when one has already been registered
[36m(pid=1492997)[0m 2025-11-03 23:01:03.675750: E tensorflow/compiler/xla/stream_executor/cuda/cuda_fft.cc:609] Unable to register cuFFT factory: Attempting to register factory for plugin cuFFT when one has already been registered
[36m(pid=1492997)[0m 2025-11-03 23:01:03.675764: E tensorflow/compiler/xla/stream_executor/cuda/cuda_blas.cc:1518] Unable to register cuBLAS factory: Attempting to register factory for plugin cuBLAS when one has already been registered
[36m(pid=1492997)[0m 2025-11-03 23:01:04.043716: W tensorflow/compiler/tf2tensorrt/utils/py_utils.cc:38] TF-TRT Warning: Could not find TensorRT
DEBUG flwr 2025-11-03 23:01:38,078 | server.py:232 | fit_round 1 received 15 results and 0 failures
[2025-11-03 23:01:38,078][flwr][DEBUG] - fit_round 1 received 15 results and 0 failures
malicious is ['2', '2', '0', '0', '0', '0', '2', '0', '2', '2', '2', '2', '0', '0', '0']
[2025-11-03 23:01:38,276][root][INFO] - Number of Evil Clients: 0
[2025-11-03 23:01:38,276][root][INFO] - Number of Preset Malicious Clients is 7
[2025-11-03 23:01:38,276][root][INFO] - Number of Preset Benign Clients is 8
[2025-11-03 23:01:54,639][root][INFO] - Average poisoning accuracy: 0.9699285714285715
KMeans
intra_cluster distance is 3.939657405514455
Good Variance for label 0 is 0.9766424
Bad Variance for label 0 is 0.7339072
Dist for label 0 is 1.6207064787546794
Good Variance for label 1 is 1.18066
Bad Variance for label 1 is 1.7142426
Dist for label 1 is 0.39261583487192786
Good Variance for label 2 is 0.42927533
Bad Variance for label 2 is 0.48153535
Dist for label 2 is 0.40247083372539944
Good Variance for label 3 is 0.9375083
Bad Variance for label 3 is 2.0340085
Dist for label 3 is 0.5159341229332819
Good Variance for label 4 is 0.876912
Bad Variance for label 4 is 1.0371819
Dist for label 4 is 0.7075803346104093
Good Variance for label 5 is 0.83591384
Bad Variance for label 5 is 1.4341501
Dist for label 5 is 0.6157868173387315
Good Variance for label 6 is 1.2868552
Bad Variance for label 6 is 0.22108585
Dist for label 6 is 0.49365761544969344
Good Variance for label 7 is 0.24099503
Bad Variance for label 7 is 0.20855634
Dist for label 7 is 0.2022531297471788
Good Variance for label 8 is 0.8294986
Bad Variance for label 8 is 1.2990208
Dist for label 8 is 0.4003226690822178
Good Variance for label 9 is 0.51752824
Bad Variance for label 9 is 1.0847678
Dist for label 9 is 3.3323712613847523
good > bad, ALERT!!
[2025-11-03 23:01:54,952][root][INFO] - Target label is 9
Now, comb_C is [2 2 0 2 0 0 2 2 2 2 2 2 0 0 0]
[2025-11-03 23:01:54,953][root][INFO] - Clustering Accuracy is 0.8666666666666667
length of good results is 6 and length of bad results is 9
acc_diff is 0
[2025-11-03 23:01:55,015][root][INFO] - Lambda is -13
WARNING flwr 2025-11-03 23:01:55,211 | bd_strategy.py:502 | No fit_metrics_aggregation_fn provided
[2025-11-03 23:01:55,211][flwr][WARNING] - No fit_metrics_aggregation_fn provided
Evaluate
[2025-11-03 23:01:56,718][root][INFO] - Global Poisoning Accuracy: 0.0001
INFO flwr 2025-11-03 23:01:56,787 | server.py:119 | fit progress: (1, 215.29178881645203, {'accuracy': 0.1473}, 59.0909342590021)
[2025-11-03 23:01:56,787][flwr][INFO] - fit progress: (1, 215.29178881645203, {'accuracy': 0.1473}, 59.0909342590021)
DEBUG flwr 2025-11-03 23:01:56,787 | server.py:168 | evaluate_round 1: strategy sampled 15 clients (out of 50)
Configure Evaluate
[2025-11-03 23:01:56,787][flwr][DEBUG] - evaluate_round 1: strategy sampled 15 clients (out of 50)
DEBUG flwr 2025-11-03 23:02:05,825 | server.py:182 | evaluate_round 1 received 15 results and 0 failures
[2025-11-03 23:02:05,825][flwr][DEBUG] - evaluate_round 1 received 15 results and 0 failures
Aggregate evaluate
benign record is ['0', '4', '29', '16', '6', '9']
valid results is [(3, 6.790334939956665), (6, 11.763068556785583), (3, 8.476510047912598)]
[2025-11-03 23:02:05,826][root][INFO] - Federated Accuracy: 0.21047499999999997
DEBUG flwr 2025-11-03 23:02:05,899 | server.py:218 | fit_round 2: strategy sampled 15 clients (out of 50)
Configure Fit
server round: 2
[2025-11-03 23:02:05,899][flwr][DEBUG] - fit_round 2: strategy sampled 15 clients (out of 50)
DEBUG flwr 2025-11-03 23:02:47,737 | server.py:232 | fit_round 2 received 15 results and 0 failures
[2025-11-03 23:02:47,737][flwr][DEBUG] - fit_round 2 received 15 results and 0 failures
malicious is ['0', '0', '0', '2', '2', '2', '0', '2', '0', '0', '2', '0', '0']
[2025-11-03 23:02:53,221][root][INFO] - Number of Evil Clients: 2
[2025-11-03 23:02:53,221][root][INFO] - Number of Preset Malicious Clients is 5
[2025-11-03 23:02:53,221][root][INFO] - Number of Preset Benign Clients is 8
[2025-11-03 23:03:06,093][root][INFO] - Average poisoning accuracy: 0.9667
KMeans
intra_cluster distance is 5.263785517585222
Now, comb_C is [0 0 2 2 2 2 2 2 0 0 2 0 0]
[2025-11-03 23:03:06,104][root][INFO] - Clustering Accuracy is 0.8461538461538461
length of good results is 6 and length of bad results is 7
acc_diff is 0
[2025-11-03 23:03:06,111][root][INFO] - Lambda is -13
Evaluate
[2025-11-03 23:03:08,741][root][INFO] - Global Poisoning Accuracy: 0.0203
INFO flwr 2025-11-03 23:03:08,942 | server.py:119 | fit progress: (2, 190.04691076278687, {'accuracy': 0.239}, 131.24581051600398)
[2025-11-03 23:03:08,942][flwr][INFO] - fit progress: (2, 190.04691076278687, {'accuracy': 0.239}, 131.24581051600398)
DEBUG flwr 2025-11-03 23:03:08,942 | server.py:168 | evaluate_round 2: strategy sampled 15 clients (out of 50)
Configure Evaluate
[2025-11-03 23:03:08,942][flwr][DEBUG] - evaluate_round 2: strategy sampled 15 clients (out of 50)
DEBUG flwr 2025-11-03 23:03:18,146 | server.py:182 | evaluate_round 2 received 15 results and 0 failures
[2025-11-03 23:03:18,146][flwr][DEBUG] - evaluate_round 2 received 15 results and 0 failures
Aggregate evaluate
benign record is ['0', '25', '26', '17', '2', '4', '29', '3', '16', '6', '9']
valid results is [(4, 9.325002551078796), (5, 11.152994513511658), (2, 5.560175657272339), (9, 11.323359668254852), (4, 9.78699541091919)]
[2025-11-03 23:03:18,146][root][INFO] - Federated Accuracy: 0.3308083333333333
DEBUG flwr 2025-11-03 23:03:18,215 | server.py:218 | fit_round 3: strategy sampled 15 clients (out of 50)
Configure Fit
server round: 3
[2025-11-03 23:03:18,215][flwr][DEBUG] - fit_round 3: strategy sampled 15 clients (out of 50)
DEBUG flwr 2025-11-03 23:03:58,754 | server.py:232 | fit_round 3 received 15 results and 0 failures
[2025-11-03 23:03:58,754][flwr][DEBUG] - fit_round 3 received 15 results and 0 failures
malicious is ['2', '0', '0', '0', '2', '0', '0', '0', '0']
[2025-11-03 23:04:14,899][root][INFO] - Number of Evil Clients: 6
[2025-11-03 23:04:14,899][root][INFO] - Number of Preset Malicious Clients is 2
[2025-11-03 23:04:14,899][root][INFO] - Number of Preset Benign Clients is 7
[2025-11-03 23:04:17,758][root][INFO] - Average poisoning accuracy: 0.702375
KMeans
intra_cluster distance is 5.517231331471072
Now, comb_C is [2 0 0 0 2 2 0 0 0]
[2025-11-03 23:04:17,769][root][INFO] - Clustering Accuracy is 0.8888888888888888
length of good results is 6 and length of bad results is 3
acc_diff is 0
[2025-11-03 23:04:17,774][root][INFO] - Lambda is -13
Evaluate
[2025-11-03 23:04:20,175][root][INFO] - Global Poisoning Accuracy: 0.0695
INFO flwr 2025-11-03 23:04:20,258 | server.py:119 | fit progress: (3, 170.50699424743652, {'accuracy': 0.3265}, 202.5624810489826)
[2025-11-03 23:04:20,258][flwr][INFO] - fit progress: (3, 170.50699424743652, {'accuracy': 0.3265}, 202.5624810489826)
DEBUG flwr 2025-11-03 23:04:20,259 | server.py:168 | evaluate_round 3: strategy sampled 15 clients (out of 50)
Configure Evaluate
[2025-11-03 23:04:20,259][flwr][DEBUG] - evaluate_round 3: strategy sampled 15 clients (out of 50)
DEBUG flwr 2025-11-03 23:04:29,470 | server.py:182 | evaluate_round 3 received 15 results and 0 failures
[2025-11-03 23:04:29,470][flwr][DEBUG] - evaluate_round 3 received 15 results and 0 failures
Aggregate evaluate
benign record is ['0', '25', '26', '17', '19', '2', '4', '21', '20', '29', '3', '16', '6', '5', '9']
valid results is [(4, 6.46480393409729), (5, 8.552987694740295), (6, 8.503857016563416), (5, 7.570484817028046)]
[2025-11-03 23:04:29,471][root][INFO] - Federated Accuracy: 0.42115
DEBUG flwr 2025-11-03 23:04:29,705 | server.py:218 | fit_round 4: strategy sampled 15 clients (out of 50)
Configure Fit
server round: 4
[2025-11-03 23:04:29,705][flwr][DEBUG] - fit_round 4: strategy sampled 15 clients (out of 50)
DEBUG flwr 2025-11-03 23:05:04,232 | server.py:232 | fit_round 4 received 15 results and 0 failures
[2025-11-03 23:05:04,232][flwr][DEBUG] - fit_round 4 received 15 results and 0 failures
malicious is ['2', '0', '2', '0', '0', '2', '0', '0', '0', '0']
[2025-11-03 23:05:18,810][root][INFO] - Number of Evil Clients: 5
[2025-11-03 23:05:18,810][root][INFO] - Number of Preset Malicious Clients is 3
[2025-11-03 23:05:18,810][root][INFO] - Number of Preset Benign Clients is 7
[2025-11-03 23:05:26,907][root][INFO] - Average poisoning accuracy: 0.970225
KMeans
intra_cluster distance is 6.128906047631466
Now, comb_C is [2 0 2 0 2 2 0 0 2 0]
[2025-11-03 23:05:26,918][root][INFO] - Clustering Accuracy is 0.8
length of good results is 5 and length of bad results is 5
acc_diff is 0
[2025-11-03 23:05:26,926][root][INFO] - Lambda is -13
Evaluate
[2025-11-03 23:05:30,327][root][INFO] - Global Poisoning Accuracy: 0.0323
INFO flwr 2025-11-03 23:05:30,399 | server.py:119 | fit progress: (4, 164.1464741230011, {'accuracy': 0.3672}, 272.70275942602893)
[2025-11-03 23:05:30,399][flwr][INFO] - fit progress: (4, 164.1464741230011, {'accuracy': 0.3672}, 272.70275942602893)
DEBUG flwr 2025-11-03 23:05:30,399 | server.py:168 | evaluate_round 4: strategy sampled 15 clients (out of 50)
Configure Evaluate
[2025-11-03 23:05:30,399][flwr][DEBUG] - evaluate_round 4: strategy sampled 15 clients (out of 50)
DEBUG flwr 2025-11-03 23:05:39,468 | server.py:182 | evaluate_round 4 received 15 results and 0 failures
[2025-11-03 23:05:39,468][flwr][DEBUG] - evaluate_round 4 received 15 results and 0 failures
Aggregate evaluate
benign record is ['26', '17', '19', '2', '1', '29', '20', '9', '21', '0', '7', '4', '8', '25', '3', '16', '6', '5', '18']
valid results is [(6, 6.196437180042267), (6, 7.046922564506531), (3, 1.7321049869060516), (3, 1.3501481413841248), (9, 16.005402445793152), (4, 3.7405722737312317), (4, 3.568776786327362), (2, 1.5239096283912659)]
[2025-11-03 23:05:39,469][root][INFO] - Federated Accuracy: 0.5972216216216216
DEBUG flwr 2025-11-03 23:05:39,551 | server.py:218 | fit_round 5: strategy sampled 15 clients (out of 50)
Configure Fit
server round: 5
[2025-11-03 23:05:39,551][flwr][DEBUG] - fit_round 5: strategy sampled 15 clients (out of 50)
DEBUG flwr 2025-11-03 23:06:21,216 | server.py:232 | fit_round 5 received 15 results and 0 failures
[2025-11-03 23:06:21,216][flwr][DEBUG] - fit_round 5 received 15 results and 0 failures
malicious is ['0', '0', '0', '0', '0', '0', '0', '0', '2', '0']
[2025-11-03 23:06:34,098][root][INFO] - Number of Evil Clients: 5
[2025-11-03 23:06:34,098][root][INFO] - Number of Preset Malicious Clients is 1
[2025-11-03 23:06:34,098][root][INFO] - Number of Preset Benign Clients is 9
[2025-11-03 23:06:36,396][root][INFO] - Average poisoning accuracy: 0.9716499999999999
KMeans
intra_cluster distance is 5.992579806311534
Now, comb_C is [0 0 0 0 0 2 2 0 2 2]
[2025-11-03 23:06:36,408][root][INFO] - Clustering Accuracy is 0.7
length of good results is 6 and length of bad results is 4
acc_diff is 0
[2025-11-03 23:06:36,413][root][INFO] - Lambda is -13
Evaluate
[2025-11-03 23:06:38,574][root][INFO] - Global Poisoning Accuracy: 0.0636
INFO flwr 2025-11-03 23:06:38,644 | server.py:119 | fit progress: (5, 164.1979901790619, {'accuracy': 0.4149}, 340.94790533097694)
[2025-11-03 23:06:38,644][flwr][INFO] - fit progress: (5, 164.1979901790619, {'accuracy': 0.4149}, 340.94790533097694)
DEBUG flwr 2025-11-03 23:06:38,644 | server.py:168 | evaluate_round 5: strategy sampled 15 clients (out of 50)
Configure Evaluate
[2025-11-03 23:06:38,644][flwr][DEBUG] - evaluate_round 5: strategy sampled 15 clients (out of 50)
DEBUG flwr 2025-11-03 23:06:47,631 | server.py:182 | evaluate_round 5 received 15 results and 0 failures
[2025-11-03 23:06:47,631][flwr][DEBUG] - evaluate_round 5 received 15 results and 0 failures
Aggregate evaluate
benign record is ['26', '17', '19', '2', '1', '29', '20', '9', '23', '21', '0', '7', '4', '8', '14', '25', '3', '16', '6', '5', '18']
valid results is [(2, 0.3461865335702896), (2, 0.9283469021320343), (5, 3.103930711746216), (6, 6.159679055213928), (6, 4.448192059993744)]
[2025-11-03 23:06:47,632][root][INFO] - Federated Accuracy: 0.7226190476190476
DEBUG flwr 2025-11-03 23:06:47,829 | server.py:218 | fit_round 6: strategy sampled 15 clients (out of 50)
Configure Fit
server round: 6
[2025-11-03 23:06:47,829][flwr][DEBUG] - fit_round 6: strategy sampled 15 clients (out of 50)
DEBUG flwr 2025-11-03 23:07:27,018 | server.py:232 | fit_round 6 received 15 results and 0 failures
[2025-11-03 23:07:27,018][flwr][DEBUG] - fit_round 6 received 15 results and 0 failures
malicious is ['0', '0', '0', '0', '0', '0']
[2025-11-03 23:07:50,666][root][INFO] - Number of Evil Clients: 9
[2025-11-03 23:07:50,666][root][INFO] - Number of Preset Malicious Clients is 0
[2025-11-03 23:07:50,666][root][INFO] - Number of Preset Benign Clients is 6
[2025-11-03 23:07:50,666][root][INFO] - Average poisoning accuracy: 0.7094333333333334
KMeans
intra_cluster distance is 5.97090898253286
Now, comb_C is [0 0 0 0 0 0]
[2025-11-03 23:07:50,677][root][INFO] - Clustering Accuracy is 1.0
length of good results is 6 and length of bad results is 0
acc_diff is 0
[2025-11-03 23:07:50,684][root][INFO] - Lambda is -13
Evaluate
[2025-11-03 23:07:53,457][root][INFO] - Global Poisoning Accuracy: 0.0396
INFO flwr 2025-11-03 23:07:53,529 | server.py:119 | fit progress: (6, 170.2742315530777, {'accuracy': 0.4124}, 415.833056028001)
[2025-11-03 23:07:53,529][flwr][INFO] - fit progress: (6, 170.2742315530777, {'accuracy': 0.4124}, 415.833056028001)
DEBUG flwr 2025-11-03 23:07:53,529 | server.py:168 | evaluate_round 6: strategy sampled 15 clients (out of 50)
Configure Evaluate
[2025-11-03 23:07:53,529][flwr][DEBUG] - evaluate_round 6: strategy sampled 15 clients (out of 50)
DEBUG flwr 2025-11-03 23:08:02,728 | server.py:182 | evaluate_round 6 received 15 results and 0 failures
[2025-11-03 23:08:02,728][flwr][DEBUG] - evaluate_round 6 received 15 results and 0 failures
Aggregate evaluate
benign record is ['26', '17', '19', '2', '1', '29', '20', '9', '23', '21', '27', '0', '7', '4', '8', '14', '25', '3', '16', '6', '5', '18']
valid results is [(3, 0.09444386325776577), (4, 1.9704927653074265), (2, 0.08088908344507217), (2, 0.37830889225006104), (5, 3.3912980258464813), (5, 2.4747204184532166)]
[2025-11-03 23:08:02,729][root][INFO] - Federated Accuracy: 0.7950380952380953
DEBUG flwr 2025-11-03 23:08:02,808 | server.py:218 | fit_round 7: strategy sampled 15 clients (out of 50)
Configure Fit
server round: 7
[2025-11-03 23:08:02,808][flwr][DEBUG] - fit_round 7: strategy sampled 15 clients (out of 50)
DEBUG flwr 2025-11-03 23:08:42,376 | server.py:232 | fit_round 7 received 15 results and 0 failures
[2025-11-03 23:08:42,376][flwr][DEBUG] - fit_round 7 received 15 results and 0 failures
malicious is ['0', '0', '0', '0', '0']
[2025-11-03 23:09:03,648][root][INFO] - Number of Evil Clients: 10
[2025-11-03 23:09:03,648][root][INFO] - Number of Preset Malicious Clients is 0
[2025-11-03 23:09:03,648][root][INFO] - Number of Preset Benign Clients is 5
[2025-11-03 23:09:03,648][root][INFO] - Average poisoning accuracy: 0.7103499999999999
KMeans
intra_cluster distance is 9.971271617582959
Now, comb_C is [0 0 0 2 0]
[2025-11-03 23:09:03,659][root][INFO] - Clustering Accuracy is 0.8
length of good results is 4 and length of bad results is 1
acc_diff is 0
[2025-11-03 23:09:03,666][root][INFO] - Lambda is -13
Evaluate
[2025-11-03 23:09:05,511][root][INFO] - Global Poisoning Accuracy: 0.0223
INFO flwr 2025-11-03 23:09:05,581 | server.py:119 | fit progress: (7, 183.9155900478363, {'accuracy': 0.4037}, 487.8851752090268)
[2025-11-03 23:09:05,581][flwr][INFO] - fit progress: (7, 183.9155900478363, {'accuracy': 0.4037}, 487.8851752090268)
DEBUG flwr 2025-11-03 23:09:05,581 | server.py:168 | evaluate_round 7: strategy sampled 15 clients (out of 50)
Configure Evaluate
[2025-11-03 23:09:05,581][flwr][DEBUG] - evaluate_round 7: strategy sampled 15 clients (out of 50)
DEBUG flwr 2025-11-03 23:09:14,856 | server.py:182 | evaluate_round 7 received 15 results and 0 failures
[2025-11-03 23:09:14,856][flwr][DEBUG] - evaluate_round 7 received 15 results and 0 failures
Aggregate evaluate
benign record is ['26', '17', '19', '2', '1', '29', '20', '9', '23', '21', '27', '0', '7', '4', '8', '14', '25', '3', '16', '6', '5', '18']
valid results is [(3, 0.3356828913092613), (5, 1.2184990886598825), (5, 2.5807376503944397), (2, 0.0985107496380806), (3, 0.952462078537792), (9, 8.739088594913483), (4, 1.121844820678234), (3, 0.14793631248176098)]
[2025-11-03 23:09:14,856][root][INFO] - Federated Accuracy: 0.7992588235294117
DEBUG flwr 2025-11-03 23:09:15,048 | server.py:218 | fit_round 8: strategy sampled 15 clients (out of 50)
Configure Fit
server round: 8
[2025-11-03 23:09:15,048][flwr][DEBUG] - fit_round 8: strategy sampled 15 clients (out of 50)
DEBUG flwr 2025-11-03 23:09:52,953 | server.py:232 | fit_round 8 received 15 results and 0 failures
[2025-11-03 23:09:52,953][flwr][DEBUG] - fit_round 8 received 15 results and 0 failures
malicious is ['0', '0', '0', '0', '0', '0', '0', '0']
[2025-11-03 23:10:11,918][root][INFO] - Number of Evil Clients: 7
[2025-11-03 23:10:11,919][root][INFO] - Number of Preset Malicious Clients is 0
[2025-11-03 23:10:11,919][root][INFO] - Number of Preset Benign Clients is 8
[2025-11-03 23:10:11,919][root][INFO] - Average poisoning accuracy: 0.8523857142857143
KMeans
intra_cluster distance is 6.184213017731994
Now, comb_C is [0 0 0 0 0 0 0 0]
[2025-11-03 23:10:11,930][root][INFO] - Clustering Accuracy is 1.0
length of good results is 8 and length of bad results is 0
acc_diff is 0
[2025-11-03 23:10:11,939][root][INFO] - Lambda is -13
Evaluate
[2025-11-03 23:10:15,524][root][INFO] - Global Poisoning Accuracy: 0.0386
INFO flwr 2025-11-03 23:10:15,593 | server.py:119 | fit progress: (8, 175.20291674137115, {'accuracy': 0.4258}, 557.8969137370004)
[2025-11-03 23:10:15,593][flwr][INFO] - fit progress: (8, 175.20291674137115, {'accuracy': 0.4258}, 557.8969137370004)
DEBUG flwr 2025-11-03 23:10:15,593 | server.py:168 | evaluate_round 8: strategy sampled 15 clients (out of 50)
Configure Evaluate
[2025-11-03 23:10:15,593][flwr][DEBUG] - evaluate_round 8: strategy sampled 15 clients (out of 50)
DEBUG flwr 2025-11-03 23:10:25,019 | server.py:182 | evaluate_round 8 received 15 results and 0 failures
[2025-11-03 23:10:25,019][flwr][DEBUG] - evaluate_round 8 received 15 results and 0 failures
Aggregate evaluate
benign record is ['26', '17', '19', '2', '1', '29', '20', '9', '23', '21', '27', '0', '7', '4', '8', '14', '25', '3', '16', '6', '5', '18']
valid results is [(6, 1.6501766443252563), (5, 0.8275427762418985), (3, 0.6001542201265693), (4, 0.7314785234630108), (4, 0.3958833310753107), (2, 0.007609332911670208), (5, 4.22701096534729)]
[2025-11-03 23:10:25,019][root][INFO] - Federated Accuracy: 0.7927482758620691
DEBUG flwr 2025-11-03 23:10:25,090 | server.py:218 | fit_round 9: strategy sampled 15 clients (out of 50)
Configure Fit
server round: 9
[2025-11-03 23:10:25,090][flwr][DEBUG] - fit_round 9: strategy sampled 15 clients (out of 50)
DEBUG flwr 2025-11-03 23:11:07,052 | server.py:232 | fit_round 9 received 15 results and 0 failures
[2025-11-03 23:11:07,052][flwr][DEBUG] - fit_round 9 received 15 results and 0 failures
malicious is ['2', '0', '0', '0', '0', '0', '0']
[2025-11-03 23:11:28,626][root][INFO] - Number of Evil Clients: 8
[2025-11-03 23:11:28,626][root][INFO] - Number of Preset Malicious Clients is 1
[2025-11-03 23:11:28,626][root][INFO] - Number of Preset Benign Clients is 6
[2025-11-03 23:11:30,725][root][INFO] - Average poisoning accuracy: 0.7308222222222223
KMeans
intra_cluster distance is 7.87410482253783
Now, comb_C is [0 0 0 0 0 0 0]
[2025-11-03 23:11:30,787][root][INFO] - Clustering Accuracy is 0.8571428571428571
length of good results is 7 and length of bad results is 0
acc_diff is 0
[2025-11-03 23:11:30,796][root][INFO] - Lambda is -13
Evaluate
[2025-11-03 23:11:33,473][root][INFO] - Global Poisoning Accuracy: 0.089
INFO flwr 2025-11-03 23:11:33,544 | server.py:119 | fit progress: (9, 174.4589742422104, {'accuracy': 0.4297}, 635.8477125299978)
[2025-11-03 23:11:33,544][flwr][INFO] - fit progress: (9, 174.4589742422104, {'accuracy': 0.4297}, 635.8477125299978)
DEBUG flwr 2025-11-03 23:11:33,544 | server.py:168 | evaluate_round 9: strategy sampled 15 clients (out of 50)
Configure Evaluate
[2025-11-03 23:11:33,544][flwr][DEBUG] - evaluate_round 9: strategy sampled 15 clients (out of 50)
DEBUG flwr 2025-11-03 23:11:43,439 | server.py:182 | evaluate_round 9 received 15 results and 0 failures
[2025-11-03 23:11:43,439][flwr][DEBUG] - evaluate_round 9 received 15 results and 0 failures
Aggregate evaluate
benign record is ['26', '17', '19', '2', '1', '29', '20', '9', '23', '44', '21', '13', '27', '0', '7', '4', '8', '14', '25', '3', '16', '6', '5', '18']
valid results is [(5, 1.4167251288890839), (4, 0.2420431945938617), (9, 3.865882247686386), (9, 1.4134547226130962), (6, 9.925800859928131), (6, 1.2887676320970058)]
[2025-11-03 23:11:43,440][root][INFO] - Federated Accuracy: 0.8049051282051283
DEBUG flwr 2025-11-03 23:11:43,648 | server.py:218 | fit_round 10: strategy sampled 15 clients (out of 50)
Configure Fit
server round: 10
[2025-11-03 23:11:43,648][flwr][DEBUG] - fit_round 10: strategy sampled 15 clients (out of 50)
DEBUG flwr 2025-11-03 23:12:21,053 | server.py:232 | fit_round 10 received 15 results and 0 failures
[2025-11-03 23:12:21,053][flwr][DEBUG] - fit_round 10 received 15 results and 0 failures
malicious is ['0', '0', '0', '0', '2', '0']
[2025-11-03 23:12:41,092][root][INFO] - Number of Evil Clients: 9
[2025-11-03 23:12:41,092][root][INFO] - Number of Preset Malicious Clients is 1
[2025-11-03 23:12:41,092][root][INFO] - Number of Preset Benign Clients is 5
[2025-11-03 23:12:42,300][root][INFO] - Average poisoning accuracy: 0.83659
KMeans
intra_cluster distance is 9.196657380380376
Now, comb_C is [0 0 0 0 0 0]
[2025-11-03 23:12:42,312][root][INFO] - Clustering Accuracy is 0.8333333333333334
length of good results is 6 and length of bad results is 0
acc_diff is 0
[2025-11-03 23:12:42,320][root][INFO] - Lambda is -13
Evaluate
[2025-11-03 23:12:44,363][root][INFO] - Global Poisoning Accuracy: 0.2035
INFO flwr 2025-11-03 23:12:44,441 | server.py:119 | fit progress: (10, 178.13006579875946, {'accuracy': 0.4243}, 706.745130004012)
[2025-11-03 23:12:44,441][flwr][INFO] - fit progress: (10, 178.13006579875946, {'accuracy': 0.4243}, 706.745130004012)
DEBUG flwr 2025-11-03 23:12:44,441 | server.py:168 | evaluate_round 10: strategy sampled 15 clients (out of 50)
Configure Evaluate
[2025-11-03 23:12:44,441][flwr][DEBUG] - evaluate_round 10: strategy sampled 15 clients (out of 50)
DEBUG flwr 2025-11-03 23:12:54,211 | server.py:182 | evaluate_round 10 received 15 results and 0 failures
[2025-11-03 23:12:54,211][flwr][DEBUG] - evaluate_round 10 received 15 results and 0 failures
Aggregate evaluate
benign record is ['26', '17', '19', '2', '1', '49', '29', '20', '9', '23', '44', '21', '13', '27', '0', '7', '4', '8', '14', '25', '3', '16', '6', '5', '18']
valid results is [(4, 7.879974722862244), (5, 3.3224324882030487), (6, 2.314608722925186), (6, 0.1355932937003672), (2, 0.003953431383706629), (4, 0.46053627133369446), (9, 1.7846869006752968), (9, 3.2410189285874367)]
[2025-11-03 23:12:54,211][root][INFO] - Federated Accuracy: 0.8147222222222221
DEBUG flwr 2025-11-03 23:12:54,282 | server.py:218 | fit_round 11: strategy sampled 15 clients (out of 50)
Configure Fit
server round: 11
[2025-11-03 23:12:54,282][flwr][DEBUG] - fit_round 11: strategy sampled 15 clients (out of 50)
DEBUG flwr 2025-11-03 23:13:31,053 | server.py:232 | fit_round 11 received 15 results and 0 failures
[2025-11-03 23:13:31,053][flwr][DEBUG] - fit_round 11 received 15 results and 0 failures
malicious is ['0', '0', '0', '0', '0', '0']
[2025-11-03 23:13:50,080][root][INFO] - Number of Evil Clients: 9
[2025-11-03 23:13:50,080][root][INFO] - Number of Preset Malicious Clients is 0
[2025-11-03 23:13:50,080][root][INFO] - Number of Preset Benign Clients is 6
[2025-11-03 23:13:50,080][root][INFO] - Average poisoning accuracy: 0.8046555555555555
KMeans
intra_cluster distance is 6.4755886356204435
Now, comb_C is [0 0 0 0 0 0]
[2025-11-03 23:13:50,091][root][INFO] - Clustering Accuracy is 1.0
length of good results is 6 and length of bad results is 0
acc_diff is 0
[2025-11-03 23:13:50,096][root][INFO] - Lambda is -13
Evaluate
[2025-11-03 23:13:52,101][root][INFO] - Global Poisoning Accuracy: 0.1642
INFO flwr 2025-11-03 23:13:52,172 | server.py:119 | fit progress: (11, 173.7872829437256, {'accuracy': 0.4327}, 774.4760407040012)
[2025-11-03 23:13:52,172][flwr][INFO] - fit progress: (11, 173.7872829437256, {'accuracy': 0.4327}, 774.4760407040012)
DEBUG flwr 2025-11-03 23:13:52,172 | server.py:168 | evaluate_round 11: strategy sampled 15 clients (out of 50)
Configure Evaluate
[2025-11-03 23:13:52,172][flwr][DEBUG] - evaluate_round 11: strategy sampled 15 clients (out of 50)
DEBUG flwr 2025-11-03 23:14:01,969 | server.py:182 | evaluate_round 11 received 15 results and 0 failures
[2025-11-03 23:14:01,969][flwr][DEBUG] - evaluate_round 11 received 15 results and 0 failures
Aggregate evaluate
benign record is ['26', '17', '19', '2', '1', '49', '29', '20', '9', '23', '44', '21', '13', '27', '0', '7', '4', '8', '14', '25', '3', '16', '6', '5', '18']
valid results is [(2, 0.007433272199705243), (3, 0.5966498221969232), (3, 0.0012261408264748752)]
[2025-11-03 23:14:01,969][root][INFO] - Federated Accuracy: 0.838225
DEBUG flwr 2025-11-03 23:14:02,044 | server.py:218 | fit_round 12: strategy sampled 15 clients (out of 50)
Configure Fit
server round: 12
[2025-11-03 23:14:02,044][flwr][DEBUG] - fit_round 12: strategy sampled 15 clients (out of 50)
DEBUG flwr 2025-11-03 23:14:38,097 | server.py:232 | fit_round 12 received 15 results and 0 failures
[2025-11-03 23:14:38,097][flwr][DEBUG] - fit_round 12 received 15 results and 0 failures
malicious is ['0', '0', '0', '0', '0', '0']
[2025-11-03 23:14:58,147][root][INFO] - Number of Evil Clients: 9
[2025-11-03 23:14:58,147][root][INFO] - Number of Preset Malicious Clients is 0
[2025-11-03 23:14:58,147][root][INFO] - Number of Preset Benign Clients is 6
[2025-11-03 23:14:58,147][root][INFO] - Average poisoning accuracy: 0.7703444444444445
KMeans
intra_cluster distance is 3.888608387329034
Now, comb_C is [0 0 0 0 0 0]
[2025-11-03 23:14:58,159][root][INFO] - Clustering Accuracy is 1.0
length of good results is 6 and length of bad results is 0
acc_diff is 0
[2025-11-03 23:14:58,166][root][INFO] - Lambda is -13
Evaluate
[2025-11-03 23:15:00,193][root][INFO] - Global Poisoning Accuracy: 0.1009
INFO flwr 2025-11-03 23:15:00,263 | server.py:119 | fit progress: (12, 177.0834105014801, {'accuracy': 0.4377}, 842.5670730469865)
[2025-11-03 23:15:00,263][flwr][INFO] - fit progress: (12, 177.0834105014801, {'accuracy': 0.4377}, 842.5670730469865)
DEBUG flwr 2025-11-03 23:15:00,263 | server.py:168 | evaluate_round 12: strategy sampled 15 clients (out of 50)
Configure Evaluate
[2025-11-03 23:15:00,263][flwr][DEBUG] - evaluate_round 12: strategy sampled 15 clients (out of 50)
DEBUG flwr 2025-11-03 23:15:09,808 | server.py:182 | evaluate_round 12 received 15 results and 0 failures
[2025-11-03 23:15:09,808][flwr][DEBUG] - evaluate_round 12 received 15 results and 0 failures
Aggregate evaluate
benign record is ['26', '17', '19', '2', '1', '49', '29', '20', '9', '23', '44', '21', '13', '27', '0', '7', '4', '8', '14', '25', '3', '16', '6', '5', '18']
valid results is [(6, 1.0757478680461645), (2, 0.0021195040899328887), (5, 2.963859137147665), (9, 6.904979109764099), (4, 0.09136425727047026), (2, 0.0008914844947867095), (6, 1.241870735597331), (3, 0.015475719468668103)]
[2025-11-03 23:15:09,809][root][INFO] - Federated Accuracy: 0.819454054054054
DEBUG flwr 2025-11-03 23:15:09,881 | server.py:218 | fit_round 13: strategy sampled 15 clients (out of 50)
Configure Fit
server round: 13
[2025-11-03 23:15:09,881][flwr][DEBUG] - fit_round 13: strategy sampled 15 clients (out of 50)
DEBUG flwr 2025-11-03 23:15:44,385 | server.py:232 | fit_round 13 received 15 results and 0 failures
[2025-11-03 23:15:44,385][flwr][DEBUG] - fit_round 13 received 15 results and 0 failures
malicious is ['0', '0', '0', '0', '0', '0']
[2025-11-03 23:16:02,943][root][INFO] - Number of Evil Clients: 9
[2025-11-03 23:16:02,943][root][INFO] - Number of Preset Malicious Clients is 0
[2025-11-03 23:16:02,943][root][INFO] - Number of Preset Benign Clients is 6
[2025-11-03 23:16:02,943][root][INFO] - Average poisoning accuracy: 0.40113333333333334
KMeans
intra_cluster distance is 6.756202501393095
Now, comb_C is [0 0 0 0 0 0]
[2025-11-03 23:16:02,954][root][INFO] - Clustering Accuracy is 1.0
length of good results is 6 and length of bad results is 0
acc_diff is 0
[2025-11-03 23:16:02,962][root][INFO] - Lambda is -13
Evaluate
[2025-11-03 23:16:05,619][root][INFO] - Global Poisoning Accuracy: 0.1145
INFO flwr 2025-11-03 23:16:05,824 | server.py:119 | fit progress: (13, 184.51739370822906, {'accuracy': 0.4232}, 908.1279111789772)
[2025-11-03 23:16:05,824][flwr][INFO] - fit progress: (13, 184.51739370822906, {'accuracy': 0.4232}, 908.1279111789772)
DEBUG flwr 2025-11-03 23:16:05,824 | server.py:168 | evaluate_round 13: strategy sampled 15 clients (out of 50)
Configure Evaluate
[2025-11-03 23:16:05,824][flwr][DEBUG] - evaluate_round 13: strategy sampled 15 clients (out of 50)
DEBUG flwr 2025-11-03 23:16:15,361 | server.py:182 | evaluate_round 13 received 15 results and 0 failures
[2025-11-03 23:16:15,361][flwr][DEBUG] - evaluate_round 13 received 15 results and 0 failures
Aggregate evaluate
benign record is ['26', '17', '19', '2', '1', '49', '29', '20', '9', '23', '44', '21', '13', '27', '0', '7', '4', '8', '14', '25', '3', '16', '6', '5', '18']
valid results is [(4, 0.8627554960548878), (5, 0.4072232977487147), (9, 0.5800374513491988), (5, 1.4592322420794517), (4, 1.1060321908444166), (2, 0.001261836412595585), (3, 0.0014407841517822817), (4, 0.12052189977839589)]
[2025-11-03 23:16:15,361][root][INFO] - Federated Accuracy: 0.8742861111111111
DEBUG flwr 2025-11-03 23:16:15,440 | server.py:218 | fit_round 14: strategy sampled 15 clients (out of 50)
Configure Fit
server round: 14
[2025-11-03 23:16:15,440][flwr][DEBUG] - fit_round 14: strategy sampled 15 clients (out of 50)
DEBUG flwr 2025-11-03 23:16:50,221 | server.py:232 | fit_round 14 received 15 results and 0 failures
[2025-11-03 23:16:50,221][flwr][DEBUG] - fit_round 14 received 15 results and 0 failures
malicious is ['0', '0', '0', '0', '0', '0']
[2025-11-03 23:17:11,866][root][INFO] - Number of Evil Clients: 9
[2025-11-03 23:17:11,866][root][INFO] - Number of Preset Malicious Clients is 0
[2025-11-03 23:17:11,866][root][INFO] - Number of Preset Benign Clients is 6
[2025-11-03 23:17:11,866][root][INFO] - Average poisoning accuracy: 0.7925555555555555
KMeans
intra_cluster distance is 4.956378746621743
Now, comb_C is [0 0 0 0 0 0]
[2025-11-03 23:17:11,877][root][INFO] - Clustering Accuracy is 1.0
length of good results is 6 and length of bad results is 0
acc_diff is 0
[2025-11-03 23:17:11,883][root][INFO] - Lambda is -13
Evaluate
[2025-11-03 23:17:13,880][root][INFO] - Global Poisoning Accuracy: 0.0856
INFO flwr 2025-11-03 23:17:13,950 | server.py:119 | fit progress: (14, 183.4971340894699, {'accuracy': 0.4321}, 976.2535885010147)
[2025-11-03 23:17:13,950][flwr][INFO] - fit progress: (14, 183.4971340894699, {'accuracy': 0.4321}, 976.2535885010147)
DEBUG flwr 2025-11-03 23:17:13,950 | server.py:168 | evaluate_round 14: strategy sampled 15 clients (out of 50)
Configure Evaluate
[2025-11-03 23:17:13,950][flwr][DEBUG] - evaluate_round 14: strategy sampled 15 clients (out of 50)
DEBUG flwr 2025-11-03 23:17:23,451 | server.py:182 | evaluate_round 14 received 15 results and 0 failures
[2025-11-03 23:17:23,451][flwr][DEBUG] - evaluate_round 14 received 15 results and 0 failures
Aggregate evaluate
benign record is ['26', '17', '19', '2', '1', '49', '29', '20', '9', '23', '44', '21', '13', '27', '0', '7', '4', '8', '14', '25', '3', '16', '6', '5', '18']
valid results is [(4, 0.15966441109776497), (6, 0.6504750661551952), (5, 0.39097131439484656), (5, 1.4323046021163464), (4, 8.008595943450928), (4, 0.45384160801768303), (3, 0.00503347662743181), (9, 6.316606432199478), (2, 0.0015490297228097916)]
[2025-11-03 23:17:23,451][root][INFO] - Federated Accuracy: 0.7939690476190476
DEBUG flwr 2025-11-03 23:17:23,525 | server.py:218 | fit_round 15: strategy sampled 15 clients (out of 50)
Configure Fit
server round: 15
[2025-11-03 23:17:23,525][flwr][DEBUG] - fit_round 15: strategy sampled 15 clients (out of 50)
DEBUG flwr 2025-11-03 23:18:01,550 | server.py:232 | fit_round 15 received 15 results and 0 failures
[2025-11-03 23:18:01,550][flwr][DEBUG] - fit_round 15 received 15 results and 0 failures
malicious is ['0', '0', '0', '0']
[2025-11-03 23:18:24,702][root][INFO] - Number of Evil Clients: 11
[2025-11-03 23:18:24,702][root][INFO] - Number of Preset Malicious Clients is 0
[2025-11-03 23:18:24,702][root][INFO] - Number of Preset Benign Clients is 4
[2025-11-03 23:18:24,702][root][INFO] - Average poisoning accuracy: 0.7091272727272728
KMeans
intra_cluster distance is 6.963816835975872
Now, comb_C is [0 0 0 0]
[2025-11-03 23:18:24,713][root][INFO] - Clustering Accuracy is 1.0
length of good results is 4 and length of bad results is 0
acc_diff is 0
[2025-11-03 23:18:24,720][root][INFO] - Lambda is -13
Evaluate
[2025-11-03 23:18:26,466][root][INFO] - Global Poisoning Accuracy: 0.1672
INFO flwr 2025-11-03 23:18:26,653 | server.py:119 | fit progress: (15, 176.51074886322021, {'accuracy': 0.4397}, 1048.956556338002)
[2025-11-03 23:18:26,653][flwr][INFO] - fit progress: (15, 176.51074886322021, {'accuracy': 0.4397}, 1048.956556338002)
DEBUG flwr 2025-11-03 23:18:26,653 | server.py:168 | evaluate_round 15: strategy sampled 15 clients (out of 50)
Configure Evaluate
[2025-11-03 23:18:26,653][flwr][DEBUG] - evaluate_round 15: strategy sampled 15 clients (out of 50)
DEBUG flwr 2025-11-03 23:18:35,754 | server.py:182 | evaluate_round 15 received 15 results and 0 failures
[2025-11-03 23:18:35,754][flwr][DEBUG] - evaluate_round 15 received 15 results and 0 failures
Aggregate evaluate
benign record is ['26', '17', '19', '2', '1', '49', '29', '20', '9', '23', '44', '21', '13', '27', '0', '7', '4', '8', '14', '25', '3', '16', '6', '5', '18']
valid results is [(5, 3.012560614850372), (6, 1.241909010335803), (4, 0.02438633411657065), (4, 0.15349125175271183), (2, 0.01157493656501174), (4, 0.45014250799431466), (6, 1.3587354260962456), (3, 0.0015434931847266853), (3, 0.009786580223590136)]
[2025-11-03 23:18:35,754][root][INFO] - Federated Accuracy: 0.8461000000000001
DEBUG flwr 2025-11-03 23:18:35,827 | server.py:218 | fit_round 16: strategy sampled 15 clients (out of 50)
Configure Fit
server round: 16
[2025-11-03 23:18:35,827][flwr][DEBUG] - fit_round 16: strategy sampled 15 clients (out of 50)
DEBUG flwr 2025-11-03 23:19:13,208 | server.py:232 | fit_round 16 received 15 results and 0 failures
[2025-11-03 23:19:13,208][flwr][DEBUG] - fit_round 16 received 15 results and 0 failures
malicious is ['0', '0', '0', '0', '2', '0']
[2025-11-03 23:19:34,990][root][INFO] - Number of Evil Clients: 9
[2025-11-03 23:19:34,990][root][INFO] - Number of Preset Malicious Clients is 1
[2025-11-03 23:19:34,990][root][INFO] - Number of Preset Benign Clients is 5
[2025-11-03 23:19:36,548][root][INFO] - Average poisoning accuracy: 0.66451
KMeans
intra_cluster distance is 7.674580791261055
Now, comb_C is [0 0 0 0 2 0]
[2025-11-03 23:19:36,559][root][INFO] - Clustering Accuracy is 1.0
length of good results is 5 and length of bad results is 1
acc_diff is 0
[2025-11-03 23:19:36,565][root][INFO] - Lambda is -13
Evaluate
[2025-11-03 23:19:39,205][root][INFO] - Global Poisoning Accuracy: 0.0867
INFO flwr 2025-11-03 23:19:39,275 | server.py:119 | fit progress: (16, 180.20008385181427, {'accuracy': 0.4402}, 1121.579093286011)
[2025-11-03 23:19:39,275][flwr][INFO] - fit progress: (16, 180.20008385181427, {'accuracy': 0.4402}, 1121.579093286011)
DEBUG flwr 2025-11-03 23:19:39,275 | server.py:168 | evaluate_round 16: strategy sampled 15 clients (out of 50)
Configure Evaluate
[2025-11-03 23:19:39,275][flwr][DEBUG] - evaluate_round 16: strategy sampled 15 clients (out of 50)
DEBUG flwr 2025-11-03 23:19:48,859 | server.py:182 | evaluate_round 16 received 15 results and 0 failures
[2025-11-03 23:19:48,859][flwr][DEBUG] - evaluate_round 16 received 15 results and 0 failures
Aggregate evaluate
benign record is ['26', '17', '19', '2', '1', '49', '29', '20', '9', '23', '44', '21', '13', '27', '0', '7', '4', '8', '14', '25', '3', '16', '6', '5', '18']
valid results is [(3, 0.33426527594565414), (4, 8.523009777069092), (4, 0.05003093171399087), (4, 0.48369472241029143)]
[2025-11-03 23:19:48,859][root][INFO] - Federated Accuracy: 0.7475733333333333
DEBUG flwr 2025-11-03 23:19:49,065 | server.py:218 | fit_round 17: strategy sampled 15 clients (out of 50)
Configure Fit
server round: 17
[2025-11-03 23:19:49,065][flwr][DEBUG] - fit_round 17: strategy sampled 15 clients (out of 50)
DEBUG flwr 2025-11-03 23:20:27,431 | server.py:232 | fit_round 17 received 15 results and 0 failures
[2025-11-03 23:20:27,431][flwr][DEBUG] - fit_round 17 received 15 results and 0 failures
malicious is ['0', '0', '0', '0', '0', '0']
[2025-11-03 23:20:49,630][root][INFO] - Number of Evil Clients: 9
[2025-11-03 23:20:49,630][root][INFO] - Number of Preset Malicious Clients is 0
[2025-11-03 23:20:49,631][root][INFO] - Number of Preset Benign Clients is 6
[2025-11-03 23:20:49,631][root][INFO] - Average poisoning accuracy: 0.8858666666666667
KMeans
intra_cluster distance is 7.067837231515867
Now, comb_C is [0 0 0 0 0 0]
[2025-11-03 23:20:49,642][root][INFO] - Clustering Accuracy is 1.0
length of good results is 6 and length of bad results is 0
acc_diff is 0
[2025-11-03 23:20:49,647][root][INFO] - Lambda is -13
Evaluate
[2025-11-03 23:20:51,874][root][INFO] - Global Poisoning Accuracy: 0.1038
INFO flwr 2025-11-03 23:20:51,943 | server.py:119 | fit progress: (17, 183.82493007183075, {'accuracy': 0.4384}, 1194.2466853149817)
[2025-11-03 23:20:51,943][flwr][INFO] - fit progress: (17, 183.82493007183075, {'accuracy': 0.4384}, 1194.2466853149817)
DEBUG flwr 2025-11-03 23:20:51,943 | server.py:168 | evaluate_round 17: strategy sampled 15 clients (out of 50)
Configure Evaluate
[2025-11-03 23:20:51,943][flwr][DEBUG] - evaluate_round 17: strategy sampled 15 clients (out of 50)
DEBUG flwr 2025-11-03 23:21:01,397 | server.py:182 | evaluate_round 17 received 15 results and 0 failures
[2025-11-03 23:21:01,397][flwr][DEBUG] - evaluate_round 17 received 15 results and 0 failures
Aggregate evaluate
benign record is ['26', '17', '19', '2', '1', '49', '29', '20', '9', '23', '44', '21', '13', '27', '0', '7', '4', '8', '14', '25', '3', '16', '6', '5', '18']
valid results is [(4, 0.8013855319004506), (4, 0.024348257284145802), (5, 0.17949710809625685), (5, 2.703991321264766), (9, 3.5785195380449295), (6, 1.4700413718819618), (3, 0.14668447978328913), (2, 0.000536867039045319)]
[2025-11-03 23:21:01,397][root][INFO] - Federated Accuracy: 0.8205842105263158
DEBUG flwr 2025-11-03 23:21:01,467 | server.py:218 | fit_round 18: strategy sampled 15 clients (out of 50)
Configure Fit
server round: 18
[2025-11-03 23:21:01,467][flwr][DEBUG] - fit_round 18: strategy sampled 15 clients (out of 50)
DEBUG flwr 2025-11-03 23:21:41,165 | server.py:232 | fit_round 18 received 15 results and 0 failures
[2025-11-03 23:21:41,165][flwr][DEBUG] - fit_round 18 received 15 results and 0 failures
malicious is ['0', '0', '0', '0', '0', '0']
[2025-11-03 23:22:04,307][root][INFO] - Number of Evil Clients: 9
[2025-11-03 23:22:04,307][root][INFO] - Number of Preset Malicious Clients is 0
[2025-11-03 23:22:04,307][root][INFO] - Number of Preset Benign Clients is 6
[2025-11-03 23:22:04,307][root][INFO] - Average poisoning accuracy: 0.783811111111111
KMeans
intra_cluster distance is 3.8304443020620473
Now, comb_C is [0 0 0 0 0 0]
[2025-11-03 23:22:04,318][root][INFO] - Clustering Accuracy is 1.0
length of good results is 6 and length of bad results is 0
acc_diff is 0
[2025-11-03 23:22:04,323][root][INFO] - Lambda is -13
Evaluate
[2025-11-03 23:22:06,803][root][INFO] - Global Poisoning Accuracy: 0.1104
INFO flwr 2025-11-03 23:22:06,872 | server.py:119 | fit progress: (18, 179.33374726772308, {'accuracy': 0.4366}, 1269.1763390360284)
[2025-11-03 23:22:06,872][flwr][INFO] - fit progress: (18, 179.33374726772308, {'accuracy': 0.4366}, 1269.1763390360284)
DEBUG flwr 2025-11-03 23:22:06,872 | server.py:168 | evaluate_round 18: strategy sampled 15 clients (out of 50)
Configure Evaluate
[2025-11-03 23:22:06,872][flwr][DEBUG] - evaluate_round 18: strategy sampled 15 clients (out of 50)
DEBUG flwr 2025-11-03 23:22:16,051 | server.py:182 | evaluate_round 18 received 15 results and 0 failures
[2025-11-03 23:22:16,051][flwr][DEBUG] - evaluate_round 18 received 15 results and 0 failures
Aggregate evaluate
benign record is ['26', '17', '19', '2', '1', '49', '29', '20', '9', '23', '44', '21', '13', '27', '0', '7', '4', '8', '14', '25', '3', '16', '6', '5', '18']
valid results is [(6, 0.012817838491173461), (3, 0.0762121691077482), (4, 0.07251449441537261), (6, 1.0991133518109564), (3, 0.3039210439310409), (2, 0.0002634669508552179), (5, 0.7682747900253162)]
[2025-11-03 23:22:16,051][root][INFO] - Federated Accuracy: 0.8455206896551724
DEBUG flwr 2025-11-03 23:22:16,246 | server.py:218 | fit_round 19: strategy sampled 15 clients (out of 50)
Configure Fit
server round: 19
[2025-11-03 23:22:16,246][flwr][DEBUG] - fit_round 19: strategy sampled 15 clients (out of 50)
DEBUG flwr 2025-11-03 23:22:54,760 | server.py:232 | fit_round 19 received 15 results and 0 failures
[2025-11-03 23:22:54,760][flwr][DEBUG] - fit_round 19 received 15 results and 0 failures
malicious is ['0', '0', '0', '0', '0', '0', '0']
[2025-11-03 23:23:16,244][root][INFO] - Number of Evil Clients: 8
[2025-11-03 23:23:16,244][root][INFO] - Number of Preset Malicious Clients is 0
[2025-11-03 23:23:16,244][root][INFO] - Number of Preset Benign Clients is 7
[2025-11-03 23:23:16,244][root][INFO] - Average poisoning accuracy: 0.6068125
KMeans
intra_cluster distance is 7.631021743857943
Now, comb_C is [0 0 0 0 0 0 0]
[2025-11-03 23:23:16,255][root][INFO] - Clustering Accuracy is 1.0
length of good results is 7 and length of bad results is 0
acc_diff is 0
[2025-11-03 23:23:16,261][root][INFO] - Lambda is -13
Evaluate
[2025-11-03 23:23:19,018][root][INFO] - Global Poisoning Accuracy: 0.1251
INFO flwr 2025-11-03 23:23:19,087 | server.py:119 | fit progress: (19, 180.32078421115875, {'accuracy': 0.4369}, 1341.3905478710076)
[2025-11-03 23:23:19,087][flwr][INFO] - fit progress: (19, 180.32078421115875, {'accuracy': 0.4369}, 1341.3905478710076)
DEBUG flwr 2025-11-03 23:23:19,087 | server.py:168 | evaluate_round 19: strategy sampled 15 clients (out of 50)
Configure Evaluate
[2025-11-03 23:23:19,087][flwr][DEBUG] - evaluate_round 19: strategy sampled 15 clients (out of 50)
DEBUG flwr 2025-11-03 23:23:28,203 | server.py:182 | evaluate_round 19 received 15 results and 0 failures
[2025-11-03 23:23:28,203][flwr][DEBUG] - evaluate_round 19 received 15 results and 0 failures
Aggregate evaluate
benign record is ['26', '17', '19', '2', '1', '49', '29', '20', '9', '23', '44', '21', '13', '27', '0', '7', '4', '8', '14', '25', '3', '16', '6', '5', '18']
valid results is [(2, 0.0026830784045159817), (6, 9.990093469619751), (2, 0.0005957243556622416)]
[2025-11-03 23:23:28,203][root][INFO] - Federated Accuracy: 0.66514
DEBUG flwr 2025-11-03 23:23:28,276 | server.py:218 | fit_round 20: strategy sampled 15 clients (out of 50)
Configure Fit
server round: 20
[2025-11-03 23:23:28,276][flwr][DEBUG] - fit_round 20: strategy sampled 15 clients (out of 50)
DEBUG flwr 2025-11-03 23:24:08,703 | server.py:232 | fit_round 20 received 15 results and 0 failures
[2025-11-03 23:24:08,703][flwr][DEBUG] - fit_round 20 received 15 results and 0 failures
malicious is ['0', '0', '2', '0', '0', '0']
[2025-11-03 23:24:30,862][root][INFO] - Number of Evil Clients: 9
[2025-11-03 23:24:30,862][root][INFO] - Number of Preset Malicious Clients is 1
[2025-11-03 23:24:30,862][root][INFO] - Number of Preset Benign Clients is 5
[2025-11-03 23:24:31,626][root][INFO] - Average poisoning accuracy: 0.8314799999999998
KMeans
intra_cluster distance is 9.240773973532775
Now, comb_C is [0 0 2 0 0 0]
[2025-11-03 23:24:31,684][root][INFO] - Clustering Accuracy is 1.0
length of good results is 5 and length of bad results is 1
acc_diff is 0
[2025-11-03 23:24:31,757][root][INFO] - Lambda is -13
Evaluate
[2025-11-03 23:24:33,385][root][INFO] - Global Poisoning Accuracy: 0.0832
INFO flwr 2025-11-03 23:24:33,586 | server.py:119 | fit progress: (20, 185.24619603157043, {'accuracy': 0.4323}, 1415.8898352190154)
[2025-11-03 23:24:33,586][flwr][INFO] - fit progress: (20, 185.24619603157043, {'accuracy': 0.4323}, 1415.8898352190154)
DEBUG flwr 2025-11-03 23:24:33,586 | server.py:168 | evaluate_round 20: strategy sampled 15 clients (out of 50)
Configure Evaluate
[2025-11-03 23:24:33,586][flwr][DEBUG] - evaluate_round 20: strategy sampled 15 clients (out of 50)
DEBUG flwr 2025-11-03 23:24:42,883 | server.py:182 | evaluate_round 20 received 15 results and 0 failures
[2025-11-03 23:24:42,883][flwr][DEBUG] - evaluate_round 20 received 15 results and 0 failures
Aggregate evaluate
benign record is ['26', '17', '19', '2', '1', '49', '29', '20', '9', '23', '44', '21', '13', '27', '0', '7', '4', '8', '14', '25', '3', '16', '6', '5', '18']
valid results is [(2, 0.0002419773445581086), (3, 0.00042167508945567533), (5, 2.1491001087706536), (4, 0.009857642464339733), (5, 0.9961762182938401), (2, 0.00011530935262271669), (4, 0.8219409616431221), (6, 1.202240099082701), (6, 10.37310540676117)]
[2025-11-03 23:24:42,884][root][INFO] - Federated Accuracy: 0.7972594594594594
DEBUG flwr 2025-11-03 23:24:42,955 | server.py:218 | fit_round 21: strategy sampled 15 clients (out of 50)
Configure Fit
server round: 21
[2025-11-03 23:24:42,955][flwr][DEBUG] - fit_round 21: strategy sampled 15 clients (out of 50)
DEBUG flwr 2025-11-03 23:25:23,014 | server.py:232 | fit_round 21 received 15 results and 0 failures
[2025-11-03 23:25:23,014][flwr][DEBUG] - fit_round 21 received 15 results and 0 failures
malicious is ['0', '0', '0', '0', '0', '0']
[2025-11-03 23:25:43,145][root][INFO] - Number of Evil Clients: 9
[2025-11-03 23:25:43,145][root][INFO] - Number of Preset Malicious Clients is 0
[2025-11-03 23:25:43,145][root][INFO] - Number of Preset Benign Clients is 6
[2025-11-03 23:25:43,145][root][INFO] - Average poisoning accuracy: 0.9039999999999999
KMeans
intra_cluster distance is 8.70385316123406
Now, comb_C is [0 0 0 0 0 0]
[2025-11-03 23:25:43,157][root][INFO] - Clustering Accuracy is 1.0
length of good results is 6 and length of bad results is 0
acc_diff is 0
[2025-11-03 23:25:43,163][root][INFO] - Lambda is -13
Evaluate
[2025-11-03 23:25:44,927][root][INFO] - Global Poisoning Accuracy: 0.1052
INFO flwr 2025-11-03 23:25:44,997 | server.py:119 | fit progress: (21, 187.8408486843109, {'accuracy': 0.4407}, 1487.3013852420263)
[2025-11-03 23:25:44,997][flwr][INFO] - fit progress: (21, 187.8408486843109, {'accuracy': 0.4407}, 1487.3013852420263)
DEBUG flwr 2025-11-03 23:25:44,998 | server.py:168 | evaluate_round 21: strategy sampled 15 clients (out of 50)
Configure Evaluate
[2025-11-03 23:25:44,998][flwr][DEBUG] - evaluate_round 21: strategy sampled 15 clients (out of 50)
DEBUG flwr 2025-11-03 23:25:54,430 | server.py:182 | evaluate_round 21 received 15 results and 0 failures
[2025-11-03 23:25:54,430][flwr][DEBUG] - evaluate_round 21 received 15 results and 0 failures
Aggregate evaluate
benign record is ['26', '17', '19', '2', '1', '49', '29', '20', '9', '23', '44', '21', '13', '27', '0', '7', '4', '8', '14', '25', '3', '16', '6', '5', '18']
valid results is [(9, 3.7725886553525925), (4, 0.009611880959710106), (3, 0.3323216915305238), (5, 2.9684057822450995), (5, 0.017651629692409188), (3, 0.0436281020520255), (6, 1.3577026948332787), (6, 11.066941142082214)]
[2025-11-03 23:25:54,430][root][INFO] - Federated Accuracy: 0.7923536585365853
DEBUG flwr 2025-11-03 23:25:54,505 | server.py:218 | fit_round 22: strategy sampled 15 clients (out of 50)
Configure Fit
server round: 22
[2025-11-03 23:25:54,505][flwr][DEBUG] - fit_round 22: strategy sampled 15 clients (out of 50)
DEBUG flwr 2025-11-03 23:26:29,701 | server.py:232 | fit_round 22 received 15 results and 0 failures
[2025-11-03 23:26:29,701][flwr][DEBUG] - fit_round 22 received 15 results and 0 failures
malicious is ['0', '0', '0', '0', '0', '0']
[2025-11-03 23:26:52,538][root][INFO] - Number of Evil Clients: 9
[2025-11-03 23:26:52,538][root][INFO] - Number of Preset Malicious Clients is 0
[2025-11-03 23:26:52,538][root][INFO] - Number of Preset Benign Clients is 6
[2025-11-03 23:26:52,538][root][INFO] - Average poisoning accuracy: 0.5756888888888889
KMeans
intra_cluster distance is 3.564725132446136
Now, comb_C is [0 0 0 0 0 0]
[2025-11-03 23:26:52,550][root][INFO] - Clustering Accuracy is 1.0
length of good results is 6 and length of bad results is 0
acc_diff is 0
[2025-11-03 23:26:52,556][root][INFO] - Lambda is -13
Evaluate
[2025-11-03 23:26:55,112][root][INFO] - Global Poisoning Accuracy: 0.0993
INFO flwr 2025-11-03 23:26:55,310 | server.py:119 | fit progress: (22, 180.04209232330322, {'accuracy': 0.4397}, 1557.6142888999893)
[2025-11-03 23:26:55,310][flwr][INFO] - fit progress: (22, 180.04209232330322, {'accuracy': 0.4397}, 1557.6142888999893)
DEBUG flwr 2025-11-03 23:26:55,310 | server.py:168 | evaluate_round 22: strategy sampled 15 clients (out of 50)
Configure Evaluate
[2025-11-03 23:26:55,310][flwr][DEBUG] - evaluate_round 22: strategy sampled 15 clients (out of 50)
DEBUG flwr 2025-11-03 23:27:04,774 | server.py:182 | evaluate_round 22 received 15 results and 0 failures
[2025-11-03 23:27:04,774][flwr][DEBUG] - evaluate_round 22 received 15 results and 0 failures
Aggregate evaluate
benign record is ['26', '17', '19', '2', '1', '49', '29', '20', '9', '23', '44', '21', '13', '27', '0', '7', '4', '8', '14', '25', '3', '16', '6', '5', '18']
valid results is [(4, 7.9239572286605835), (4, 0.008850928046740592), (5, 2.3999838144518435), (6, 0.008194793394068256), (2, 0.0029448827845044434), (3, 0.0004288952623028308), (6, 0.7861811267212033), (3, 0.27293196591199376), (2, 0.0005850434354215395), (3, 0.004477444221265614)]
[2025-11-03 23:27:04,775][root][INFO] - Federated Accuracy: 0.8049789473684211
DEBUG flwr 2025-11-03 23:27:04,850 | server.py:218 | fit_round 23: strategy sampled 15 clients (out of 50)
Configure Fit
server round: 23
[2025-11-03 23:27:04,850][flwr][DEBUG] - fit_round 23: strategy sampled 15 clients (out of 50)
DEBUG flwr 2025-11-03 23:27:44,183 | server.py:232 | fit_round 23 received 15 results and 0 failures
[2025-11-03 23:27:44,183][flwr][DEBUG] - fit_round 23 received 15 results and 0 failures
malicious is ['0', '0', '0', '0', '0', '0']
[2025-11-03 23:28:05,827][root][INFO] - Number of Evil Clients: 9
[2025-11-03 23:28:05,827][root][INFO] - Number of Preset Malicious Clients is 0
[2025-11-03 23:28:05,827][root][INFO] - Number of Preset Benign Clients is 6
[2025-11-03 23:28:05,827][root][INFO] - Average poisoning accuracy: 0.5998
KMeans
intra_cluster distance is 4.543775303994423
Now, comb_C is [0 0 0 0 0 0]
[2025-11-03 23:28:05,839][root][INFO] - Clustering Accuracy is 1.0
length of good results is 6 and length of bad results is 0
acc_diff is 0
[2025-11-03 23:28:05,845][root][INFO] - Lambda is -13
Evaluate
[2025-11-03 23:28:08,860][root][INFO] - Global Poisoning Accuracy: 0.0998
INFO flwr 2025-11-03 23:28:08,935 | server.py:119 | fit progress: (23, 182.66618728637695, {'accuracy': 0.4432}, 1631.2386641670018)
[2025-11-03 23:28:08,935][flwr][INFO] - fit progress: (23, 182.66618728637695, {'accuracy': 0.4432}, 1631.2386641670018)
DEBUG flwr 2025-11-03 23:28:08,935 | server.py:168 | evaluate_round 23: strategy sampled 15 clients (out of 50)
Configure Evaluate
[2025-11-03 23:28:08,935][flwr][DEBUG] - evaluate_round 23: strategy sampled 15 clients (out of 50)
DEBUG flwr 2025-11-03 23:28:18,351 | server.py:182 | evaluate_round 23 received 15 results and 0 failures
[2025-11-03 23:28:18,351][flwr][DEBUG] - evaluate_round 23 received 15 results and 0 failures
Aggregate evaluate
benign record is ['26', '17', '19', '2', '1', '49', '29', '20', '9', '23', '44', '21', '13', '27', '0', '7', '4', '8', '14', '25', '3', '16', '6', '5', '18']
valid results is [(4, 0.03425473204697482), (4, 7.732205390930176), (4, 0.7058363770483993), (5, 0.8842748294118792), (6, 2.4098228662041947), (2, 0.00030627648084191605), (5, 0.013576794328400865), (6, 0.7909095526047167)]
[2025-11-03 23:28:18,351][root][INFO] - Federated Accuracy: 0.8207222222222222
DEBUG flwr 2025-11-03 23:28:18,427 | server.py:218 | fit_round 24: strategy sampled 15 clients (out of 50)
Configure Fit
server round: 24
[2025-11-03 23:28:18,427][flwr][DEBUG] - fit_round 24: strategy sampled 15 clients (out of 50)
DEBUG flwr 2025-11-03 23:28:58,875 | server.py:232 | fit_round 24 received 15 results and 0 failures
[2025-11-03 23:28:58,875][flwr][DEBUG] - fit_round 24 received 15 results and 0 failures
malicious is ['0', '0', '0', '0', '0', '0', '0', '0']
[2025-11-03 23:29:17,651][root][INFO] - Number of Evil Clients: 7
[2025-11-03 23:29:17,651][root][INFO] - Number of Preset Malicious Clients is 0
[2025-11-03 23:29:17,651][root][INFO] - Number of Preset Benign Clients is 8
[2025-11-03 23:29:17,651][root][INFO] - Average poisoning accuracy: 0.6735
KMeans
intra_cluster distance is 8.361755556916794
Now, comb_C is [0 0 0 0 0 0 0 0]
[2025-11-03 23:29:17,662][root][INFO] - Clustering Accuracy is 1.0
length of good results is 8 and length of bad results is 0
acc_diff is 0
[2025-11-03 23:29:17,668][root][INFO] - Lambda is -13
Evaluate
[2025-11-03 23:29:20,262][root][INFO] - Global Poisoning Accuracy: 0.0851
INFO flwr 2025-11-03 23:29:20,453 | server.py:119 | fit progress: (24, 188.0763144493103, {'accuracy': 0.4401}, 1702.7569452389725)
[2025-11-03 23:29:20,453][flwr][INFO] - fit progress: (24, 188.0763144493103, {'accuracy': 0.4401}, 1702.7569452389725)
DEBUG flwr 2025-11-03 23:29:20,453 | server.py:168 | evaluate_round 24: strategy sampled 15 clients (out of 50)
Configure Evaluate
[2025-11-03 23:29:20,453][flwr][DEBUG] - evaluate_round 24: strategy sampled 15 clients (out of 50)
DEBUG flwr 2025-11-03 23:29:29,449 | server.py:182 | evaluate_round 24 received 15 results and 0 failures
[2025-11-03 23:29:29,449][flwr][DEBUG] - evaluate_round 24 received 15 results and 0 failures
Aggregate evaluate
benign record is ['26', '17', '19', '2', '1', '49', '29', '20', '9', '23', '44', '21', '13', '27', '0', '7', '4', '8', '14', '25', '3', '16', '6', '5', '18']
valid results is [(5, 2.7881922486703843), (3, 0.00025838561850832775), (4, 0.07849316287320107), (2, 0.0002157719573006034), (3, 0.002132902678567916)]
[2025-11-03 23:29:29,449][root][INFO] - Federated Accuracy: 0.8850823529411765
DEBUG flwr 2025-11-03 23:29:29,522 | server.py:218 | fit_round 25: strategy sampled 15 clients (out of 50)
Configure Fit
server round: 25
[2025-11-03 23:29:29,522][flwr][DEBUG] - fit_round 25: strategy sampled 15 clients (out of 50)
DEBUG flwr 2025-11-03 23:30:07,639 | server.py:232 | fit_round 25 received 15 results and 0 failures
[2025-11-03 23:30:07,639][flwr][DEBUG] - fit_round 25 received 15 results and 0 failures
malicious is ['0', '0', '0', '0']
[2025-11-03 23:30:31,886][root][INFO] - Number of Evil Clients: 11
[2025-11-03 23:30:31,886][root][INFO] - Number of Preset Malicious Clients is 0
[2025-11-03 23:30:31,886][root][INFO] - Number of Preset Benign Clients is 4
[2025-11-03 23:30:31,886][root][INFO] - Average poisoning accuracy: 0.5497181818181819
KMeans
intra_cluster distance is 8.738352567213642
Now, comb_C is [0 0 0 0]
[2025-11-03 23:30:31,910][root][INFO] - Clustering Accuracy is 1.0
length of good results is 4 and length of bad results is 0
acc_diff is 0
[2025-11-03 23:30:31,921][root][INFO] - Lambda is -13
Evaluate
[2025-11-03 23:30:34,570][root][INFO] - Global Poisoning Accuracy: 0.0916
INFO flwr 2025-11-03 23:30:34,639 | server.py:119 | fit progress: (25, 198.82437431812286, {'accuracy': 0.4235}, 1776.942641932983)
[2025-11-03 23:30:34,639][flwr][INFO] - fit progress: (25, 198.82437431812286, {'accuracy': 0.4235}, 1776.942641932983)
DEBUG flwr 2025-11-03 23:30:34,639 | server.py:168 | evaluate_round 25: strategy sampled 15 clients (out of 50)
Configure Evaluate
[2025-11-03 23:30:34,639][flwr][DEBUG] - evaluate_round 25: strategy sampled 15 clients (out of 50)
DEBUG flwr 2025-11-03 23:30:44,280 | server.py:182 | evaluate_round 25 received 15 results and 0 failures
[2025-11-03 23:30:44,280][flwr][DEBUG] - evaluate_round 25 received 15 results and 0 failures
Aggregate evaluate
benign record is ['26', '17', '19', '2', '1', '49', '29', '20', '9', '23', '44', '21', '13', '27', '0', '7', '4', '8', '14', '25', '3', '16', '6', '5', '18']
valid results is [(3, 0.0005061605697846971), (5, 0.9272154244536068), (2, 0.0034380203433101997), (2, 0.0004185443976894021), (5, 3.2263398822396994), (6, 2.6839776868000627)]
[2025-11-03 23:30:44,281][root][INFO] - Federated Accuracy: 0.8366086956521738
DEBUG flwr 2025-11-03 23:30:44,355 | server.py:218 | fit_round 26: strategy sampled 15 clients (out of 50)
Configure Fit
server round: 26
[2025-11-03 23:30:44,355][flwr][DEBUG] - fit_round 26: strategy sampled 15 clients (out of 50)
DEBUG flwr 2025-11-03 23:31:19,452 | server.py:232 | fit_round 26 received 15 results and 0 failures
[2025-11-03 23:31:19,452][flwr][DEBUG] - fit_round 26 received 15 results and 0 failures
malicious is ['0', '0', '0', '0', '0', '0', '0']
[2025-11-03 23:31:36,340][root][INFO] - Number of Evil Clients: 8
[2025-11-03 23:31:36,340][root][INFO] - Number of Preset Malicious Clients is 0
[2025-11-03 23:31:36,340][root][INFO] - Number of Preset Benign Clients is 7
[2025-11-03 23:31:36,340][root][INFO] - Average poisoning accuracy: 0.4782
KMeans
intra_cluster distance is 5.620533242131604
Now, comb_C is [0 0 0 0 0 0 0]
[2025-11-03 23:31:36,352][root][INFO] - Clustering Accuracy is 1.0
length of good results is 7 and length of bad results is 0
acc_diff is 0
[2025-11-03 23:31:36,359][root][INFO] - Lambda is -13
Evaluate
[2025-11-03 23:31:38,052][root][INFO] - Global Poisoning Accuracy: 0.0845
INFO flwr 2025-11-03 23:31:38,237 | server.py:119 | fit progress: (26, 185.7865046262741, {'accuracy': 0.4367}, 1840.541339777992)
[2025-11-03 23:31:38,237][flwr][INFO] - fit progress: (26, 185.7865046262741, {'accuracy': 0.4367}, 1840.541339777992)
DEBUG flwr 2025-11-03 23:31:38,237 | server.py:168 | evaluate_round 26: strategy sampled 15 clients (out of 50)
Configure Evaluate
[2025-11-03 23:31:38,237][flwr][DEBUG] - evaluate_round 26: strategy sampled 15 clients (out of 50)
DEBUG flwr 2025-11-03 23:31:47,870 | server.py:182 | evaluate_round 26 received 15 results and 0 failures
[2025-11-03 23:31:47,870][flwr][DEBUG] - evaluate_round 26 received 15 results and 0 failures
Aggregate evaluate
benign record is ['26', '17', '19', '2', '1', '49', '29', '20', '9', '23', '44', '21', '13', '27', '0', '7', '4', '8', '14', '25', '3', '16', '6', '5', '18']
valid results is [(6, 0.7060662972944556), (2, 0.0003445944021223113), (2, 0.0005357612972147763), (4, 0.044710638729156926), (4, 0.7827825947897509), (5, 1.0784042869199766)]
[2025-11-03 23:31:47,870][root][INFO] - Federated Accuracy: 0.8641000000000001
DEBUG flwr 2025-11-03 23:31:47,944 | server.py:218 | fit_round 27: strategy sampled 15 clients (out of 50)
Configure Fit
server round: 27
[2025-11-03 23:31:47,944][flwr][DEBUG] - fit_round 27: strategy sampled 15 clients (out of 50)
DEBUG flwr 2025-11-03 23:32:22,627 | server.py:232 | fit_round 27 received 15 results and 0 failures
[2025-11-03 23:32:22,627][flwr][DEBUG] - fit_round 27 received 15 results and 0 failures
malicious is ['0', '0', '0', '0', '0']
[2025-11-03 23:32:43,019][root][INFO] - Number of Evil Clients: 10
[2025-11-03 23:32:43,019][root][INFO] - Number of Preset Malicious Clients is 0
[2025-11-03 23:32:43,019][root][INFO] - Number of Preset Benign Clients is 5
[2025-11-03 23:32:43,019][root][INFO] - Average poisoning accuracy: 0.78331
KMeans
intra_cluster distance is 3.646933041988875
Now, comb_C is [0 0 0 0 0]
[2025-11-03 23:32:43,030][root][INFO] - Clustering Accuracy is 1.0
length of good results is 5 and length of bad results is 0
acc_diff is 0
[2025-11-03 23:32:43,036][root][INFO] - Lambda is -13
Evaluate
[2025-11-03 23:32:44,735][root][INFO] - Global Poisoning Accuracy: 0.07
INFO flwr 2025-11-03 23:32:44,811 | server.py:119 | fit progress: (27, 186.80329179763794, {'accuracy': 0.4386}, 1907.114675519988)
[2025-11-03 23:32:44,811][flwr][INFO] - fit progress: (27, 186.80329179763794, {'accuracy': 0.4386}, 1907.114675519988)
DEBUG flwr 2025-11-03 23:32:44,811 | server.py:168 | evaluate_round 27: strategy sampled 15 clients (out of 50)
Configure Evaluate
[2025-11-03 23:32:44,811][flwr][DEBUG] - evaluate_round 27: strategy sampled 15 clients (out of 50)
DEBUG flwr 2025-11-03 23:32:54,315 | server.py:182 | evaluate_round 27 received 15 results and 0 failures
[2025-11-03 23:32:54,315][flwr][DEBUG] - evaluate_round 27 received 15 results and 0 failures
Aggregate evaluate
benign record is ['26', '17', '19', '2', '1', '49', '29', '20', '9', '23', '44', '21', '13', '27', '0', '7', '4', '8', '14', '25', '3', '16', '6', '5', '18']
valid results is [(6, 0.0036395434581208974), (5, 1.1904212489462225), (6, 0.32731839595362544), (3, 0.2693419905626797), (4, 0.03121491422643885), (3, 0.00019704328224179335), (2, 0.0002756574976956472), (4, 0.009630803819163702)]
[2025-11-03 23:32:54,315][root][INFO] - Federated Accuracy: 0.8722818181818182
DEBUG flwr 2025-11-03 23:32:54,400 | server.py:218 | fit_round 28: strategy sampled 15 clients (out of 50)
Configure Fit
server round: 28
[2025-11-03 23:32:54,400][flwr][DEBUG] - fit_round 28: strategy sampled 15 clients (out of 50)
DEBUG flwr 2025-11-03 23:33:32,882 | server.py:232 | fit_round 28 received 15 results and 0 failures
[2025-11-03 23:33:32,882][flwr][DEBUG] - fit_round 28 received 15 results and 0 failures
malicious is ['0', '0', '0', '0', '0', '0']
[2025-11-03 23:33:50,398][root][INFO] - Number of Evil Clients: 9
[2025-11-03 23:33:50,398][root][INFO] - Number of Preset Malicious Clients is 0
[2025-11-03 23:33:50,398][root][INFO] - Number of Preset Benign Clients is 6
[2025-11-03 23:33:50,398][root][INFO] - Average poisoning accuracy: 0.7350222222222222
KMeans
intra_cluster distance is 3.9436445893460736
Now, comb_C is [0 0 0 0 0 0]
[2025-11-03 23:33:50,409][root][INFO] - Clustering Accuracy is 1.0
length of good results is 6 and length of bad results is 0
acc_diff is 0
[2025-11-03 23:33:50,414][root][INFO] - Lambda is -13
Evaluate
[2025-11-03 23:33:52,201][root][INFO] - Global Poisoning Accuracy: 0.0695
INFO flwr 2025-11-03 23:33:52,387 | server.py:119 | fit progress: (28, 189.45112371444702, {'accuracy': 0.4343}, 1974.6908551550005)
[2025-11-03 23:33:52,387][flwr][INFO] - fit progress: (28, 189.45112371444702, {'accuracy': 0.4343}, 1974.6908551550005)
DEBUG flwr 2025-11-03 23:33:52,387 | server.py:168 | evaluate_round 28: strategy sampled 15 clients (out of 50)
Configure Evaluate
[2025-11-03 23:33:52,387][flwr][DEBUG] - evaluate_round 28: strategy sampled 15 clients (out of 50)
DEBUG flwr 2025-11-03 23:34:01,854 | server.py:182 | evaluate_round 28 received 15 results and 0 failures
[2025-11-03 23:34:01,854][flwr][DEBUG] - evaluate_round 28 received 15 results and 0 failures
Aggregate evaluate
benign record is ['26', '17', '19', '2', '1', '49', '29', '20', '9', '23', '44', '21', '13', '27', '0', '7', '4', '8', '14', '25', '3', '16', '6', '5', '18']
valid results is [(9, 7.613498717546463), (2, 8.952503048931248e-05), (6, 0.32086262766097207), (4, 0.033652109872491565), (5, 1.1026164320792304)]
[2025-11-03 23:34:01,854][root][INFO] - Federated Accuracy: 0.8187307692307694
DEBUG flwr 2025-11-03 23:34:01,925 | server.py:218 | fit_round 29: strategy sampled 15 clients (out of 50)
Configure Fit
server round: 29
[2025-11-03 23:34:01,925][flwr][DEBUG] - fit_round 29: strategy sampled 15 clients (out of 50)
DEBUG flwr 2025-11-03 23:34:37,256 | server.py:232 | fit_round 29 received 15 results and 0 failures
[2025-11-03 23:34:37,256][flwr][DEBUG] - fit_round 29 received 15 results and 0 failures
malicious is ['0', '0', '0', '0']
[2025-11-03 23:34:57,001][root][INFO] - Number of Evil Clients: 11
[2025-11-03 23:34:57,001][root][INFO] - Number of Preset Malicious Clients is 0
[2025-11-03 23:34:57,001][root][INFO] - Number of Preset Benign Clients is 4
[2025-11-03 23:34:57,001][root][INFO] - Average poisoning accuracy: 0.7233272727272727
KMeans
intra_cluster distance is 4.780719006807464
Now, comb_C is [0 0 0 0]
[2025-11-03 23:34:57,013][root][INFO] - Clustering Accuracy is 1.0
length of good results is 4 and length of bad results is 0
acc_diff is 0
[2025-11-03 23:34:57,019][root][INFO] - Lambda is -13
Evaluate
[2025-11-03 23:34:58,655][root][INFO] - Global Poisoning Accuracy: 0.0722
INFO flwr 2025-11-03 23:34:58,726 | server.py:119 | fit progress: (29, 190.8620023727417, {'accuracy': 0.4271}, 2041.0298133500037)
[2025-11-03 23:34:58,726][flwr][INFO] - fit progress: (29, 190.8620023727417, {'accuracy': 0.4271}, 2041.0298133500037)
DEBUG flwr 2025-11-03 23:34:58,726 | server.py:168 | evaluate_round 29: strategy sampled 15 clients (out of 50)
Configure Evaluate
[2025-11-03 23:34:58,726][flwr][DEBUG] - evaluate_round 29: strategy sampled 15 clients (out of 50)
DEBUG flwr 2025-11-03 23:35:08,468 | server.py:182 | evaluate_round 29 received 15 results and 0 failures
[2025-11-03 23:35:08,468][flwr][DEBUG] - evaluate_round 29 received 15 results and 0 failures
Aggregate evaluate
benign record is ['26', '17', '19', '2', '1', '49', '29', '20', '9', '23', '44', '21', '13', '27', '0', '7', '4', '8', '14', '25', '3', '16', '6', '5', '18']
valid results is [(6, 2.4176958482712507), (3, 0.020537508258712478), (6, 0.29845948825823143), (6, 0.003891625179676339), (5, 1.0917510057333857), (5, 2.216838260181248), (4, 0.013790514320135117), (3, 0.00021733411267632619), (9, 0.05396977724012686), (6, 0.7045083087868989)]
[2025-11-03 23:35:08,468][root][INFO] - Federated Accuracy: 0.8737981132075471
DEBUG flwr 2025-11-03 23:35:08,538 | server.py:218 | fit_round 30: strategy sampled 15 clients (out of 50)
Configure Fit
server round: 30
[2025-11-03 23:35:08,538][flwr][DEBUG] - fit_round 30: strategy sampled 15 clients (out of 50)
DEBUG flwr 2025-11-03 23:35:45,302 | server.py:232 | fit_round 30 received 15 results and 0 failures
[2025-11-03 23:35:45,302][flwr][DEBUG] - fit_round 30 received 15 results and 0 failures
malicious is ['0', '0', '0', '0', '0', '0', '0', '0']
[2025-11-03 23:36:04,239][root][INFO] - Number of Evil Clients: 7
[2025-11-03 23:36:04,239][root][INFO] - Number of Preset Malicious Clients is 0
[2025-11-03 23:36:04,239][root][INFO] - Number of Preset Benign Clients is 8
[2025-11-03 23:36:04,239][root][INFO] - Average poisoning accuracy: 0.8766571428571429
KMeans
intra_cluster distance is 7.003574686229436
Now, comb_C is [0 0 0 0 0 0 0 0]
[2025-11-03 23:36:04,250][root][INFO] - Clustering Accuracy is 1.0
length of good results is 8 and length of bad results is 0
acc_diff is 0
[2025-11-03 23:36:04,256][root][INFO] - Lambda is -13
Evaluate
[2025-11-03 23:36:05,938][root][INFO] - Global Poisoning Accuracy: 0.0661
INFO flwr 2025-11-03 23:36:06,128 | server.py:119 | fit progress: (30, 189.9901133775711, {'accuracy': 0.4386}, 2108.4318017819896)
[2025-11-03 23:36:06,128][flwr][INFO] - fit progress: (30, 189.9901133775711, {'accuracy': 0.4386}, 2108.4318017819896)
DEBUG flwr 2025-11-03 23:36:06,128 | server.py:168 | evaluate_round 30: strategy sampled 15 clients (out of 50)
Configure Evaluate
[2025-11-03 23:36:06,128][flwr][DEBUG] - evaluate_round 30: strategy sampled 15 clients (out of 50)
DEBUG flwr 2025-11-03 23:36:15,332 | server.py:182 | evaluate_round 30 received 15 results and 0 failures
[2025-11-03 23:36:15,332][flwr][DEBUG] - evaluate_round 30 received 15 results and 0 failures
Aggregate evaluate
benign record is ['26', '17', '19', '2', '1', '49', '29', '20', '9', '23', '44', '21', '13', '27', '0', '7', '4', '8', '14', '25', '3', '16', '6', '5', '18']
valid results is [(3, 0.022497951475088485), (6, 10.507130444049835), (4, 0.01633458620926831), (5, 1.0779397410224192), (5, 0.001941644586622715), (6, 0.28233147007995285), (2, 0.0002889348616008647), (2, 0.0001426115595677402)]
[2025-11-03 23:36:15,332][root][INFO] - Federated Accuracy: 0.7954878787878789
DEBUG flwr 2025-11-03 23:36:15,401 | server.py:218 | fit_round 31: strategy sampled 15 clients (out of 50)
Configure Fit
server round: 31
[2025-11-03 23:36:15,401][flwr][DEBUG] - fit_round 31: strategy sampled 15 clients (out of 50)
DEBUG flwr 2025-11-03 23:36:54,284 | server.py:232 | fit_round 31 received 15 results and 0 failures
[2025-11-03 23:36:54,284][flwr][DEBUG] - fit_round 31 received 15 results and 0 failures
malicious is ['0', '0', '0', '0', '0', '0', '0']
[2025-11-03 23:37:15,227][root][INFO] - Number of Evil Clients: 8
[2025-11-03 23:37:15,227][root][INFO] - Number of Preset Malicious Clients is 0
[2025-11-03 23:37:15,227][root][INFO] - Number of Preset Benign Clients is 7
[2025-11-03 23:37:15,227][root][INFO] - Average poisoning accuracy: 0.859525
KMeans
intra_cluster distance is 8.271693787612021
Now, comb_C is [0 0 0 0 0 0 0]
[2025-11-03 23:37:15,238][root][INFO] - Clustering Accuracy is 1.0
length of good results is 7 and length of bad results is 0
acc_diff is 0
[2025-11-03 23:37:15,246][root][INFO] - Lambda is -13
Evaluate
[2025-11-03 23:37:17,759][root][INFO] - Global Poisoning Accuracy: 0.0807
INFO flwr 2025-11-03 23:37:17,827 | server.py:119 | fit progress: (31, 192.85359382629395, {'accuracy': 0.4367}, 2180.131362897984)
[2025-11-03 23:37:17,827][flwr][INFO] - fit progress: (31, 192.85359382629395, {'accuracy': 0.4367}, 2180.131362897984)
DEBUG flwr 2025-11-03 23:37:17,827 | server.py:168 | evaluate_round 31: strategy sampled 15 clients (out of 50)
Configure Evaluate
[2025-11-03 23:37:17,827][flwr][DEBUG] - evaluate_round 31: strategy sampled 15 clients (out of 50)
DEBUG flwr 2025-11-03 23:37:26,922 | server.py:182 | evaluate_round 31 received 15 results and 0 failures
[2025-11-03 23:37:26,922][flwr][DEBUG] - evaluate_round 31 received 15 results and 0 failures
Aggregate evaluate
benign record is ['26', '17', '19', '2', '1', '49', '29', '20', '9', '23', '44', '21', '13', '27', '0', '7', '4', '8', '14', '25', '3', '16', '6', '5', '18']
valid results is [(3, 0.0021129478700459003), (3, 0.2746331464877585), (4, 0.03450624083052389), (3, 0.00014821846707491204), (5, 0.9347671124269255), (4, 0.0066050545137841254), (2, 0.0003224358079023659)]
[2025-11-03 23:37:26,922][root][INFO] - Federated Accuracy: 0.8761833333333334
DEBUG flwr 2025-11-03 23:37:26,992 | server.py:218 | fit_round 32: strategy sampled 15 clients (out of 50)
Configure Fit
server round: 32
[2025-11-03 23:37:26,992][flwr][DEBUG] - fit_round 32: strategy sampled 15 clients (out of 50)
DEBUG flwr 2025-11-03 23:38:05,292 | server.py:232 | fit_round 32 received 15 results and 0 failures
[2025-11-03 23:38:05,292][flwr][DEBUG] - fit_round 32 received 15 results and 0 failures
malicious is ['0', '0', '0', '0', '0', '0', '0', '0']
[2025-11-03 23:38:24,887][root][INFO] - Number of Evil Clients: 7
[2025-11-03 23:38:24,887][root][INFO] - Number of Preset Malicious Clients is 0
[2025-11-03 23:38:24,887][root][INFO] - Number of Preset Benign Clients is 8
[2025-11-03 23:38:24,887][root][INFO] - Average poisoning accuracy: 0.8895857142857142
KMeans
intra_cluster distance is 6.887772815043668
Now, comb_C is [0 0 0 0 0 0 0 0]
[2025-11-03 23:38:24,898][root][INFO] - Clustering Accuracy is 1.0
length of good results is 8 and length of bad results is 0
acc_diff is 0
[2025-11-03 23:38:24,903][root][INFO] - Lambda is -13
Evaluate
[2025-11-03 23:38:28,309][root][INFO] - Global Poisoning Accuracy: 0.0822
INFO flwr 2025-11-03 23:38:28,379 | server.py:119 | fit progress: (32, 189.5152016878128, {'accuracy': 0.4367}, 2250.6829085369827)
[2025-11-03 23:38:28,379][flwr][INFO] - fit progress: (32, 189.5152016878128, {'accuracy': 0.4367}, 2250.6829085369827)
DEBUG flwr 2025-11-03 23:38:28,379 | server.py:168 | evaluate_round 32: strategy sampled 15 clients (out of 50)
Configure Evaluate
[2025-11-03 23:38:28,379][flwr][DEBUG] - evaluate_round 32: strategy sampled 15 clients (out of 50)
DEBUG flwr 2025-11-03 23:38:37,412 | server.py:182 | evaluate_round 32 received 15 results and 0 failures
[2025-11-03 23:38:37,412][flwr][DEBUG] - evaluate_round 32 received 15 results and 0 failures
Aggregate evaluate
benign record is ['26', '17', '19', '2', '1', '49', '29', '20', '9', '23', '44', '21', '13', '27', '0', '7', '4', '8', '14', '25', '3', '16', '6', '5', '18']
valid results is [(6, 0.2643459411483491), (6, 2.5560825023567304), (4, 0.11524776113219559), (3, 0.0007487049006158486), (5, 2.5830790256150067), (6, 0.002921699211583473), (6, 10.791906237602234), (4, 0.004320790816564113)]
[2025-11-03 23:38:37,412][root][INFO] - Federated Accuracy: 0.818825
DEBUG flwr 2025-11-03 23:38:37,482 | server.py:218 | fit_round 33: strategy sampled 15 clients (out of 50)
Configure Fit
server round: 33
[2025-11-03 23:38:37,482][flwr][DEBUG] - fit_round 33: strategy sampled 15 clients (out of 50)
DEBUG flwr 2025-11-03 23:39:17,960 | server.py:232 | fit_round 33 received 15 results and 0 failures
[2025-11-03 23:39:17,960][flwr][DEBUG] - fit_round 33 received 15 results and 0 failures
malicious is ['0', '0', '0', '0', '0', '0', '0']
[2025-11-03 23:39:40,766][root][INFO] - Number of Evil Clients: 8
[2025-11-03 23:39:40,766][root][INFO] - Number of Preset Malicious Clients is 0
[2025-11-03 23:39:40,766][root][INFO] - Number of Preset Benign Clients is 7
[2025-11-03 23:39:40,766][root][INFO] - Average poisoning accuracy: 0.5871124999999999
KMeans
intra_cluster distance is 4.819764682323619
Now, comb_C is [0 0 0 0 0 0 0]
[2025-11-03 23:39:40,777][root][INFO] - Clustering Accuracy is 1.0
length of good results is 7 and length of bad results is 0
acc_diff is 0
[2025-11-03 23:39:40,782][root][INFO] - Lambda is -13
Evaluate
[2025-11-03 23:39:44,415][root][INFO] - Global Poisoning Accuracy: 0.065
INFO flwr 2025-11-03 23:39:44,484 | server.py:119 | fit progress: (33, 191.68544733524323, {'accuracy': 0.4402}, 2326.78785305802)
[2025-11-03 23:39:44,484][flwr][INFO] - fit progress: (33, 191.68544733524323, {'accuracy': 0.4402}, 2326.78785305802)
DEBUG flwr 2025-11-03 23:39:44,484 | server.py:168 | evaluate_round 33: strategy sampled 15 clients (out of 50)
Configure Evaluate
[2025-11-03 23:39:44,484][flwr][DEBUG] - evaluate_round 33: strategy sampled 15 clients (out of 50)
DEBUG flwr 2025-11-03 23:39:53,643 | server.py:182 | evaluate_round 33 received 15 results and 0 failures
[2025-11-03 23:39:53,643][flwr][DEBUG] - evaluate_round 33 received 15 results and 0 failures
Aggregate evaluate
benign record is ['26', '17', '19', '2', '1', '49', '29', '20', '9', '23', '44', '21', '13', '27', '0', '7', '4', '8', '14', '25', '3', '16', '6', '5', '18']
valid results is [(6, 0.23530500687775202), (4, 0.9108866897586267), (5, 0.0016133829485625029), (6, 2.769012508520973), (6, 0.6881326285256364), (4, 0.0070020316416048445)]
[2025-11-03 23:39:53,643][root][INFO] - Federated Accuracy: 0.8668645161290321
DEBUG flwr 2025-11-03 23:39:53,840 | server.py:218 | fit_round 34: strategy sampled 15 clients (out of 50)
Configure Fit
server round: 34
[2025-11-03 23:39:53,840][flwr][DEBUG] - fit_round 34: strategy sampled 15 clients (out of 50)
DEBUG flwr 2025-11-03 23:40:28,385 | server.py:232 | fit_round 34 received 15 results and 0 failures
[2025-11-03 23:40:28,385][flwr][DEBUG] - fit_round 34 received 15 results and 0 failures
malicious is ['0', '0', '0', '0', '0', '0']
[2025-11-03 23:40:52,797][root][INFO] - Number of Evil Clients: 9
[2025-11-03 23:40:52,797][root][INFO] - Number of Preset Malicious Clients is 0
[2025-11-03 23:40:52,797][root][INFO] - Number of Preset Benign Clients is 6
[2025-11-03 23:40:52,797][root][INFO] - Average poisoning accuracy: 0.6079555555555555
KMeans
intra_cluster distance is 2.6929625462697797
Now, comb_C is [0 0 0 0 0 0]
[2025-11-03 23:40:52,808][root][INFO] - Clustering Accuracy is 1.0
length of good results is 6 and length of bad results is 0
acc_diff is 0
[2025-11-03 23:40:52,813][root][INFO] - Lambda is -13
Evaluate
[2025-11-03 23:40:56,472][root][INFO] - Global Poisoning Accuracy: 0.073
INFO flwr 2025-11-03 23:40:56,541 | server.py:119 | fit progress: (34, 192.2905308008194, {'accuracy': 0.4366}, 2398.845165488019)
[2025-11-03 23:40:56,541][flwr][INFO] - fit progress: (34, 192.2905308008194, {'accuracy': 0.4366}, 2398.845165488019)
DEBUG flwr 2025-11-03 23:40:56,541 | server.py:168 | evaluate_round 34: strategy sampled 15 clients (out of 50)
Configure Evaluate
[2025-11-03 23:40:56,541][flwr][DEBUG] - evaluate_round 34: strategy sampled 15 clients (out of 50)
DEBUG flwr 2025-11-03 23:41:05,568 | server.py:182 | evaluate_round 34 received 15 results and 0 failures
[2025-11-03 23:41:05,568][flwr][DEBUG] - evaluate_round 34 received 15 results and 0 failures
Aggregate evaluate
benign record is ['26', '17', '19', '2', '1', '49', '29', '20', '9', '23', '44', '21', '13', '27', '0', '7', '4', '8', '14', '25', '3', '16', '6', '5', '18']
valid results is [(2, 0.0002765499521046877), (4, 0.10691035439958796), (3, 0.26010303773364285), (6, 2.5900027918396518)]
[2025-11-03 23:41:05,569][root][INFO] - Federated Accuracy: 0.8460133333333334
DEBUG flwr 2025-11-03 23:41:05,640 | server.py:218 | fit_round 35: strategy sampled 15 clients (out of 50)
Configure Fit
server round: 35
[2025-11-03 23:41:05,640][flwr][DEBUG] - fit_round 35: strategy sampled 15 clients (out of 50)
DEBUG flwr 2025-11-03 23:41:44,713 | server.py:232 | fit_round 35 received 15 results and 0 failures
[2025-11-03 23:41:44,713][flwr][DEBUG] - fit_round 35 received 15 results and 0 failures
malicious is ['0', '0', '0', '0', '0', '0']
[2025-11-03 23:42:09,147][root][INFO] - Number of Evil Clients: 9
[2025-11-03 23:42:09,147][root][INFO] - Number of Preset Malicious Clients is 0
[2025-11-03 23:42:09,147][root][INFO] - Number of Preset Benign Clients is 6
[2025-11-03 23:42:09,147][root][INFO] - Average poisoning accuracy: 0.8760444444444445
KMeans
intra_cluster distance is 3.944885708198473
Now, comb_C is [0 0 0 0 0 0]
[2025-11-03 23:42:09,159][root][INFO] - Clustering Accuracy is 1.0
length of good results is 6 and length of bad results is 0
acc_diff is 0
[2025-11-03 23:42:09,165][root][INFO] - Lambda is -13
Evaluate
[2025-11-03 23:42:11,596][root][INFO] - Global Poisoning Accuracy: 0.0592
INFO flwr 2025-11-03 23:42:11,703 | server.py:119 | fit progress: (35, 192.70578825473785, {'accuracy': 0.4379}, 2474.007008747023)
[2025-11-03 23:42:11,703][flwr][INFO] - fit progress: (35, 192.70578825473785, {'accuracy': 0.4379}, 2474.007008747023)
DEBUG flwr 2025-11-03 23:42:11,703 | server.py:168 | evaluate_round 35: strategy sampled 15 clients (out of 50)
Configure Evaluate
[2025-11-03 23:42:11,703][flwr][DEBUG] - evaluate_round 35: strategy sampled 15 clients (out of 50)
DEBUG flwr 2025-11-03 23:42:20,913 | server.py:182 | evaluate_round 35 received 15 results and 0 failures
[2025-11-03 23:42:20,913][flwr][DEBUG] - evaluate_round 35 received 15 results and 0 failures
Aggregate evaluate
benign record is ['26', '17', '19', '2', '1', '49', '29', '20', '9', '23', '44', '21', '13', '27', '0', '7', '4', '8', '14', '25', '3', '16', '6', '5', '18']
valid results is [(5, 1.0394176581612555), (4, 0.008499357529217377), (4, 0.07198532384063583), (6, 2.8633274407111458), (5, 3.14993919339031), (4, 9.141561031341553), (2, 0.00014976750026107766)]
[2025-11-03 23:42:20,914][root][INFO] - Federated Accuracy: 0.7654133333333334
DEBUG flwr 2025-11-03 23:42:21,112 | server.py:218 | fit_round 36: strategy sampled 15 clients (out of 50)
Configure Fit
server round: 36
[2025-11-03 23:42:21,112][flwr][DEBUG] - fit_round 36: strategy sampled 15 clients (out of 50)
DEBUG flwr 2025-11-03 23:43:03,538 | server.py:232 | fit_round 36 received 15 results and 0 failures
[2025-11-03 23:43:03,538][flwr][DEBUG] - fit_round 36 received 15 results and 0 failures
malicious is ['0', '0', '0', '0', '0', '0']
[2025-11-03 23:43:24,794][root][INFO] - Number of Evil Clients: 9
[2025-11-03 23:43:24,794][root][INFO] - Number of Preset Malicious Clients is 0
[2025-11-03 23:43:24,794][root][INFO] - Number of Preset Benign Clients is 6
[2025-11-03 23:43:24,794][root][INFO] - Average poisoning accuracy: 0.6079222222222221
KMeans
intra_cluster distance is 8.658067569800766
Now, comb_C is [0 0 0 0 0 0]
[2025-11-03 23:43:24,808][root][INFO] - Clustering Accuracy is 1.0
length of good results is 6 and length of bad results is 0
acc_diff is 0
[2025-11-03 23:43:24,817][root][INFO] - Lambda is -13
Evaluate
[2025-11-03 23:43:27,925][root][INFO] - Global Poisoning Accuracy: 0.0795
INFO flwr 2025-11-03 23:43:28,006 | server.py:119 | fit progress: (36, 195.4310141801834, {'accuracy': 0.4342}, 2550.310393435997)
[2025-11-03 23:43:28,006][flwr][INFO] - fit progress: (36, 195.4310141801834, {'accuracy': 0.4342}, 2550.310393435997)
DEBUG flwr 2025-11-03 23:43:28,007 | server.py:168 | evaluate_round 36: strategy sampled 15 clients (out of 50)
Configure Evaluate
[2025-11-03 23:43:28,007][flwr][DEBUG] - evaluate_round 36: strategy sampled 15 clients (out of 50)
DEBUG flwr 2025-11-03 23:43:37,586 | server.py:182 | evaluate_round 36 received 15 results and 0 failures
[2025-11-03 23:43:37,586][flwr][DEBUG] - evaluate_round 36 received 15 results and 0 failures
Aggregate evaluate
benign record is ['26', '17', '19', '2', '1', '49', '29', '20', '9', '23', '44', '21', '13', '27', '0', '7', '4', '8', '14', '25', '3', '16', '6', '5', '18']
valid results is [(3, 0.14204747410985874), (6, 1.2858428766485304), (4, 0.0827580944460351), (2, 0.00010696592289605178), (2, 0.00011399760114727542), (6, 11.453503370285034), (4, 0.9143013473367319), (3, 0.00010143701911147218), (2, 0.0002386118721915409), (9, 3.621042788028717), (2, 0.00024094565014820546)]
[2025-11-03 23:43:37,586][root][INFO] - Federated Accuracy: 0.8130953488372092
DEBUG flwr 2025-11-03 23:43:37,664 | server.py:218 | fit_round 37: strategy sampled 15 clients (out of 50)
Configure Fit
server round: 37
[2025-11-03 23:43:37,664][flwr][DEBUG] - fit_round 37: strategy sampled 15 clients (out of 50)
DEBUG flwr 2025-11-03 23:44:14,785 | server.py:232 | fit_round 37 received 15 results and 0 failures
[2025-11-03 23:44:14,785][flwr][DEBUG] - fit_round 37 received 15 results and 0 failures
malicious is ['0', '0', '0', '0', '0', '0', '0', '0']
[2025-11-03 23:44:30,733][root][INFO] - Number of Evil Clients: 7
[2025-11-03 23:44:30,733][root][INFO] - Number of Preset Malicious Clients is 0
[2025-11-03 23:44:30,733][root][INFO] - Number of Preset Benign Clients is 8
[2025-11-03 23:44:30,733][root][INFO] - Average poisoning accuracy: 0.6376999999999999
KMeans
intra_cluster distance is 6.994090011919628
Now, comb_C is [0 0 0 0 0 0 0 0]
[2025-11-03 23:44:30,745][root][INFO] - Clustering Accuracy is 1.0
length of good results is 8 and length of bad results is 0
acc_diff is 0
[2025-11-03 23:44:30,752][root][INFO] - Lambda is -13
Evaluate
[2025-11-03 23:44:33,416][root][INFO] - Global Poisoning Accuracy: 0.0675
INFO flwr 2025-11-03 23:44:33,486 | server.py:119 | fit progress: (37, 200.08358323574066, {'accuracy': 0.4272}, 2615.7902241090196)
[2025-11-03 23:44:33,486][flwr][INFO] - fit progress: (37, 200.08358323574066, {'accuracy': 0.4272}, 2615.7902241090196)
DEBUG flwr 2025-11-03 23:44:33,486 | server.py:168 | evaluate_round 37: strategy sampled 15 clients (out of 50)
Configure Evaluate
[2025-11-03 23:44:33,486][flwr][DEBUG] - evaluate_round 37: strategy sampled 15 clients (out of 50)
DEBUG flwr 2025-11-03 23:44:42,705 | server.py:182 | evaluate_round 37 received 15 results and 0 failures
[2025-11-03 23:44:42,705][flwr][DEBUG] - evaluate_round 37 received 15 results and 0 failures
Aggregate evaluate
benign record is ['26', '17', '19', '2', '1', '49', '29', '20', '9', '23', '44', '21', '13', '27', '0', '7', '4', '8', '14', '25', '3', '16', '6', '5', '18']
valid results is [(6, 1.5287728390248958), (6, 0.26306401754845865), (2, 0.00019911667914129794), (4, 0.06999516263022088), (4, 0.018986010749358684), (3, 0.15520726832619403)]
[2025-11-03 23:44:42,705][root][INFO] - Federated Accuracy: 0.8806920000000001
DEBUG flwr 2025-11-03 23:44:42,903 | server.py:218 | fit_round 38: strategy sampled 15 clients (out of 50)
Configure Fit
server round: 38
[2025-11-03 23:44:42,903][flwr][DEBUG] - fit_round 38: strategy sampled 15 clients (out of 50)
DEBUG flwr 2025-11-03 23:45:22,036 | server.py:232 | fit_round 38 received 15 results and 0 failures
[2025-11-03 23:45:22,036][flwr][DEBUG] - fit_round 38 received 15 results and 0 failures
malicious is ['0', '0', '0', '0', '0']
[2025-11-03 23:45:43,067][root][INFO] - Number of Evil Clients: 10
[2025-11-03 23:45:43,067][root][INFO] - Number of Preset Malicious Clients is 0
[2025-11-03 23:45:43,067][root][INFO] - Number of Preset Benign Clients is 5
[2025-11-03 23:45:43,068][root][INFO] - Average poisoning accuracy: 0.71074
KMeans
intra_cluster distance is 7.459562020735282
Now, comb_C is [0 0 0 0 0]
[2025-11-03 23:45:43,079][root][INFO] - Clustering Accuracy is 1.0
length of good results is 5 and length of bad results is 0
acc_diff is 0
[2025-11-03 23:45:43,084][root][INFO] - Lambda is -13
Evaluate
[2025-11-03 23:45:44,774][root][INFO] - Global Poisoning Accuracy: 0.0701
INFO flwr 2025-11-03 23:45:44,849 | server.py:119 | fit progress: (38, 206.44898772239685, {'accuracy': 0.4199}, 2687.153285233013)
[2025-11-03 23:45:44,849][flwr][INFO] - fit progress: (38, 206.44898772239685, {'accuracy': 0.4199}, 2687.153285233013)
DEBUG flwr 2025-11-03 23:45:44,849 | server.py:168 | evaluate_round 38: strategy sampled 15 clients (out of 50)
Configure Evaluate
[2025-11-03 23:45:44,849][flwr][DEBUG] - evaluate_round 38: strategy sampled 15 clients (out of 50)
DEBUG flwr 2025-11-03 23:45:54,237 | server.py:182 | evaluate_round 38 received 15 results and 0 failures
[2025-11-03 23:45:54,237][flwr][DEBUG] - evaluate_round 38 received 15 results and 0 failures
Aggregate evaluate
benign record is ['26', '17', '19', '2', '1', '49', '29', '20', '9', '23', '44', '21', '13', '27', '0', '7', '4', '8', '14', '25', '3', '16', '6', '5', '18']
valid results is [(6, 1.5360996046219952), (4, 1.035997650353238), (5, 0.9219758882318274)]
[2025-11-03 23:45:54,237][root][INFO] - Federated Accuracy: 0.8867533333333334
DEBUG flwr 2025-11-03 23:45:54,313 | server.py:218 | fit_round 39: strategy sampled 15 clients (out of 50)
Configure Fit
server round: 39
[2025-11-03 23:45:54,313][flwr][DEBUG] - fit_round 39: strategy sampled 15 clients (out of 50)
DEBUG flwr 2025-11-03 23:46:32,156 | server.py:232 | fit_round 39 received 15 results and 0 failures
[2025-11-03 23:46:32,156][flwr][DEBUG] - fit_round 39 received 15 results and 0 failures
malicious is ['0', '0', '0', '0', '0']
[2025-11-03 23:46:54,610][root][INFO] - Number of Evil Clients: 10
[2025-11-03 23:46:54,611][root][INFO] - Number of Preset Malicious Clients is 0
[2025-11-03 23:46:54,611][root][INFO] - Number of Preset Benign Clients is 5
[2025-11-03 23:46:54,611][root][INFO] - Average poisoning accuracy: 0.7976599999999999
KMeans
intra_cluster distance is 3.0558990633174794
Now, comb_C is [0 0 0 0 0]
[2025-11-03 23:46:54,622][root][INFO] - Clustering Accuracy is 1.0
length of good results is 5 and length of bad results is 0
acc_diff is 0
[2025-11-03 23:46:54,627][root][INFO] - Lambda is -13
Evaluate
[2025-11-03 23:46:57,199][root][INFO] - Global Poisoning Accuracy: 0.0674
INFO flwr 2025-11-03 23:46:57,272 | server.py:119 | fit progress: (39, 197.07814049720764, {'accuracy': 0.4353}, 2759.5758118180092)
[2025-11-03 23:46:57,272][flwr][INFO] - fit progress: (39, 197.07814049720764, {'accuracy': 0.4353}, 2759.5758118180092)
DEBUG flwr 2025-11-03 23:46:57,272 | server.py:168 | evaluate_round 39: strategy sampled 15 clients (out of 50)
Configure Evaluate
[2025-11-03 23:46:57,272][flwr][DEBUG] - evaluate_round 39: strategy sampled 15 clients (out of 50)
DEBUG flwr 2025-11-03 23:47:06,923 | server.py:182 | evaluate_round 39 received 15 results and 0 failures
[2025-11-03 23:47:06,923][flwr][DEBUG] - evaluate_round 39 received 15 results and 0 failures
Aggregate evaluate
benign record is ['26', '17', '19', '2', '1', '49', '29', '20', '9', '23', '44', '21', '13', '27', '0', '7', '4', '8', '14', '25', '3', '16', '6', '5', '18']
valid results is [(6, 11.51907467842102), (6, 0.00231371633708477), (5, 2.038561345776543), (2, 0.00019008856907021254), (5, 0.0035879636416211724), (6, 0.24871970262029208), (6, 0.8120367267765687), (6, 0.6257272242801264)]
[2025-11-03 23:47:06,923][root][INFO] - Federated Accuracy: 0.8072809523809523
DEBUG flwr 2025-11-03 23:47:07,004 | server.py:218 | fit_round 40: strategy sampled 15 clients (out of 50)
Configure Fit
server round: 40
[2025-11-03 23:47:07,004][flwr][DEBUG] - fit_round 40: strategy sampled 15 clients (out of 50)
DEBUG flwr 2025-11-03 23:47:40,681 | server.py:232 | fit_round 40 received 15 results and 0 failures
[2025-11-03 23:47:40,681][flwr][DEBUG] - fit_round 40 received 15 results and 0 failures
malicious is ['0', '0', '0', '0', '0', '0']
[2025-11-03 23:48:01,313][root][INFO] - Number of Evil Clients: 9
[2025-11-03 23:48:01,313][root][INFO] - Number of Preset Malicious Clients is 0
[2025-11-03 23:48:01,313][root][INFO] - Number of Preset Benign Clients is 6
[2025-11-03 23:48:01,313][root][INFO] - Average poisoning accuracy: 0.6135333333333333
KMeans
intra_cluster distance is 6.7895825480037395
Now, comb_C is [0 0 0 0 0 0]
[2025-11-03 23:48:01,372][root][INFO] - Clustering Accuracy is 1.0
length of good results is 6 and length of bad results is 0
acc_diff is 0
[2025-11-03 23:48:01,430][root][INFO] - Lambda is -13
Evaluate
[2025-11-03 23:48:03,065][root][INFO] - Global Poisoning Accuracy: 0.103
INFO flwr 2025-11-03 23:48:03,134 | server.py:119 | fit progress: (40, 193.30526661872864, {'accuracy': 0.4389}, 2825.4379622120177)
[2025-11-03 23:48:03,134][flwr][INFO] - fit progress: (40, 193.30526661872864, {'accuracy': 0.4389}, 2825.4379622120177)
DEBUG flwr 2025-11-03 23:48:03,134 | server.py:168 | evaluate_round 40: strategy sampled 15 clients (out of 50)
Configure Evaluate
[2025-11-03 23:48:03,134][flwr][DEBUG] - evaluate_round 40: strategy sampled 15 clients (out of 50)
DEBUG flwr 2025-11-03 23:48:12,360 | server.py:182 | evaluate_round 40 received 15 results and 0 failures
[2025-11-03 23:48:12,360][flwr][DEBUG] - evaluate_round 40 received 15 results and 0 failures
Aggregate evaluate
benign record is ['26', '17', '19', '2', '1', '49', '29', '20', '9', '23', '44', '21', '13', '27', '0', '7', '4', '8', '14', '25', '3', '16', '6', '5', '18']
valid results is [(2, 0.00015132740736589767), (3, 0.006049343588529155), (5, 2.990507979877293), (4, 0.0020328685641288757), (3, 0.001960677851457149), (6, 2.267440089402953)]
[2025-11-03 23:48:12,360][root][INFO] - Federated Accuracy: 0.8312043478260869
DEBUG flwr 2025-11-03 23:48:12,432 | server.py:218 | fit_round 41: strategy sampled 15 clients (out of 50)
Configure Fit
server round: 41
[2025-11-03 23:48:12,432][flwr][DEBUG] - fit_round 41: strategy sampled 15 clients (out of 50)
DEBUG flwr 2025-11-03 23:48:49,760 | server.py:232 | fit_round 41 received 15 results and 0 failures
[2025-11-03 23:48:49,760][flwr][DEBUG] - fit_round 41 received 15 results and 0 failures
malicious is ['0', '0', '0']
[2025-11-03 23:49:15,837][root][INFO] - Number of Evil Clients: 12
[2025-11-03 23:49:15,837][root][INFO] - Number of Preset Malicious Clients is 0
[2025-11-03 23:49:15,837][root][INFO] - Number of Preset Benign Clients is 3
[2025-11-03 23:49:15,837][root][INFO] - Average poisoning accuracy: 0.7103
KMeans
intra_cluster distance is 2.552671801838652
Now, comb_C is [0 0 0]
[2025-11-03 23:49:15,849][root][INFO] - Clustering Accuracy is 1.0
length of good results is 3 and length of bad results is 0
acc_diff is 0
[2025-11-03 23:49:15,859][root][INFO] - Lambda is -13
Evaluate
[2025-11-03 23:49:17,489][root][INFO] - Global Poisoning Accuracy: 0.141
INFO flwr 2025-11-03 23:49:17,687 | server.py:119 | fit progress: (41, 195.4128520488739, {'accuracy': 0.4328}, 2899.990635742026)
[2025-11-03 23:49:17,687][flwr][INFO] - fit progress: (41, 195.4128520488739, {'accuracy': 0.4328}, 2899.990635742026)
DEBUG flwr 2025-11-03 23:49:17,687 | server.py:168 | evaluate_round 41: strategy sampled 15 clients (out of 50)
Configure Evaluate
[2025-11-03 23:49:17,687][flwr][DEBUG] - evaluate_round 41: strategy sampled 15 clients (out of 50)
DEBUG flwr 2025-11-03 23:49:27,348 | server.py:182 | evaluate_round 41 received 15 results and 0 failures
[2025-11-03 23:49:27,348][flwr][DEBUG] - evaluate_round 41 received 15 results and 0 failures
Aggregate evaluate
benign record is ['26', '17', '19', '2', '1', '49', '29', '20', '9', '23', '44', '21', '13', '27', '0', '7', '4', '8', '14', '25', '3', '16', '6', '5', '18']
valid results is [(4, 0.038926237961277366), (5, 0.0029276551213115454), (3, 0.009047971725522075), (6, 0.004218434973154217), (9, 0.10577209653274622), (2, 0.002315015532076359), (6, 1.3466737654234748), (2, 0.0005401964008342475), (6, 1.0353862522897543)]
[2025-11-03 23:49:27,348][root][INFO] - Federated Accuracy: 0.8785255813953489
DEBUG flwr 2025-11-03 23:49:27,417 | server.py:218 | fit_round 42: strategy sampled 15 clients (out of 50)
Configure Fit
server round: 42
[2025-11-03 23:49:27,417][flwr][DEBUG] - fit_round 42: strategy sampled 15 clients (out of 50)
DEBUG flwr 2025-11-03 23:50:03,924 | server.py:232 | fit_round 42 received 15 results and 0 failures
[2025-11-03 23:50:03,924][flwr][DEBUG] - fit_round 42 received 15 results and 0 failures
malicious is ['0', '0', '0', '0', '0', '0']
[2025-11-03 23:50:22,651][root][INFO] - Number of Evil Clients: 9
[2025-11-03 23:50:22,651][root][INFO] - Number of Preset Malicious Clients is 0
[2025-11-03 23:50:22,651][root][INFO] - Number of Preset Benign Clients is 6
[2025-11-03 23:50:22,651][root][INFO] - Average poisoning accuracy: 0.7360444444444444
KMeans
intra_cluster distance is 4.456721846682644
Now, comb_C is [0 0 0 0 0 0]
[2025-11-03 23:50:22,663][root][INFO] - Clustering Accuracy is 1.0
length of good results is 6 and length of bad results is 0
acc_diff is 0
[2025-11-03 23:50:22,669][root][INFO] - Lambda is -13
Evaluate
[2025-11-03 23:50:24,409][root][INFO] - Global Poisoning Accuracy: 0.1134
INFO flwr 2025-11-03 23:50:24,478 | server.py:119 | fit progress: (42, 192.9628188610077, {'accuracy': 0.4368}, 2966.7824600469903)
[2025-11-03 23:50:24,478][flwr][INFO] - fit progress: (42, 192.9628188610077, {'accuracy': 0.4368}, 2966.7824600469903)
DEBUG flwr 2025-11-03 23:50:24,479 | server.py:168 | evaluate_round 42: strategy sampled 15 clients (out of 50)
Configure Evaluate
[2025-11-03 23:50:24,479][flwr][DEBUG] - evaluate_round 42: strategy sampled 15 clients (out of 50)
DEBUG flwr 2025-11-03 23:50:33,942 | server.py:182 | evaluate_round 42 received 15 results and 0 failures
[2025-11-03 23:50:33,942][flwr][DEBUG] - evaluate_round 42 received 15 results and 0 failures
Aggregate evaluate
benign record is ['26', '17', '19', '2', '1', '49', '29', '20', '9', '23', '44', '21', '13', '27', '0', '7', '4', '8', '14', '25', '3', '16', '6', '5', '18']
valid results is [(6, 11.292143106460571), (6, 0.0038903869135538116), (9, 0.09186447200045222), (6, 0.9303305189023376), (2, 7.888861000537872e-05), (4, 9.122887253761292), (3, 0.00098579227051232), (2, 0.00014279249080573209)]
[2025-11-03 23:50:33,942][root][INFO] - Federated Accuracy: 0.7892842105263158
DEBUG flwr 2025-11-03 23:50:34,011 | server.py:218 | fit_round 43: strategy sampled 15 clients (out of 50)
Configure Fit
server round: 43
[2025-11-03 23:50:34,011][flwr][DEBUG] - fit_round 43: strategy sampled 15 clients (out of 50)
DEBUG flwr 2025-11-03 23:51:08,790 | server.py:232 | fit_round 43 received 15 results and 0 failures
[2025-11-03 23:51:08,790][flwr][DEBUG] - fit_round 43 received 15 results and 0 failures
malicious is ['0', '0', '0', '0', '0']
[2025-11-03 23:51:31,874][root][INFO] - Number of Evil Clients: 10
[2025-11-03 23:51:31,874][root][INFO] - Number of Preset Malicious Clients is 0
[2025-11-03 23:51:31,874][root][INFO] - Number of Preset Benign Clients is 5
[2025-11-03 23:51:31,874][root][INFO] - Average poisoning accuracy: 0.7295900000000001
KMeans
intra_cluster distance is 7.55622745538554
Now, comb_C is [0 0 0 0 0]
[2025-11-03 23:51:31,887][root][INFO] - Clustering Accuracy is 1.0
length of good results is 5 and length of bad results is 0
acc_diff is 0
[2025-11-03 23:51:31,895][root][INFO] - Lambda is -13
Evaluate
[2025-11-03 23:51:34,564][root][INFO] - Global Poisoning Accuracy: 0.0919
INFO flwr 2025-11-03 23:51:34,760 | server.py:119 | fit progress: (43, 212.59775853157043, {'accuracy': 0.4116}, 3037.0643765319837)
[2025-11-03 23:51:34,760][flwr][INFO] - fit progress: (43, 212.59775853157043, {'accuracy': 0.4116}, 3037.0643765319837)
DEBUG flwr 2025-11-03 23:51:34,761 | server.py:168 | evaluate_round 43: strategy sampled 15 clients (out of 50)
Configure Evaluate
[2025-11-03 23:51:34,761][flwr][DEBUG] - evaluate_round 43: strategy sampled 15 clients (out of 50)
DEBUG flwr 2025-11-03 23:51:44,251 | server.py:182 | evaluate_round 43 received 15 results and 0 failures
[2025-11-03 23:51:44,251][flwr][DEBUG] - evaluate_round 43 received 15 results and 0 failures
Aggregate evaluate
benign record is ['26', '17', '19', '2', '1', '49', '29', '20', '9', '23', '44', '21', '13', '27', '0', '7', '4', '8', '14', '25', '3', '16', '6', '5', '18']
valid results is [(2, 8.623077519587241e-05), (2, 0.001232918701134622), (3, 0.008779463591054082), (4, 10.717289447784424), (9, 0.07287831045687199), (6, 1.6302891200175509)]
[2025-11-03 23:51:44,251][root][INFO] - Federated Accuracy: 0.8364153846153847
DEBUG flwr 2025-11-03 23:51:44,329 | server.py:218 | fit_round 44: strategy sampled 15 clients (out of 50)
Configure Fit
server round: 44
[2025-11-03 23:51:44,329][flwr][DEBUG] - fit_round 44: strategy sampled 15 clients (out of 50)
DEBUG flwr 2025-11-03 23:52:24,797 | server.py:232 | fit_round 44 received 15 results and 0 failures
[2025-11-03 23:52:24,797][flwr][DEBUG] - fit_round 44 received 15 results and 0 failures
malicious is ['0', '0', '0', '0', '0', '0', '0']
[2025-11-03 23:52:42,633][root][INFO] - Number of Evil Clients: 8
[2025-11-03 23:52:42,633][root][INFO] - Number of Preset Malicious Clients is 0
[2025-11-03 23:52:42,633][root][INFO] - Number of Preset Benign Clients is 7
[2025-11-03 23:52:42,633][root][INFO] - Average poisoning accuracy: 0.69035
KMeans
intra_cluster distance is 7.252170740739685
Now, comb_C is [0 0 0 0 0 0 0]
[2025-11-03 23:52:42,644][root][INFO] - Clustering Accuracy is 1.0
length of good results is 7 and length of bad results is 0
acc_diff is 0
[2025-11-03 23:52:42,651][root][INFO] - Lambda is -13
Evaluate
[2025-11-03 23:52:44,624][root][INFO] - Global Poisoning Accuracy: 0.0892
INFO flwr 2025-11-03 23:52:44,693 | server.py:119 | fit progress: (44, 191.61241579055786, {'accuracy': 0.4431}, 3106.996761907998)
[2025-11-03 23:52:44,693][flwr][INFO] - fit progress: (44, 191.61241579055786, {'accuracy': 0.4431}, 3106.996761907998)
DEBUG flwr 2025-11-03 23:52:44,693 | server.py:168 | evaluate_round 44: strategy sampled 15 clients (out of 50)
Configure Evaluate
[2025-11-03 23:52:44,693][flwr][DEBUG] - evaluate_round 44: strategy sampled 15 clients (out of 50)
DEBUG flwr 2025-11-03 23:52:54,109 | server.py:182 | evaluate_round 44 received 15 results and 0 failures
[2025-11-03 23:52:54,109][flwr][DEBUG] - evaluate_round 44 received 15 results and 0 failures
Aggregate evaluate
benign record is ['26', '17', '19', '2', '1', '49', '29', '20', '9', '23', '44', '21', '13', '27', '0', '7', '4', '8', '14', '25', '3', '16', '6', '5', '18']
valid results is [(6, 2.6556403447757475), (9, 0.08108014178287704), (4, 0.07823855130118318), (9, 5.830642729997635), (4, 0.001533857845060993)]
[2025-11-03 23:52:54,109][root][INFO] - Federated Accuracy: 0.8560812499999999
DEBUG flwr 2025-11-03 23:52:54,186 | server.py:218 | fit_round 45: strategy sampled 15 clients (out of 50)
Configure Fit
server round: 45
[2025-11-03 23:52:54,186][flwr][DEBUG] - fit_round 45: strategy sampled 15 clients (out of 50)
DEBUG flwr 2025-11-03 23:53:29,998 | server.py:232 | fit_round 45 received 15 results and 0 failures
[2025-11-03 23:53:29,998][flwr][DEBUG] - fit_round 45 received 15 results and 0 failures
malicious is ['0', '0', '0', '0', '0', '0']
[2025-11-03 23:53:51,490][root][INFO] - Number of Evil Clients: 9
[2025-11-03 23:53:51,490][root][INFO] - Number of Preset Malicious Clients is 0
[2025-11-03 23:53:51,490][root][INFO] - Number of Preset Benign Clients is 6
[2025-11-03 23:53:51,490][root][INFO] - Average poisoning accuracy: 0.4149555555555556
KMeans
intra_cluster distance is 7.456887945751672
Now, comb_C is [0 0 0 0 0 0]
[2025-11-03 23:53:51,501][root][INFO] - Clustering Accuracy is 1.0
length of good results is 6 and length of bad results is 0
acc_diff is 0
[2025-11-03 23:53:51,507][root][INFO] - Lambda is -13
Evaluate
[2025-11-03 23:53:54,015][root][INFO] - Global Poisoning Accuracy: 0.0685
INFO flwr 2025-11-03 23:53:54,207 | server.py:119 | fit progress: (45, 208.6772129535675, {'accuracy': 0.4219}, 3176.511124533019)
[2025-11-03 23:53:54,207][flwr][INFO] - fit progress: (45, 208.6772129535675, {'accuracy': 0.4219}, 3176.511124533019)
DEBUG flwr 2025-11-03 23:53:54,207 | server.py:168 | evaluate_round 45: strategy sampled 15 clients (out of 50)
Configure Evaluate
[2025-11-03 23:53:54,207][flwr][DEBUG] - evaluate_round 45: strategy sampled 15 clients (out of 50)
DEBUG flwr 2025-11-03 23:54:03,615 | server.py:182 | evaluate_round 45 received 15 results and 0 failures
[2025-11-03 23:54:03,615][flwr][DEBUG] - evaluate_round 45 received 15 results and 0 failures
Aggregate evaluate
benign record is ['26', '17', '19', '2', '1', '49', '29', '20', '9', '23', '44', '21', '13', '27', '0', '7', '4', '8', '14', '25', '3', '16', '6', '5', '18']
valid results is [(6, 2.6487680566497147), (6, 11.659428119659424), (4, 10.51834225654602), (2, 0.00012667066766880453), (3, 0.00022555779287358746), (5, 0.008523669152054936), (6, 1.1054364664450986), (5, 1.173008212539571), (3, 0.06729600150720216), (4, 0.009023684484418482)]
[2025-11-03 23:54:03,615][root][INFO] - Federated Accuracy: 0.7777727272727272
DEBUG flwr 2025-11-03 23:54:03,692 | server.py:218 | fit_round 46: strategy sampled 15 clients (out of 50)
Configure Fit
server round: 46
[2025-11-03 23:54:03,692][flwr][DEBUG] - fit_round 46: strategy sampled 15 clients (out of 50)
DEBUG flwr 2025-11-03 23:54:41,516 | server.py:232 | fit_round 46 received 15 results and 0 failures
[2025-11-03 23:54:41,516][flwr][DEBUG] - fit_round 46 received 15 results and 0 failures
malicious is ['0', '0', '0', '0', '0', '0']
[2025-11-03 23:54:58,230][root][INFO] - Number of Evil Clients: 9
[2025-11-03 23:54:58,230][root][INFO] - Number of Preset Malicious Clients is 0
[2025-11-03 23:54:58,230][root][INFO] - Number of Preset Benign Clients is 6
[2025-11-03 23:54:58,230][root][INFO] - Average poisoning accuracy: 0.7024333333333332
KMeans
intra_cluster distance is 3.7854385345077195
Now, comb_C is [0 0 0 0 0 0]
[2025-11-03 23:54:58,242][root][INFO] - Clustering Accuracy is 1.0
length of good results is 6 and length of bad results is 0
acc_diff is 0
[2025-11-03 23:54:58,247][root][INFO] - Lambda is -13
Evaluate
[2025-11-03 23:55:01,217][root][INFO] - Global Poisoning Accuracy: 0.078
INFO flwr 2025-11-03 23:55:01,286 | server.py:119 | fit progress: (46, 191.9109869003296, {'accuracy': 0.4445}, 3243.590182790009)
[2025-11-03 23:55:01,286][flwr][INFO] - fit progress: (46, 191.9109869003296, {'accuracy': 0.4445}, 3243.590182790009)
DEBUG flwr 2025-11-03 23:55:01,286 | server.py:168 | evaluate_round 46: strategy sampled 15 clients (out of 50)
Configure Evaluate
[2025-11-03 23:55:01,286][flwr][DEBUG] - evaluate_round 46: strategy sampled 15 clients (out of 50)
DEBUG flwr 2025-11-03 23:55:11,078 | server.py:182 | evaluate_round 46 received 15 results and 0 failures
[2025-11-03 23:55:11,078][flwr][DEBUG] - evaluate_round 46 received 15 results and 0 failures
Aggregate evaluate
benign record is ['26', '17', '19', '2', '1', '49', '29', '20', '9', '23', '44', '21', '13', '27', '0', '7', '4', '8', '14', '25', '3', '16', '6', '5', '18']
valid results is [(4, 8.431261897087097), (2, 0.0006071529351174831), (4, 0.0006813167638028972), (4, 0.10907528847019421), (6, 0.1453441442718031), (2, 0.00017373004811815917)]
[2025-11-03 23:55:11,079][root][INFO] - Federated Accuracy: 0.7984727272727273
DEBUG flwr 2025-11-03 23:55:11,153 | server.py:218 | fit_round 47: strategy sampled 15 clients (out of 50)
Configure Fit
server round: 47
[2025-11-03 23:55:11,153][flwr][DEBUG] - fit_round 47: strategy sampled 15 clients (out of 50)
DEBUG flwr 2025-11-03 23:55:45,566 | server.py:232 | fit_round 47 received 15 results and 0 failures
[2025-11-03 23:55:45,566][flwr][DEBUG] - fit_round 47 received 15 results and 0 failures
malicious is ['0', '0', '0', '0', '0', '0', '0', '0']
[2025-11-03 23:56:02,510][root][INFO] - Number of Evil Clients: 7
[2025-11-03 23:56:02,510][root][INFO] - Number of Preset Malicious Clients is 0
[2025-11-03 23:56:02,510][root][INFO] - Number of Preset Benign Clients is 8
[2025-11-03 23:56:02,510][root][INFO] - Average poisoning accuracy: 0.6844285714285715
KMeans
intra_cluster distance is 4.56572166431895
Now, comb_C is [0 0 0 0 0 0 0 0]
[2025-11-03 23:56:02,521][root][INFO] - Clustering Accuracy is 1.0
length of good results is 8 and length of bad results is 0
acc_diff is 0
[2025-11-03 23:56:02,526][root][INFO] - Lambda is -13
Evaluate
[2025-11-03 23:56:05,428][root][INFO] - Global Poisoning Accuracy: 0.0864
INFO flwr 2025-11-03 23:56:05,623 | server.py:119 | fit progress: (47, 190.40310311317444, {'accuracy': 0.4439}, 3307.9266605160083)
[2025-11-03 23:56:05,623][flwr][INFO] - fit progress: (47, 190.40310311317444, {'accuracy': 0.4439}, 3307.9266605160083)
DEBUG flwr 2025-11-03 23:56:05,623 | server.py:168 | evaluate_round 47: strategy sampled 15 clients (out of 50)
Configure Evaluate
[2025-11-03 23:56:05,623][flwr][DEBUG] - evaluate_round 47: strategy sampled 15 clients (out of 50)
DEBUG flwr 2025-11-03 23:56:14,713 | server.py:182 | evaluate_round 47 received 15 results and 0 failures
[2025-11-03 23:56:14,713][flwr][DEBUG] - evaluate_round 47 received 15 results and 0 failures
Aggregate evaluate
benign record is ['26', '17', '19', '2', '1', '49', '29', '20', '9', '23', '44', '21', '13', '27', '0', '7', '4', '8', '14', '25', '3', '16', '6', '5', '18']
valid results is [(3, 0.00036294531673775055), (6, 0.6370016853907146), (2, 0.0001225946361955721), (6, 0.002900481063988991), (6, 2.0405667862214614), (4, 0.11231279199273558), (9, 0.11598821087682154), (4, 8.610580086708069), (4, 0.7532436027540825)]
[2025-11-03 23:56:14,714][root][INFO] - Federated Accuracy: 0.8381409090909091
DEBUG flwr 2025-11-03 23:56:14,787 | server.py:218 | fit_round 48: strategy sampled 15 clients (out of 50)
Configure Fit
server round: 48
[2025-11-03 23:56:14,787][flwr][DEBUG] - fit_round 48: strategy sampled 15 clients (out of 50)
DEBUG flwr 2025-11-03 23:56:51,522 | server.py:232 | fit_round 48 received 15 results and 0 failures
[2025-11-03 23:56:51,522][flwr][DEBUG] - fit_round 48 received 15 results and 0 failures
malicious is ['0', '0', '0', '0', '0', '0']
[2025-11-03 23:57:15,904][root][INFO] - Number of Evil Clients: 9
[2025-11-03 23:57:15,904][root][INFO] - Number of Preset Malicious Clients is 0
[2025-11-03 23:57:15,904][root][INFO] - Number of Preset Benign Clients is 6
[2025-11-03 23:57:15,904][root][INFO] - Average poisoning accuracy: 0.6506555555555555
KMeans
intra_cluster distance is 2.1964201823646117
Now, comb_C is [0 0 0 0 0 0]
[2025-11-03 23:57:15,915][root][INFO] - Clustering Accuracy is 1.0
length of good results is 6 and length of bad results is 0
acc_diff is 0
[2025-11-03 23:57:15,921][root][INFO] - Lambda is -13
Evaluate
[2025-11-03 23:57:19,399][root][INFO] - Global Poisoning Accuracy: 0.0948
INFO flwr 2025-11-03 23:57:19,467 | server.py:119 | fit progress: (48, 191.02772617340088, {'accuracy': 0.4477}, 3381.7711993060075)
[2025-11-03 23:57:19,467][flwr][INFO] - fit progress: (48, 191.02772617340088, {'accuracy': 0.4477}, 3381.7711993060075)
DEBUG flwr 2025-11-03 23:57:19,467 | server.py:168 | evaluate_round 48: strategy sampled 15 clients (out of 50)
Configure Evaluate
[2025-11-03 23:57:19,467][flwr][DEBUG] - evaluate_round 48: strategy sampled 15 clients (out of 50)
DEBUG flwr 2025-11-03 23:57:28,431 | server.py:182 | evaluate_round 48 received 15 results and 0 failures
[2025-11-03 23:57:28,431][flwr][DEBUG] - evaluate_round 48 received 15 results and 0 failures
Aggregate evaluate
benign record is ['26', '17', '19', '2', '1', '49', '29', '20', '9', '23', '44', '21', '13', '27', '0', '7', '4', '8', '14', '25', '3', '16', '6', '5', '18']
valid results is [(4, 9.43550992012024), (6, 2.110225763870403), (5, 2.942007729317993), (3, 0.1775971785245929), (4, 0.039240195153979585), (5, 0.0010743002931121737), (6, 11.632824182510376), (2, 6.787975507904775e-05)]
[2025-11-03 23:57:28,432][root][INFO] - Federated Accuracy: 0.7371742857142857
DEBUG flwr 2025-11-03 23:57:28,502 | server.py:218 | fit_round 49: strategy sampled 15 clients (out of 50)
Configure Fit
server round: 49
[2025-11-03 23:57:28,502][flwr][DEBUG] - fit_round 49: strategy sampled 15 clients (out of 50)
DEBUG flwr 2025-11-03 23:58:07,298 | server.py:232 | fit_round 49 received 15 results and 0 failures
[2025-11-03 23:58:07,298][flwr][DEBUG] - fit_round 49 received 15 results and 0 failures
malicious is ['0', '0', '0', '0']
[2025-11-03 23:58:36,316][root][INFO] - Number of Evil Clients: 11
[2025-11-03 23:58:36,316][root][INFO] - Number of Preset Malicious Clients is 0
[2025-11-03 23:58:36,316][root][INFO] - Number of Preset Benign Clients is 4
[2025-11-03 23:58:36,316][root][INFO] - Average poisoning accuracy: 0.8173727272727273
KMeans
intra_cluster distance is 7.769030787683855
Now, comb_C is [0 0 0 0]
[2025-11-03 23:58:36,327][root][INFO] - Clustering Accuracy is 1.0
length of good results is 4 and length of bad results is 0
acc_diff is 0
[2025-11-03 23:58:36,333][root][INFO] - Lambda is -13
Evaluate
[2025-11-03 23:58:38,247][root][INFO] - Global Poisoning Accuracy: 0.09
INFO flwr 2025-11-03 23:58:38,317 | server.py:119 | fit progress: (49, 206.6786720752716, {'accuracy': 0.4244}, 3460.6210700629745)
[2025-11-03 23:58:38,317][flwr][INFO] - fit progress: (49, 206.6786720752716, {'accuracy': 0.4244}, 3460.6210700629745)
DEBUG flwr 2025-11-03 23:58:38,317 | server.py:168 | evaluate_round 49: strategy sampled 15 clients (out of 50)
Configure Evaluate
[2025-11-03 23:58:38,317][flwr][DEBUG] - evaluate_round 49: strategy sampled 15 clients (out of 50)
DEBUG flwr 2025-11-03 23:58:47,680 | server.py:182 | evaluate_round 49 received 15 results and 0 failures
[2025-11-03 23:58:47,680][flwr][DEBUG] - evaluate_round 49 received 15 results and 0 failures
Aggregate evaluate
benign record is ['26', '17', '19', '2', '1', '49', '29', '20', '9', '23', '44', '21', '13', '27', '0', '7', '4', '8', '14', '25', '3', '16', '6', '5', '18']
valid results is [(3, 0.003714963677339256), (4, 10.847192525863647), (9, 0.11920979036949575), (9, 1.8551357835531235), (3, 0.2212616834731307), (6, 11.457955479621887), (5, 0.010837118024937809), (5, 3.5240263678133488), (6, 0.7067228523083031), (4, 0.004624470166163519), (4, 0.6517147507984191)]
[2025-11-03 23:58:47,680][root][INFO] - Federated Accuracy: 0.8169344827586208
DEBUG flwr 2025-11-03 23:58:47,751 | server.py:218 | fit_round 50: strategy sampled 15 clients (out of 50)
Configure Fit
server round: 50
[2025-11-03 23:58:47,751][flwr][DEBUG] - fit_round 50: strategy sampled 15 clients (out of 50)
DEBUG flwr 2025-11-03 23:59:28,264 | server.py:232 | fit_round 50 received 15 results and 0 failures
[2025-11-03 23:59:28,264][flwr][DEBUG] - fit_round 50 received 15 results and 0 failures
malicious is ['0', '0', '0', '0', '0', '0', '0', '0']
[2025-11-03 23:59:46,784][root][INFO] - Number of Evil Clients: 7
[2025-11-03 23:59:46,784][root][INFO] - Number of Preset Malicious Clients is 0
[2025-11-03 23:59:46,784][root][INFO] - Number of Preset Benign Clients is 8
[2025-11-03 23:59:46,784][root][INFO] - Average poisoning accuracy: 0.5875571428571428
KMeans
intra_cluster distance is 6.17033604404363
Now, comb_C is [0 0 0 0 0 0 0 0]
[2025-11-03 23:59:46,795][root][INFO] - Clustering Accuracy is 1.0
length of good results is 8 and length of bad results is 0
acc_diff is 0
[2025-11-03 23:59:46,800][root][INFO] - Lambda is -13
Evaluate
[2025-11-03 23:59:49,929][root][INFO] - Global Poisoning Accuracy: 0.0949
INFO flwr 2025-11-03 23:59:50,004 | server.py:119 | fit progress: (50, 195.37445998191833, {'accuracy': 0.4373}, 3532.3077262860024)
[2025-11-03 23:59:50,004][flwr][INFO] - fit progress: (50, 195.37445998191833, {'accuracy': 0.4373}, 3532.3077262860024)
DEBUG flwr 2025-11-03 23:59:50,004 | server.py:168 | evaluate_round 50: strategy sampled 15 clients (out of 50)
Configure Evaluate
[2025-11-03 23:59:50,004][flwr][DEBUG] - evaluate_round 50: strategy sampled 15 clients (out of 50)
DEBUG flwr 2025-11-03 23:59:59,257 | server.py:182 | evaluate_round 50 received 15 results and 0 failures
[2025-11-03 23:59:59,257][flwr][DEBUG] - evaluate_round 50 received 15 results and 0 failures
Aggregate evaluate
benign record is ['26', '17', '19', '2', '1', '49', '29', '20', '9', '23', '44', '21', '13', '27', '0', '7', '4', '8', '14', '25', '3', '16', '6', '5', '18']
valid results is [(3, 0.0007430814439430833), (4, 9.27092432975769), (6, 2.2638940097531304), (4, 0.019534190592821687), (3, 0.0001647701683396008)]
[2025-11-03 23:59:59,257][root][INFO] - Federated Accuracy: 0.81006
DEBUG flwr 2025-11-03 23:59:59,489 | server.py:218 | fit_round 51: strategy sampled 15 clients (out of 50)
Configure Fit
server round: 51
[2025-11-03 23:59:59,489][flwr][DEBUG] - fit_round 51: strategy sampled 15 clients (out of 50)
DEBUG flwr 2025-11-04 00:00:40,008 | server.py:232 | fit_round 51 received 15 results and 0 failures
[2025-11-04 00:00:40,008][flwr][DEBUG] - fit_round 51 received 15 results and 0 failures
malicious is ['0', '0', '0', '0', '0']
[2025-11-04 00:01:04,809][root][INFO] - Number of Evil Clients: 10
[2025-11-04 00:01:04,809][root][INFO] - Number of Preset Malicious Clients is 0
[2025-11-04 00:01:04,809][root][INFO] - Number of Preset Benign Clients is 5
[2025-11-04 00:01:04,809][root][INFO] - Average poisoning accuracy: 0.68762
KMeans
intra_cluster distance is 3.420567029066515
Now, comb_C is [0 0 0 0 0]
[2025-11-04 00:01:04,821][root][INFO] - Clustering Accuracy is 1.0
length of good results is 5 and length of bad results is 0
acc_diff is 0
[2025-11-04 00:01:04,828][root][INFO] - Lambda is -13
Evaluate
[2025-11-04 00:01:06,963][root][INFO] - Global Poisoning Accuracy: 0.0845
INFO flwr 2025-11-04 00:01:07,032 | server.py:119 | fit progress: (51, 193.627911567688, {'accuracy': 0.4457}, 3609.3363265409716)
[2025-11-04 00:01:07,032][flwr][INFO] - fit progress: (51, 193.627911567688, {'accuracy': 0.4457}, 3609.3363265409716)
DEBUG flwr 2025-11-04 00:01:07,032 | server.py:168 | evaluate_round 51: strategy sampled 15 clients (out of 50)
Configure Evaluate
[2025-11-04 00:01:07,032][flwr][DEBUG] - evaluate_round 51: strategy sampled 15 clients (out of 50)
DEBUG flwr 2025-11-04 00:01:16,263 | server.py:182 | evaluate_round 51 received 15 results and 0 failures
[2025-11-04 00:01:16,263][flwr][DEBUG] - evaluate_round 51 received 15 results and 0 failures
Aggregate evaluate
benign record is ['26', '17', '19', '2', '1', '49', '29', '20', '9', '23', '44', '21', '13', '27', '0', '7', '4', '8', '14', '25', '3', '16', '6', '5', '18']
valid results is [(6, 1.4627945442480268), (9, 4.645278751850128), (3, 0.0019203498086426407), (3, 9.5934698038036e-05), (2, 0.00010834138447535224), (2, 0.00013627502266899683), (6, 0.8187440241126751)]
[2025-11-04 00:01:16,263][root][INFO] - Federated Accuracy: 0.8487741935483871
DEBUG flwr 2025-11-04 00:01:16,338 | server.py:218 | fit_round 52: strategy sampled 15 clients (out of 50)
Configure Fit
server round: 52
[2025-11-04 00:01:16,338][flwr][DEBUG] - fit_round 52: strategy sampled 15 clients (out of 50)
DEBUG flwr 2025-11-04 00:01:52,461 | server.py:232 | fit_round 52 received 15 results and 0 failures
[2025-11-04 00:01:52,461][flwr][DEBUG] - fit_round 52 received 15 results and 0 failures
malicious is ['0', '0', '0', '0', '0', '0', '0', '0']
[2025-11-04 00:02:11,217][root][INFO] - Number of Evil Clients: 7
[2025-11-04 00:02:11,217][root][INFO] - Number of Preset Malicious Clients is 0
[2025-11-04 00:02:11,217][root][INFO] - Number of Preset Benign Clients is 8
[2025-11-04 00:02:11,217][root][INFO] - Average poisoning accuracy: 0.6549857142857143
KMeans
intra_cluster distance is 3.7829671337066637
Now, comb_C is [0 0 0 0 0 0 0 0]
[2025-11-04 00:02:11,229][root][INFO] - Clustering Accuracy is 1.0
length of good results is 8 and length of bad results is 0
acc_diff is 0
[2025-11-04 00:02:11,235][root][INFO] - Lambda is -13
Evaluate
[2025-11-04 00:02:14,559][root][INFO] - Global Poisoning Accuracy: 0.0855
INFO flwr 2025-11-04 00:02:14,628 | server.py:119 | fit progress: (52, 192.20974099636078, {'accuracy': 0.4456}, 3676.9316969239735)
[2025-11-04 00:02:14,628][flwr][INFO] - fit progress: (52, 192.20974099636078, {'accuracy': 0.4456}, 3676.9316969239735)
DEBUG flwr 2025-11-04 00:02:14,628 | server.py:168 | evaluate_round 52: strategy sampled 15 clients (out of 50)
Configure Evaluate
[2025-11-04 00:02:14,628][flwr][DEBUG] - evaluate_round 52: strategy sampled 15 clients (out of 50)
DEBUG flwr 2025-11-04 00:02:23,944 | server.py:182 | evaluate_round 52 received 15 results and 0 failures
[2025-11-04 00:02:23,944][flwr][DEBUG] - evaluate_round 52 received 15 results and 0 failures
Aggregate evaluate
benign record is ['26', '17', '19', '2', '1', '49', '29', '20', '9', '23', '44', '21', '13', '27', '0', '7', '4', '8', '14', '25', '3', '16', '6', '5', '18']
valid results is [(6, 0.867370270560059), (4, 0.6884505938360235), (5, 0.0015750020102132112), (9, 5.032787948846817), (2, 7.077172267599963e-05), (4, 8.93612027168274), (5, 2.5398467858321965)]
[2025-11-04 00:02:23,945][root][INFO] - Federated Accuracy: 0.7814485714285715
DEBUG flwr 2025-11-04 00:02:24,149 | server.py:218 | fit_round 53: strategy sampled 15 clients (out of 50)
Configure Fit
server round: 53
[2025-11-04 00:02:24,149][flwr][DEBUG] - fit_round 53: strategy sampled 15 clients (out of 50)
DEBUG flwr 2025-11-04 00:03:04,353 | server.py:232 | fit_round 53 received 15 results and 0 failures
[2025-11-04 00:03:04,353][flwr][DEBUG] - fit_round 53 received 15 results and 0 failures
malicious is ['0', '0', '0', '0', '0']
[2025-11-04 00:03:31,561][root][INFO] - Number of Evil Clients: 10
[2025-11-04 00:03:31,561][root][INFO] - Number of Preset Malicious Clients is 0
[2025-11-04 00:03:31,561][root][INFO] - Number of Preset Benign Clients is 5
[2025-11-04 00:03:31,561][root][INFO] - Average poisoning accuracy: 0.50808
KMeans
intra_cluster distance is 2.3028934446678004
Now, comb_C is [0 0 0 0 0]
[2025-11-04 00:03:31,572][root][INFO] - Clustering Accuracy is 1.0
length of good results is 5 and length of bad results is 0
acc_diff is 0
[2025-11-04 00:03:31,577][root][INFO] - Lambda is -13
Evaluate
[2025-11-04 00:03:33,343][root][INFO] - Global Poisoning Accuracy: 0.0697
INFO flwr 2025-11-04 00:03:33,413 | server.py:119 | fit progress: (53, 196.45564019680023, {'accuracy': 0.4435}, 3755.7170391660184)
[2025-11-04 00:03:33,413][flwr][INFO] - fit progress: (53, 196.45564019680023, {'accuracy': 0.4435}, 3755.7170391660184)
DEBUG flwr 2025-11-04 00:03:33,413 | server.py:168 | evaluate_round 53: strategy sampled 15 clients (out of 50)
Configure Evaluate
[2025-11-04 00:03:33,413][flwr][DEBUG] - evaluate_round 53: strategy sampled 15 clients (out of 50)
DEBUG flwr 2025-11-04 00:03:42,588 | server.py:182 | evaluate_round 53 received 15 results and 0 failures
[2025-11-04 00:03:42,588][flwr][DEBUG] - evaluate_round 53 received 15 results and 0 failures
Aggregate evaluate
benign record is ['26', '17', '19', '2', '1', '49', '29', '20', '9', '23', '44', '21', '13', '27', '0', '7', '4', '8', '14', '25', '3', '16', '6', '5', '18']
valid results is [(2, 5.368433994590305e-05), (4, 0.7930418936666683), (9, 4.852558642625809), (4, 8.786280989646912), (3, 0.18055807359269238), (6, 0.18110949922265718)]
[2025-11-04 00:03:42,589][root][INFO] - Federated Accuracy: 0.7922107142857142
DEBUG flwr 2025-11-04 00:03:42,671 | server.py:218 | fit_round 54: strategy sampled 15 clients (out of 50)
Configure Fit
server round: 54
[2025-11-04 00:03:42,671][flwr][DEBUG] - fit_round 54: strategy sampled 15 clients (out of 50)
DEBUG flwr 2025-11-04 00:04:18,933 | server.py:232 | fit_round 54 received 15 results and 0 failures
[2025-11-04 00:04:18,933][flwr][DEBUG] - fit_round 54 received 15 results and 0 failures
malicious is ['0', '0', '0']
[2025-11-04 00:04:45,726][root][INFO] - Number of Evil Clients: 12
[2025-11-04 00:04:45,726][root][INFO] - Number of Preset Malicious Clients is 0
[2025-11-04 00:04:45,726][root][INFO] - Number of Preset Benign Clients is 3
[2025-11-04 00:04:45,726][root][INFO] - Average poisoning accuracy: 0.6839416666666667
KMeans
intra_cluster distance is 4.252683559788244
Now, comb_C is [0 0 0]
[2025-11-04 00:04:45,737][root][INFO] - Clustering Accuracy is 1.0
length of good results is 3 and length of bad results is 0
acc_diff is 0
[2025-11-04 00:04:45,743][root][INFO] - Lambda is -13
Evaluate
[2025-11-04 00:04:47,373][root][INFO] - Global Poisoning Accuracy: 0.0997
INFO flwr 2025-11-04 00:04:47,443 | server.py:119 | fit progress: (54, 195.92135286331177, {'accuracy': 0.4351}, 3829.7465209820075)
[2025-11-04 00:04:47,443][flwr][INFO] - fit progress: (54, 195.92135286331177, {'accuracy': 0.4351}, 3829.7465209820075)
DEBUG flwr 2025-11-04 00:04:47,443 | server.py:168 | evaluate_round 54: strategy sampled 15 clients (out of 50)
Configure Evaluate
[2025-11-04 00:04:47,443][flwr][DEBUG] - evaluate_round 54: strategy sampled 15 clients (out of 50)
DEBUG flwr 2025-11-04 00:04:57,020 | server.py:182 | evaluate_round 54 received 15 results and 0 failures
[2025-11-04 00:04:57,020][flwr][DEBUG] - evaluate_round 54 received 15 results and 0 failures
Aggregate evaluate
benign record is ['26', '17', '19', '2', '1', '49', '29', '20', '9', '23', '44', '21', '13', '27', '0', '7', '4', '8', '14', '25', '3', '16', '6', '5', '18']
valid results is [(2, 0.00011146130782435648), (5, 2.9742035302333534), (4, 0.17991576805070508), (2, 0.000536172476131469), (6, 0.6311076811980456), (3, 0.0003403787086426746), (3, 0.000177617297595134)]
[2025-11-04 00:04:57,020][root][INFO] - Federated Accuracy: 0.83122
DEBUG flwr 2025-11-04 00:04:57,221 | server.py:218 | fit_round 55: strategy sampled 15 clients (out of 50)
Configure Fit
server round: 55
[2025-11-04 00:04:57,221][flwr][DEBUG] - fit_round 55: strategy sampled 15 clients (out of 50)
DEBUG flwr 2025-11-04 00:05:35,025 | server.py:232 | fit_round 55 received 15 results and 0 failures
[2025-11-04 00:05:35,025][flwr][DEBUG] - fit_round 55 received 15 results and 0 failures
malicious is ['0', '0', '0', '0', '0', '0', '0', '0', '0']
[2025-11-04 00:05:48,037][root][INFO] - Number of Evil Clients: 6
[2025-11-04 00:05:48,037][root][INFO] - Number of Preset Malicious Clients is 0
[2025-11-04 00:05:48,037][root][INFO] - Number of Preset Benign Clients is 9
[2025-11-04 00:05:48,037][root][INFO] - Average poisoning accuracy: 0.6319
KMeans
intra_cluster distance is 5.543180950977647
Now, comb_C is [0 0 0 0 0 0 0 0 0]
[2025-11-04 00:05:48,048][root][INFO] - Clustering Accuracy is 1.0
length of good results is 9 and length of bad results is 0
acc_diff is 0
[2025-11-04 00:05:48,054][root][INFO] - Lambda is -13
Evaluate
[2025-11-04 00:05:50,827][root][INFO] - Global Poisoning Accuracy: 0.0943
INFO flwr 2025-11-04 00:05:50,911 | server.py:119 | fit progress: (55, 189.07994604110718, {'accuracy': 0.4425}, 3893.2148445469793)
[2025-11-04 00:05:50,911][flwr][INFO] - fit progress: (55, 189.07994604110718, {'accuracy': 0.4425}, 3893.2148445469793)
DEBUG flwr 2025-11-04 00:05:50,911 | server.py:168 | evaluate_round 55: strategy sampled 15 clients (out of 50)
Configure Evaluate
[2025-11-04 00:05:50,911][flwr][DEBUG] - evaluate_round 55: strategy sampled 15 clients (out of 50)
DEBUG flwr 2025-11-04 00:06:00,380 | server.py:182 | evaluate_round 55 received 15 results and 0 failures
[2025-11-04 00:06:00,380][flwr][DEBUG] - evaluate_round 55 received 15 results and 0 failures
Aggregate evaluate
benign record is ['26', '17', '19', '2', '1', '49', '29', '20', '9', '23', '44', '21', '13', '27', '0', '7', '4', '8', '14', '25', '3', '16', '6', '5', '18']
valid results is [(9, 0.15157376421848312), (4, 8.541971206665039), (3, 0.00040864427865017205), (3, 0.18150118217454292), (5, 3.02271019294858), (6, 0.0010684160879463889), (6, 0.18240366388999973), (4, 0.03894845141621772)]
[2025-11-04 00:06:00,381][root][INFO] - Federated Accuracy: 0.8431749999999999
DEBUG flwr 2025-11-04 00:06:00,455 | server.py:218 | fit_round 56: strategy sampled 15 clients (out of 50)
Configure Fit
server round: 56
[2025-11-04 00:06:00,455][flwr][DEBUG] - fit_round 56: strategy sampled 15 clients (out of 50)
DEBUG flwr 2025-11-04 00:06:40,128 | server.py:232 | fit_round 56 received 15 results and 0 failures
[2025-11-04 00:06:40,128][flwr][DEBUG] - fit_round 56 received 15 results and 0 failures
malicious is ['0', '0', '0', '0', '0', '0']
[2025-11-04 00:07:00,523][root][INFO] - Number of Evil Clients: 9
[2025-11-04 00:07:00,523][root][INFO] - Number of Preset Malicious Clients is 0
[2025-11-04 00:07:00,523][root][INFO] - Number of Preset Benign Clients is 6
[2025-11-04 00:07:00,523][root][INFO] - Average poisoning accuracy: 0.7772222222222223
KMeans
intra_cluster distance is 8.45782091436937
Now, comb_C is [0 0 0 0 0 0]
[2025-11-04 00:07:00,540][root][INFO] - Clustering Accuracy is 1.0
length of good results is 6 and length of bad results is 0
acc_diff is 0
[2025-11-04 00:07:00,548][root][INFO] - Lambda is -13
Evaluate
[2025-11-04 00:07:02,307][root][INFO] - Global Poisoning Accuracy: 0.0702
INFO flwr 2025-11-04 00:07:02,377 | server.py:119 | fit progress: (56, 199.85492253303528, {'accuracy': 0.4344}, 3964.6809894270264)
[2025-11-04 00:07:02,377][flwr][INFO] - fit progress: (56, 199.85492253303528, {'accuracy': 0.4344}, 3964.6809894270264)
DEBUG flwr 2025-11-04 00:07:02,377 | server.py:168 | evaluate_round 56: strategy sampled 15 clients (out of 50)
Configure Evaluate
[2025-11-04 00:07:02,377][flwr][DEBUG] - evaluate_round 56: strategy sampled 15 clients (out of 50)
DEBUG flwr 2025-11-04 00:07:11,872 | server.py:182 | evaluate_round 56 received 15 results and 0 failures
[2025-11-04 00:07:11,872][flwr][DEBUG] - evaluate_round 56 received 15 results and 0 failures
Aggregate evaluate
benign record is ['26', '17', '19', '2', '1', '49', '29', '20', '9', '23', '44', '21', '13', '27', '0', '7', '4', '8', '14', '25', '3', '16', '6', '5', '18']
valid results is [(2, 0.00011155710853927303), (6, 0.8173868777230382), (4, 0.02170983570977114), (4, 0.0007172870464273728)]
[2025-11-04 00:07:11,872][root][INFO] - Federated Accuracy: 0.853525
DEBUG flwr 2025-11-04 00:07:12,069 | server.py:218 | fit_round 57: strategy sampled 15 clients (out of 50)
Configure Fit
server round: 57
[2025-11-04 00:07:12,069][flwr][DEBUG] - fit_round 57: strategy sampled 15 clients (out of 50)
DEBUG flwr 2025-11-04 00:07:50,978 | server.py:232 | fit_round 57 received 15 results and 0 failures
[2025-11-04 00:07:50,978][flwr][DEBUG] - fit_round 57 received 15 results and 0 failures
malicious is ['0', '0', '0', '0', '0']
[2025-11-04 00:08:12,053][root][INFO] - Number of Evil Clients: 10
[2025-11-04 00:08:12,053][root][INFO] - Number of Preset Malicious Clients is 0
[2025-11-04 00:08:12,053][root][INFO] - Number of Preset Benign Clients is 5
[2025-11-04 00:08:12,053][root][INFO] - Average poisoning accuracy: 0.8465200000000002
KMeans
intra_cluster distance is 4.36653926060539
Now, comb_C is [0 0 0 0 0]
[2025-11-04 00:08:12,064][root][INFO] - Clustering Accuracy is 1.0
length of good results is 5 and length of bad results is 0
acc_diff is 0
[2025-11-04 00:08:12,070][root][INFO] - Lambda is -13
Evaluate
[2025-11-04 00:08:13,754][root][INFO] - Global Poisoning Accuracy: 0.0747
INFO flwr 2025-11-04 00:08:13,830 | server.py:119 | fit progress: (57, 194.32607793807983, {'accuracy': 0.4382}, 4036.1341560109868)
[2025-11-04 00:08:13,830][flwr][INFO] - fit progress: (57, 194.32607793807983, {'accuracy': 0.4382}, 4036.1341560109868)
DEBUG flwr 2025-11-04 00:08:13,830 | server.py:168 | evaluate_round 57: strategy sampled 15 clients (out of 50)
Configure Evaluate
[2025-11-04 00:08:13,830][flwr][DEBUG] - evaluate_round 57: strategy sampled 15 clients (out of 50)
DEBUG flwr 2025-11-04 00:08:23,522 | server.py:182 | evaluate_round 57 received 15 results and 0 failures
[2025-11-04 00:08:23,522][flwr][DEBUG] - evaluate_round 57 received 15 results and 0 failures
Aggregate evaluate
benign record is ['26', '17', '19', '2', '1', '49', '29', '20', '9', '23', '44', '21', '13', '27', '0', '7', '4', '8', '14', '25', '3', '16', '6', '5', '18']
valid results is [(2, 0.0007698893023189157), (6, 1.003626592693763), (4, 0.05684780565206893), (9, 0.19635337228828575), (6, 10.333503723144531), (6, 2.1163353828014806), (6, 1.2722887747513596)]
[2025-11-04 00:08:23,522][root][INFO] - Federated Accuracy: 0.8441128205128205
DEBUG flwr 2025-11-04 00:08:23,593 | server.py:218 | fit_round 58: strategy sampled 15 clients (out of 50)
Configure Fit
server round: 58
[2025-11-04 00:08:23,593][flwr][DEBUG] - fit_round 58: strategy sampled 15 clients (out of 50)
DEBUG flwr 2025-11-04 00:09:00,890 | server.py:232 | fit_round 58 received 15 results and 0 failures
[2025-11-04 00:09:00,890][flwr][DEBUG] - fit_round 58 received 15 results and 0 failures
malicious is ['0', '0', '0']
[2025-11-04 00:09:25,912][root][INFO] - Number of Evil Clients: 12
[2025-11-04 00:09:25,912][root][INFO] - Number of Preset Malicious Clients is 0
[2025-11-04 00:09:25,912][root][INFO] - Number of Preset Benign Clients is 3
[2025-11-04 00:09:25,912][root][INFO] - Average poisoning accuracy: 0.6896583333333334
KMeans
intra_cluster distance is 2.749032203310336
Now, comb_C is [0 0 0]
[2025-11-04 00:09:25,923][root][INFO] - Clustering Accuracy is 1.0
length of good results is 3 and length of bad results is 0
acc_diff is 0
[2025-11-04 00:09:25,930][root][INFO] - Lambda is -13
Evaluate
[2025-11-04 00:09:27,561][root][INFO] - Global Poisoning Accuracy: 0.0852
INFO flwr 2025-11-04 00:09:27,629 | server.py:119 | fit progress: (58, 198.22456288337708, {'accuracy': 0.4353}, 4109.933345953992)
[2025-11-04 00:09:27,629][flwr][INFO] - fit progress: (58, 198.22456288337708, {'accuracy': 0.4353}, 4109.933345953992)
DEBUG flwr 2025-11-04 00:09:27,629 | server.py:168 | evaluate_round 58: strategy sampled 15 clients (out of 50)
Configure Evaluate
[2025-11-04 00:09:27,629][flwr][DEBUG] - evaluate_round 58: strategy sampled 15 clients (out of 50)
DEBUG flwr 2025-11-04 00:09:37,201 | server.py:182 | evaluate_round 58 received 15 results and 0 failures
[2025-11-04 00:09:37,201][flwr][DEBUG] - evaluate_round 58 received 15 results and 0 failures
Aggregate evaluate
benign record is ['26', '17', '19', '2', '1', '49', '29', '20', '9', '23', '44', '21', '13', '27', '0', '7', '4', '8', '14', '25', '3', '16', '6', '5', '18']
valid results is [(2, 0.0010731924121500924), (6, 12.019176244735718), (2, 9.756663712323643e-05), (9, 5.7944358587265015), (5, 1.04154557025322), (3, 0.18374898146430496), (6, 0.9715222831146093), (6, 0.002614907396491617), (5, 1.9484781310893595), (6, 0.5838870306615718)]
[2025-11-04 00:09:37,202][root][INFO] - Federated Accuracy: 0.7867439999999999
DEBUG flwr 2025-11-04 00:09:37,398 | server.py:218 | fit_round 59: strategy sampled 15 clients (out of 50)
Configure Fit
server round: 59
[2025-11-04 00:09:37,398][flwr][DEBUG] - fit_round 59: strategy sampled 15 clients (out of 50)
DEBUG flwr 2025-11-04 00:10:15,703 | server.py:232 | fit_round 59 received 15 results and 0 failures
[2025-11-04 00:10:15,703][flwr][DEBUG] - fit_round 59 received 15 results and 0 failures
malicious is ['0', '0', '0', '0']
[2025-11-04 00:10:35,594][root][INFO] - Number of Evil Clients: 11
[2025-11-04 00:10:35,595][root][INFO] - Number of Preset Malicious Clients is 0
[2025-11-04 00:10:35,595][root][INFO] - Number of Preset Benign Clients is 4
[2025-11-04 00:10:35,595][root][INFO] - Average poisoning accuracy: 0.5446090909090909
KMeans
intra_cluster distance is 5.638592866613597
Now, comb_C is [0 0 0 0]
[2025-11-04 00:10:35,606][root][INFO] - Clustering Accuracy is 1.0
length of good results is 4 and length of bad results is 0
acc_diff is 0
[2025-11-04 00:10:35,611][root][INFO] - Lambda is -13
Evaluate
[2025-11-04 00:10:37,341][root][INFO] - Global Poisoning Accuracy: 0.0609
INFO flwr 2025-11-04 00:10:37,422 | server.py:119 | fit progress: (59, 195.83994150161743, {'accuracy': 0.4353}, 4179.725813150988)
[2025-11-04 00:10:37,422][flwr][INFO] - fit progress: (59, 195.83994150161743, {'accuracy': 0.4353}, 4179.725813150988)
DEBUG flwr 2025-11-04 00:10:37,422 | server.py:168 | evaluate_round 59: strategy sampled 15 clients (out of 50)
Configure Evaluate
[2025-11-04 00:10:37,422][flwr][DEBUG] - evaluate_round 59: strategy sampled 15 clients (out of 50)
DEBUG flwr 2025-11-04 00:10:47,135 | server.py:182 | evaluate_round 59 received 15 results and 0 failures
[2025-11-04 00:10:47,135][flwr][DEBUG] - evaluate_round 59 received 15 results and 0 failures
Aggregate evaluate
benign record is ['26', '17', '19', '2', '1', '49', '29', '20', '9', '23', '44', '21', '13', '27', '0', '7', '4', '8', '14', '25', '3', '16', '6', '5', '18']
valid results is [(3, 0.002393029826635029), (3, 0.00011387523045414127), (2, 8.508137761964463e-05), (6, 1.2408492207177915), (4, 0.7287910563791229), (6, 2.715352837345563), (4, 0.22751087562573957), (5, 1.0275986159322201)]
[2025-11-04 00:10:47,135][root][INFO] - Federated Accuracy: 0.8741181818181819
DEBUG flwr 2025-11-04 00:10:47,204 | server.py:218 | fit_round 60: strategy sampled 15 clients (out of 50)
Configure Fit
server round: 60
[2025-11-04 00:10:47,204][flwr][DEBUG] - fit_round 60: strategy sampled 15 clients (out of 50)
DEBUG flwr 2025-11-04 00:11:22,704 | server.py:232 | fit_round 60 received 15 results and 0 failures
[2025-11-04 00:11:22,704][flwr][DEBUG] - fit_round 60 received 15 results and 0 failures
malicious is ['0', '0', '0', '0']
[2025-11-04 00:11:46,327][root][INFO] - Number of Evil Clients: 11
[2025-11-04 00:11:46,327][root][INFO] - Number of Preset Malicious Clients is 0
[2025-11-04 00:11:46,327][root][INFO] - Number of Preset Benign Clients is 4
[2025-11-04 00:11:46,327][root][INFO] - Average poisoning accuracy: 0.5641727272727273
KMeans
intra_cluster distance is 3.1372597489321
Now, comb_C is [0 0 0 0]
[2025-11-04 00:11:46,407][root][INFO] - Clustering Accuracy is 1.0
length of good results is 4 and length of bad results is 0
acc_diff is 0
[2025-11-04 00:11:46,468][root][INFO] - Lambda is -13
Evaluate
[2025-11-04 00:11:51,082][root][INFO] - Global Poisoning Accuracy: 0.0843
INFO flwr 2025-11-04 00:11:51,278 | server.py:119 | fit progress: (60, 192.13757252693176, {'accuracy': 0.4446}, 4253.581681545009)
[2025-11-04 00:11:51,278][flwr][INFO] - fit progress: (60, 192.13757252693176, {'accuracy': 0.4446}, 4253.581681545009)
DEBUG flwr 2025-11-04 00:11:51,278 | server.py:168 | evaluate_round 60: strategy sampled 15 clients (out of 50)
Configure Evaluate
[2025-11-04 00:11:51,278][flwr][DEBUG] - evaluate_round 60: strategy sampled 15 clients (out of 50)
DEBUG flwr 2025-11-04 00:12:00,961 | server.py:182 | evaluate_round 60 received 15 results and 0 failures
[2025-11-04 00:12:00,961][flwr][DEBUG] - evaluate_round 60 received 15 results and 0 failures
Aggregate evaluate
benign record is ['26', '17', '19', '2', '1', '49', '29', '20', '9', '23', '44', '21', '13', '27', '0', '7', '4', '8', '14', '25', '3', '16', '6', '5', '18']
valid results is [(5, 0.9389630547666457), (4, 0.06650661095045507), (6, 2.357902017989545), (4, 0.61347681524785), (2, 0.000626655513769947), (2, 6.912676872161683e-05), (3, 0.0003146538510918617)]
[2025-11-04 00:12:00,961][root][INFO] - Federated Accuracy: 0.8703692307692308
DEBUG flwr 2025-11-04 00:12:01,035 | server.py:218 | fit_round 61: strategy sampled 15 clients (out of 50)
Configure Fit
server round: 61
[2025-11-04 00:12:01,035][flwr][DEBUG] - fit_round 61: strategy sampled 15 clients (out of 50)
DEBUG flwr 2025-11-04 00:12:35,436 | server.py:232 | fit_round 61 received 15 results and 0 failures
[2025-11-04 00:12:35,436][flwr][DEBUG] - fit_round 61 received 15 results and 0 failures
malicious is ['0', '0', '0', '0', '0', '0', '0', '0']
[2025-11-04 00:12:56,306][root][INFO] - Number of Evil Clients: 7
[2025-11-04 00:12:56,306][root][INFO] - Number of Preset Malicious Clients is 0
[2025-11-04 00:12:56,306][root][INFO] - Number of Preset Benign Clients is 8
[2025-11-04 00:12:56,306][root][INFO] - Average poisoning accuracy: 0.5883428571428572
KMeans
intra_cluster distance is 2.3656335943774276
Now, comb_C is [0 0 0 0 0 0 0 0]
[2025-11-04 00:12:56,318][root][INFO] - Clustering Accuracy is 1.0
length of good results is 8 and length of bad results is 0
acc_diff is 0
[2025-11-04 00:12:56,325][root][INFO] - Lambda is -13
Evaluate
[2025-11-04 00:13:00,410][root][INFO] - Global Poisoning Accuracy: 0.0957
INFO flwr 2025-11-04 00:13:00,479 | server.py:119 | fit progress: (61, 191.58331263065338, {'accuracy': 0.4452}, 4322.78251521202)
[2025-11-04 00:13:00,479][flwr][INFO] - fit progress: (61, 191.58331263065338, {'accuracy': 0.4452}, 4322.78251521202)
DEBUG flwr 2025-11-04 00:13:00,479 | server.py:168 | evaluate_round 61: strategy sampled 15 clients (out of 50)
Configure Evaluate
[2025-11-04 00:13:00,479][flwr][DEBUG] - evaluate_round 61: strategy sampled 15 clients (out of 50)
DEBUG flwr 2025-11-04 00:13:09,529 | server.py:182 | evaluate_round 61 received 15 results and 0 failures
[2025-11-04 00:13:09,529][flwr][DEBUG] - evaluate_round 61 received 15 results and 0 failures
Aggregate evaluate
benign record is ['26', '17', '19', '2', '1', '49', '29', '20', '9', '23', '44', '21', '13', '27', '0', '7', '4', '8', '14', '25', '3', '16', '6', '5', '18']
valid results is [(6, 0.5368335453094915), (9, 5.736342370510101), (3, 0.0002300169253430795), (6, 1.0399570967765612), (2, 0.00017123208817793056), (2, 5.9661779232556e-05), (6, 1.2575717637955677)]
[2025-11-04 00:13:09,529][root][INFO] - Federated Accuracy: 0.8255617647058823
DEBUG flwr 2025-11-04 00:13:09,598 | server.py:218 | fit_round 62: strategy sampled 15 clients (out of 50)
Configure Fit
server round: 62
[2025-11-04 00:13:09,598][flwr][DEBUG] - fit_round 62: strategy sampled 15 clients (out of 50)
DEBUG flwr 2025-11-04 00:13:46,826 | server.py:232 | fit_round 62 received 15 results and 0 failures
[2025-11-04 00:13:46,826][flwr][DEBUG] - fit_round 62 received 15 results and 0 failures
malicious is ['0', '0', '0', '0', '0']
[2025-11-04 00:14:15,456][root][INFO] - Number of Evil Clients: 10
[2025-11-04 00:14:15,456][root][INFO] - Number of Preset Malicious Clients is 0
[2025-11-04 00:14:15,456][root][INFO] - Number of Preset Benign Clients is 5
[2025-11-04 00:14:15,456][root][INFO] - Average poisoning accuracy: 0.67053
KMeans
intra_cluster distance is 8.120100160681426
Now, comb_C is [0 0 0 0 0]
[2025-11-04 00:14:15,467][root][INFO] - Clustering Accuracy is 1.0
length of good results is 5 and length of bad results is 0
acc_diff is 0
[2025-11-04 00:14:15,472][root][INFO] - Lambda is -13
Evaluate
[2025-11-04 00:14:19,078][root][INFO] - Global Poisoning Accuracy: 0.0942
INFO flwr 2025-11-04 00:14:19,286 | server.py:119 | fit progress: (62, 199.47088849544525, {'accuracy': 0.4357}, 4401.590090783022)
[2025-11-04 00:14:19,286][flwr][INFO] - fit progress: (62, 199.47088849544525, {'accuracy': 0.4357}, 4401.590090783022)
DEBUG flwr 2025-11-04 00:14:19,286 | server.py:168 | evaluate_round 62: strategy sampled 15 clients (out of 50)
Configure Evaluate
[2025-11-04 00:14:19,286][flwr][DEBUG] - evaluate_round 62: strategy sampled 15 clients (out of 50)
DEBUG flwr 2025-11-04 00:14:28,209 | server.py:182 | evaluate_round 62 received 15 results and 0 failures
[2025-11-04 00:14:28,209][flwr][DEBUG] - evaluate_round 62 received 15 results and 0 failures
Aggregate evaluate
benign record is ['26', '17', '19', '2', '1', '49', '29', '20', '9', '23', '44', '21', '13', '27', '0', '7', '4', '8', '14', '25', '3', '16', '6', '5', '18']
valid results is [(4, 0.007890589782618918), (5, 0.9332867281736981), (6, 2.4703353343647905), (4, 10.343355894088745), (4, 0.0009892851958284155), (2, 0.00021368852685554884), (2, 0.00018119331070920452), (9, 0.28747041542374063), (4, 0.5958839353479561)]
[2025-11-04 00:14:28,210][root][INFO] - Federated Accuracy: 0.831555
DEBUG flwr 2025-11-04 00:14:28,283 | server.py:218 | fit_round 63: strategy sampled 15 clients (out of 50)
Configure Fit
server round: 63
[2025-11-04 00:14:28,283][flwr][DEBUG] - fit_round 63: strategy sampled 15 clients (out of 50)
DEBUG flwr 2025-11-04 00:15:06,313 | server.py:232 | fit_round 63 received 15 results and 0 failures
[2025-11-04 00:15:06,313][flwr][DEBUG] - fit_round 63 received 15 results and 0 failures
malicious is ['0', '0', '0', '0', '0', '0', '0']
[2025-11-04 00:15:28,668][root][INFO] - Number of Evil Clients: 8
[2025-11-04 00:15:28,668][root][INFO] - Number of Preset Malicious Clients is 0
[2025-11-04 00:15:28,668][root][INFO] - Number of Preset Benign Clients is 7
[2025-11-04 00:15:28,668][root][INFO] - Average poisoning accuracy: 0.6792625
KMeans
intra_cluster distance is 4.7924475443364685
Now, comb_C is [0 0 0 0 0 0 0]
[2025-11-04 00:15:28,679][root][INFO] - Clustering Accuracy is 1.0
length of good results is 7 and length of bad results is 0
acc_diff is 0
[2025-11-04 00:15:28,686][root][INFO] - Lambda is -13
Evaluate
[2025-11-04 00:15:32,008][root][INFO] - Global Poisoning Accuracy: 0.0962
INFO flwr 2025-11-04 00:15:32,076 | server.py:119 | fit progress: (63, 191.33000719547272, {'accuracy': 0.4441}, 4474.3798371719895)
[2025-11-04 00:15:32,076][flwr][INFO] - fit progress: (63, 191.33000719547272, {'accuracy': 0.4441}, 4474.3798371719895)
DEBUG flwr 2025-11-04 00:15:32,076 | server.py:168 | evaluate_round 63: strategy sampled 15 clients (out of 50)
Configure Evaluate
[2025-11-04 00:15:32,076][flwr][DEBUG] - evaluate_round 63: strategy sampled 15 clients (out of 50)
DEBUG flwr 2025-11-04 00:15:41,323 | server.py:182 | evaluate_round 63 received 15 results and 0 failures
[2025-11-04 00:15:41,323][flwr][DEBUG] - evaluate_round 63 received 15 results and 0 failures
Aggregate evaluate
benign record is ['26', '17', '19', '2', '1', '49', '29', '20', '9', '23', '44', '21', '13', '27', '0', '7', '4', '8', '14', '25', '3', '16', '6', '5', '18']
valid results is [(9, 0.2669008061347995), (6, 0.2462990647254628), (4, 0.26531467054155655), (6, 0.0016103388552437536), (9, 5.258302837610245), (6, 11.181489706039429), (5, 2.777959798462689), (5, 0.0018009258928941563), (5, 0.8569503750695731), (3, 0.2446230091227335)]
[2025-11-04 00:15:41,324][root][INFO] - Federated Accuracy: 0.8350172413793104
DEBUG flwr 2025-11-04 00:15:41,394 | server.py:218 | fit_round 64: strategy sampled 15 clients (out of 50)
Configure Fit
server round: 64
[2025-11-04 00:15:41,394][flwr][DEBUG] - fit_round 64: strategy sampled 15 clients (out of 50)
DEBUG flwr 2025-11-04 00:16:18,885 | server.py:232 | fit_round 64 received 15 results and 0 failures
[2025-11-04 00:16:18,885][flwr][DEBUG] - fit_round 64 received 15 results and 0 failures
malicious is ['0', '0', '0', '0', '0', '0', '0']
[2025-11-04 00:16:41,258][root][INFO] - Number of Evil Clients: 8
[2025-11-04 00:16:41,258][root][INFO] - Number of Preset Malicious Clients is 0
[2025-11-04 00:16:41,258][root][INFO] - Number of Preset Benign Clients is 7
[2025-11-04 00:16:41,258][root][INFO] - Average poisoning accuracy: 0.9012749999999999
KMeans
intra_cluster distance is 2.448050194321838
Now, comb_C is [0 0 0 0 0 0 0]
[2025-11-04 00:16:41,269][root][INFO] - Clustering Accuracy is 1.0
length of good results is 7 and length of bad results is 0
acc_diff is 0
[2025-11-04 00:16:41,275][root][INFO] - Lambda is -13
Evaluate
[2025-11-04 00:16:44,915][root][INFO] - Global Poisoning Accuracy: 0.0938
INFO flwr 2025-11-04 00:16:45,098 | server.py:119 | fit progress: (64, 194.91537308692932, {'accuracy': 0.4372}, 4547.402429233014)
[2025-11-04 00:16:45,098][flwr][INFO] - fit progress: (64, 194.91537308692932, {'accuracy': 0.4372}, 4547.402429233014)
DEBUG flwr 2025-11-04 00:16:45,099 | server.py:168 | evaluate_round 64: strategy sampled 15 clients (out of 50)
Configure Evaluate
[2025-11-04 00:16:45,099][flwr][DEBUG] - evaluate_round 64: strategy sampled 15 clients (out of 50)
DEBUG flwr 2025-11-04 00:16:54,339 | server.py:182 | evaluate_round 64 received 15 results and 0 failures
[2025-11-04 00:16:54,339][flwr][DEBUG] - evaluate_round 64 received 15 results and 0 failures
Aggregate evaluate
benign record is ['26', '17', '19', '2', '1', '49', '29', '20', '9', '23', '44', '21', '13', '27', '0', '7', '4', '8', '14', '25', '3', '16', '6', '5', '18']
valid results is [(4, 9.280693173408508), (3, 0.00019906265879399143), (6, 0.9840542922484019), (5, 0.9342546189873246), (6, 1.2969875863491325), (5, 0.002025370064075105), (9, 0.2278178130472952), (3, 0.00022024456120561808), (2, 0.00016668688840582035), (6, 0.0016071293830464128)]
[2025-11-04 00:16:54,340][root][INFO] - Federated Accuracy: 0.8596857142857142
DEBUG flwr 2025-11-04 00:16:54,432 | server.py:218 | fit_round 65: strategy sampled 15 clients (out of 50)
Configure Fit
server round: 65
[2025-11-04 00:16:54,432][flwr][DEBUG] - fit_round 65: strategy sampled 15 clients (out of 50)
DEBUG flwr 2025-11-04 00:17:31,934 | server.py:232 | fit_round 65 received 15 results and 0 failures
[2025-11-04 00:17:31,934][flwr][DEBUG] - fit_round 65 received 15 results and 0 failures
malicious is ['0', '0', '0', '0', '0', '0']
[2025-11-04 00:17:57,071][root][INFO] - Number of Evil Clients: 9
[2025-11-04 00:17:57,071][root][INFO] - Number of Preset Malicious Clients is 0
[2025-11-04 00:17:57,071][root][INFO] - Number of Preset Benign Clients is 6
[2025-11-04 00:17:57,071][root][INFO] - Average poisoning accuracy: 0.7373444444444446
KMeans
intra_cluster distance is 4.130969702326391
Now, comb_C is [0 0 0 0 0 0]
[2025-11-04 00:17:57,082][root][INFO] - Clustering Accuracy is 1.0
length of good results is 6 and length of bad results is 0
acc_diff is 0
[2025-11-04 00:17:57,088][root][INFO] - Lambda is -13
Evaluate
[2025-11-04 00:18:00,179][root][INFO] - Global Poisoning Accuracy: 0.0879
INFO flwr 2025-11-04 00:18:00,246 | server.py:119 | fit progress: (65, 192.79831492900848, {'accuracy': 0.4393}, 4622.5504571790225)
[2025-11-04 00:18:00,246][flwr][INFO] - fit progress: (65, 192.79831492900848, {'accuracy': 0.4393}, 4622.5504571790225)
DEBUG flwr 2025-11-04 00:18:00,247 | server.py:168 | evaluate_round 65: strategy sampled 15 clients (out of 50)
Configure Evaluate
[2025-11-04 00:18:00,247][flwr][DEBUG] - evaluate_round 65: strategy sampled 15 clients (out of 50)
DEBUG flwr 2025-11-04 00:18:09,570 | server.py:182 | evaluate_round 65 received 15 results and 0 failures
[2025-11-04 00:18:09,570][flwr][DEBUG] - evaluate_round 65 received 15 results and 0 failures
Aggregate evaluate
benign record is ['26', '17', '19', '2', '1', '49', '29', '20', '9', '23', '44', '21', '13', '27', '0', '7', '4', '8', '14', '25', '3', '16', '6', '5', '18']
valid results is [(3, 0.24239809387654532), (5, 2.4273279109038413), (3, 0.00018386057854513638), (6, 2.471030974498717), (4, 0.7172942633933417), (5, 0.9702808773290599)]
[2025-11-04 00:18:09,571][root][INFO] - Federated Accuracy: 0.8635076923076923
DEBUG flwr 2025-11-04 00:18:09,673 | server.py:218 | fit_round 66: strategy sampled 15 clients (out of 50)
Configure Fit
server round: 66
[2025-11-04 00:18:09,673][flwr][DEBUG] - fit_round 66: strategy sampled 15 clients (out of 50)
DEBUG flwr 2025-11-04 00:18:49,675 | server.py:232 | fit_round 66 received 15 results and 0 failures
[2025-11-04 00:18:49,675][flwr][DEBUG] - fit_round 66 received 15 results and 0 failures
malicious is ['0', '0', '0']
[2025-11-04 00:19:16,648][root][INFO] - Number of Evil Clients: 12
[2025-11-04 00:19:16,648][root][INFO] - Number of Preset Malicious Clients is 0
[2025-11-04 00:19:16,648][root][INFO] - Number of Preset Benign Clients is 3
[2025-11-04 00:19:16,648][root][INFO] - Average poisoning accuracy: 0.7480166666666667
KMeans
intra_cluster distance is 3.5595080935439065
Now, comb_C is [0 0 0]
[2025-11-04 00:19:16,659][root][INFO] - Clustering Accuracy is 1.0
length of good results is 3 and length of bad results is 0
acc_diff is 0
[2025-11-04 00:19:16,666][root][INFO] - Lambda is -13
Evaluate
[2025-11-04 00:19:18,484][root][INFO] - Global Poisoning Accuracy: 0.0581
INFO flwr 2025-11-04 00:19:18,703 | server.py:119 | fit progress: (66, 199.81513500213623, {'accuracy': 0.4313}, 4701.007175558014)
[2025-11-04 00:19:18,703][flwr][INFO] - fit progress: (66, 199.81513500213623, {'accuracy': 0.4313}, 4701.007175558014)
DEBUG flwr 2025-11-04 00:19:18,703 | server.py:168 | evaluate_round 66: strategy sampled 15 clients (out of 50)
Configure Evaluate
[2025-11-04 00:19:18,703][flwr][DEBUG] - evaluate_round 66: strategy sampled 15 clients (out of 50)
DEBUG flwr 2025-11-04 00:19:28,033 | server.py:182 | evaluate_round 66 received 15 results and 0 failures
[2025-11-04 00:19:28,033][flwr][DEBUG] - evaluate_round 66 received 15 results and 0 failures
Aggregate evaluate
benign record is ['26', '17', '19', '2', '1', '49', '29', '20', '9', '23', '44', '21', '13', '27', '0', '7', '4', '8', '14', '25', '3', '16', '6', '5', '18']
valid results is [(6, 0.7336223072488792), (2, 0.00012837109352403786), (6, 0.0009238526836270466), (6, 0.8430291506665526), (4, 0.20052148022296024), (3, 0.00014763357830815949), (5, 0.0010636429215082899)]
[2025-11-04 00:19:28,033][root][INFO] - Federated Accuracy: 0.8893749999999999
DEBUG flwr 2025-11-04 00:19:28,107 | server.py:218 | fit_round 67: strategy sampled 15 clients (out of 50)
Configure Fit
server round: 67
[2025-11-04 00:19:28,107][flwr][DEBUG] - fit_round 67: strategy sampled 15 clients (out of 50)
DEBUG flwr 2025-11-04 00:20:07,796 | server.py:232 | fit_round 67 received 15 results and 0 failures
[2025-11-04 00:20:07,796][flwr][DEBUG] - fit_round 67 received 15 results and 0 failures
malicious is ['0', '0', '0', '0', '0', '0', '0', '0']
[2025-11-04 00:20:26,575][root][INFO] - Number of Evil Clients: 7
[2025-11-04 00:20:26,575][root][INFO] - Number of Preset Malicious Clients is 0
[2025-11-04 00:20:26,575][root][INFO] - Number of Preset Benign Clients is 8
[2025-11-04 00:20:26,575][root][INFO] - Average poisoning accuracy: 0.6062857142857142
KMeans
intra_cluster distance is 8.436446173570072
Now, comb_C is [0 0 0 0 0 0 0 0]
[2025-11-04 00:20:26,587][root][INFO] - Clustering Accuracy is 1.0
length of good results is 8 and length of bad results is 0
acc_diff is 0
[2025-11-04 00:20:26,594][root][INFO] - Lambda is -13
Evaluate
[2025-11-04 00:20:28,328][root][INFO] - Global Poisoning Accuracy: 0.0611
INFO flwr 2025-11-04 00:20:28,403 | server.py:119 | fit progress: (67, 199.15536904335022, {'accuracy': 0.4389}, 4770.706508087984)
[2025-11-04 00:20:28,403][flwr][INFO] - fit progress: (67, 199.15536904335022, {'accuracy': 0.4389}, 4770.706508087984)
DEBUG flwr 2025-11-04 00:20:28,403 | server.py:168 | evaluate_round 67: strategy sampled 15 clients (out of 50)
Configure Evaluate
[2025-11-04 00:20:28,403][flwr][DEBUG] - evaluate_round 67: strategy sampled 15 clients (out of 50)
DEBUG flwr 2025-11-04 00:20:37,825 | server.py:182 | evaluate_round 67 received 15 results and 0 failures
[2025-11-04 00:20:37,825][flwr][DEBUG] - evaluate_round 67 received 15 results and 0 failures
Aggregate evaluate
benign record is ['26', '17', '19', '2', '1', '49', '29', '20', '9', '23', '44', '21', '13', '27', '0', '7', '4', '8', '14', '25', '3', '16', '6', '5', '18']
valid results is [(9, 0.2556306155966013), (2, 0.00011132243889733218), (6, 0.6892741164192557), (6, 0.0009030527871800587), (4, 9.356648921966553), (5, 1.0680780617403798), (4, 0.06348604807863012), (3, 0.0012143170315539464)]
[2025-11-04 00:20:37,825][root][INFO] - Federated Accuracy: 0.8379615384615385
DEBUG flwr 2025-11-04 00:20:37,899 | server.py:218 | fit_round 68: strategy sampled 15 clients (out of 50)
Configure Fit
server round: 68
[2025-11-04 00:20:37,899][flwr][DEBUG] - fit_round 68: strategy sampled 15 clients (out of 50)
DEBUG flwr 2025-11-04 00:21:16,764 | server.py:232 | fit_round 68 received 15 results and 0 failures
[2025-11-04 00:21:16,764][flwr][DEBUG] - fit_round 68 received 15 results and 0 failures
malicious is ['0', '0', '0', '0', '0', '0', '0', '0', '0']
[2025-11-04 00:21:32,720][root][INFO] - Number of Evil Clients: 6
[2025-11-04 00:21:32,721][root][INFO] - Number of Preset Malicious Clients is 0
[2025-11-04 00:21:32,721][root][INFO] - Number of Preset Benign Clients is 9
[2025-11-04 00:21:32,721][root][INFO] - Average poisoning accuracy: 0.9804499999999999
KMeans
intra_cluster distance is 3.9506578749491057
Now, comb_C is [0 0 0 0 0 0 0 0 0]
[2025-11-04 00:21:32,731][root][INFO] - Clustering Accuracy is 1.0
length of good results is 9 and length of bad results is 0
acc_diff is 0
[2025-11-04 00:21:32,737][root][INFO] - Lambda is -13
Evaluate
[2025-11-04 00:21:36,291][root][INFO] - Global Poisoning Accuracy: 0.0679
INFO flwr 2025-11-04 00:21:36,488 | server.py:119 | fit progress: (68, 197.13008880615234, {'accuracy': 0.436}, 4838.792171277979)
[2025-11-04 00:21:36,488][flwr][INFO] - fit progress: (68, 197.13008880615234, {'accuracy': 0.436}, 4838.792171277979)
DEBUG flwr 2025-11-04 00:21:36,488 | server.py:168 | evaluate_round 68: strategy sampled 15 clients (out of 50)
Configure Evaluate
[2025-11-04 00:21:36,488][flwr][DEBUG] - evaluate_round 68: strategy sampled 15 clients (out of 50)
DEBUG flwr 2025-11-04 00:21:45,546 | server.py:182 | evaluate_round 68 received 15 results and 0 failures
[2025-11-04 00:21:45,546][flwr][DEBUG] - evaluate_round 68 received 15 results and 0 failures
Aggregate evaluate
benign record is ['26', '17', '19', '2', '1', '49', '29', '20', '9', '23', '44', '21', '13', '27', '0', '7', '4', '8', '14', '25', '3', '16', '6', '5', '18']
valid results is [(2, 8.829412763589062e-05), (4, 0.13114503683755174), (3, 0.25302019373339135), (3, 0.00010126904999196995), (6, 0.2543170149510843), (5, 0.001613549975445494), (6, 2.582407893918571), (4, 8.896957874298096)]
[2025-11-04 00:21:45,547][root][INFO] - Federated Accuracy: 0.8218545454545454
DEBUG flwr 2025-11-04 00:21:45,616 | server.py:218 | fit_round 69: strategy sampled 15 clients (out of 50)
Configure Fit
server round: 69
[2025-11-04 00:21:45,616][flwr][DEBUG] - fit_round 69: strategy sampled 15 clients (out of 50)
DEBUG flwr 2025-11-04 00:22:20,621 | server.py:232 | fit_round 69 received 15 results and 0 failures
[2025-11-04 00:22:20,621][flwr][DEBUG] - fit_round 69 received 15 results and 0 failures
malicious is ['0', '0', '0', '0', '0', '0']
[2025-11-04 00:22:46,373][root][INFO] - Number of Evil Clients: 9
[2025-11-04 00:22:46,373][root][INFO] - Number of Preset Malicious Clients is 0
[2025-11-04 00:22:46,373][root][INFO] - Number of Preset Benign Clients is 6
[2025-11-04 00:22:46,373][root][INFO] - Average poisoning accuracy: 0.7475999999999998
KMeans
intra_cluster distance is 2.8554489473491107
Now, comb_C is [0 0 0 0 0 0]
[2025-11-04 00:22:46,385][root][INFO] - Clustering Accuracy is 1.0
length of good results is 6 and length of bad results is 0
acc_diff is 0
[2025-11-04 00:22:46,391][root][INFO] - Lambda is -13
Evaluate
[2025-11-04 00:22:50,055][root][INFO] - Global Poisoning Accuracy: 0.062
INFO flwr 2025-11-04 00:22:50,123 | server.py:119 | fit progress: (69, 194.521941781044, {'accuracy': 0.4417}, 4912.426601622021)
[2025-11-04 00:22:50,123][flwr][INFO] - fit progress: (69, 194.521941781044, {'accuracy': 0.4417}, 4912.426601622021)
DEBUG flwr 2025-11-04 00:22:50,123 | server.py:168 | evaluate_round 69: strategy sampled 15 clients (out of 50)
Configure Evaluate
[2025-11-04 00:22:50,123][flwr][DEBUG] - evaluate_round 69: strategy sampled 15 clients (out of 50)
DEBUG flwr 2025-11-04 00:22:59,350 | server.py:182 | evaluate_round 69 received 15 results and 0 failures
[2025-11-04 00:22:59,350][flwr][DEBUG] - evaluate_round 69 received 15 results and 0 failures
Aggregate evaluate
benign record is ['26', '17', '19', '2', '1', '49', '29', '20', '9', '23', '44', '21', '13', '27', '0', '7', '4', '8', '14', '25', '3', '16', '6', '5', '18']
valid results is [(6, 0.2159638679549971), (4, 0.07720316483755596), (4, 0.12754406578824273), (2, 0.00013015972945140675), (4, 8.376615047454834), (3, 0.002145478516467847), (3, 0.00035995550570078194), (9, 0.1282023975472839), (5, 2.4924553357996047), (2, 0.000108085176179884), (6, 0.9467375313033699)]
[2025-11-04 00:22:59,350][root][INFO] - Federated Accuracy: 0.8584375000000001
DEBUG flwr 2025-11-04 00:22:59,423 | server.py:218 | fit_round 70: strategy sampled 15 clients (out of 50)
Configure Fit
server round: 70
[2025-11-04 00:22:59,423][flwr][DEBUG] - fit_round 70: strategy sampled 15 clients (out of 50)
DEBUG flwr 2025-11-04 00:23:40,032 | server.py:232 | fit_round 70 received 15 results and 0 failures
[2025-11-04 00:23:40,032][flwr][DEBUG] - fit_round 70 received 15 results and 0 failures
malicious is ['0', '0', '0', '0', '0', '0']
[2025-11-04 00:24:04,850][root][INFO] - Number of Evil Clients: 9
[2025-11-04 00:24:04,851][root][INFO] - Number of Preset Malicious Clients is 0
[2025-11-04 00:24:04,851][root][INFO] - Number of Preset Benign Clients is 6
[2025-11-04 00:24:04,851][root][INFO] - Average poisoning accuracy: 0.803011111111111
KMeans
intra_cluster distance is 8.253248040847685
Now, comb_C is [0 0 0 0 0 0]
[2025-11-04 00:24:04,862][root][INFO] - Clustering Accuracy is 1.0
length of good results is 6 and length of bad results is 0
acc_diff is 0
[2025-11-04 00:24:04,868][root][INFO] - Lambda is -13
Evaluate
[2025-11-04 00:24:07,485][root][INFO] - Global Poisoning Accuracy: 0.0644
INFO flwr 2025-11-04 00:24:07,553 | server.py:119 | fit progress: (70, 201.1717655658722, {'accuracy': 0.4296}, 4989.857425305992)
[2025-11-04 00:24:07,553][flwr][INFO] - fit progress: (70, 201.1717655658722, {'accuracy': 0.4296}, 4989.857425305992)
DEBUG flwr 2025-11-04 00:24:07,554 | server.py:168 | evaluate_round 70: strategy sampled 15 clients (out of 50)
Configure Evaluate
[2025-11-04 00:24:07,554][flwr][DEBUG] - evaluate_round 70: strategy sampled 15 clients (out of 50)
DEBUG flwr 2025-11-04 00:24:16,828 | server.py:182 | evaluate_round 70 received 15 results and 0 failures
[2025-11-04 00:24:16,828][flwr][DEBUG] - evaluate_round 70 received 15 results and 0 failures
Aggregate evaluate
benign record is ['26', '17', '19', '2', '1', '49', '29', '20', '9', '23', '44', '21', '13', '27', '0', '7', '4', '8', '14', '25', '3', '16', '6', '5', '18']
valid results is [(6, 11.80901300907135), (9, 0.16130970629455987), (2, 0.00016516164760105312), (4, 0.15865874791052192), (2, 0.0003933632397092879), (3, 0.00017466353165218607)]
[2025-11-04 00:24:16,828][root][INFO] - Federated Accuracy: 0.8257384615384615
DEBUG flwr 2025-11-04 00:24:16,901 | server.py:218 | fit_round 71: strategy sampled 15 clients (out of 50)
Configure Fit
server round: 71
[2025-11-04 00:24:16,901][flwr][DEBUG] - fit_round 71: strategy sampled 15 clients (out of 50)
DEBUG flwr 2025-11-04 00:24:53,031 | server.py:232 | fit_round 71 received 15 results and 0 failures
[2025-11-04 00:24:53,031][flwr][DEBUG] - fit_round 71 received 15 results and 0 failures
malicious is ['0', '0', '0', '0', '0', '0', '0']
[2025-11-04 00:25:14,580][root][INFO] - Number of Evil Clients: 8
[2025-11-04 00:25:14,580][root][INFO] - Number of Preset Malicious Clients is 0
[2025-11-04 00:25:14,580][root][INFO] - Number of Preset Benign Clients is 7
[2025-11-04 00:25:14,580][root][INFO] - Average poisoning accuracy: 0.6690875000000001
KMeans
intra_cluster distance is 6.840400460005946
Now, comb_C is [0 0 0 0 0 0 0]
[2025-11-04 00:25:14,592][root][INFO] - Clustering Accuracy is 1.0
length of good results is 7 and length of bad results is 0
acc_diff is 0
[2025-11-04 00:25:14,598][root][INFO] - Lambda is -13
Evaluate
[2025-11-04 00:25:17,071][root][INFO] - Global Poisoning Accuracy: 0.0683
INFO flwr 2025-11-04 00:25:17,147 | server.py:119 | fit progress: (71, 206.94925129413605, {'accuracy': 0.4165}, 5059.450734898972)
[2025-11-04 00:25:17,147][flwr][INFO] - fit progress: (71, 206.94925129413605, {'accuracy': 0.4165}, 5059.450734898972)
DEBUG flwr 2025-11-04 00:25:17,147 | server.py:168 | evaluate_round 71: strategy sampled 15 clients (out of 50)
Configure Evaluate
[2025-11-04 00:25:17,147][flwr][DEBUG] - evaluate_round 71: strategy sampled 15 clients (out of 50)
DEBUG flwr 2025-11-04 00:25:26,462 | server.py:182 | evaluate_round 71 received 15 results and 0 failures
[2025-11-04 00:25:26,462][flwr][DEBUG] - evaluate_round 71 received 15 results and 0 failures
Aggregate evaluate
benign record is ['26', '17', '19', '2', '1', '49', '29', '20', '9', '23', '44', '21', '13', '27', '0', '7', '4', '8', '14', '25', '3', '16', '6', '5', '18']
valid results is [(3, 0.250759312097216), (2, 0.0007926764083094895), (9, 2.280189037322998), (4, 0.0027252859727013856), (6, 0.7189116589142941), (5, 2.651220554485917), (5, 1.10716418489028)]
[2025-11-04 00:25:26,462][root][INFO] - Federated Accuracy: 0.836635294117647
DEBUG flwr 2025-11-04 00:25:26,685 | server.py:218 | fit_round 72: strategy sampled 15 clients (out of 50)
Configure Fit
server round: 72
[2025-11-04 00:25:26,685][flwr][DEBUG] - fit_round 72: strategy sampled 15 clients (out of 50)
DEBUG flwr 2025-11-04 00:26:06,866 | server.py:232 | fit_round 72 received 15 results and 0 failures
[2025-11-04 00:26:06,866][flwr][DEBUG] - fit_round 72 received 15 results and 0 failures
malicious is ['0', '0', '0', '0', '0', '0']
[2025-11-04 00:26:28,116][root][INFO] - Number of Evil Clients: 9
[2025-11-04 00:26:28,116][root][INFO] - Number of Preset Malicious Clients is 0
[2025-11-04 00:26:28,116][root][INFO] - Number of Preset Benign Clients is 6
[2025-11-04 00:26:28,116][root][INFO] - Average poisoning accuracy: 0.8782555555555556
KMeans
intra_cluster distance is 3.2973763317054696
Now, comb_C is [0 0 0 0 0 0]
[2025-11-04 00:26:28,127][root][INFO] - Clustering Accuracy is 1.0
length of good results is 6 and length of bad results is 0
acc_diff is 0
[2025-11-04 00:26:28,133][root][INFO] - Lambda is -13
Evaluate
[2025-11-04 00:26:30,058][root][INFO] - Global Poisoning Accuracy: 0.0739
INFO flwr 2025-11-04 00:26:30,129 | server.py:119 | fit progress: (72, 194.1878354549408, {'accuracy': 0.4354}, 5132.433341720025)
[2025-11-04 00:26:30,129][flwr][INFO] - fit progress: (72, 194.1878354549408, {'accuracy': 0.4354}, 5132.433341720025)
DEBUG flwr 2025-11-04 00:26:30,130 | server.py:168 | evaluate_round 72: strategy sampled 15 clients (out of 50)
Configure Evaluate
[2025-11-04 00:26:30,130][flwr][DEBUG] - evaluate_round 72: strategy sampled 15 clients (out of 50)
DEBUG flwr 2025-11-04 00:26:39,551 | server.py:182 | evaluate_round 72 received 15 results and 0 failures
[2025-11-04 00:26:39,551][flwr][DEBUG] - evaluate_round 72 received 15 results and 0 failures
Aggregate evaluate
benign record is ['26', '17', '19', '2', '1', '49', '29', '20', '9', '23', '44', '21', '13', '27', '0', '7', '4', '8', '14', '25', '3', '16', '6', '5', '18']
valid results is [(5, 2.4213779729325324), (2, 0.00011743157301680185), (6, 11.278380036354065), (3, 0.0005095518281450495), (4, 0.748665929226263), (6, 1.265011434952612), (4, 9.080615282058716), (5, 1.0051231641118648), (6, 2.3817336107895244), (4, 0.06916390109108761), (4, 0.10751750483905198)]
[2025-11-04 00:26:39,551][root][INFO] - Federated Accuracy: 0.789091836734694
DEBUG flwr 2025-11-04 00:26:39,649 | server.py:218 | fit_round 73: strategy sampled 15 clients (out of 50)
Configure Fit
server round: 73
[2025-11-04 00:26:39,649][flwr][DEBUG] - fit_round 73: strategy sampled 15 clients (out of 50)
DEBUG flwr 2025-11-04 00:27:18,617 | server.py:232 | fit_round 73 received 15 results and 0 failures
[2025-11-04 00:27:18,617][flwr][DEBUG] - fit_round 73 received 15 results and 0 failures
malicious is ['0', '0', '0', '0', '0', '0']
[2025-11-04 00:27:42,219][root][INFO] - Number of Evil Clients: 9
[2025-11-04 00:27:42,219][root][INFO] - Number of Preset Malicious Clients is 0
[2025-11-04 00:27:42,219][root][INFO] - Number of Preset Benign Clients is 6
[2025-11-04 00:27:42,219][root][INFO] - Average poisoning accuracy: 0.632411111111111
KMeans
intra_cluster distance is 1.7090943393296434
Now, comb_C is [0 0 0 0 0 0]
[2025-11-04 00:27:42,230][root][INFO] - Clustering Accuracy is 1.0
length of good results is 6 and length of bad results is 0
acc_diff is 0
[2025-11-04 00:27:42,236][root][INFO] - Lambda is -13
Evaluate
[2025-11-04 00:27:43,854][root][INFO] - Global Poisoning Accuracy: 0.0724
INFO flwr 2025-11-04 00:27:43,922 | server.py:119 | fit progress: (73, 193.15390419960022, {'accuracy': 0.4427}, 5206.225631732028)
[2025-11-04 00:27:43,922][flwr][INFO] - fit progress: (73, 193.15390419960022, {'accuracy': 0.4427}, 5206.225631732028)
DEBUG flwr 2025-11-04 00:27:43,922 | server.py:168 | evaluate_round 73: strategy sampled 15 clients (out of 50)
Configure Evaluate
[2025-11-04 00:27:43,922][flwr][DEBUG] - evaluate_round 73: strategy sampled 15 clients (out of 50)
DEBUG flwr 2025-11-04 00:27:53,145 | server.py:182 | evaluate_round 73 received 15 results and 0 failures
[2025-11-04 00:27:53,145][flwr][DEBUG] - evaluate_round 73 received 15 results and 0 failures
Aggregate evaluate
benign record is ['26', '17', '19', '2', '1', '49', '29', '20', '9', '23', '44', '21', '13', '27', '0', '7', '4', '8', '14', '25', '3', '16', '6', '5', '18']
valid results is [(4, 8.87345290184021), (4, 0.8023328970502916), (4, 0.0004031603930343408), (6, 1.0736699052431504), (6, 2.3573269080079626), (5, 2.5617642356082797), (6, 0.7539568164302182), (6, 0.23549015789831174)]
[2025-11-04 00:27:53,145][root][INFO] - Federated Accuracy: 0.8235048780487805
DEBUG flwr 2025-11-04 00:27:53,341 | server.py:218 | fit_round 74: strategy sampled 15 clients (out of 50)
Configure Fit
server round: 74
[2025-11-04 00:27:53,341][flwr][DEBUG] - fit_round 74: strategy sampled 15 clients (out of 50)
DEBUG flwr 2025-11-04 00:28:32,188 | server.py:232 | fit_round 74 received 15 results and 0 failures
[2025-11-04 00:28:32,188][flwr][DEBUG] - fit_round 74 received 15 results and 0 failures
malicious is ['0', '0', '0', '0', '0']
[2025-11-04 00:28:57,416][root][INFO] - Number of Evil Clients: 10
[2025-11-04 00:28:57,416][root][INFO] - Number of Preset Malicious Clients is 0
[2025-11-04 00:28:57,416][root][INFO] - Number of Preset Benign Clients is 5
[2025-11-04 00:28:57,416][root][INFO] - Average poisoning accuracy: 0.8040299999999998
KMeans
intra_cluster distance is 2.359756331780808
Now, comb_C is [0 0 0 0 0]
[2025-11-04 00:28:57,427][root][INFO] - Clustering Accuracy is 1.0
length of good results is 5 and length of bad results is 0
acc_diff is 0
[2025-11-04 00:28:57,432][root][INFO] - Lambda is -13
Evaluate
[2025-11-04 00:28:59,743][root][INFO] - Global Poisoning Accuracy: 0.0818
INFO flwr 2025-11-04 00:28:59,823 | server.py:119 | fit progress: (74, 195.82996201515198, {'accuracy': 0.4372}, 5282.1268779480015)
[2025-11-04 00:28:59,823][flwr][INFO] - fit progress: (74, 195.82996201515198, {'accuracy': 0.4372}, 5282.1268779480015)
DEBUG flwr 2025-11-04 00:28:59,823 | server.py:168 | evaluate_round 74: strategy sampled 15 clients (out of 50)
Configure Evaluate
[2025-11-04 00:28:59,823][flwr][DEBUG] - evaluate_round 74: strategy sampled 15 clients (out of 50)
DEBUG flwr 2025-11-04 00:29:09,109 | server.py:182 | evaluate_round 74 received 15 results and 0 failures
[2025-11-04 00:29:09,109][flwr][DEBUG] - evaluate_round 74 received 15 results and 0 failures
Aggregate evaluate
benign record is ['26', '17', '19', '2', '1', '49', '29', '20', '9', '23', '44', '21', '13', '27', '0', '7', '4', '8', '14', '25', '3', '16', '6', '5', '18']
valid results is [(4, 0.10440613617538475), (9, 6.217251807451248), (2, 0.0004959134676028043), (2, 6.947245492483489e-05), (3, 8.422439532296266e-05), (6, 2.189287725253962)]
[2025-11-04 00:29:09,109][root][INFO] - Federated Accuracy: 0.817376923076923
DEBUG flwr 2025-11-04 00:29:09,183 | server.py:218 | fit_round 75: strategy sampled 15 clients (out of 50)
Configure Fit
server round: 75
[2025-11-04 00:29:09,183][flwr][DEBUG] - fit_round 75: strategy sampled 15 clients (out of 50)
DEBUG flwr 2025-11-04 00:29:45,640 | server.py:232 | fit_round 75 received 15 results and 0 failures
[2025-11-04 00:29:45,640][flwr][DEBUG] - fit_round 75 received 15 results and 0 failures
malicious is ['0', '0', '0', '0', '0', '0']
[2025-11-04 00:30:07,087][root][INFO] - Number of Evil Clients: 9
[2025-11-04 00:30:07,087][root][INFO] - Number of Preset Malicious Clients is 0
[2025-11-04 00:30:07,087][root][INFO] - Number of Preset Benign Clients is 6
[2025-11-04 00:30:07,087][root][INFO] - Average poisoning accuracy: 0.5431777777777778
KMeans
intra_cluster distance is 7.194266257477495
Now, comb_C is [0 0 0 0 0 0]
[2025-11-04 00:30:07,098][root][INFO] - Clustering Accuracy is 1.0
length of good results is 6 and length of bad results is 0
acc_diff is 0
[2025-11-04 00:30:07,104][root][INFO] - Lambda is -13
Evaluate
[2025-11-04 00:30:09,742][root][INFO] - Global Poisoning Accuracy: 0.088
INFO flwr 2025-11-04 00:30:09,817 | server.py:119 | fit progress: (75, 201.51031076908112, {'accuracy': 0.4265}, 5352.121005949972)
[2025-11-04 00:30:09,817][flwr][INFO] - fit progress: (75, 201.51031076908112, {'accuracy': 0.4265}, 5352.121005949972)
DEBUG flwr 2025-11-04 00:30:09,817 | server.py:168 | evaluate_round 75: strategy sampled 15 clients (out of 50)
Configure Evaluate
[2025-11-04 00:30:09,817][flwr][DEBUG] - evaluate_round 75: strategy sampled 15 clients (out of 50)
DEBUG flwr 2025-11-04 00:30:19,456 | server.py:182 | evaluate_round 75 received 15 results and 0 failures
[2025-11-04 00:30:19,456][flwr][DEBUG] - evaluate_round 75 received 15 results and 0 failures
Aggregate evaluate
benign record is ['26', '17', '19', '2', '1', '49', '29', '20', '9', '23', '44', '21', '13', '27', '0', '7', '4', '8', '14', '25', '3', '16', '6', '5', '18']
valid results is [(4, 0.18551238127110992), (6, 1.2380933081294643), (6, 0.6057552661804948), (6, 0.0017841127410065383), (6, 0.915078988080495)]
[2025-11-04 00:30:19,456][root][INFO] - Federated Accuracy: 0.8738857142857143
DEBUG flwr 2025-11-04 00:30:19,657 | server.py:218 | fit_round 76: strategy sampled 15 clients (out of 50)
Configure Fit
server round: 76
[2025-11-04 00:30:19,657][flwr][DEBUG] - fit_round 76: strategy sampled 15 clients (out of 50)
DEBUG flwr 2025-11-04 00:30:56,704 | server.py:232 | fit_round 76 received 15 results and 0 failures
[2025-11-04 00:30:56,704][flwr][DEBUG] - fit_round 76 received 15 results and 0 failures
malicious is ['0', '0', '0', '0', '0']
[2025-11-04 00:31:20,491][root][INFO] - Number of Evil Clients: 10
[2025-11-04 00:31:20,491][root][INFO] - Number of Preset Malicious Clients is 0
[2025-11-04 00:31:20,491][root][INFO] - Number of Preset Benign Clients is 5
[2025-11-04 00:31:20,491][root][INFO] - Average poisoning accuracy: 0.82276
KMeans
intra_cluster distance is 4.6176304891702555
Now, comb_C is [0 0 0 0 0]
[2025-11-04 00:31:20,502][root][INFO] - Clustering Accuracy is 1.0
length of good results is 5 and length of bad results is 0
acc_diff is 0
[2025-11-04 00:31:20,508][root][INFO] - Lambda is -13
Evaluate
[2025-11-04 00:31:22,405][root][INFO] - Global Poisoning Accuracy: 0.0753
INFO flwr 2025-11-04 00:31:22,475 | server.py:119 | fit progress: (76, 193.9728081226349, {'accuracy': 0.4363}, 5424.778576117009)
[2025-11-04 00:31:22,475][flwr][INFO] - fit progress: (76, 193.9728081226349, {'accuracy': 0.4363}, 5424.778576117009)
DEBUG flwr 2025-11-04 00:31:22,475 | server.py:168 | evaluate_round 76: strategy sampled 15 clients (out of 50)
Configure Evaluate
[2025-11-04 00:31:22,475][flwr][DEBUG] - evaluate_round 76: strategy sampled 15 clients (out of 50)
DEBUG flwr 2025-11-04 00:31:31,876 | server.py:182 | evaluate_round 76 received 15 results and 0 failures
[2025-11-04 00:31:31,876][flwr][DEBUG] - evaluate_round 76 received 15 results and 0 failures
Aggregate evaluate
benign record is ['26', '17', '19', '2', '1', '49', '29', '20', '9', '23', '44', '21', '13', '27', '0', '7', '4', '8', '14', '25', '3', '16', '6', '5', '18']
valid results is [(2, 0.00024355834466405213), (6, 1.2620104218076449), (9, 4.486595809459686), (2, 0.0007199465180747211), (5, 0.0043945577926933765), (9, 0.1411008490176755), (6, 0.7879172991379164), (4, 0.0007813696429366246), (3, 0.0025722770078573376), (4, 9.006271600723267)]
[2025-11-04 00:31:31,877][root][INFO] - Federated Accuracy: 0.8294459999999999
DEBUG flwr 2025-11-04 00:31:31,953 | server.py:218 | fit_round 77: strategy sampled 15 clients (out of 50)
Configure Fit
server round: 77
[2025-11-04 00:31:31,953][flwr][DEBUG] - fit_round 77: strategy sampled 15 clients (out of 50)
DEBUG flwr 2025-11-04 00:32:11,187 | server.py:232 | fit_round 77 received 15 results and 0 failures
[2025-11-04 00:32:11,187][flwr][DEBUG] - fit_round 77 received 15 results and 0 failures
malicious is ['0', '0', '0', '0', '0']
[2025-11-04 00:32:32,329][root][INFO] - Number of Evil Clients: 10
[2025-11-04 00:32:32,330][root][INFO] - Number of Preset Malicious Clients is 0
[2025-11-04 00:32:32,330][root][INFO] - Number of Preset Benign Clients is 5
[2025-11-04 00:32:32,330][root][INFO] - Average poisoning accuracy: 0.8450099999999999
KMeans
intra_cluster distance is 3.9967891808977862
Now, comb_C is [0 0 0 0 0]
[2025-11-04 00:32:32,341][root][INFO] - Clustering Accuracy is 1.0
length of good results is 5 and length of bad results is 0
acc_diff is 0
[2025-11-04 00:32:32,346][root][INFO] - Lambda is -13
Evaluate
[2025-11-04 00:32:34,039][root][INFO] - Global Poisoning Accuracy: 0.0576
INFO flwr 2025-11-04 00:32:34,107 | server.py:119 | fit progress: (77, 192.70691680908203, {'accuracy': 0.4362}, 5496.410883180972)
[2025-11-04 00:32:34,107][flwr][INFO] - fit progress: (77, 192.70691680908203, {'accuracy': 0.4362}, 5496.410883180972)
DEBUG flwr 2025-11-04 00:32:34,107 | server.py:168 | evaluate_round 77: strategy sampled 15 clients (out of 50)
Configure Evaluate
[2025-11-04 00:32:34,107][flwr][DEBUG] - evaluate_round 77: strategy sampled 15 clients (out of 50)
DEBUG flwr 2025-11-04 00:32:43,458 | server.py:182 | evaluate_round 77 received 15 results and 0 failures
[2025-11-04 00:32:43,458][flwr][DEBUG] - evaluate_round 77 received 15 results and 0 failures
Aggregate evaluate
benign record is ['26', '17', '19', '2', '1', '49', '29', '20', '9', '23', '44', '21', '13', '27', '0', '7', '4', '8', '14', '25', '3', '16', '6', '5', '18']
valid results is [(6, 0.18466810037352843), (4, 0.7530536888589268), (2, 0.0001342431132798083), (6, 1.219951811755891), (2, 0.00023881282322690822), (5, 1.1969435868850269), (2, 0.00015034178068162873), (4, 0.2857639957946958)]
[2025-11-04 00:32:43,458][root][INFO] - Federated Accuracy: 0.8810129032258064
DEBUG flwr 2025-11-04 00:32:43,675 | server.py:218 | fit_round 78: strategy sampled 15 clients (out of 50)
Configure Fit
server round: 78
[2025-11-04 00:32:43,675][flwr][DEBUG] - fit_round 78: strategy sampled 15 clients (out of 50)
DEBUG flwr 2025-11-04 00:33:19,328 | server.py:232 | fit_round 78 received 15 results and 0 failures
[2025-11-04 00:33:19,328][flwr][DEBUG] - fit_round 78 received 15 results and 0 failures
malicious is ['0', '0', '0', '0']
[2025-11-04 00:33:42,027][root][INFO] - Number of Evil Clients: 11
[2025-11-04 00:33:42,027][root][INFO] - Number of Preset Malicious Clients is 0
[2025-11-04 00:33:42,027][root][INFO] - Number of Preset Benign Clients is 4
[2025-11-04 00:33:42,027][root][INFO] - Average poisoning accuracy: 0.6949272727272727
KMeans
intra_cluster distance is 3.5417598013067346
Now, comb_C is [0 0 0 0]
[2025-11-04 00:33:42,038][root][INFO] - Clustering Accuracy is 1.0
length of good results is 4 and length of bad results is 0
acc_diff is 0
[2025-11-04 00:33:42,044][root][INFO] - Lambda is -13
Evaluate
[2025-11-04 00:33:45,392][root][INFO] - Global Poisoning Accuracy: 0.0423
INFO flwr 2025-11-04 00:33:45,461 | server.py:119 | fit progress: (78, 196.48819088935852, {'accuracy': 0.4359}, 5567.765164908022)
[2025-11-04 00:33:45,461][flwr][INFO] - fit progress: (78, 196.48819088935852, {'accuracy': 0.4359}, 5567.765164908022)
DEBUG flwr 2025-11-04 00:33:45,461 | server.py:168 | evaluate_round 78: strategy sampled 15 clients (out of 50)
Configure Evaluate
[2025-11-04 00:33:45,461][flwr][DEBUG] - evaluate_round 78: strategy sampled 15 clients (out of 50)
DEBUG flwr 2025-11-04 00:33:55,248 | server.py:182 | evaluate_round 78 received 15 results and 0 failures
[2025-11-04 00:33:55,248][flwr][DEBUG] - evaluate_round 78 received 15 results and 0 failures
Aggregate evaluate
benign record is ['26', '17', '19', '2', '1', '49', '29', '20', '9', '23', '44', '21', '13', '27', '0', '7', '4', '8', '14', '25', '3', '16', '6', '5', '18']
valid results is [(4, 0.11820897168945521), (2, 0.00026321531913708895), (6, 0.002022880369622726), (2, 0.0004054914097650908), (3, 0.1691725949785905), (2, 0.00011895257921423763)]
[2025-11-04 00:33:55,248][root][INFO] - Federated Accuracy: 0.8518315789473686
DEBUG flwr 2025-11-04 00:33:55,317 | server.py:218 | fit_round 79: strategy sampled 15 clients (out of 50)
Configure Fit
server round: 79
[2025-11-04 00:33:55,317][flwr][DEBUG] - fit_round 79: strategy sampled 15 clients (out of 50)
DEBUG flwr 2025-11-04 00:34:30,573 | server.py:232 | fit_round 79 received 15 results and 0 failures
[2025-11-04 00:34:30,573][flwr][DEBUG] - fit_round 79 received 15 results and 0 failures
malicious is ['0', '0', '0', '0', '0', '0', '0', '0', '0', '0']
[2025-11-04 00:34:37,542][root][INFO] - Number of Evil Clients: 5
[2025-11-04 00:34:37,542][root][INFO] - Number of Preset Malicious Clients is 0
[2025-11-04 00:34:37,542][root][INFO] - Number of Preset Benign Clients is 10
[2025-11-04 00:34:37,542][root][INFO] - Average poisoning accuracy: 0.40616
KMeans
intra_cluster distance is 1.7764873610475511
Now, comb_C is [0 0 0 0 0 0 0 0 0 0]
[2025-11-04 00:34:37,553][root][INFO] - Clustering Accuracy is 1.0
length of good results is 10 and length of bad results is 0
acc_diff is 0
[2025-11-04 00:34:37,559][root][INFO] - Lambda is -13
Evaluate
[2025-11-04 00:34:40,495][root][INFO] - Global Poisoning Accuracy: 0.0571
INFO flwr 2025-11-04 00:34:40,564 | server.py:119 | fit progress: (79, 193.40381824970245, {'accuracy': 0.4374}, 5622.868268044025)
[2025-11-04 00:34:40,564][flwr][INFO] - fit progress: (79, 193.40381824970245, {'accuracy': 0.4374}, 5622.868268044025)
DEBUG flwr 2025-11-04 00:34:40,564 | server.py:168 | evaluate_round 79: strategy sampled 15 clients (out of 50)
Configure Evaluate
[2025-11-04 00:34:40,564][flwr][DEBUG] - evaluate_round 79: strategy sampled 15 clients (out of 50)
DEBUG flwr 2025-11-04 00:34:50,039 | server.py:182 | evaluate_round 79 received 15 results and 0 failures
[2025-11-04 00:34:50,039][flwr][DEBUG] - evaluate_round 79 received 15 results and 0 failures
Aggregate evaluate
benign record is ['26', '17', '19', '2', '1', '49', '29', '20', '9', '23', '44', '21', '13', '27', '0', '7', '4', '8', '14', '25', '3', '16', '6', '5', '18']
valid results is [(5, 1.1475100478601234), (5, 0.0018906974873971194), (6, 0.642915726872161), (6, 0.9045067615006701), (6, 2.724344383983407), (4, 0.0006992121489020064), (6, 0.18237152603978757), (4, 0.2014150156683172)]
[2025-11-04 00:34:50,039][root][INFO] - Federated Accuracy: 0.85605
DEBUG flwr 2025-11-04 00:34:50,252 | server.py:218 | fit_round 80: strategy sampled 15 clients (out of 50)
Configure Fit
server round: 80
[2025-11-04 00:34:50,252][flwr][DEBUG] - fit_round 80: strategy sampled 15 clients (out of 50)
DEBUG flwr 2025-11-04 00:35:26,223 | server.py:232 | fit_round 80 received 15 results and 0 failures
[2025-11-04 00:35:26,223][flwr][DEBUG] - fit_round 80 received 15 results and 0 failures
malicious is ['0', '0', '0', '0', '0', '0']
[2025-11-04 00:35:43,807][root][INFO] - Number of Evil Clients: 9
[2025-11-04 00:35:43,807][root][INFO] - Number of Preset Malicious Clients is 0
[2025-11-04 00:35:43,807][root][INFO] - Number of Preset Benign Clients is 6
[2025-11-04 00:35:43,807][root][INFO] - Average poisoning accuracy: 0.6792888888888888
KMeans
intra_cluster distance is 2.844876307183396
Now, comb_C is [0 0 0 0 0 0]
[2025-11-04 00:35:43,864][root][INFO] - Clustering Accuracy is 1.0
length of good results is 6 and length of bad results is 0
acc_diff is 0
[2025-11-04 00:35:43,924][root][INFO] - Lambda is -13
Evaluate
[2025-11-04 00:35:46,088][root][INFO] - Global Poisoning Accuracy: 0.0641
INFO flwr 2025-11-04 00:35:46,156 | server.py:119 | fit progress: (80, 192.7061196565628, {'accuracy': 0.4395}, 5688.460105619975)
[2025-11-04 00:35:46,156][flwr][INFO] - fit progress: (80, 192.7061196565628, {'accuracy': 0.4395}, 5688.460105619975)
DEBUG flwr 2025-11-04 00:35:46,156 | server.py:168 | evaluate_round 80: strategy sampled 15 clients (out of 50)
Configure Evaluate
[2025-11-04 00:35:46,156][flwr][DEBUG] - evaluate_round 80: strategy sampled 15 clients (out of 50)
DEBUG flwr 2025-11-04 00:35:55,808 | server.py:182 | evaluate_round 80 received 15 results and 0 failures
[2025-11-04 00:35:55,808][flwr][DEBUG] - evaluate_round 80 received 15 results and 0 failures
Aggregate evaluate
benign record is ['26', '17', '19', '2', '1', '49', '29', '20', '9', '23', '44', '21', '13', '27', '0', '7', '4', '8', '14', '25', '3', '16', '6', '5', '18']
valid results is [(4, 9.28740918636322), (3, 0.17243083519861102), (6, 2.5375734558110707), (5, 0.0022924475197214633), (2, 0.0005250489630270749), (6, 10.19203495979309)]
[2025-11-04 00:35:55,808][root][INFO] - Federated Accuracy: 0.7218769230769232
DEBUG flwr 2025-11-04 00:35:55,878 | server.py:218 | fit_round 81: strategy sampled 15 clients (out of 50)
Configure Fit
server round: 81
[2025-11-04 00:35:55,878][flwr][DEBUG] - fit_round 81: strategy sampled 15 clients (out of 50)
DEBUG flwr 2025-11-04 00:36:31,789 | server.py:232 | fit_round 81 received 15 results and 0 failures
[2025-11-04 00:36:31,789][flwr][DEBUG] - fit_round 81 received 15 results and 0 failures
malicious is ['0', '0', '0', '0', '0', '0', '0', '0', '0']
[2025-11-04 00:36:45,763][root][INFO] - Number of Evil Clients: 6
[2025-11-04 00:36:45,763][root][INFO] - Number of Preset Malicious Clients is 0
[2025-11-04 00:36:45,763][root][INFO] - Number of Preset Benign Clients is 9
[2025-11-04 00:36:45,763][root][INFO] - Average poisoning accuracy: 0.58495
KMeans
intra_cluster distance is 2.839579620667755
Now, comb_C is [0 0 0 0 0 0 0 0 0]
[2025-11-04 00:36:45,774][root][INFO] - Clustering Accuracy is 1.0
length of good results is 9 and length of bad results is 0
acc_diff is 0
[2025-11-04 00:36:45,781][root][INFO] - Lambda is -13
Evaluate
[2025-11-04 00:36:47,577][root][INFO] - Global Poisoning Accuracy: 0.06
INFO flwr 2025-11-04 00:36:47,646 | server.py:119 | fit progress: (81, 193.83660507202148, {'accuracy': 0.444}, 5749.9496528569725)
[2025-11-04 00:36:47,646][flwr][INFO] - fit progress: (81, 193.83660507202148, {'accuracy': 0.444}, 5749.9496528569725)
DEBUG flwr 2025-11-04 00:36:47,646 | server.py:168 | evaluate_round 81: strategy sampled 15 clients (out of 50)
Configure Evaluate
[2025-11-04 00:36:47,646][flwr][DEBUG] - evaluate_round 81: strategy sampled 15 clients (out of 50)
DEBUG flwr 2025-11-04 00:36:56,957 | server.py:182 | evaluate_round 81 received 15 results and 0 failures
[2025-11-04 00:36:56,957][flwr][DEBUG] - evaluate_round 81 received 15 results and 0 failures
Aggregate evaluate
benign record is ['26', '17', '19', '2', '1', '49', '29', '20', '9', '23', '44', '21', '13', '27', '0', '7', '4', '8', '14', '25', '3', '16', '6', '5', '18']
valid results is [(4, 0.00028756284882547334), (3, 8.217399590648711e-05), (6, 0.9820146482816199), (2, 5.0555545385577716e-05), (2, 0.00028224467678228393), (5, 0.0011794671008829027)]
[2025-11-04 00:36:56,958][root][INFO] - Federated Accuracy: 0.8656727272727273
DEBUG flwr 2025-11-04 00:36:57,174 | server.py:218 | fit_round 82: strategy sampled 15 clients (out of 50)
Configure Fit
server round: 82
[2025-11-04 00:36:57,174][flwr][DEBUG] - fit_round 82: strategy sampled 15 clients (out of 50)
DEBUG flwr 2025-11-04 00:37:36,037 | server.py:232 | fit_round 82 received 15 results and 0 failures
[2025-11-04 00:37:36,037][flwr][DEBUG] - fit_round 82 received 15 results and 0 failures
malicious is ['0', '0', '0', '0', '0', '0']
[2025-11-04 00:37:56,019][root][INFO] - Number of Evil Clients: 9
[2025-11-04 00:37:56,019][root][INFO] - Number of Preset Malicious Clients is 0
[2025-11-04 00:37:56,019][root][INFO] - Number of Preset Benign Clients is 6
[2025-11-04 00:37:56,020][root][INFO] - Average poisoning accuracy: 0.6278777777777776
KMeans
intra_cluster distance is 2.64099779685161
Now, comb_C is [0 0 0 0 0 0]
[2025-11-04 00:37:56,031][root][INFO] - Clustering Accuracy is 1.0
length of good results is 6 and length of bad results is 0
acc_diff is 0
[2025-11-04 00:37:56,036][root][INFO] - Lambda is -13
Evaluate
[2025-11-04 00:37:58,698][root][INFO] - Global Poisoning Accuracy: 0.0621
INFO flwr 2025-11-04 00:37:58,766 | server.py:119 | fit progress: (82, 189.79932475090027, {'accuracy': 0.447}, 5821.07001315098)
[2025-11-04 00:37:58,766][flwr][INFO] - fit progress: (82, 189.79932475090027, {'accuracy': 0.447}, 5821.07001315098)
DEBUG flwr 2025-11-04 00:37:58,766 | server.py:168 | evaluate_round 82: strategy sampled 15 clients (out of 50)
Configure Evaluate
[2025-11-04 00:37:58,766][flwr][DEBUG] - evaluate_round 82: strategy sampled 15 clients (out of 50)
DEBUG flwr 2025-11-04 00:38:08,230 | server.py:182 | evaluate_round 82 received 15 results and 0 failures
[2025-11-04 00:38:08,230][flwr][DEBUG] - evaluate_round 82 received 15 results and 0 failures
Aggregate evaluate
benign record is ['26', '17', '19', '2', '1', '49', '29', '20', '9', '23', '44', '21', '13', '27', '0', '7', '4', '8', '14', '25', '3', '16', '6', '5', '18']
valid results is [(3, 0.00034714554203674197), (9, 0.24445008570182836), (4, 0.0002819415349222254), (4, 9.265003323554993), (2, 0.0002293760990141891), (4, 0.24385143753897864), (3, 8.006894859136082e-05)]
[2025-11-04 00:38:08,230][root][INFO] - Federated Accuracy: 0.830751724137931
DEBUG flwr 2025-11-04 00:38:08,304 | server.py:218 | fit_round 83: strategy sampled 15 clients (out of 50)
Configure Fit
server round: 83
[2025-11-04 00:38:08,304][flwr][DEBUG] - fit_round 83: strategy sampled 15 clients (out of 50)
DEBUG flwr 2025-11-04 00:38:46,096 | server.py:232 | fit_round 83 received 15 results and 0 failures
[2025-11-04 00:38:46,096][flwr][DEBUG] - fit_round 83 received 15 results and 0 failures
malicious is ['0', '0', '0', '0', '0', '0', '0']
[2025-11-04 00:39:04,289][root][INFO] - Number of Evil Clients: 8
[2025-11-04 00:39:04,289][root][INFO] - Number of Preset Malicious Clients is 0
[2025-11-04 00:39:04,289][root][INFO] - Number of Preset Benign Clients is 7
[2025-11-04 00:39:04,290][root][INFO] - Average poisoning accuracy: 0.5576875
KMeans
intra_cluster distance is 1.5631397548994306
Now, comb_C is [0 0 0 0 0 0 0]
[2025-11-04 00:39:04,301][root][INFO] - Clustering Accuracy is 1.0
length of good results is 7 and length of bad results is 0
acc_diff is 0
[2025-11-04 00:39:04,307][root][INFO] - Lambda is -13
Evaluate
[2025-11-04 00:39:07,096][root][INFO] - Global Poisoning Accuracy: 0.0559
INFO flwr 2025-11-04 00:39:07,165 | server.py:119 | fit progress: (83, 193.10986924171448, {'accuracy': 0.442}, 5889.4688912919955)
[2025-11-04 00:39:07,165][flwr][INFO] - fit progress: (83, 193.10986924171448, {'accuracy': 0.442}, 5889.4688912919955)
DEBUG flwr 2025-11-04 00:39:07,165 | server.py:168 | evaluate_round 83: strategy sampled 15 clients (out of 50)
Configure Evaluate
[2025-11-04 00:39:07,165][flwr][DEBUG] - evaluate_round 83: strategy sampled 15 clients (out of 50)
DEBUG flwr 2025-11-04 00:39:16,612 | server.py:182 | evaluate_round 83 received 15 results and 0 failures
[2025-11-04 00:39:16,612][flwr][DEBUG] - evaluate_round 83 received 15 results and 0 failures
Aggregate evaluate
benign record is ['26', '17', '19', '2', '1', '49', '29', '20', '9', '23', '44', '21', '13', '27', '0', '7', '4', '8', '14', '25', '3', '16', '6', '5', '18']
valid results is [(3, 0.00030820307074463926), (5, 2.5668694481719285), (5, 0.0005151164077688009), (6, 0.0003287118815933354), (2, 5.211691859585699e-05), (4, 0.06291533662442816), (9, 5.285371422767639), (6, 0.8569631140526326)]
[2025-11-04 00:39:16,613][root][INFO] - Federated Accuracy: 0.8310299999999999
DEBUG flwr 2025-11-04 00:39:16,814 | server.py:218 | fit_round 84: strategy sampled 15 clients (out of 50)
Configure Fit
server round: 84
[2025-11-04 00:39:16,814][flwr][DEBUG] - fit_round 84: strategy sampled 15 clients (out of 50)
DEBUG flwr 2025-11-04 00:39:57,274 | server.py:232 | fit_round 84 received 15 results and 0 failures
[2025-11-04 00:39:57,274][flwr][DEBUG] - fit_round 84 received 15 results and 0 failures
malicious is ['0', '0', '0', '0', '0', '0', '0', '0']
[2025-11-04 00:40:14,779][root][INFO] - Number of Evil Clients: 7
[2025-11-04 00:40:14,780][root][INFO] - Number of Preset Malicious Clients is 0
[2025-11-04 00:40:14,780][root][INFO] - Number of Preset Benign Clients is 8
[2025-11-04 00:40:14,780][root][INFO] - Average poisoning accuracy: 0.857057142857143
KMeans
intra_cluster distance is 7.277136004545833
Now, comb_C is [0 0 0 0 0 0 0 0]
[2025-11-04 00:40:14,790][root][INFO] - Clustering Accuracy is 1.0
length of good results is 8 and length of bad results is 0
acc_diff is 0
[2025-11-04 00:40:14,796][root][INFO] - Lambda is -13
Evaluate
[2025-11-04 00:40:16,456][root][INFO] - Global Poisoning Accuracy: 0.0649
INFO flwr 2025-11-04 00:40:16,525 | server.py:119 | fit progress: (84, 195.30012226104736, {'accuracy': 0.4396}, 5958.828967399022)
[2025-11-04 00:40:16,525][flwr][INFO] - fit progress: (84, 195.30012226104736, {'accuracy': 0.4396}, 5958.828967399022)
DEBUG flwr 2025-11-04 00:40:16,525 | server.py:168 | evaluate_round 84: strategy sampled 15 clients (out of 50)
Configure Evaluate
[2025-11-04 00:40:16,525][flwr][DEBUG] - evaluate_round 84: strategy sampled 15 clients (out of 50)
DEBUG flwr 2025-11-04 00:40:25,472 | server.py:182 | evaluate_round 84 received 15 results and 0 failures
[2025-11-04 00:40:25,472][flwr][DEBUG] - evaluate_round 84 received 15 results and 0 failures
Aggregate evaluate
benign record is ['26', '17', '19', '2', '1', '49', '29', '20', '9', '23', '44', '21', '13', '27', '0', '7', '4', '8', '14', '25', '3', '16', '6', '5', '18']
valid results is [(2, 8.763633013586514e-05), (3, 0.0005898336385143921), (9, 0.32567123609624105), (6, 0.0006272534956224263), (5, 1.162460684292455), (4, 9.34612262248993)]
[2025-11-04 00:40:25,472][root][INFO] - Federated Accuracy: 0.8302034482758622
DEBUG flwr 2025-11-04 00:40:25,547 | server.py:218 | fit_round 85: strategy sampled 15 clients (out of 50)
Configure Fit
server round: 85
[2025-11-04 00:40:25,547][flwr][DEBUG] - fit_round 85: strategy sampled 15 clients (out of 50)
DEBUG flwr 2025-11-04 00:41:03,220 | server.py:232 | fit_round 85 received 15 results and 0 failures
[2025-11-04 00:41:03,220][flwr][DEBUG] - fit_round 85 received 15 results and 0 failures
malicious is ['0', '0', '0']
[2025-11-04 00:41:30,844][root][INFO] - Number of Evil Clients: 12
[2025-11-04 00:41:30,844][root][INFO] - Number of Preset Malicious Clients is 0
[2025-11-04 00:41:30,844][root][INFO] - Number of Preset Benign Clients is 3
[2025-11-04 00:41:30,844][root][INFO] - Average poisoning accuracy: 0.769275
KMeans
intra_cluster distance is 6.3203584846083
Now, comb_C is [0 0 0]
[2025-11-04 00:41:30,856][root][INFO] - Clustering Accuracy is 1.0
length of good results is 3 and length of bad results is 0
acc_diff is 0
[2025-11-04 00:41:30,862][root][INFO] - Lambda is -13
Evaluate
[2025-11-04 00:41:32,703][root][INFO] - Global Poisoning Accuracy: 0.0544
INFO flwr 2025-11-04 00:41:32,888 | server.py:119 | fit progress: (85, 229.59353971481323, {'accuracy': 0.3872}, 6035.1918509859825)
[2025-11-04 00:41:32,888][flwr][INFO] - fit progress: (85, 229.59353971481323, {'accuracy': 0.3872}, 6035.1918509859825)
DEBUG flwr 2025-11-04 00:41:32,888 | server.py:168 | evaluate_round 85: strategy sampled 15 clients (out of 50)
Configure Evaluate
[2025-11-04 00:41:32,888][flwr][DEBUG] - evaluate_round 85: strategy sampled 15 clients (out of 50)
DEBUG flwr 2025-11-04 00:41:42,471 | server.py:182 | evaluate_round 85 received 15 results and 0 failures
[2025-11-04 00:41:42,471][flwr][DEBUG] - evaluate_round 85 received 15 results and 0 failures
Aggregate evaluate
benign record is ['26', '17', '19', '2', '1', '49', '29', '20', '9', '23', '44', '21', '13', '27', '0', '7', '4', '8', '14', '25', '3', '16', '6', '5', '18']
valid results is [(5, 1.172341536206659), (5, 0.04330056859180331), (6, 2.809960662969388), (4, 11.958179473876953), (2, 0.0036790170706808567), (6, 1.5907272533513606), (6, 0.6419362046290189)]
[2025-11-04 00:41:42,471][root][INFO] - Federated Accuracy: 0.7927176470588234
DEBUG flwr 2025-11-04 00:41:42,542 | server.py:218 | fit_round 86: strategy sampled 15 clients (out of 50)
Configure Fit
server round: 86
[2025-11-04 00:41:42,542][flwr][DEBUG] - fit_round 86: strategy sampled 15 clients (out of 50)
DEBUG flwr 2025-11-04 00:42:22,799 | server.py:232 | fit_round 86 received 15 results and 0 failures
[2025-11-04 00:42:22,799][flwr][DEBUG] - fit_round 86 received 15 results and 0 failures
malicious is ['0', '0', '0', '0']
[2025-11-04 00:42:45,036][root][INFO] - Number of Evil Clients: 11
[2025-11-04 00:42:45,036][root][INFO] - Number of Preset Malicious Clients is 0
[2025-11-04 00:42:45,036][root][INFO] - Number of Preset Benign Clients is 4
[2025-11-04 00:42:45,036][root][INFO] - Average poisoning accuracy: 0.6370454545454546
KMeans
intra_cluster distance is 3.2793349249455965
Now, comb_C is [0 0 0 0]
[2025-11-04 00:42:45,047][root][INFO] - Clustering Accuracy is 1.0
length of good results is 4 and length of bad results is 0
acc_diff is 0
[2025-11-04 00:42:45,055][root][INFO] - Lambda is -13
Evaluate
[2025-11-04 00:42:46,846][root][INFO] - Global Poisoning Accuracy: 0.06
INFO flwr 2025-11-04 00:42:46,914 | server.py:119 | fit progress: (86, 194.64387130737305, {'accuracy': 0.4405}, 6109.218378741003)
[2025-11-04 00:42:46,914][flwr][INFO] - fit progress: (86, 194.64387130737305, {'accuracy': 0.4405}, 6109.218378741003)
DEBUG flwr 2025-11-04 00:42:46,915 | server.py:168 | evaluate_round 86: strategy sampled 15 clients (out of 50)
Configure Evaluate
[2025-11-04 00:42:46,915][flwr][DEBUG] - evaluate_round 86: strategy sampled 15 clients (out of 50)
DEBUG flwr 2025-11-04 00:42:56,488 | server.py:182 | evaluate_round 86 received 15 results and 0 failures
[2025-11-04 00:42:56,488][flwr][DEBUG] - evaluate_round 86 received 15 results and 0 failures
Aggregate evaluate
benign record is ['26', '17', '19', '2', '1', '49', '29', '20', '9', '23', '44', '21', '13', '27', '0', '7', '4', '8', '14', '25', '3', '16', '6', '5', '18']
valid results is [(5, 2.7753417948260903), (6, 0.9638482606751495), (9, 0.2052360496018082), (5, 0.0013666207378264517), (3, 0.00039109130011638626), (4, 9.700879096984863), (5, 1.160942467759014)]
[2025-11-04 00:42:56,488][root][INFO] - Federated Accuracy: 0.8166108108108108
DEBUG flwr 2025-11-04 00:42:56,572 | server.py:218 | fit_round 87: strategy sampled 15 clients (out of 50)
Configure Fit
server round: 87
[2025-11-04 00:42:56,572][flwr][DEBUG] - fit_round 87: strategy sampled 15 clients (out of 50)
DEBUG flwr 2025-11-04 00:43:36,771 | server.py:232 | fit_round 87 received 15 results and 0 failures
[2025-11-04 00:43:36,771][flwr][DEBUG] - fit_round 87 received 15 results and 0 failures
malicious is ['0', '0', '0', '0', '0', '0']
[2025-11-04 00:43:57,873][root][INFO] - Number of Evil Clients: 9
[2025-11-04 00:43:57,874][root][INFO] - Number of Preset Malicious Clients is 0
[2025-11-04 00:43:57,874][root][INFO] - Number of Preset Benign Clients is 6
[2025-11-04 00:43:57,874][root][INFO] - Average poisoning accuracy: 0.8951333333333333
KMeans
intra_cluster distance is 6.000907031420957
Now, comb_C is [0 0 0 0 0 0]
[2025-11-04 00:43:57,885][root][INFO] - Clustering Accuracy is 1.0
length of good results is 6 and length of bad results is 0
acc_diff is 0
[2025-11-04 00:43:57,890][root][INFO] - Lambda is -13
Evaluate
[2025-11-04 00:44:00,513][root][INFO] - Global Poisoning Accuracy: 0.0526
INFO flwr 2025-11-04 00:44:00,706 | server.py:119 | fit progress: (87, 202.1683188676834, {'accuracy': 0.4285}, 6183.009869226022)
[2025-11-04 00:44:00,706][flwr][INFO] - fit progress: (87, 202.1683188676834, {'accuracy': 0.4285}, 6183.009869226022)
DEBUG flwr 2025-11-04 00:44:00,706 | server.py:168 | evaluate_round 87: strategy sampled 15 clients (out of 50)
Configure Evaluate
[2025-11-04 00:44:00,706][flwr][DEBUG] - evaluate_round 87: strategy sampled 15 clients (out of 50)
DEBUG flwr 2025-11-04 00:44:10,401 | server.py:182 | evaluate_round 87 received 15 results and 0 failures
[2025-11-04 00:44:10,401][flwr][DEBUG] - evaluate_round 87 received 15 results and 0 failures
Aggregate evaluate
benign record is ['26', '17', '19', '2', '1', '49', '29', '20', '9', '23', '44', '21', '13', '27', '0', '7', '4', '8', '14', '25', '3', '16', '6', '5', '18']
valid results is [(5, 1.1695320496655768), (3, 0.0011095093796029687), (6, 1.0553727342776256), (3, 0.19134273048257455), (6, 2.71678572363453), (5, 0.0025646959111327305), (2, 0.0001236690441146493), (9, 2.4799353927373886), (6, 11.618107080459595)]
[2025-11-04 00:44:10,401][root][INFO] - Federated Accuracy: 0.840128888888889
DEBUG flwr 2025-11-04 00:44:10,470 | server.py:218 | fit_round 88: strategy sampled 15 clients (out of 50)
Configure Fit
server round: 88
[2025-11-04 00:44:10,470][flwr][DEBUG] - fit_round 88: strategy sampled 15 clients (out of 50)
DEBUG flwr 2025-11-04 00:44:45,859 | server.py:232 | fit_round 88 received 15 results and 0 failures
[2025-11-04 00:44:45,859][flwr][DEBUG] - fit_round 88 received 15 results and 0 failures
malicious is ['0', '0', '0', '0', '0', '0']
[2025-11-04 00:45:06,113][root][INFO] - Number of Evil Clients: 9
[2025-11-04 00:45:06,113][root][INFO] - Number of Preset Malicious Clients is 0
[2025-11-04 00:45:06,113][root][INFO] - Number of Preset Benign Clients is 6
[2025-11-04 00:45:06,113][root][INFO] - Average poisoning accuracy: 0.6329444444444445
KMeans
intra_cluster distance is 3.613671797014582
Now, comb_C is [0 0 0 0 0 0]
[2025-11-04 00:45:06,125][root][INFO] - Clustering Accuracy is 1.0
length of good results is 6 and length of bad results is 0
acc_diff is 0
[2025-11-04 00:45:06,133][root][INFO] - Lambda is -13
Evaluate
[2025-11-04 00:45:09,053][root][INFO] - Global Poisoning Accuracy: 0.0544
INFO flwr 2025-11-04 00:45:09,122 | server.py:119 | fit progress: (88, 193.4145758152008, {'accuracy': 0.4391}, 6251.426471136976)
[2025-11-04 00:45:09,122][flwr][INFO] - fit progress: (88, 193.4145758152008, {'accuracy': 0.4391}, 6251.426471136976)
DEBUG flwr 2025-11-04 00:45:09,123 | server.py:168 | evaluate_round 88: strategy sampled 15 clients (out of 50)
Configure Evaluate
[2025-11-04 00:45:09,123][flwr][DEBUG] - evaluate_round 88: strategy sampled 15 clients (out of 50)
DEBUG flwr 2025-11-04 00:45:18,706 | server.py:182 | evaluate_round 88 received 15 results and 0 failures
[2025-11-04 00:45:18,706][flwr][DEBUG] - evaluate_round 88 received 15 results and 0 failures
Aggregate evaluate
benign record is ['26', '17', '19', '2', '1', '49', '29', '20', '9', '23', '44', '21', '13', '27', '0', '7', '4', '8', '14', '25', '3', '16', '6', '5', '18']
valid results is [(6, 0.5799457754765172), (9, 0.19882276084535988), (4, 0.8906463917592191), (5, 2.784957115072757), (6, 0.955655138604925)]
[2025-11-04 00:45:18,707][root][INFO] - Federated Accuracy: 0.8963599999999999
DEBUG flwr 2025-11-04 00:45:18,801 | server.py:218 | fit_round 89: strategy sampled 15 clients (out of 50)
Configure Fit
server round: 89
[2025-11-04 00:45:18,801][flwr][DEBUG] - fit_round 89: strategy sampled 15 clients (out of 50)
DEBUG flwr 2025-11-04 00:45:55,452 | server.py:232 | fit_round 89 received 15 results and 0 failures
[2025-11-04 00:45:55,452][flwr][DEBUG] - fit_round 89 received 15 results and 0 failures
malicious is ['0', '0', '0', '0', '0', '0', '0']
[2025-11-04 00:46:13,920][root][INFO] - Number of Evil Clients: 8
[2025-11-04 00:46:13,920][root][INFO] - Number of Preset Malicious Clients is 0
[2025-11-04 00:46:13,920][root][INFO] - Number of Preset Benign Clients is 7
[2025-11-04 00:46:13,920][root][INFO] - Average poisoning accuracy: 0.8788875
KMeans
intra_cluster distance is 2.9843128089673394
Now, comb_C is [0 0 0 0 0 0 0]
[2025-11-04 00:46:13,932][root][INFO] - Clustering Accuracy is 1.0
length of good results is 7 and length of bad results is 0
acc_diff is 0
[2025-11-04 00:46:13,938][root][INFO] - Lambda is -13
Evaluate
[2025-11-04 00:46:16,584][root][INFO] - Global Poisoning Accuracy: 0.0679
INFO flwr 2025-11-04 00:46:16,779 | server.py:119 | fit progress: (89, 194.42992413043976, {'accuracy': 0.4409}, 6319.082731331)
[2025-11-04 00:46:16,779][flwr][INFO] - fit progress: (89, 194.42992413043976, {'accuracy': 0.4409}, 6319.082731331)
DEBUG flwr 2025-11-04 00:46:16,779 | server.py:168 | evaluate_round 89: strategy sampled 15 clients (out of 50)
Configure Evaluate
[2025-11-04 00:46:16,779][flwr][DEBUG] - evaluate_round 89: strategy sampled 15 clients (out of 50)
DEBUG flwr 2025-11-04 00:46:25,829 | server.py:182 | evaluate_round 89 received 15 results and 0 failures
[2025-11-04 00:46:25,829][flwr][DEBUG] - evaluate_round 89 received 15 results and 0 failures
Aggregate evaluate
benign record is ['26', '17', '19', '2', '1', '49', '29', '20', '9', '23', '44', '21', '13', '27', '0', '7', '4', '8', '14', '25', '3', '16', '6', '5', '18']
valid results is [(3, 0.000510566278535407), (5, 1.0288945997017436), (9, 4.0362686812877655), (4, 0.0003829978086287156), (2, 0.0001106290437746793), (6, 1.1196583447454032)]
[2025-11-04 00:46:25,829][root][INFO] - Federated Accuracy: 0.8633241379310346
DEBUG flwr 2025-11-04 00:46:25,900 | server.py:218 | fit_round 90: strategy sampled 15 clients (out of 50)
Configure Fit
server round: 90
[2025-11-04 00:46:25,900][flwr][DEBUG] - fit_round 90: strategy sampled 15 clients (out of 50)
DEBUG flwr 2025-11-04 00:47:07,185 | server.py:232 | fit_round 90 received 15 results and 0 failures
[2025-11-04 00:47:07,185][flwr][DEBUG] - fit_round 90 received 15 results and 0 failures
malicious is ['0', '0', '0', '0', '0', '0']
[2025-11-04 00:47:30,846][root][INFO] - Number of Evil Clients: 9
[2025-11-04 00:47:30,846][root][INFO] - Number of Preset Malicious Clients is 0
[2025-11-04 00:47:30,846][root][INFO] - Number of Preset Benign Clients is 6
[2025-11-04 00:47:30,846][root][INFO] - Average poisoning accuracy: 0.7191888888888889
KMeans
intra_cluster distance is 4.064043900078951
Now, comb_C is [0 0 0 0 0 0]
[2025-11-04 00:47:30,857][root][INFO] - Clustering Accuracy is 1.0
length of good results is 6 and length of bad results is 0
acc_diff is 0
[2025-11-04 00:47:30,863][root][INFO] - Lambda is -13
Evaluate
[2025-11-04 00:47:32,574][root][INFO] - Global Poisoning Accuracy: 0.061
INFO flwr 2025-11-04 00:47:32,642 | server.py:119 | fit progress: (90, 191.9205732345581, {'accuracy': 0.4397}, 6394.946335293003)
[2025-11-04 00:47:32,642][flwr][INFO] - fit progress: (90, 191.9205732345581, {'accuracy': 0.4397}, 6394.946335293003)
DEBUG flwr 2025-11-04 00:47:32,642 | server.py:168 | evaluate_round 90: strategy sampled 15 clients (out of 50)
Configure Evaluate
[2025-11-04 00:47:32,642][flwr][DEBUG] - evaluate_round 90: strategy sampled 15 clients (out of 50)
DEBUG flwr 2025-11-04 00:47:41,873 | server.py:182 | evaluate_round 90 received 15 results and 0 failures
[2025-11-04 00:47:41,873][flwr][DEBUG] - evaluate_round 90 received 15 results and 0 failures
Aggregate evaluate
benign record is ['26', '17', '19', '2', '1', '49', '29', '20', '9', '23', '44', '21', '13', '27', '0', '7', '4', '8', '14', '25', '3', '16', '6', '5', '18']
valid results is [(4, 0.09084178530611098), (6, 11.171573042869568), (9, 0.24527384166503907), (6, 0.18008430653935648), (9, 4.849574267864227), (5, 0.003060371003812179)]
[2025-11-04 00:47:41,874][root][INFO] - Federated Accuracy: 0.8265025641025642
DEBUG flwr 2025-11-04 00:47:41,949 | server.py:218 | fit_round 91: strategy sampled 15 clients (out of 50)
Configure Fit
server round: 91
[2025-11-04 00:47:41,949][flwr][DEBUG] - fit_round 91: strategy sampled 15 clients (out of 50)
DEBUG flwr 2025-11-04 00:48:22,737 | server.py:232 | fit_round 91 received 15 results and 0 failures
[2025-11-04 00:48:22,737][flwr][DEBUG] - fit_round 91 received 15 results and 0 failures
malicious is ['0', '0', '0', '0', '0']
[2025-11-04 00:48:47,488][root][INFO] - Number of Evil Clients: 10
[2025-11-04 00:48:47,489][root][INFO] - Number of Preset Malicious Clients is 0
[2025-11-04 00:48:47,489][root][INFO] - Number of Preset Benign Clients is 5
[2025-11-04 00:48:47,489][root][INFO] - Average poisoning accuracy: 0.75118
KMeans
intra_cluster distance is 2.009892697874478
Now, comb_C is [0 0 0 0 0]
[2025-11-04 00:48:47,499][root][INFO] - Clustering Accuracy is 1.0
length of good results is 5 and length of bad results is 0
acc_diff is 0
[2025-11-04 00:48:47,505][root][INFO] - Lambda is -13
Evaluate
[2025-11-04 00:48:50,409][root][INFO] - Global Poisoning Accuracy: 0.0724
INFO flwr 2025-11-04 00:48:50,591 | server.py:119 | fit progress: (91, 189.1971207857132, {'accuracy': 0.445}, 6472.894789932994)
[2025-11-04 00:48:50,591][flwr][INFO] - fit progress: (91, 189.1971207857132, {'accuracy': 0.445}, 6472.894789932994)
DEBUG flwr 2025-11-04 00:48:50,591 | server.py:168 | evaluate_round 91: strategy sampled 15 clients (out of 50)
Configure Evaluate
[2025-11-04 00:48:50,591][flwr][DEBUG] - evaluate_round 91: strategy sampled 15 clients (out of 50)
DEBUG flwr 2025-11-04 00:49:00,057 | server.py:182 | evaluate_round 91 received 15 results and 0 failures
[2025-11-04 00:49:00,057][flwr][DEBUG] - evaluate_round 91 received 15 results and 0 failures
Aggregate evaluate
benign record is ['26', '17', '19', '2', '1', '49', '29', '20', '9', '23', '44', '21', '13', '27', '0', '7', '4', '8', '14', '25', '3', '16', '6', '5', '18']
valid results is [(6, 0.5530364597507287), (6, 0.0012308850455156062), (6, 0.9324507068886305), (2, 5.231990689935628e-05), (5, 1.0428303845910705), (2, 7.369179729721509e-05)]
[2025-11-04 00:49:00,058][root][INFO] - Federated Accuracy: 0.838911111111111
DEBUG flwr 2025-11-04 00:49:00,131 | server.py:218 | fit_round 92: strategy sampled 15 clients (out of 50)
Configure Fit
server round: 92
[2025-11-04 00:49:00,131][flwr][DEBUG] - fit_round 92: strategy sampled 15 clients (out of 50)
DEBUG flwr 2025-11-04 00:49:40,076 | server.py:232 | fit_round 92 received 15 results and 0 failures
[2025-11-04 00:49:40,076][flwr][DEBUG] - fit_round 92 received 15 results and 0 failures
malicious is ['0', '0', '0', '0', '0', '0', '0', '0', '0']
[2025-11-04 00:49:56,463][root][INFO] - Number of Evil Clients: 6
[2025-11-04 00:49:56,464][root][INFO] - Number of Preset Malicious Clients is 0
[2025-11-04 00:49:56,464][root][INFO] - Number of Preset Benign Clients is 9
[2025-11-04 00:49:56,464][root][INFO] - Average poisoning accuracy: 0.8317666666666668
KMeans
intra_cluster distance is 1.768701271997149
Now, comb_C is [0 0 0 0 0 0 0 0 0]
[2025-11-04 00:49:56,475][root][INFO] - Clustering Accuracy is 1.0
length of good results is 9 and length of bad results is 0
acc_diff is 0
[2025-11-04 00:49:56,481][root][INFO] - Lambda is -13
Evaluate
[2025-11-04 00:50:00,076][root][INFO] - Global Poisoning Accuracy: 0.0631
INFO flwr 2025-11-04 00:50:00,143 | server.py:119 | fit progress: (92, 192.55423486232758, {'accuracy': 0.4429}, 6542.447252625017)
[2025-11-04 00:50:00,143][flwr][INFO] - fit progress: (92, 192.55423486232758, {'accuracy': 0.4429}, 6542.447252625017)
DEBUG flwr 2025-11-04 00:50:00,143 | server.py:168 | evaluate_round 92: strategy sampled 15 clients (out of 50)
Configure Evaluate
[2025-11-04 00:50:00,143][flwr][DEBUG] - evaluate_round 92: strategy sampled 15 clients (out of 50)
DEBUG flwr 2025-11-04 00:50:09,204 | server.py:182 | evaluate_round 92 received 15 results and 0 failures
[2025-11-04 00:50:09,204][flwr][DEBUG] - evaluate_round 92 received 15 results and 0 failures
Aggregate evaluate
benign record is ['26', '17', '19', '2', '1', '49', '29', '20', '9', '23', '44', '21', '13', '27', '0', '7', '4', '8', '14', '25', '3', '16', '6', '5', '18']
valid results is [(2, 0.0002469127284712158), (6, 12.062689542770386), (4, 0.26165737294286373), (4, 0.7246689009334659), (4, 0.00023390695787384175), (4, 8.562856435775757), (3, 8.830131264403462e-05)]
[2025-11-04 00:50:09,204][root][INFO] - Federated Accuracy: 0.7299703703703704
DEBUG flwr 2025-11-04 00:50:09,302 | server.py:218 | fit_round 93: strategy sampled 15 clients (out of 50)
Configure Fit
server round: 93
[2025-11-04 00:50:09,302][flwr][DEBUG] - fit_round 93: strategy sampled 15 clients (out of 50)
DEBUG flwr 2025-11-04 00:50:50,743 | server.py:232 | fit_round 93 received 15 results and 0 failures
[2025-11-04 00:50:50,743][flwr][DEBUG] - fit_round 93 received 15 results and 0 failures
malicious is ['0', '0', '0', '0', '0', '0']
[2025-11-04 00:51:15,521][root][INFO] - Number of Evil Clients: 9
[2025-11-04 00:51:15,521][root][INFO] - Number of Preset Malicious Clients is 0
[2025-11-04 00:51:15,521][root][INFO] - Number of Preset Benign Clients is 6
[2025-11-04 00:51:15,521][root][INFO] - Average poisoning accuracy: 0.8049111111111111
KMeans
intra_cluster distance is 6.788845067045351
Now, comb_C is [0 0 0 0 0 0]
[2025-11-04 00:51:15,684][root][INFO] - Clustering Accuracy is 1.0
length of good results is 6 and length of bad results is 0
acc_diff is 0
[2025-11-04 00:51:15,690][root][INFO] - Lambda is -13
Evaluate
[2025-11-04 00:51:17,750][root][INFO] - Global Poisoning Accuracy: 0.0691
INFO flwr 2025-11-04 00:51:17,818 | server.py:119 | fit progress: (93, 195.49185729026794, {'accuracy': 0.4392}, 6620.121571969998)
[2025-11-04 00:51:17,818][flwr][INFO] - fit progress: (93, 195.49185729026794, {'accuracy': 0.4392}, 6620.121571969998)
DEBUG flwr 2025-11-04 00:51:17,818 | server.py:168 | evaluate_round 93: strategy sampled 15 clients (out of 50)
Configure Evaluate
[2025-11-04 00:51:17,818][flwr][DEBUG] - evaluate_round 93: strategy sampled 15 clients (out of 50)
DEBUG flwr 2025-11-04 00:51:27,135 | server.py:182 | evaluate_round 93 received 15 results and 0 failures
[2025-11-04 00:51:27,135][flwr][DEBUG] - evaluate_round 93 received 15 results and 0 failures
Aggregate evaluate
benign record is ['26', '17', '19', '2', '1', '49', '29', '20', '9', '23', '44', '21', '13', '27', '0', '7', '4', '8', '14', '25', '3', '16', '6', '5', '18']
valid results is [(4, 0.6459586057862907), (9, 3.008824899792671), (3, 0.2093093920375395), (6, 0.6006632727803662), (6, 1.1146504880525754), (2, 8.024156340979971e-05)]
[2025-11-04 00:51:27,135][root][INFO] - Federated Accuracy: 0.8714533333333334
DEBUG flwr 2025-11-04 00:51:27,205 | server.py:218 | fit_round 94: strategy sampled 15 clients (out of 50)
Configure Fit
server round: 94
[2025-11-04 00:51:27,205][flwr][DEBUG] - fit_round 94: strategy sampled 15 clients (out of 50)
DEBUG flwr 2025-11-04 00:52:08,461 | server.py:232 | fit_round 94 received 15 results and 0 failures
[2025-11-04 00:52:08,461][flwr][DEBUG] - fit_round 94 received 15 results and 0 failures
malicious is ['0', '0', '0', '0', '0', '0']
[2025-11-04 00:52:29,269][root][INFO] - Number of Evil Clients: 9
[2025-11-04 00:52:29,269][root][INFO] - Number of Preset Malicious Clients is 0
[2025-11-04 00:52:29,269][root][INFO] - Number of Preset Benign Clients is 6
[2025-11-04 00:52:29,269][root][INFO] - Average poisoning accuracy: 0.6327444444444444
KMeans
intra_cluster distance is 3.5125704644261697
Now, comb_C is [0 0 0 0 0 0]
[2025-11-04 00:52:29,280][root][INFO] - Clustering Accuracy is 1.0
length of good results is 6 and length of bad results is 0
acc_diff is 0
[2025-11-04 00:52:29,286][root][INFO] - Lambda is -13
Evaluate
[2025-11-04 00:52:32,026][root][INFO] - Global Poisoning Accuracy: 0.072
INFO flwr 2025-11-04 00:52:32,102 | server.py:119 | fit progress: (94, 194.032044172287, {'accuracy': 0.4383}, 6694.405946774001)
[2025-11-04 00:52:32,102][flwr][INFO] - fit progress: (94, 194.032044172287, {'accuracy': 0.4383}, 6694.405946774001)
DEBUG flwr 2025-11-04 00:52:32,102 | server.py:168 | evaluate_round 94: strategy sampled 15 clients (out of 50)
Configure Evaluate
[2025-11-04 00:52:32,102][flwr][DEBUG] - evaluate_round 94: strategy sampled 15 clients (out of 50)
DEBUG flwr 2025-11-04 00:52:41,677 | server.py:182 | evaluate_round 94 received 15 results and 0 failures
[2025-11-04 00:52:41,677][flwr][DEBUG] - evaluate_round 94 received 15 results and 0 failures
Aggregate evaluate
benign record is ['26', '17', '19', '2', '1', '49', '29', '20', '9', '23', '44', '21', '13', '27', '0', '7', '4', '8', '14', '25', '3', '16', '6', '5', '18']
valid results is [(3, 0.20048919437613222), (3, 0.00032048299908638), (3, 0.00036757813359145075), (2, 7.037215982563794e-05), (4, 0.00028135192042100243), (6, 0.6021370251255576), (9, 0.2542353523604106), (6, 0.20091673277056543), (6, 2.4847297317573975)]
[2025-11-04 00:52:41,678][root][INFO] - Federated Accuracy: 0.892552380952381
DEBUG flwr 2025-11-04 00:52:41,883 | server.py:218 | fit_round 95: strategy sampled 15 clients (out of 50)
Configure Fit
server round: 95
[2025-11-04 00:52:41,883][flwr][DEBUG] - fit_round 95: strategy sampled 15 clients (out of 50)
DEBUG flwr 2025-11-04 00:53:19,617 | server.py:232 | fit_round 95 received 15 results and 0 failures
[2025-11-04 00:53:19,617][flwr][DEBUG] - fit_round 95 received 15 results and 0 failures
malicious is ['0', '0', '0', '0', '0', '0', '0']
[2025-11-04 00:53:36,543][root][INFO] - Number of Evil Clients: 8
[2025-11-04 00:53:36,543][root][INFO] - Number of Preset Malicious Clients is 0
[2025-11-04 00:53:36,543][root][INFO] - Number of Preset Benign Clients is 7
[2025-11-04 00:53:36,543][root][INFO] - Average poisoning accuracy: 0.701275
KMeans
intra_cluster distance is 1.4910469387386003
Now, comb_C is [0 0 0 0 0 0 0]
[2025-11-04 00:53:36,554][root][INFO] - Clustering Accuracy is 1.0
length of good results is 7 and length of bad results is 0
acc_diff is 0
[2025-11-04 00:53:36,560][root][INFO] - Lambda is -13
Evaluate
[2025-11-04 00:53:39,236][root][INFO] - Global Poisoning Accuracy: 0.0586
INFO flwr 2025-11-04 00:53:39,304 | server.py:119 | fit progress: (95, 190.89319276809692, {'accuracy': 0.4409}, 6761.608294079022)
[2025-11-04 00:53:39,304][flwr][INFO] - fit progress: (95, 190.89319276809692, {'accuracy': 0.4409}, 6761.608294079022)
DEBUG flwr 2025-11-04 00:53:39,304 | server.py:168 | evaluate_round 95: strategy sampled 15 clients (out of 50)
Configure Evaluate
[2025-11-04 00:53:39,304][flwr][DEBUG] - evaluate_round 95: strategy sampled 15 clients (out of 50)
DEBUG flwr 2025-11-04 00:53:48,978 | server.py:182 | evaluate_round 95 received 15 results and 0 failures
[2025-11-04 00:53:48,978][flwr][DEBUG] - evaluate_round 95 received 15 results and 0 failures
Aggregate evaluate
benign record is ['26', '17', '19', '2', '1', '49', '29', '20', '9', '23', '44', '21', '13', '27', '0', '7', '4', '8', '14', '25', '3', '16', '6', '5', '18']
valid results is [(6, 0.5882612221030286), (4, 0.24901201463217149), (6, 0.9084825446479954), (6, 2.4372291844629217)]
[2025-11-04 00:53:48,978][root][INFO] - Federated Accuracy: 0.8720818181818182
DEBUG flwr 2025-11-04 00:53:49,066 | server.py:218 | fit_round 96: strategy sampled 15 clients (out of 50)
Configure Fit
server round: 96
[2025-11-04 00:53:49,066][flwr][DEBUG] - fit_round 96: strategy sampled 15 clients (out of 50)
DEBUG flwr 2025-11-04 00:54:27,606 | server.py:232 | fit_round 96 received 15 results and 0 failures
[2025-11-04 00:54:27,606][flwr][DEBUG] - fit_round 96 received 15 results and 0 failures
malicious is ['0', '0', '0', '0', '0', '0', '0', '0', '0']
[2025-11-04 00:54:41,166][root][INFO] - Number of Evil Clients: 6
[2025-11-04 00:54:41,167][root][INFO] - Number of Preset Malicious Clients is 0
[2025-11-04 00:54:41,167][root][INFO] - Number of Preset Benign Clients is 9
[2025-11-04 00:54:41,167][root][INFO] - Average poisoning accuracy: 0.5803
KMeans
intra_cluster distance is 3.2173336378249946
Now, comb_C is [0 0 0 0 0 0 0 0 0]
[2025-11-04 00:54:41,178][root][INFO] - Clustering Accuracy is 1.0
length of good results is 9 and length of bad results is 0
acc_diff is 0
[2025-11-04 00:54:41,184][root][INFO] - Lambda is -13
Evaluate
[2025-11-04 00:54:43,985][root][INFO] - Global Poisoning Accuracy: 0.0669
INFO flwr 2025-11-04 00:54:44,053 | server.py:119 | fit progress: (96, 190.98922109603882, {'accuracy': 0.4451}, 6826.356986754981)
[2025-11-04 00:54:44,053][flwr][INFO] - fit progress: (96, 190.98922109603882, {'accuracy': 0.4451}, 6826.356986754981)
DEBUG flwr 2025-11-04 00:54:44,053 | server.py:168 | evaluate_round 96: strategy sampled 15 clients (out of 50)
Configure Evaluate
[2025-11-04 00:54:44,053][flwr][DEBUG] - evaluate_round 96: strategy sampled 15 clients (out of 50)
DEBUG flwr 2025-11-04 00:54:53,495 | server.py:182 | evaluate_round 96 received 15 results and 0 failures
[2025-11-04 00:54:53,495][flwr][DEBUG] - evaluate_round 96 received 15 results and 0 failures
Aggregate evaluate
benign record is ['26', '17', '19', '2', '1', '49', '29', '20', '9', '23', '44', '21', '13', '27', '0', '7', '4', '8', '14', '25', '3', '16', '6', '5', '18']
valid results is [(6, 0.18052193018047547), (5, 2.2818145488854498), (4, 0.0002502171482774429), (5, 1.1111935274821008), (4, 9.31336259841919), (5, 0.0016001070180209354)]
[2025-11-04 00:54:53,495][root][INFO] - Federated Accuracy: 0.7907310344827586
DEBUG flwr 2025-11-04 00:54:53,705 | server.py:218 | fit_round 97: strategy sampled 15 clients (out of 50)
Configure Fit
server round: 97
[2025-11-04 00:54:53,705][flwr][DEBUG] - fit_round 97: strategy sampled 15 clients (out of 50)
DEBUG flwr 2025-11-04 00:55:33,689 | server.py:232 | fit_round 97 received 15 results and 0 failures
[2025-11-04 00:55:33,689][flwr][DEBUG] - fit_round 97 received 15 results and 0 failures
malicious is ['0', '0']
[2025-11-04 00:55:53,740][root][INFO] - Number of Evil Clients: 13
[2025-11-04 00:55:53,740][root][INFO] - Number of Preset Malicious Clients is 0
[2025-11-04 00:55:53,740][root][INFO] - Number of Preset Benign Clients is 2
[2025-11-04 00:55:53,740][root][INFO] - Average poisoning accuracy: 0.712076923076923
KMeans
intra_cluster distance is 5.811894596358252
Now, comb_C is [0 0]
[2025-11-04 00:55:53,751][root][INFO] - Clustering Accuracy is 1.0
length of good results is 2 and length of bad results is 0
acc_diff is 0
[2025-11-04 00:55:53,758][root][INFO] - Lambda is -13
Evaluate
[2025-11-04 00:55:55,379][root][INFO] - Global Poisoning Accuracy: 0.0584
INFO flwr 2025-11-04 00:55:55,448 | server.py:119 | fit progress: (97, 245.7320363521576, {'accuracy': 0.3789}, 6897.752467904997)
[2025-11-04 00:55:55,448][flwr][INFO] - fit progress: (97, 245.7320363521576, {'accuracy': 0.3789}, 6897.752467904997)
DEBUG flwr 2025-11-04 00:55:55,449 | server.py:168 | evaluate_round 97: strategy sampled 15 clients (out of 50)
Configure Evaluate
[2025-11-04 00:55:55,449][flwr][DEBUG] - evaluate_round 97: strategy sampled 15 clients (out of 50)
DEBUG flwr 2025-11-04 00:56:04,742 | server.py:182 | evaluate_round 97 received 15 results and 0 failures
[2025-11-04 00:56:04,742][flwr][DEBUG] - evaluate_round 97 received 15 results and 0 failures
Aggregate evaluate
benign record is ['26', '17', '19', '2', '1', '49', '29', '20', '9', '23', '44', '21', '13', '27', '0', '7', '4', '8', '14', '25', '3', '16', '6', '5', '18']
valid results is [(2, 0.05704476311802864), (5, 4.476763352751732), (6, 0.7699220553040504), (9, 1.0957990102469921), (4, 13.518830060958862), (4, 0.13436610158532858), (6, 3.0392686035484076), (3, 0.004641232400899753), (3, 0.08626828994601965)]
[2025-11-04 00:56:04,742][root][INFO] - Federated Accuracy: 0.8102619047619047
DEBUG flwr 2025-11-04 00:56:04,821 | server.py:218 | fit_round 98: strategy sampled 15 clients (out of 50)
Configure Fit
server round: 98
[2025-11-04 00:56:04,821][flwr][DEBUG] - fit_round 98: strategy sampled 15 clients (out of 50)
DEBUG flwr 2025-11-04 00:56:40,950 | server.py:232 | fit_round 98 received 15 results and 0 failures
[2025-11-04 00:56:40,950][flwr][DEBUG] - fit_round 98 received 15 results and 0 failures
malicious is ['0', '0', '0', '0', '0']
[2025-11-04 00:57:01,096][root][INFO] - Number of Evil Clients: 10
[2025-11-04 00:57:01,096][root][INFO] - Number of Preset Malicious Clients is 0
[2025-11-04 00:57:01,096][root][INFO] - Number of Preset Benign Clients is 5
[2025-11-04 00:57:01,096][root][INFO] - Average poisoning accuracy: 0.59169
KMeans
intra_cluster distance is 3.257115645109856
Now, comb_C is [0 0 0 0 0]
[2025-11-04 00:57:01,107][root][INFO] - Clustering Accuracy is 1.0
length of good results is 5 and length of bad results is 0
acc_diff is 0
[2025-11-04 00:57:01,113][root][INFO] - Lambda is -13
Evaluate
[2025-11-04 00:57:02,954][root][INFO] - Global Poisoning Accuracy: 0.0372
INFO flwr 2025-11-04 00:57:03,141 | server.py:119 | fit progress: (98, 197.5267515182495, {'accuracy': 0.4306}, 6965.444640559028)
[2025-11-04 00:57:03,141][flwr][INFO] - fit progress: (98, 197.5267515182495, {'accuracy': 0.4306}, 6965.444640559028)
DEBUG flwr 2025-11-04 00:57:03,141 | server.py:168 | evaluate_round 98: strategy sampled 15 clients (out of 50)
Configure Evaluate
[2025-11-04 00:57:03,141][flwr][DEBUG] - evaluate_round 98: strategy sampled 15 clients (out of 50)
DEBUG flwr 2025-11-04 00:57:12,592 | server.py:182 | evaluate_round 98 received 15 results and 0 failures
[2025-11-04 00:57:12,592][flwr][DEBUG] - evaluate_round 98 received 15 results and 0 failures
Aggregate evaluate
benign record is ['26', '17', '19', '2', '1', '49', '29', '20', '9', '23', '44', '21', '13', '27', '0', '7', '4', '8', '14', '25', '3', '16', '6', '5', '18']
valid results is [(4, 0.06575030880048871), (3, 0.0015605785592924803), (9, 4.053906410932541), (4, 0.14306973820202984), (5, 2.342092417180538)]
[2025-11-04 00:57:12,592][root][INFO] - Federated Accuracy: 0.818244
DEBUG flwr 2025-11-04 00:57:12,673 | server.py:218 | fit_round 99: strategy sampled 15 clients (out of 50)
Configure Fit
server round: 99
[2025-11-04 00:57:12,673][flwr][DEBUG] - fit_round 99: strategy sampled 15 clients (out of 50)
DEBUG flwr 2025-11-04 00:57:49,483 | server.py:232 | fit_round 99 received 15 results and 0 failures
[2025-11-04 00:57:49,483][flwr][DEBUG] - fit_round 99 received 15 results and 0 failures
malicious is ['0', '0', '0', '0', '0', '0', '0']
[2025-11-04 00:58:05,795][root][INFO] - Number of Evil Clients: 8
[2025-11-04 00:58:05,796][root][INFO] - Number of Preset Malicious Clients is 0
[2025-11-04 00:58:05,796][root][INFO] - Number of Preset Benign Clients is 7
[2025-11-04 00:58:05,796][root][INFO] - Average poisoning accuracy: 0.7861874999999999
KMeans
intra_cluster distance is 4.216486183055942
Now, comb_C is [0 0 0 0 0 0 0]
[2025-11-04 00:58:05,807][root][INFO] - Clustering Accuracy is 1.0
length of good results is 7 and length of bad results is 0
acc_diff is 0
[2025-11-04 00:58:05,812][root][INFO] - Lambda is -13
Evaluate
[2025-11-04 00:58:07,492][root][INFO] - Global Poisoning Accuracy: 0.0463
INFO flwr 2025-11-04 00:58:07,562 | server.py:119 | fit progress: (99, 193.6471197605133, {'accuracy': 0.4438}, 7029.86565567198)
[2025-11-04 00:58:07,562][flwr][INFO] - fit progress: (99, 193.6471197605133, {'accuracy': 0.4438}, 7029.86565567198)
DEBUG flwr 2025-11-04 00:58:07,562 | server.py:168 | evaluate_round 99: strategy sampled 15 clients (out of 50)
Configure Evaluate
[2025-11-04 00:58:07,562][flwr][DEBUG] - evaluate_round 99: strategy sampled 15 clients (out of 50)
DEBUG flwr 2025-11-04 00:58:16,690 | server.py:182 | evaluate_round 99 received 15 results and 0 failures
[2025-11-04 00:58:16,690][flwr][DEBUG] - evaluate_round 99 received 15 results and 0 failures
Aggregate evaluate
benign record is ['26', '17', '19', '2', '1', '49', '29', '20', '9', '23', '44', '21', '13', '27', '0', '7', '4', '8', '14', '25', '3', '16', '6', '5', '18']
valid results is [(9, 5.157905966043472), (3, 0.15395407674077433), (6, 0.638959959956992), (6, 0.0036630233080359176), (4, 0.9414218871461344), (6, 1.129298663145164)]
[2025-11-04 00:58:16,690][root][INFO] - Federated Accuracy: 0.8474676470588235
DEBUG flwr 2025-11-04 00:58:16,758 | server.py:218 | fit_round 100: strategy sampled 15 clients (out of 50)
Configure Fit
server round: 100
[2025-11-04 00:58:16,758][flwr][DEBUG] - fit_round 100: strategy sampled 15 clients (out of 50)
DEBUG flwr 2025-11-04 00:58:47,786 | server.py:232 | fit_round 100 received 15 results and 0 failures
[2025-11-04 00:58:47,786][flwr][DEBUG] - fit_round 100 received 15 results and 0 failures
malicious is ['0', '0', '0', '0']
[2025-11-04 00:59:08,287][root][INFO] - Number of Evil Clients: 11
[2025-11-04 00:59:08,287][root][INFO] - Number of Preset Malicious Clients is 0
[2025-11-04 00:59:08,287][root][INFO] - Number of Preset Benign Clients is 4
[2025-11-04 00:59:08,287][root][INFO] - Average poisoning accuracy: 0.6851181818181817
KMeans
intra_cluster distance is 6.070961587656307
Now, comb_C is [0 0 0 0]
[2025-11-04 00:59:08,340][root][INFO] - Clustering Accuracy is 1.0
length of good results is 4 and length of bad results is 0
acc_diff is 0
[2025-11-04 00:59:08,398][root][INFO] - Lambda is -13
Evaluate
[2025-11-04 00:59:10,127][root][INFO] - Global Poisoning Accuracy: 0.072
INFO flwr 2025-11-04 00:59:10,309 | server.py:119 | fit progress: (100, 190.8368263244629, {'accuracy': 0.4373}, 7092.612745277991)
[2025-11-04 00:59:10,309][flwr][INFO] - fit progress: (100, 190.8368263244629, {'accuracy': 0.4373}, 7092.612745277991)
DEBUG flwr 2025-11-04 00:59:10,309 | server.py:168 | evaluate_round 100: strategy sampled 15 clients (out of 50)
Configure Evaluate
[2025-11-04 00:59:10,309][flwr][DEBUG] - evaluate_round 100: strategy sampled 15 clients (out of 50)
DEBUG flwr 2025-11-04 00:59:19,368 | server.py:182 | evaluate_round 100 received 15 results and 0 failures
[2025-11-04 00:59:19,368][flwr][DEBUG] - evaluate_round 100 received 15 results and 0 failures
Aggregate evaluate
benign record is ['26', '17', '19', '2', '1', '49', '29', '20', '9', '23', '44', '21', '13', '27', '0', '7', '4', '8', '14', '25', '3', '16', '6', '5', '18']
valid results is [(6, 0.703895589656895), (9, 5.3818729519844055), (4, 0.12228064611554146), (6, 11.598751068115234), (4, 7.6911704540252686), (2, 0.00043428763456176966), (5, 0.008022765949135646)]
[2025-11-04 00:59:19,369][root][INFO] - Federated Accuracy: 0.737475
INFO flwr 2025-11-04 00:59:20,406 | server.py:147 | FL finished in 7102.710100126977
[2025-11-04 00:59:20,406][flwr][INFO] - FL finished in 7102.710100126977
INFO flwr 2025-11-04 00:59:20,441 | app.py:218 | app_fit: losses_distributed [(1, 9.698245525360107), (2, 10.218481364349524), (3, 7.874986019730568), (4, 7.1632636584140155), (5, 3.891235577208655), (6, 1.8292281344710362), (7, 3.136488990543191), (8, 1.4309985282156488), (9, 3.1500831309658213), (10, 2.4425483965263184), (11, 0.2260618041837006), (12, 2.4672358232468516), (13, 0.6365749759243045), (14, 2.4851260525922823), (15, 0.8982673016663112), (16, 2.4819825035073637), (17, 1.5575902250175684), (18, 0.4118601945730665), (19, 5.994711842323886), (20, 2.392098072580494), (21, 3.0389693874131787), (22, 1.2983679470633338), (23, 1.5995403106838542), (24, 0.8389729002147386), (25, 1.6035162724112286), (26, 0.562615341906127), (27, 0.27001227787618653), (28, 2.926712841301196), (29, 0.711196840228403), (30, 2.129390112270564), (31, 0.23623368973342926), (32, 2.3771863433121325), (33, 0.833365247222255), (34, 1.1165680254494268), (35, 2.500507709595695), (36, 2.638175537592339), (37, 0.4629186348518124), (38, 1.1980311780202706), (39, 2.1299609289247505), (40, 1.2430280273563212), (41, 0.35983295700946677), (42, 2.912629317782136), (43, 2.051375922887718), (44, 2.170576173477002), (45, 3.1977667510986563), (46, 1.592622756403712), (47, 1.2507406264770575), (48, 3.874446788072029), (49, 2.6744923192213874), (50, 2.537396084737884), (51, 1.790428331069345), (52, 2.9058527745061187), (53, 2.986384210774304), (54, 0.7752070426457794), (55, 1.3111988858565382), (56, 0.31214080447375636), (57, 2.3166830305680586), (58, 2.982336649863864), (59, 0.9911546676965813), (60, 0.8294037158723838), (61, 2.018659047305632), (62, 1.6467236991801655), (63, 2.384170873415283), (64, 1.1745309857068773), (65, 1.3619674117344402), (66, 0.3210486138129909), (67, 1.2683726753964901), (68, 1.6333445401285809), (69, 1.1442864282640433), (70, 2.8054669785804154), (71, 1.305642924096259), (72, 2.9940585748018393), (73, 1.9033229205037414), (74, 2.673461561858368), (75, 0.6180828419954716), (76, 1.800173295262939), (77, 0.5989920948790489), (78, 0.05231927750145061), (79, 0.792387881628158), (80, 4.386811233853782), (81, 0.2681839817737041), (82, 1.387528895775929), (83, 1.6450426693239932), (84, 1.5908118389944037), (85, 2.4757067993923556), (86, 1.7871123807816656), (87, 2.6910911011205623), (88, 0.9496793824832518), (89, 1.6617974533354722), (90, 2.931852463550268), (91, 0.5235078613508516), (92, 4.095354164905816), (93, 1.352774324850543), (94, 0.5385623101831568), (95, 1.1181766257187435), (96, 1.9072628882855371), (97, 2.621446536965474), (98, 1.9614232683193404), (99, 1.8023598044605667), (100, 4.2652089811130685)]
[2025-11-04 00:59:20,441][flwr][INFO] - app_fit: losses_distributed [(1, 9.698245525360107), (2, 10.218481364349524), (3, 7.874986019730568), (4, 7.1632636584140155), (5, 3.891235577208655), (6, 1.8292281344710362), (7, 3.136488990543191), (8, 1.4309985282156488), (9, 3.1500831309658213), (10, 2.4425483965263184), (11, 0.2260618041837006), (12, 2.4672358232468516), (13, 0.6365749759243045), (14, 2.4851260525922823), (15, 0.8982673016663112), (16, 2.4819825035073637), (17, 1.5575902250175684), (18, 0.4118601945730665), (19, 5.994711842323886), (20, 2.392098072580494), (21, 3.0389693874131787), (22, 1.2983679470633338), (23, 1.5995403106838542), (24, 0.8389729002147386), (25, 1.6035162724112286), (26, 0.562615341906127), (27, 0.27001227787618653), (28, 2.926712841301196), (29, 0.711196840228403), (30, 2.129390112270564), (31, 0.23623368973342926), (32, 2.3771863433121325), (33, 0.833365247222255), (34, 1.1165680254494268), (35, 2.500507709595695), (36, 2.638175537592339), (37, 0.4629186348518124), (38, 1.1980311780202706), (39, 2.1299609289247505), (40, 1.2430280273563212), (41, 0.35983295700946677), (42, 2.912629317782136), (43, 2.051375922887718), (44, 2.170576173477002), (45, 3.1977667510986563), (46, 1.592622756403712), (47, 1.2507406264770575), (48, 3.874446788072029), (49, 2.6744923192213874), (50, 2.537396084737884), (51, 1.790428331069345), (52, 2.9058527745061187), (53, 2.986384210774304), (54, 0.7752070426457794), (55, 1.3111988858565382), (56, 0.31214080447375636), (57, 2.3166830305680586), (58, 2.982336649863864), (59, 0.9911546676965813), (60, 0.8294037158723838), (61, 2.018659047305632), (62, 1.6467236991801655), (63, 2.384170873415283), (64, 1.1745309857068773), (65, 1.3619674117344402), (66, 0.3210486138129909), (67, 1.2683726753964901), (68, 1.6333445401285809), (69, 1.1442864282640433), (70, 2.8054669785804154), (71, 1.305642924096259), (72, 2.9940585748018393), (73, 1.9033229205037414), (74, 2.673461561858368), (75, 0.6180828419954716), (76, 1.800173295262939), (77, 0.5989920948790489), (78, 0.05231927750145061), (79, 0.792387881628158), (80, 4.386811233853782), (81, 0.2681839817737041), (82, 1.387528895775929), (83, 1.6450426693239932), (84, 1.5908118389944037), (85, 2.4757067993923556), (86, 1.7871123807816656), (87, 2.6910911011205623), (88, 0.9496793824832518), (89, 1.6617974533354722), (90, 2.931852463550268), (91, 0.5235078613508516), (92, 4.095354164905816), (93, 1.352774324850543), (94, 0.5385623101831568), (95, 1.1181766257187435), (96, 1.9072628882855371), (97, 2.621446536965474), (98, 1.9614232683193404), (99, 1.8023598044605667), (100, 4.2652089811130685)]
INFO flwr 2025-11-04 00:59:20,441 | app.py:219 | app_fit: metrics_distributed_fit {}
[2025-11-04 00:59:20,441][flwr][INFO] - app_fit: metrics_distributed_fit {}
INFO flwr 2025-11-04 00:59:20,441 | app.py:220 | app_fit: metrics_distributed {'accuracy': [(1, 0.21047499999999997), (2, 0.3308083333333333), (3, 0.42115), (4, 0.5972216216216216), (5, 0.7226190476190476), (6, 0.7950380952380953), (7, 0.7992588235294117), (8, 0.7927482758620691), (9, 0.8049051282051283), (10, 0.8147222222222221), (11, 0.838225), (12, 0.819454054054054), (13, 0.8742861111111111), (14, 0.7939690476190476), (15, 0.8461000000000001), (16, 0.7475733333333333), (17, 0.8205842105263158), (18, 0.8455206896551724), (19, 0.66514), (20, 0.7972594594594594), (21, 0.7923536585365853), (22, 0.8049789473684211), (23, 0.8207222222222222), (24, 0.8850823529411765), (25, 0.8366086956521738), (26, 0.8641000000000001), (27, 0.8722818181818182), (28, 0.8187307692307694), (29, 0.8737981132075471), (30, 0.7954878787878789), (31, 0.8761833333333334), (32, 0.818825), (33, 0.8668645161290321), (34, 0.8460133333333334), (35, 0.7654133333333334), (36, 0.8130953488372092), (37, 0.8806920000000001), (38, 0.8867533333333334), (39, 0.8072809523809523), (40, 0.8312043478260869), (41, 0.8785255813953489), (42, 0.7892842105263158), (43, 0.8364153846153847), (44, 0.8560812499999999), (45, 0.7777727272727272), (46, 0.7984727272727273), (47, 0.8381409090909091), (48, 0.7371742857142857), (49, 0.8169344827586208), (50, 0.81006), (51, 0.8487741935483871), (52, 0.7814485714285715), (53, 0.7922107142857142), (54, 0.83122), (55, 0.8431749999999999), (56, 0.853525), (57, 0.8441128205128205), (58, 0.7867439999999999), (59, 0.8741181818181819), (60, 0.8703692307692308), (61, 0.8255617647058823), (62, 0.831555), (63, 0.8350172413793104), (64, 0.8596857142857142), (65, 0.8635076923076923), (66, 0.8893749999999999), (67, 0.8379615384615385), (68, 0.8218545454545454), (69, 0.8584375000000001), (70, 0.8257384615384615), (71, 0.836635294117647), (72, 0.789091836734694), (73, 0.8235048780487805), (74, 0.817376923076923), (75, 0.8738857142857143), (76, 0.8294459999999999), (77, 0.8810129032258064), (78, 0.8518315789473686), (79, 0.85605), (80, 0.7218769230769232), (81, 0.8656727272727273), (82, 0.830751724137931), (83, 0.8310299999999999), (84, 0.8302034482758622), (85, 0.7927176470588234), (86, 0.8166108108108108), (87, 0.840128888888889), (88, 0.8963599999999999), (89, 0.8633241379310346), (90, 0.8265025641025642), (91, 0.838911111111111), (92, 0.7299703703703704), (93, 0.8714533333333334), (94, 0.892552380952381), (95, 0.8720818181818182), (96, 0.7907310344827586), (97, 0.8102619047619047), (98, 0.818244), (99, 0.8474676470588235), (100, 0.737475)]}
[2025-11-04 00:59:20,441][flwr][INFO] - app_fit: metrics_distributed {'accuracy': [(1, 0.21047499999999997), (2, 0.3308083333333333), (3, 0.42115), (4, 0.5972216216216216), (5, 0.7226190476190476), (6, 0.7950380952380953), (7, 0.7992588235294117), (8, 0.7927482758620691), (9, 0.8049051282051283), (10, 0.8147222222222221), (11, 0.838225), (12, 0.819454054054054), (13, 0.8742861111111111), (14, 0.7939690476190476), (15, 0.8461000000000001), (16, 0.7475733333333333), (17, 0.8205842105263158), (18, 0.8455206896551724), (19, 0.66514), (20, 0.7972594594594594), (21, 0.7923536585365853), (22, 0.8049789473684211), (23, 0.8207222222222222), (24, 0.8850823529411765), (25, 0.8366086956521738), (26, 0.8641000000000001), (27, 0.8722818181818182), (28, 0.8187307692307694), (29, 0.8737981132075471), (30, 0.7954878787878789), (31, 0.8761833333333334), (32, 0.818825), (33, 0.8668645161290321), (34, 0.8460133333333334), (35, 0.7654133333333334), (36, 0.8130953488372092), (37, 0.8806920000000001), (38, 0.8867533333333334), (39, 0.8072809523809523), (40, 0.8312043478260869), (41, 0.8785255813953489), (42, 0.7892842105263158), (43, 0.8364153846153847), (44, 0.8560812499999999), (45, 0.7777727272727272), (46, 0.7984727272727273), (47, 0.8381409090909091), (48, 0.7371742857142857), (49, 0.8169344827586208), (50, 0.81006), (51, 0.8487741935483871), (52, 0.7814485714285715), (53, 0.7922107142857142), (54, 0.83122), (55, 0.8431749999999999), (56, 0.853525), (57, 0.8441128205128205), (58, 0.7867439999999999), (59, 0.8741181818181819), (60, 0.8703692307692308), (61, 0.8255617647058823), (62, 0.831555), (63, 0.8350172413793104), (64, 0.8596857142857142), (65, 0.8635076923076923), (66, 0.8893749999999999), (67, 0.8379615384615385), (68, 0.8218545454545454), (69, 0.8584375000000001), (70, 0.8257384615384615), (71, 0.836635294117647), (72, 0.789091836734694), (73, 0.8235048780487805), (74, 0.817376923076923), (75, 0.8738857142857143), (76, 0.8294459999999999), (77, 0.8810129032258064), (78, 0.8518315789473686), (79, 0.85605), (80, 0.7218769230769232), (81, 0.8656727272727273), (82, 0.830751724137931), (83, 0.8310299999999999), (84, 0.8302034482758622), (85, 0.7927176470588234), (86, 0.8166108108108108), (87, 0.840128888888889), (88, 0.8963599999999999), (89, 0.8633241379310346), (90, 0.8265025641025642), (91, 0.838911111111111), (92, 0.7299703703703704), (93, 0.8714533333333334), (94, 0.892552380952381), (95, 0.8720818181818182), (96, 0.7907310344827586), (97, 0.8102619047619047), (98, 0.818244), (99, 0.8474676470588235), (100, 0.737475)]}
INFO flwr 2025-11-04 00:59:20,441 | app.py:221 | app_fit: losses_centralized [(0, 182.8866024017334), (1, 215.29178881645203), (2, 190.04691076278687), (3, 170.50699424743652), (4, 164.1464741230011), (5, 164.1979901790619), (6, 170.2742315530777), (7, 183.9155900478363), (8, 175.20291674137115), (9, 174.4589742422104), (10, 178.13006579875946), (11, 173.7872829437256), (12, 177.0834105014801), (13, 184.51739370822906), (14, 183.4971340894699), (15, 176.51074886322021), (16, 180.20008385181427), (17, 183.82493007183075), (18, 179.33374726772308), (19, 180.32078421115875), (20, 185.24619603157043), (21, 187.8408486843109), (22, 180.04209232330322), (23, 182.66618728637695), (24, 188.0763144493103), (25, 198.82437431812286), (26, 185.7865046262741), (27, 186.80329179763794), (28, 189.45112371444702), (29, 190.8620023727417), (30, 189.9901133775711), (31, 192.85359382629395), (32, 189.5152016878128), (33, 191.68544733524323), (34, 192.2905308008194), (35, 192.70578825473785), (36, 195.4310141801834), (37, 200.08358323574066), (38, 206.44898772239685), (39, 197.07814049720764), (40, 193.30526661872864), (41, 195.4128520488739), (42, 192.9628188610077), (43, 212.59775853157043), (44, 191.61241579055786), (45, 208.6772129535675), (46, 191.9109869003296), (47, 190.40310311317444), (48, 191.02772617340088), (49, 206.6786720752716), (50, 195.37445998191833), (51, 193.627911567688), (52, 192.20974099636078), (53, 196.45564019680023), (54, 195.92135286331177), (55, 189.07994604110718), (56, 199.85492253303528), (57, 194.32607793807983), (58, 198.22456288337708), (59, 195.83994150161743), (60, 192.13757252693176), (61, 191.58331263065338), (62, 199.47088849544525), (63, 191.33000719547272), (64, 194.91537308692932), (65, 192.79831492900848), (66, 199.81513500213623), (67, 199.15536904335022), (68, 197.13008880615234), (69, 194.521941781044), (70, 201.1717655658722), (71, 206.94925129413605), (72, 194.1878354549408), (73, 193.15390419960022), (74, 195.82996201515198), (75, 201.51031076908112), (76, 193.9728081226349), (77, 192.70691680908203), (78, 196.48819088935852), (79, 193.40381824970245), (80, 192.7061196565628), (81, 193.83660507202148), (82, 189.79932475090027), (83, 193.10986924171448), (84, 195.30012226104736), (85, 229.59353971481323), (86, 194.64387130737305), (87, 202.1683188676834), (88, 193.4145758152008), (89, 194.42992413043976), (90, 191.9205732345581), (91, 189.1971207857132), (92, 192.55423486232758), (93, 195.49185729026794), (94, 194.032044172287), (95, 190.89319276809692), (96, 190.98922109603882), (97, 245.7320363521576), (98, 197.5267515182495), (99, 193.6471197605133), (100, 190.8368263244629)]
[2025-11-04 00:59:20,441][flwr][INFO] - app_fit: losses_centralized [(0, 182.8866024017334), (1, 215.29178881645203), (2, 190.04691076278687), (3, 170.50699424743652), (4, 164.1464741230011), (5, 164.1979901790619), (6, 170.2742315530777), (7, 183.9155900478363), (8, 175.20291674137115), (9, 174.4589742422104), (10, 178.13006579875946), (11, 173.7872829437256), (12, 177.0834105014801), (13, 184.51739370822906), (14, 183.4971340894699), (15, 176.51074886322021), (16, 180.20008385181427), (17, 183.82493007183075), (18, 179.33374726772308), (19, 180.32078421115875), (20, 185.24619603157043), (21, 187.8408486843109), (22, 180.04209232330322), (23, 182.66618728637695), (24, 188.0763144493103), (25, 198.82437431812286), (26, 185.7865046262741), (27, 186.80329179763794), (28, 189.45112371444702), (29, 190.8620023727417), (30, 189.9901133775711), (31, 192.85359382629395), (32, 189.5152016878128), (33, 191.68544733524323), (34, 192.2905308008194), (35, 192.70578825473785), (36, 195.4310141801834), (37, 200.08358323574066), (38, 206.44898772239685), (39, 197.07814049720764), (40, 193.30526661872864), (41, 195.4128520488739), (42, 192.9628188610077), (43, 212.59775853157043), (44, 191.61241579055786), (45, 208.6772129535675), (46, 191.9109869003296), (47, 190.40310311317444), (48, 191.02772617340088), (49, 206.6786720752716), (50, 195.37445998191833), (51, 193.627911567688), (52, 192.20974099636078), (53, 196.45564019680023), (54, 195.92135286331177), (55, 189.07994604110718), (56, 199.85492253303528), (57, 194.32607793807983), (58, 198.22456288337708), (59, 195.83994150161743), (60, 192.13757252693176), (61, 191.58331263065338), (62, 199.47088849544525), (63, 191.33000719547272), (64, 194.91537308692932), (65, 192.79831492900848), (66, 199.81513500213623), (67, 199.15536904335022), (68, 197.13008880615234), (69, 194.521941781044), (70, 201.1717655658722), (71, 206.94925129413605), (72, 194.1878354549408), (73, 193.15390419960022), (74, 195.82996201515198), (75, 201.51031076908112), (76, 193.9728081226349), (77, 192.70691680908203), (78, 196.48819088935852), (79, 193.40381824970245), (80, 192.7061196565628), (81, 193.83660507202148), (82, 189.79932475090027), (83, 193.10986924171448), (84, 195.30012226104736), (85, 229.59353971481323), (86, 194.64387130737305), (87, 202.1683188676834), (88, 193.4145758152008), (89, 194.42992413043976), (90, 191.9205732345581), (91, 189.1971207857132), (92, 192.55423486232758), (93, 195.49185729026794), (94, 194.032044172287), (95, 190.89319276809692), (96, 190.98922109603882), (97, 245.7320363521576), (98, 197.5267515182495), (99, 193.6471197605133), (100, 190.8368263244629)]
INFO flwr 2025-11-04 00:59:20,441 | app.py:222 | app_fit: metrics_centralized {'accuracy': [(0, 0.0999), (1, 0.1473), (2, 0.239), (3, 0.3265), (4, 0.3672), (5, 0.4149), (6, 0.4124), (7, 0.4037), (8, 0.4258), (9, 0.4297), (10, 0.4243), (11, 0.4327), (12, 0.4377), (13, 0.4232), (14, 0.4321), (15, 0.4397), (16, 0.4402), (17, 0.4384), (18, 0.4366), (19, 0.4369), (20, 0.4323), (21, 0.4407), (22, 0.4397), (23, 0.4432), (24, 0.4401), (25, 0.4235), (26, 0.4367), (27, 0.4386), (28, 0.4343), (29, 0.4271), (30, 0.4386), (31, 0.4367), (32, 0.4367), (33, 0.4402), (34, 0.4366), (35, 0.4379), (36, 0.4342), (37, 0.4272), (38, 0.4199), (39, 0.4353), (40, 0.4389), (41, 0.4328), (42, 0.4368), (43, 0.4116), (44, 0.4431), (45, 0.4219), (46, 0.4445), (47, 0.4439), (48, 0.4477), (49, 0.4244), (50, 0.4373), (51, 0.4457), (52, 0.4456), (53, 0.4435), (54, 0.4351), (55, 0.4425), (56, 0.4344), (57, 0.4382), (58, 0.4353), (59, 0.4353), (60, 0.4446), (61, 0.4452), (62, 0.4357), (63, 0.4441), (64, 0.4372), (65, 0.4393), (66, 0.4313), (67, 0.4389), (68, 0.436), (69, 0.4417), (70, 0.4296), (71, 0.4165), (72, 0.4354), (73, 0.4427), (74, 0.4372), (75, 0.4265), (76, 0.4363), (77, 0.4362), (78, 0.4359), (79, 0.4374), (80, 0.4395), (81, 0.444), (82, 0.447), (83, 0.442), (84, 0.4396), (85, 0.3872), (86, 0.4405), (87, 0.4285), (88, 0.4391), (89, 0.4409), (90, 0.4397), (91, 0.445), (92, 0.4429), (93, 0.4392), (94, 0.4383), (95, 0.4409), (96, 0.4451), (97, 0.3789), (98, 0.4306), (99, 0.4438), (100, 0.4373)]}
[2025-11-04 00:59:20,441][flwr][INFO] - app_fit: metrics_centralized {'accuracy': [(0, 0.0999), (1, 0.1473), (2, 0.239), (3, 0.3265), (4, 0.3672), (5, 0.4149), (6, 0.4124), (7, 0.4037), (8, 0.4258), (9, 0.4297), (10, 0.4243), (11, 0.4327), (12, 0.4377), (13, 0.4232), (14, 0.4321), (15, 0.4397), (16, 0.4402), (17, 0.4384), (18, 0.4366), (19, 0.4369), (20, 0.4323), (21, 0.4407), (22, 0.4397), (23, 0.4432), (24, 0.4401), (25, 0.4235), (26, 0.4367), (27, 0.4386), (28, 0.4343), (29, 0.4271), (30, 0.4386), (31, 0.4367), (32, 0.4367), (33, 0.4402), (34, 0.4366), (35, 0.4379), (36, 0.4342), (37, 0.4272), (38, 0.4199), (39, 0.4353), (40, 0.4389), (41, 0.4328), (42, 0.4368), (43, 0.4116), (44, 0.4431), (45, 0.4219), (46, 0.4445), (47, 0.4439), (48, 0.4477), (49, 0.4244), (50, 0.4373), (51, 0.4457), (52, 0.4456), (53, 0.4435), (54, 0.4351), (55, 0.4425), (56, 0.4344), (57, 0.4382), (58, 0.4353), (59, 0.4353), (60, 0.4446), (61, 0.4452), (62, 0.4357), (63, 0.4441), (64, 0.4372), (65, 0.4393), (66, 0.4313), (67, 0.4389), (68, 0.436), (69, 0.4417), (70, 0.4296), (71, 0.4165), (72, 0.4354), (73, 0.4427), (74, 0.4372), (75, 0.4265), (76, 0.4363), (77, 0.4362), (78, 0.4359), (79, 0.4374), (80, 0.4395), (81, 0.444), (82, 0.447), (83, 0.442), (84, 0.4396), (85, 0.3872), (86, 0.4405), (87, 0.4285), (88, 0.4391), (89, 0.4409), (90, 0.4397), (91, 0.445), (92, 0.4429), (93, 0.4392), (94, 0.4383), (95, 0.4409), (96, 0.4451), (97, 0.3789), (98, 0.4306), (99, 0.4438), (100, 0.4373)]}
