2025-11-03 23:00:43.301040: I tensorflow/core/util/port.cc:111] oneDNN custom operations are on. You may see slightly different numerical results due to floating-point round-off errors from different computation orders. To turn them off, set the environment variable `TF_ENABLE_ONEDNN_OPTS=0`.
2025-11-03 23:00:43.320655: E tensorflow/compiler/xla/stream_executor/cuda/cuda_dnn.cc:9342] Unable to register cuDNN factory: Attempting to register factory for plugin cuDNN when one has already been registered
2025-11-03 23:00:43.320682: E tensorflow/compiler/xla/stream_executor/cuda/cuda_fft.cc:609] Unable to register cuFFT factory: Attempting to register factory for plugin cuFFT when one has already been registered
2025-11-03 23:00:43.320695: E tensorflow/compiler/xla/stream_executor/cuda/cuda_blas.cc:1518] Unable to register cuBLAS factory: Attempting to register factory for plugin cuBLAS when one has already been registered
2025-11-03 23:00:43.324179: I tensorflow/core/platform/cpu_feature_guard.cc:182] This TensorFlow binary is optimized to use available CPU instructions in performance-critical operations.
To enable the following instructions: AVX2 AVX_VNNI FMA, in other operations, rebuild TensorFlow with the appropriate compiler flags.
2025-11-03 23:00:43.700418: W tensorflow/compiler/tf2tensorrt/utils/py_utils.cc:38] TF-TRT Warning: Could not find TensorRT
[2025-11-03 23:00:45,878][root][INFO] - dataset: cifar10
num_rounds: 100
num_clients: 50
batch_size: 20
num_classes: 10
num_channels: 3
target_label: 9
num_clients_per_round_fit: 15
num_clients_per_round_eval: 15
config_fit:
  poisoning_rate: 0.7
  lr: 0.01
  momentum: 0.9
  local_epochs: 5
  proximal_mu: 2.0
dataset_config:
  ratio_benign_client: 0.6
  iid: false
  balance: false
  power_law: false
  dirichlet: true
  alpha: 0.9

[2025-11-03 23:00:45,878][root][INFO] - Device is cuda
INFO flwr 2025-11-03 23:00:51,540 | app.py:146 | Starting Flower simulation, config: ServerConfig(num_rounds=100, round_timeout=None)
Files already downloaded and verified
Files already downloaded and verified
[2025-11-03 23:00:51,540][flwr][INFO] - Starting Flower simulation, config: ServerConfig(num_rounds=100, round_timeout=None)
2025-11-03 23:00:53,339	INFO worker.py:1753 -- Started a local Ray instance.
INFO flwr 2025-11-03 23:00:53,816 | app.py:180 | Flower VCE: Ray initialized with resources: {'CPU': 20.0, 'memory': 35005236020.0, 'object_store_memory': 17502618009.0, 'node:137.205.115.203': 1.0, 'GPU': 1.0, 'accelerator_type:G': 1.0, 'node:__internal_head__': 1.0}
[2025-11-03 23:00:53,816][flwr][INFO] - Flower VCE: Ray initialized with resources: {'CPU': 20.0, 'memory': 35005236020.0, 'object_store_memory': 17502618009.0, 'node:137.205.115.203': 1.0, 'GPU': 1.0, 'accelerator_type:G': 1.0, 'node:__internal_head__': 1.0}
INFO flwr 2025-11-03 23:00:53,816 | server.py:86 | Initializing global parameters
[2025-11-03 23:00:53,816][flwr][INFO] - Initializing global parameters
INFO flwr 2025-11-03 23:00:53,816 | server.py:269 | Using initial parameters provided by strategy
[2025-11-03 23:00:53,816][flwr][INFO] - Using initial parameters provided by strategy
INFO flwr 2025-11-03 23:00:53,816 | server.py:88 | Evaluating initial parameters
[2025-11-03 23:00:53,816][flwr][INFO] - Evaluating initial parameters
INFO flwr 2025-11-03 23:00:55,747 | server.py:91 | initial parameters (loss, other metrics): 182.4940700531006, {'accuracy': 0.0982}
Evaluate
[2025-11-03 23:00:55,747][flwr][INFO] - initial parameters (loss, other metrics): 182.4940700531006, {'accuracy': 0.0982}
INFO flwr 2025-11-03 23:00:55,747 | server.py:101 | FL starting
[2025-11-03 23:00:55,747][flwr][INFO] - FL starting
DEBUG flwr 2025-11-03 23:00:55,747 | server.py:218 | fit_round 1: strategy sampled 15 clients (out of 50)
Configure Fit
server round: 1
[2025-11-03 23:00:55,747][flwr][DEBUG] - fit_round 1: strategy sampled 15 clients (out of 50)
[36m(pid=1492743)[0m 2025-11-03 23:01:01.685907: E tensorflow/compiler/xla/stream_executor/cuda/cuda_dnn.cc:9342] Unable to register cuDNN factory: Attempting to register factory for plugin cuDNN when one has already been registered
[36m(pid=1492743)[0m 2025-11-03 23:01:01.685935: E tensorflow/compiler/xla/stream_executor/cuda/cuda_fft.cc:609] Unable to register cuFFT factory: Attempting to register factory for plugin cuFFT when one has already been registered
[36m(pid=1492743)[0m 2025-11-03 23:01:01.685949: E tensorflow/compiler/xla/stream_executor/cuda/cuda_blas.cc:1518] Unable to register cuBLAS factory: Attempting to register factory for plugin cuBLAS when one has already been registered
[36m(pid=1492743)[0m 2025-11-03 23:01:02.046711: W tensorflow/compiler/tf2tensorrt/utils/py_utils.cc:38] TF-TRT Warning: Could not find TensorRT
DEBUG flwr 2025-11-03 23:01:38,675 | server.py:232 | fit_round 1 received 15 results and 0 failures
[2025-11-03 23:01:38,675][flwr][DEBUG] - fit_round 1 received 15 results and 0 failures
malicious is ['2', '0', '0', '0', '2', '2', '0', '0', '0', '0', '0', '0', '0', '0', '2']
[2025-11-03 23:01:38,855][root][INFO] - Number of Evil Clients: 0
[2025-11-03 23:01:38,855][root][INFO] - Number of Preset Malicious Clients is 4
[2025-11-03 23:01:38,855][root][INFO] - Number of Preset Benign Clients is 11
[2025-11-03 23:01:49,661][root][INFO] - Average poisoning accuracy: 0.972425
KMeans
intra_cluster distance is 5.167130416114169
Good Variance for label 0 is 1.7200855
Bad Variance for label 0 is 1.9465189
Dist for label 0 is 1.690726900100708
Good Variance for label 1 is 1.6289718
Bad Variance for label 1 is 0.14844854
Dist for label 1 is 0.9924146890640259
Good Variance for label 2 is 0.3029857
Bad Variance for label 2 is 0.9880627
Dist for label 2 is 1.3389398574829103
Good Variance for label 3 is 3.5975442
Bad Variance for label 3 is 2.3677483
Dist for label 3 is 0.044604146480560304
Good Variance for label 4 is 2.0240715
Bad Variance for label 4 is 1.080307
Dist for label 4 is 0.21378312110900882
Good Variance for label 5 is 3.1012077
Bad Variance for label 5 is 1.702035
Dist for label 5 is 0.9899593353271484
Good Variance for label 6 is 0.4954082
Bad Variance for label 6 is 2.0369754
Dist for label 6 is 0.12828904390335083
Good Variance for label 7 is 2.6658967
Bad Variance for label 7 is 0.18794647
Dist for label 7 is 1.124068260192871
Good Variance for label 8 is 0.9897156
Bad Variance for label 8 is 1.3017383
Dist for label 8 is 0.32208684682846067
Good Variance for label 9 is 0.6790469
Bad Variance for label 9 is 1.2326193
Dist for label 9 is 4.432482147216797
bad > good, ok!
[2025-11-03 23:01:49,973][root][INFO] - Target label is 9
Now, comb_C is [2 0 0 0 2 2 0 2 0 0 0 0 0 0 2]
[2025-11-03 23:01:49,973][root][INFO] - Clustering Accuracy is 0.9333333333333333
length of good results is 10 and length of bad results is 5
acc_diff is 0
[2025-11-03 23:01:50,036][root][INFO] - Lambda is -13
WARNING flwr 2025-11-03 23:01:50,232 | bd_strategy.py:502 | No fit_metrics_aggregation_fn provided
[2025-11-03 23:01:50,232][flwr][WARNING] - No fit_metrics_aggregation_fn provided
Evaluate
[2025-11-03 23:01:53,760][root][INFO] - Global Poisoning Accuracy: 0.0
INFO flwr 2025-11-03 23:01:53,830 | server.py:119 | fit progress: (1, 213.64914441108704, {'accuracy': 0.1217}, 58.083040448022075)
[2025-11-03 23:01:53,830][flwr][INFO] - fit progress: (1, 213.64914441108704, {'accuracy': 0.1217}, 58.083040448022075)
DEBUG flwr 2025-11-03 23:01:53,830 | server.py:168 | evaluate_round 1: strategy sampled 15 clients (out of 50)
Configure Evaluate
[2025-11-03 23:01:53,830][flwr][DEBUG] - evaluate_round 1: strategy sampled 15 clients (out of 50)
DEBUG flwr 2025-11-03 23:02:02,992 | server.py:182 | evaluate_round 1 received 15 results and 0 failures
[2025-11-03 23:02:02,992][flwr][DEBUG] - evaluate_round 1 received 15 results and 0 failures
Aggregate evaluate
benign record is ['18', '24', '0', '14', '3', '20', '16', '27', '1', '21']
valid results is [(6, 15.75209665298462), (6, 16.26325273513794), (7, 18.53346562385559), (5, 12.049237489700317)]
[2025-11-03 23:02:02,992][root][INFO] - Federated Accuracy: 0.08875833333333334
DEBUG flwr 2025-11-03 23:02:03,068 | server.py:218 | fit_round 2: strategy sampled 15 clients (out of 50)
Configure Fit
server round: 2
[2025-11-03 23:02:03,068][flwr][DEBUG] - fit_round 2: strategy sampled 15 clients (out of 50)
DEBUG flwr 2025-11-03 23:02:43,284 | server.py:232 | fit_round 2 received 15 results and 0 failures
[2025-11-03 23:02:43,284][flwr][DEBUG] - fit_round 2 received 15 results and 0 failures
malicious is ['2', '0', '0', '2', '2', '0', '0', '2', '0', '2', '2', '0', '0']
[2025-11-03 23:02:49,695][root][INFO] - Number of Evil Clients: 2
[2025-11-03 23:02:49,695][root][INFO] - Number of Preset Malicious Clients is 6
[2025-11-03 23:02:49,695][root][INFO] - Number of Preset Benign Clients is 7
[2025-11-03 23:03:05,493][root][INFO] - Average poisoning accuracy: 0.886325
KMeans
intra_cluster distance is 4.7999887287676515
Now, comb_C is [2 0 0 2 2 0 0 2 2 2 2 0 0]
[2025-11-03 23:03:05,504][root][INFO] - Clustering Accuracy is 0.9230769230769231
length of good results is 6 and length of bad results is 7
acc_diff is 0
[2025-11-03 23:03:05,510][root][INFO] - Lambda is -13
Evaluate
[2025-11-03 23:03:08,494][root][INFO] - Global Poisoning Accuracy: 0.0002
INFO flwr 2025-11-03 23:03:08,696 | server.py:119 | fit progress: (2, 192.10983896255493, {'accuracy': 0.2154}, 132.94895190600073)
[2025-11-03 23:03:08,696][flwr][INFO] - fit progress: (2, 192.10983896255493, {'accuracy': 0.2154}, 132.94895190600073)
DEBUG flwr 2025-11-03 23:03:08,696 | server.py:168 | evaluate_round 2: strategy sampled 15 clients (out of 50)
Configure Evaluate
[2025-11-03 23:03:08,696][flwr][DEBUG] - evaluate_round 2: strategy sampled 15 clients (out of 50)
DEBUG flwr 2025-11-03 23:03:17,853 | server.py:182 | evaluate_round 2 received 15 results and 0 failures
[2025-11-03 23:03:17,853][flwr][DEBUG] - evaluate_round 2 received 15 results and 0 failures
Aggregate evaluate
benign record is ['24', '18', '19', '0', '14', '3', '20', '2', '8', '16', '27', '1', '29', '11', '21']
valid results is [(5, 11.149026274681091), (3, 6.634035587310791), (5, 10.474950551986694), (5, 12.19391918182373)]
[2025-11-03 23:03:17,853][root][INFO] - Federated Accuracy: 0.21871666666666664
DEBUG flwr 2025-11-03 23:03:17,930 | server.py:218 | fit_round 3: strategy sampled 15 clients (out of 50)
Configure Fit
server round: 3
[2025-11-03 23:03:17,930][flwr][DEBUG] - fit_round 3: strategy sampled 15 clients (out of 50)
DEBUG flwr 2025-11-03 23:04:00,470 | server.py:232 | fit_round 3 received 15 results and 0 failures
[2025-11-03 23:04:00,470][flwr][DEBUG] - fit_round 3 received 15 results and 0 failures
malicious is ['0', '0', '2', '2', '2', '0', '0', '0', '2', '0', '0', '0']
[2025-11-03 23:04:08,704][root][INFO] - Number of Evil Clients: 3
[2025-11-03 23:04:08,704][root][INFO] - Number of Preset Malicious Clients is 4
[2025-11-03 23:04:08,704][root][INFO] - Number of Preset Benign Clients is 8
[2025-11-03 23:04:17,416][root][INFO] - Average poisoning accuracy: 0.8559714285714285
KMeans
intra_cluster distance is 5.624826625648786
Now, comb_C is [0 0 2 2 2 2 0 0 2 0 0 0]
[2025-11-03 23:04:17,427][root][INFO] - Clustering Accuracy is 0.9166666666666666
length of good results is 7 and length of bad results is 5
acc_diff is 0
[2025-11-03 23:04:17,432][root][INFO] - Lambda is -13
Evaluate
[2025-11-03 23:04:19,841][root][INFO] - Global Poisoning Accuracy: 0.0241
INFO flwr 2025-11-03 23:04:19,910 | server.py:119 | fit progress: (3, 167.9169043302536, {'accuracy': 0.3159}, 204.16329879802652)
[2025-11-03 23:04:19,910][flwr][INFO] - fit progress: (3, 167.9169043302536, {'accuracy': 0.3159}, 204.16329879802652)
DEBUG flwr 2025-11-03 23:04:19,911 | server.py:168 | evaluate_round 3: strategy sampled 15 clients (out of 50)
Configure Evaluate
[2025-11-03 23:04:19,911][flwr][DEBUG] - evaluate_round 3: strategy sampled 15 clients (out of 50)
DEBUG flwr 2025-11-03 23:04:29,294 | server.py:182 | evaluate_round 3 received 15 results and 0 failures
[2025-11-03 23:04:29,294][flwr][DEBUG] - evaluate_round 3 received 15 results and 0 failures
Aggregate evaluate
benign record is ['10', '18', '19', '24', '0', '14', '3', '20', '2', '8', '16', '13', '27', '1', '29', '11', '21']
valid results is [(1, 0.8637204170227051), (4, 6.559947371482849), (3, 3.016045868396759), (7, 12.414703607559204), (5, 5.995785713195801), (7, 11.280797958374023)]
[2025-11-03 23:04:29,294][root][INFO] - Federated Accuracy: 0.4546222222222222
DEBUG flwr 2025-11-03 23:04:29,374 | server.py:218 | fit_round 4: strategy sampled 15 clients (out of 50)
Configure Fit
server round: 4
[2025-11-03 23:04:29,374][flwr][DEBUG] - fit_round 4: strategy sampled 15 clients (out of 50)
DEBUG flwr 2025-11-03 23:05:08,178 | server.py:232 | fit_round 4 received 15 results and 0 failures
[2025-11-03 23:05:08,178][flwr][DEBUG] - fit_round 4 received 15 results and 0 failures
malicious is ['0', '0', '0', '0', '0', '2', '0', '0', '2', '2']
[2025-11-03 23:05:21,798][root][INFO] - Number of Evil Clients: 5
[2025-11-03 23:05:21,798][root][INFO] - Number of Preset Malicious Clients is 3
[2025-11-03 23:05:21,798][root][INFO] - Number of Preset Benign Clients is 7
[2025-11-03 23:05:29,290][root][INFO] - Average poisoning accuracy: 0.9022375
KMeans
intra_cluster distance is 6.331392057295073
Now, comb_C is [0 0 0 0 2 2 0 0 2 2]
[2025-11-03 23:05:29,301][root][INFO] - Clustering Accuracy is 0.9
length of good results is 6 and length of bad results is 4
acc_diff is 0
[2025-11-03 23:05:29,307][root][INFO] - Lambda is -13
Evaluate
[2025-11-03 23:05:31,115][root][INFO] - Global Poisoning Accuracy: 0.0575
INFO flwr 2025-11-03 23:05:31,298 | server.py:119 | fit progress: (4, 161.00799012184143, {'accuracy': 0.3687}, 275.5513449209975)
[2025-11-03 23:05:31,298][flwr][INFO] - fit progress: (4, 161.00799012184143, {'accuracy': 0.3687}, 275.5513449209975)
DEBUG flwr 2025-11-03 23:05:31,299 | server.py:168 | evaluate_round 4: strategy sampled 15 clients (out of 50)
Configure Evaluate
[2025-11-03 23:05:31,299][flwr][DEBUG] - evaluate_round 4: strategy sampled 15 clients (out of 50)
DEBUG flwr 2025-11-03 23:05:40,496 | server.py:182 | evaluate_round 4 received 15 results and 0 failures
[2025-11-03 23:05:40,496][flwr][DEBUG] - evaluate_round 4 received 15 results and 0 failures
Aggregate evaluate
benign record is ['10', '19', '20', '24', '9', '25', '2', '3', '27', '29', '14', '16', '21', '18', '0', '13', '8', '1', '11']
valid results is [(5, 5.6283570528030396), (4, 2.810891628265381), (2, 1.6833152770996094)]
[2025-11-03 23:05:40,497][root][INFO] - Federated Accuracy: 0.5456181818181818
DEBUG flwr 2025-11-03 23:05:40,566 | server.py:218 | fit_round 5: strategy sampled 15 clients (out of 50)
Configure Fit
server round: 5
[2025-11-03 23:05:40,566][flwr][DEBUG] - fit_round 5: strategy sampled 15 clients (out of 50)
DEBUG flwr 2025-11-03 23:06:20,727 | server.py:232 | fit_round 5 received 15 results and 0 failures
[2025-11-03 23:06:20,727][flwr][DEBUG] - fit_round 5 received 15 results and 0 failures
malicious is ['0', '0', '0', '0', '0', '2', '0']
[2025-11-03 23:06:37,772][root][INFO] - Number of Evil Clients: 8
[2025-11-03 23:06:37,772][root][INFO] - Number of Preset Malicious Clients is 1
[2025-11-03 23:06:37,772][root][INFO] - Number of Preset Benign Clients is 6
[2025-11-03 23:06:39,027][root][INFO] - Average poisoning accuracy: 0.7890444444444443
KMeans
intra_cluster distance is 8.372489005602816
Now, comb_C is [0 0 0 0 0 2 0]
[2025-11-03 23:06:39,039][root][INFO] - Clustering Accuracy is 1.0
length of good results is 6 and length of bad results is 1
acc_diff is 0
[2025-11-03 23:06:39,045][root][INFO] - Lambda is -13
Evaluate
[2025-11-03 23:06:40,737][root][INFO] - Global Poisoning Accuracy: 0.1043
INFO flwr 2025-11-03 23:06:40,808 | server.py:119 | fit progress: (5, 178.42857825756073, {'accuracy': 0.3899}, 345.0604866420035)
[2025-11-03 23:06:40,808][flwr][INFO] - fit progress: (5, 178.42857825756073, {'accuracy': 0.3899}, 345.0604866420035)
DEBUG flwr 2025-11-03 23:06:40,808 | server.py:168 | evaluate_round 5: strategy sampled 15 clients (out of 50)
Configure Evaluate
[2025-11-03 23:06:40,808][flwr][DEBUG] - evaluate_round 5: strategy sampled 15 clients (out of 50)
DEBUG flwr 2025-11-03 23:06:49,994 | server.py:182 | evaluate_round 5 received 15 results and 0 failures
[2025-11-03 23:06:49,994][flwr][DEBUG] - evaluate_round 5 received 15 results and 0 failures
Aggregate evaluate
benign record is ['10', '19', '20', '24', '9', '25', '26', '2', '3', '27', '29', '14', '16', '21', '18', '0', '13', '15', '8', '1', '11']
valid results is [(5, 3.556040436029434), (5, 3.8988415598869324), (6, 6.670586049556732), (5, 3.0613350868225098), (6, 3.6147450357675552), (7, 9.322769165039062), (7, 8.03245884180069)]
[2025-11-03 23:06:49,995][root][INFO] - Federated Accuracy: 0.6690243902439024
DEBUG flwr 2025-11-03 23:06:50,066 | server.py:218 | fit_round 6: strategy sampled 15 clients (out of 50)
Configure Fit
server round: 6
[2025-11-03 23:06:50,066][flwr][DEBUG] - fit_round 6: strategy sampled 15 clients (out of 50)
DEBUG flwr 2025-11-03 23:07:30,234 | server.py:232 | fit_round 6 received 15 results and 0 failures
[2025-11-03 23:07:30,234][flwr][DEBUG] - fit_round 6 received 15 results and 0 failures
malicious is ['0', '0', '0', '0', '0', '0', '2']
[2025-11-03 23:07:51,426][root][INFO] - Number of Evil Clients: 8
[2025-11-03 23:07:51,426][root][INFO] - Number of Preset Malicious Clients is 1
[2025-11-03 23:07:51,426][root][INFO] - Number of Preset Benign Clients is 6
[2025-11-03 23:07:53,379][root][INFO] - Average poisoning accuracy: 0.8143555555555556
KMeans
intra_cluster distance is 6.52147101590937
Now, comb_C is [0 0 2 0 0 0 2]
[2025-11-03 23:07:53,390][root][INFO] - Clustering Accuracy is 0.8571428571428571
length of good results is 5 and length of bad results is 2
acc_diff is 0
[2025-11-03 23:07:53,396][root][INFO] - Lambda is -13
Evaluate
[2025-11-03 23:07:55,199][root][INFO] - Global Poisoning Accuracy: 0.0509
INFO flwr 2025-11-03 23:07:55,269 | server.py:119 | fit progress: (6, 170.21691632270813, {'accuracy': 0.408}, 419.5223324089893)
[2025-11-03 23:07:55,269][flwr][INFO] - fit progress: (6, 170.21691632270813, {'accuracy': 0.408}, 419.5223324089893)
DEBUG flwr 2025-11-03 23:07:55,270 | server.py:168 | evaluate_round 6: strategy sampled 15 clients (out of 50)
Configure Evaluate
[2025-11-03 23:07:55,270][flwr][DEBUG] - evaluate_round 6: strategy sampled 15 clients (out of 50)
DEBUG flwr 2025-11-03 23:08:04,541 | server.py:182 | evaluate_round 6 received 15 results and 0 failures
[2025-11-03 23:08:04,541][flwr][DEBUG] - evaluate_round 6 received 15 results and 0 failures
Aggregate evaluate
benign record is ['10', '19', '20', '24', '9', '25', '26', '2', '3', '27', '29', '14', '16', '21', '18', '0', '13', '15', '8', '1', '11']
valid results is [(6, 3.8291991651058197), (7, 3.2297059297561646), (5, 1.9163986146450043), (4, 1.5128054320812225), (1, 0.016414064913988113), (2, 0.13633018359541893)]
[2025-11-03 23:08:04,541][root][INFO] - Federated Accuracy: 0.7618199999999998
DEBUG flwr 2025-11-03 23:08:04,617 | server.py:218 | fit_round 7: strategy sampled 15 clients (out of 50)
Configure Fit
server round: 7
[2025-11-03 23:08:04,617][flwr][DEBUG] - fit_round 7: strategy sampled 15 clients (out of 50)
DEBUG flwr 2025-11-03 23:08:44,950 | server.py:232 | fit_round 7 received 15 results and 0 failures
[2025-11-03 23:08:44,950][flwr][DEBUG] - fit_round 7 received 15 results and 0 failures
malicious is ['0', '0', '0', '0', '0', '0', '0', '0', '0', '0', '0', '0']
[2025-11-03 23:08:52,979][root][INFO] - Number of Evil Clients: 3
[2025-11-03 23:08:52,979][root][INFO] - Number of Preset Malicious Clients is 0
[2025-11-03 23:08:52,979][root][INFO] - Number of Preset Benign Clients is 12
[2025-11-03 23:08:52,979][root][INFO] - Average poisoning accuracy: 0.6773333333333333
KMeans
intra_cluster distance is 5.158414998528893
Now, comb_C is [0 0 0 0 0 0 0 0 0 0 0 0]
[2025-11-03 23:08:52,990][root][INFO] - Clustering Accuracy is 1.0
length of good results is 12 and length of bad results is 0
acc_diff is 0
[2025-11-03 23:08:52,996][root][INFO] - Lambda is -13
Evaluate
[2025-11-03 23:08:56,618][root][INFO] - Global Poisoning Accuracy: 0.0915
INFO flwr 2025-11-03 23:08:56,687 | server.py:119 | fit progress: (7, 168.06594944000244, {'accuracy': 0.4344}, 480.939469393983)
[2025-11-03 23:08:56,687][flwr][INFO] - fit progress: (7, 168.06594944000244, {'accuracy': 0.4344}, 480.939469393983)
DEBUG flwr 2025-11-03 23:08:56,687 | server.py:168 | evaluate_round 7: strategy sampled 15 clients (out of 50)
Configure Evaluate
[2025-11-03 23:08:56,687][flwr][DEBUG] - evaluate_round 7: strategy sampled 15 clients (out of 50)
DEBUG flwr 2025-11-03 23:09:05,924 | server.py:182 | evaluate_round 7 received 15 results and 0 failures
[2025-11-03 23:09:05,924][flwr][DEBUG] - evaluate_round 7 received 15 results and 0 failures
Aggregate evaluate
benign record is ['10', '19', '7', '20', '24', '9', '25', '26', '2', '3', '27', '29', '14', '16', '21', '18', '6', '0', '13', '15', '8', '1', '11']
valid results is [(4, 1.2983130067586899), (6, 3.0305518805980682), (4, 0.4490844253450632), (3, 0.46478407084941864), (1, 0.035930853337049484), (5, 1.0235658064484596), (4, 1.203911930322647)]
[2025-11-03 23:09:05,924][root][INFO] - Federated Accuracy: 0.7989000000000002
DEBUG flwr 2025-11-03 23:09:06,117 | server.py:218 | fit_round 8: strategy sampled 15 clients (out of 50)
Configure Fit
server round: 8
[2025-11-03 23:09:06,117][flwr][DEBUG] - fit_round 8: strategy sampled 15 clients (out of 50)
DEBUG flwr 2025-11-03 23:09:44,757 | server.py:232 | fit_round 8 received 15 results and 0 failures
[2025-11-03 23:09:44,757][flwr][DEBUG] - fit_round 8 received 15 results and 0 failures
malicious is ['2', '0', '0', '0', '0', '0']
[2025-11-03 23:10:09,354][root][INFO] - Number of Evil Clients: 9
[2025-11-03 23:10:09,354][root][INFO] - Number of Preset Malicious Clients is 1
[2025-11-03 23:10:09,354][root][INFO] - Number of Preset Benign Clients is 5
[2025-11-03 23:10:11,973][root][INFO] - Average poisoning accuracy: 0.9164800000000002
KMeans
intra_cluster distance is 9.25713240080238
Now, comb_C is [2 0 0 0 0 0]
[2025-11-03 23:10:11,985][root][INFO] - Clustering Accuracy is 1.0
length of good results is 5 and length of bad results is 1
acc_diff is 0
[2025-11-03 23:10:11,992][root][INFO] - Lambda is -13
Evaluate
[2025-11-03 23:10:15,652][root][INFO] - Global Poisoning Accuracy: 0.0855
INFO flwr 2025-11-03 23:10:15,721 | server.py:119 | fit progress: (8, 175.77118062973022, {'accuracy': 0.4245}, 559.9738937329967)
[2025-11-03 23:10:15,721][flwr][INFO] - fit progress: (8, 175.77118062973022, {'accuracy': 0.4245}, 559.9738937329967)
DEBUG flwr 2025-11-03 23:10:15,721 | server.py:168 | evaluate_round 8: strategy sampled 15 clients (out of 50)
Configure Evaluate
[2025-11-03 23:10:15,721][flwr][DEBUG] - evaluate_round 8: strategy sampled 15 clients (out of 50)
DEBUG flwr 2025-11-03 23:10:25,028 | server.py:182 | evaluate_round 8 received 15 results and 0 failures
[2025-11-03 23:10:25,028][flwr][DEBUG] - evaluate_round 8 received 15 results and 0 failures
Aggregate evaluate
benign record is ['10', '19', '7', '20', '24', '9', '25', '26', '2', '3', '27', '22', '29', '14', '16', '23', '21', '18', '6', '0', '13', '15', '8', '1', '11']
valid results is [(1, 0.006620547268539667), (4, 0.32078442350029945), (1, 0.006308618001639843), (6, 1.5539518892765045), (5, 5.622307062149048), (5, 0.9703871533274651), (5, 0.35302721709012985)]
[2025-11-03 23:10:25,028][root][INFO] - Federated Accuracy: 0.8014555555555556
DEBUG flwr 2025-11-03 23:10:25,098 | server.py:218 | fit_round 9: strategy sampled 15 clients (out of 50)
Configure Fit
server round: 9
[2025-11-03 23:10:25,098][flwr][DEBUG] - fit_round 9: strategy sampled 15 clients (out of 50)
DEBUG flwr 2025-11-03 23:11:07,058 | server.py:232 | fit_round 9 received 15 results and 0 failures
[2025-11-03 23:11:07,058][flwr][DEBUG] - fit_round 9 received 15 results and 0 failures
malicious is ['0', '0', '0', '0', '0', '0', '0', '0', '0']
[2025-11-03 23:11:23,681][root][INFO] - Number of Evil Clients: 6
[2025-11-03 23:11:23,681][root][INFO] - Number of Preset Malicious Clients is 0
[2025-11-03 23:11:23,681][root][INFO] - Number of Preset Benign Clients is 9
[2025-11-03 23:11:23,681][root][INFO] - Average poisoning accuracy: 0.9746000000000001
KMeans
intra_cluster distance is 5.274734099128514
Now, comb_C is [0 0 0 0 0 0 0 0 0]
[2025-11-03 23:11:23,692][root][INFO] - Clustering Accuracy is 1.0
length of good results is 9 and length of bad results is 0
acc_diff is 0
[2025-11-03 23:11:23,698][root][INFO] - Lambda is -13
Evaluate
[2025-11-03 23:11:27,231][root][INFO] - Global Poisoning Accuracy: 0.0566
INFO flwr 2025-11-03 23:11:27,300 | server.py:119 | fit progress: (9, 174.44545185565948, {'accuracy': 0.438}, 631.5532400860102)
[2025-11-03 23:11:27,300][flwr][INFO] - fit progress: (9, 174.44545185565948, {'accuracy': 0.438}, 631.5532400860102)
DEBUG flwr 2025-11-03 23:11:27,301 | server.py:168 | evaluate_round 9: strategy sampled 15 clients (out of 50)
Configure Evaluate
[2025-11-03 23:11:27,301][flwr][DEBUG] - evaluate_round 9: strategy sampled 15 clients (out of 50)
DEBUG flwr 2025-11-03 23:11:36,459 | server.py:182 | evaluate_round 9 received 15 results and 0 failures
[2025-11-03 23:11:36,459][flwr][DEBUG] - evaluate_round 9 received 15 results and 0 failures
Aggregate evaluate
benign record is ['10', '19', '4', '7', '20', '24', '9', '25', '26', '2', '3', '27', '22', '29', '14', '16', '23', '21', '18', '6', '0', '13', '15', '8', '1', '11']
valid results is [(1, 0.0009735651547089219), (3, 0.35357087501324713), (3, 0.07915579061955214), (5, 0.7220303788781166), (3, 0.20820470293983817), (1, 0.0009025948238559067), (5, 0.6705875378102064), (6, 3.9510175436735153)]
[2025-11-03 23:11:36,459][root][INFO] - Federated Accuracy: 0.8097703703703704
DEBUG flwr 2025-11-03 23:11:36,668 | server.py:218 | fit_round 10: strategy sampled 15 clients (out of 50)
Configure Fit
server round: 10
[2025-11-03 23:11:36,668][flwr][DEBUG] - fit_round 10: strategy sampled 15 clients (out of 50)
DEBUG flwr 2025-11-03 23:12:11,963 | server.py:232 | fit_round 10 received 15 results and 0 failures
[2025-11-03 23:12:11,963][flwr][DEBUG] - fit_round 10 received 15 results and 0 failures
malicious is ['0', '0', '0', '0', '0', '0', '0', '0', '0', '0']
[2025-11-03 23:12:26,567][root][INFO] - Number of Evil Clients: 5
[2025-11-03 23:12:26,567][root][INFO] - Number of Preset Malicious Clients is 0
[2025-11-03 23:12:26,567][root][INFO] - Number of Preset Benign Clients is 10
[2025-11-03 23:12:26,567][root][INFO] - Average poisoning accuracy: 0.9772000000000001
KMeans
intra_cluster distance is 5.785815732069303
Now, comb_C is [0 0 0 0 0 0 0 0 0 0]
[2025-11-03 23:12:26,579][root][INFO] - Clustering Accuracy is 1.0
length of good results is 10 and length of bad results is 0
acc_diff is 0
[2025-11-03 23:12:26,585][root][INFO] - Lambda is -13
Evaluate
[2025-11-03 23:12:30,239][root][INFO] - Global Poisoning Accuracy: 0.0626
INFO flwr 2025-11-03 23:12:30,308 | server.py:119 | fit progress: (10, 170.15971744060516, {'accuracy': 0.4349}, 694.5612001380068)
[2025-11-03 23:12:30,308][flwr][INFO] - fit progress: (10, 170.15971744060516, {'accuracy': 0.4349}, 694.5612001380068)
DEBUG flwr 2025-11-03 23:12:30,308 | server.py:168 | evaluate_round 10: strategy sampled 15 clients (out of 50)
Configure Evaluate
[2025-11-03 23:12:30,308][flwr][DEBUG] - evaluate_round 10: strategy sampled 15 clients (out of 50)
DEBUG flwr 2025-11-03 23:12:39,412 | server.py:182 | evaluate_round 10 received 15 results and 0 failures
[2025-11-03 23:12:39,412][flwr][DEBUG] - evaluate_round 10 received 15 results and 0 failures
Aggregate evaluate
benign record is ['10', '4', '19', '7', '20', '24', '9', '25', '26', '2', '3', '27', '22', '29', '14', '16', '23', '21', '18', '6', '0', '13', '15', '8', '1', '11']
valid results is [(7, 1.6886973604559898), (1, 0.0006932258838787675), (6, 1.5516643412411213), (8, 3.929297089576721), (2, 0.0023440459626726806), (6, 1.3180047273635864)]
[2025-11-03 23:12:39,412][root][INFO] - Federated Accuracy: 0.8496966666666667
DEBUG flwr 2025-11-03 23:12:39,482 | server.py:218 | fit_round 11: strategy sampled 15 clients (out of 50)
Configure Fit
server round: 11
[2025-11-03 23:12:39,482][flwr][DEBUG] - fit_round 11: strategy sampled 15 clients (out of 50)
DEBUG flwr 2025-11-03 23:13:12,295 | server.py:232 | fit_round 11 received 15 results and 0 failures
[2025-11-03 23:13:12,295][flwr][DEBUG] - fit_round 11 received 15 results and 0 failures
malicious is ['0', '0', '0', '0', '0', '0']
[2025-11-03 23:13:36,719][root][INFO] - Number of Evil Clients: 9
[2025-11-03 23:13:36,719][root][INFO] - Number of Preset Malicious Clients is 0
[2025-11-03 23:13:36,719][root][INFO] - Number of Preset Benign Clients is 6
[2025-11-03 23:13:36,719][root][INFO] - Average poisoning accuracy: 0.8671111111111112
KMeans
intra_cluster distance is 5.768749628649161
Now, comb_C is [0 0 0 0 0 0]
[2025-11-03 23:13:36,730][root][INFO] - Clustering Accuracy is 1.0
length of good results is 6 and length of bad results is 0
acc_diff is 0
[2025-11-03 23:13:36,737][root][INFO] - Lambda is -13
Evaluate
[2025-11-03 23:13:40,406][root][INFO] - Global Poisoning Accuracy: 0.0496
INFO flwr 2025-11-03 23:13:40,475 | server.py:119 | fit progress: (11, 179.87220084667206, {'accuracy': 0.4272}, 764.7281884250115)
[2025-11-03 23:13:40,475][flwr][INFO] - fit progress: (11, 179.87220084667206, {'accuracy': 0.4272}, 764.7281884250115)
DEBUG flwr 2025-11-03 23:13:40,475 | server.py:168 | evaluate_round 11: strategy sampled 15 clients (out of 50)
Configure Evaluate
[2025-11-03 23:13:40,475][flwr][DEBUG] - evaluate_round 11: strategy sampled 15 clients (out of 50)
DEBUG flwr 2025-11-03 23:13:49,522 | server.py:182 | evaluate_round 11 received 15 results and 0 failures
[2025-11-03 23:13:49,522][flwr][DEBUG] - evaluate_round 11 received 15 results and 0 failures
Aggregate evaluate
benign record is ['10', '19', '4', '7', '20', '24', '9', '25', '26', '2', '3', '27', '22', '29', '14', '16', '23', '21', '18', '6', '0', '13', '15', '8', '1', '11']
valid results is [(4, 0.34854692965745926), (8, 4.072055406868458), (1, 0.0019237786764279008), (3, 0.10238627716898918), (4, 0.850237341132015), (6, 0.879189521074295), (1, 0.0010125478729605675), (6, 2.249386563897133), (5, 6.802751898765564), (5, 0.32756402157247066), (1, 0.0008568245684728026)]
[2025-11-03 23:13:49,522][root][INFO] - Federated Accuracy: 0.8085795454545455
DEBUG flwr 2025-11-03 23:13:49,712 | server.py:218 | fit_round 12: strategy sampled 15 clients (out of 50)
Configure Fit
server round: 12
[2025-11-03 23:13:49,712][flwr][DEBUG] - fit_round 12: strategy sampled 15 clients (out of 50)
DEBUG flwr 2025-11-03 23:14:26,506 | server.py:232 | fit_round 12 received 15 results and 0 failures
[2025-11-03 23:14:26,506][flwr][DEBUG] - fit_round 12 received 15 results and 0 failures
malicious is ['0', '0', '0', '0', '0', '0', '0']
[2025-11-03 23:14:48,715][root][INFO] - Number of Evil Clients: 8
[2025-11-03 23:14:48,715][root][INFO] - Number of Preset Malicious Clients is 0
[2025-11-03 23:14:48,716][root][INFO] - Number of Preset Benign Clients is 7
[2025-11-03 23:14:48,716][root][INFO] - Average poisoning accuracy: 0.8597125
KMeans
intra_cluster distance is 5.799344436472016
Now, comb_C is [0 0 0 0 0 0 0]
[2025-11-03 23:14:48,727][root][INFO] - Clustering Accuracy is 1.0
length of good results is 7 and length of bad results is 0
acc_diff is 0
[2025-11-03 23:14:48,733][root][INFO] - Lambda is -13
Evaluate
[2025-11-03 23:14:52,379][root][INFO] - Global Poisoning Accuracy: 0.0652
INFO flwr 2025-11-03 23:14:52,448 | server.py:119 | fit progress: (12, 177.48628342151642, {'accuracy': 0.4291}, 836.7010316959932)
[2025-11-03 23:14:52,448][flwr][INFO] - fit progress: (12, 177.48628342151642, {'accuracy': 0.4291}, 836.7010316959932)
DEBUG flwr 2025-11-03 23:14:52,448 | server.py:168 | evaluate_round 12: strategy sampled 15 clients (out of 50)
Configure Evaluate
[2025-11-03 23:14:52,448][flwr][DEBUG] - evaluate_round 12: strategy sampled 15 clients (out of 50)
DEBUG flwr 2025-11-03 23:15:01,494 | server.py:182 | evaluate_round 12 received 15 results and 0 failures
[2025-11-03 23:15:01,494][flwr][DEBUG] - evaluate_round 12 received 15 results and 0 failures
Aggregate evaluate
benign record is ['10', '4', '19', '7', '20', '24', '9', '25', '26', '2', '3', '27', '22', '29', '14', '16', '23', '21', '18', '6', '0', '13', '15', '8', '1', '11']
valid results is [(1, 0.0004661376588046551), (5, 0.09713700506836176), (6, 0.7596690729260445), (8, 3.862241566181183), (6, 0.7190437074750662), (4, 0.9448240958154202), (3, 0.05129111558198929), (5, 0.25463063130155206), (3, 0.06473303068196401), (2, 0.002136328024789691), (5, 5.943374335765839)]
[2025-11-03 23:15:01,494][root][INFO] - Federated Accuracy: 0.8338583333333331
DEBUG flwr 2025-11-03 23:15:01,566 | server.py:218 | fit_round 13: strategy sampled 15 clients (out of 50)
Configure Fit
server round: 13
[2025-11-03 23:15:01,566][flwr][DEBUG] - fit_round 13: strategy sampled 15 clients (out of 50)
DEBUG flwr 2025-11-03 23:15:38,277 | server.py:232 | fit_round 13 received 15 results and 0 failures
[2025-11-03 23:15:38,277][flwr][DEBUG] - fit_round 13 received 15 results and 0 failures
malicious is ['0', '0', '0', '0', '0', '0', '0', '0', '0', '0']
[2025-11-03 23:15:52,698][root][INFO] - Number of Evil Clients: 5
[2025-11-03 23:15:52,698][root][INFO] - Number of Preset Malicious Clients is 0
[2025-11-03 23:15:52,698][root][INFO] - Number of Preset Benign Clients is 10
[2025-11-03 23:15:52,698][root][INFO] - Average poisoning accuracy: 0.9774199999999998
KMeans
intra_cluster distance is 4.561862343114898
Now, comb_C is [0 0 0 0 0 0 0 0 0 0]
[2025-11-03 23:15:52,709][root][INFO] - Clustering Accuracy is 1.0
length of good results is 10 and length of bad results is 0
acc_diff is 0
[2025-11-03 23:15:52,715][root][INFO] - Lambda is -13
Evaluate
[2025-11-03 23:15:56,371][root][INFO] - Global Poisoning Accuracy: 0.0801
INFO flwr 2025-11-03 23:15:56,558 | server.py:119 | fit progress: (13, 178.1569174528122, {'accuracy': 0.4325}, 900.8108083850238)
[2025-11-03 23:15:56,558][flwr][INFO] - fit progress: (13, 178.1569174528122, {'accuracy': 0.4325}, 900.8108083850238)
DEBUG flwr 2025-11-03 23:15:56,558 | server.py:168 | evaluate_round 13: strategy sampled 15 clients (out of 50)
Configure Evaluate
[2025-11-03 23:15:56,558][flwr][DEBUG] - evaluate_round 13: strategy sampled 15 clients (out of 50)
DEBUG flwr 2025-11-03 23:16:05,794 | server.py:182 | evaluate_round 13 received 15 results and 0 failures
[2025-11-03 23:16:05,794][flwr][DEBUG] - evaluate_round 13 received 15 results and 0 failures
Aggregate evaluate
benign record is ['10', '19', '4', '7', '20', '24', '9', '25', '26', '2', '3', '27', '22', '29', '14', '16', '23', '21', '18', '6', '0', '13', '15', '8', '1', '11']
valid results is [(6, 0.3677001288160682), (4, 0.9379089623689651), (6, 0.6591146718710661), (1, 0.000760858238209039), (5, 0.31603724672459066), (1, 0.0002860453096218407), (4, 0.03988107526674867), (7, 1.5150105748325586), (3, 0.9150245557539165), (5, 0.04654037952423096)]
[2025-11-03 23:16:05,794][root][INFO] - Federated Accuracy: 0.8526404761904761
DEBUG flwr 2025-11-03 23:16:05,865 | server.py:218 | fit_round 14: strategy sampled 15 clients (out of 50)
Configure Fit
server round: 14
[2025-11-03 23:16:05,865][flwr][DEBUG] - fit_round 14: strategy sampled 15 clients (out of 50)
DEBUG flwr 2025-11-03 23:16:41,181 | server.py:232 | fit_round 14 received 15 results and 0 failures
[2025-11-03 23:16:41,181][flwr][DEBUG] - fit_round 14 received 15 results and 0 failures
malicious is ['0', '0', '0', '0', '0', '0', '0', '0']
[2025-11-03 23:17:00,849][root][INFO] - Number of Evil Clients: 7
[2025-11-03 23:17:00,849][root][INFO] - Number of Preset Malicious Clients is 0
[2025-11-03 23:17:00,849][root][INFO] - Number of Preset Benign Clients is 8
[2025-11-03 23:17:00,849][root][INFO] - Average poisoning accuracy: 0.639057142857143
KMeans
intra_cluster distance is 5.5745414141066565
Now, comb_C is [0 0 0 0 0 0 0 0]
[2025-11-03 23:17:00,860][root][INFO] - Clustering Accuracy is 1.0
length of good results is 8 and length of bad results is 0
acc_diff is 0
[2025-11-03 23:17:00,866][root][INFO] - Lambda is -13
Evaluate
[2025-11-03 23:17:04,524][root][INFO] - Global Poisoning Accuracy: 0.0799
INFO flwr 2025-11-03 23:17:04,593 | server.py:119 | fit progress: (14, 178.61649656295776, {'accuracy': 0.4374}, 968.8457411460113)
[2025-11-03 23:17:04,593][flwr][INFO] - fit progress: (14, 178.61649656295776, {'accuracy': 0.4374}, 968.8457411460113)
DEBUG flwr 2025-11-03 23:17:04,593 | server.py:168 | evaluate_round 14: strategy sampled 15 clients (out of 50)
Configure Evaluate
[2025-11-03 23:17:04,593][flwr][DEBUG] - evaluate_round 14: strategy sampled 15 clients (out of 50)
DEBUG flwr 2025-11-03 23:17:13,775 | server.py:182 | evaluate_round 14 received 15 results and 0 failures
[2025-11-03 23:17:13,775][flwr][DEBUG] - evaluate_round 14 received 15 results and 0 failures
Aggregate evaluate
benign record is ['10', '4', '19', '7', '20', '24', '9', '25', '26', '2', '3', '27', '22', '29', '14', '16', '23', '21', '18', '6', '0', '13', '15', '8', '1', '11']
valid results is [(3, 0.6071976192761213), (7, 1.1967136338353157), (3, 0.008554404135793447), (4, 0.6319889457663521), (1, 0.00014361776993609965), (5, 0.012191075889859349), (2, 0.0012413713848218322), (3, 0.0031197807256830856)]
[2025-11-03 23:17:13,775][root][INFO] - Federated Accuracy: 0.8963142857142857
DEBUG flwr 2025-11-03 23:17:13,850 | server.py:218 | fit_round 15: strategy sampled 15 clients (out of 50)
Configure Fit
server round: 15
[2025-11-03 23:17:13,850][flwr][DEBUG] - fit_round 15: strategy sampled 15 clients (out of 50)
DEBUG flwr 2025-11-03 23:17:50,556 | server.py:232 | fit_round 15 received 15 results and 0 failures
[2025-11-03 23:17:50,556][flwr][DEBUG] - fit_round 15 received 15 results and 0 failures
malicious is ['0', '0', '0', '0', '0', '0', '0']
[2025-11-03 23:18:12,999][root][INFO] - Number of Evil Clients: 8
[2025-11-03 23:18:12,999][root][INFO] - Number of Preset Malicious Clients is 0
[2025-11-03 23:18:12,999][root][INFO] - Number of Preset Benign Clients is 7
[2025-11-03 23:18:12,999][root][INFO] - Average poisoning accuracy: 0.6754125000000001
KMeans
intra_cluster distance is 5.79388318577125
Now, comb_C is [0 0 0 0 0 0 0]
[2025-11-03 23:18:13,010][root][INFO] - Clustering Accuracy is 1.0
length of good results is 7 and length of bad results is 0
acc_diff is 0
[2025-11-03 23:18:13,016][root][INFO] - Lambda is -13
Evaluate
[2025-11-03 23:18:16,663][root][INFO] - Global Poisoning Accuracy: 0.067
INFO flwr 2025-11-03 23:18:16,851 | server.py:119 | fit progress: (15, 185.0554358959198, {'accuracy': 0.4329}, 1041.1040033550235)
[2025-11-03 23:18:16,851][flwr][INFO] - fit progress: (15, 185.0554358959198, {'accuracy': 0.4329}, 1041.1040033550235)
DEBUG flwr 2025-11-03 23:18:16,851 | server.py:168 | evaluate_round 15: strategy sampled 15 clients (out of 50)
Configure Evaluate
[2025-11-03 23:18:16,851][flwr][DEBUG] - evaluate_round 15: strategy sampled 15 clients (out of 50)
DEBUG flwr 2025-11-03 23:18:25,994 | server.py:182 | evaluate_round 15 received 15 results and 0 failures
[2025-11-03 23:18:25,994][flwr][DEBUG] - evaluate_round 15 received 15 results and 0 failures
Aggregate evaluate
benign record is ['10', '19', '4', '7', '20', '24', '9', '25', '26', '2', '3', '27', '22', '29', '14', '16', '23', '21', '18', '6', '0', '13', '15', '8', '1', '11']
valid results is [(7, 1.241296244552359), (3, 0.004251935155480169), (4, 0.6701997809577733), (5, 0.026246081106364727), (4, 0.007277710479684174), (3, 0.7720275467727333), (6, 0.40624055988155305), (5, 0.06129761505872011), (4, 0.05770663102157414)]
[2025-11-03 23:18:25,994][root][INFO] - Federated Accuracy: 0.8793048780487804
DEBUG flwr 2025-11-03 23:18:26,064 | server.py:218 | fit_round 16: strategy sampled 15 clients (out of 50)
Configure Fit
server round: 16
[2025-11-03 23:18:26,064][flwr][DEBUG] - fit_round 16: strategy sampled 15 clients (out of 50)
DEBUG flwr 2025-11-03 23:19:02,716 | server.py:232 | fit_round 16 received 15 results and 0 failures
[2025-11-03 23:19:02,716][flwr][DEBUG] - fit_round 16 received 15 results and 0 failures
malicious is ['0', '0', '0', '0', '0', '0', '0']
[2025-11-03 23:19:26,036][root][INFO] - Number of Evil Clients: 8
[2025-11-03 23:19:26,036][root][INFO] - Number of Preset Malicious Clients is 0
[2025-11-03 23:19:26,036][root][INFO] - Number of Preset Benign Clients is 7
[2025-11-03 23:19:26,036][root][INFO] - Average poisoning accuracy: 0.9048875
KMeans
intra_cluster distance is 7.556150948891351
Now, comb_C is [0 0 0 0 0 0 0]
[2025-11-03 23:19:26,047][root][INFO] - Clustering Accuracy is 1.0
length of good results is 7 and length of bad results is 0
acc_diff is 0
[2025-11-03 23:19:26,053][root][INFO] - Lambda is -13
Evaluate
[2025-11-03 23:19:29,715][root][INFO] - Global Poisoning Accuracy: 0.0735
INFO flwr 2025-11-03 23:19:29,784 | server.py:119 | fit progress: (16, 185.08095741271973, {'accuracy': 0.4298}, 1114.0363999290275)
[2025-11-03 23:19:29,784][flwr][INFO] - fit progress: (16, 185.08095741271973, {'accuracy': 0.4298}, 1114.0363999290275)
DEBUG flwr 2025-11-03 23:19:29,784 | server.py:168 | evaluate_round 16: strategy sampled 15 clients (out of 50)
Configure Evaluate
[2025-11-03 23:19:29,784][flwr][DEBUG] - evaluate_round 16: strategy sampled 15 clients (out of 50)
DEBUG flwr 2025-11-03 23:19:38,895 | server.py:182 | evaluate_round 16 received 15 results and 0 failures
[2025-11-03 23:19:38,895][flwr][DEBUG] - evaluate_round 16 received 15 results and 0 failures
Aggregate evaluate
benign record is ['10', '4', '19', '7', '20', '24', '9', '25', '26', '2', '3', '27', '22', '29', '14', '16', '23', '21', '18', '6', '0', '13', '15', '8', '1', '11']
valid results is [(6, 0.1445880332030356), (4, 0.0038633646618109196), (6, 0.6054514735005796), (4, 0.016124499816214666), (5, 0.5546278897672892), (5, 5.988525092601776), (4, 1.086048386991024), (6, 1.8483317038044333), (6, 1.8632867205888033), (4, 0.7065874447580427)]
[2025-11-03 23:19:38,896][root][INFO] - Federated Accuracy: 0.8376439999999999
DEBUG flwr 2025-11-03 23:19:38,994 | server.py:218 | fit_round 17: strategy sampled 15 clients (out of 50)
Configure Fit
server round: 17
[2025-11-03 23:19:38,994][flwr][DEBUG] - fit_round 17: strategy sampled 15 clients (out of 50)
DEBUG flwr 2025-11-03 23:20:15,380 | server.py:232 | fit_round 17 received 15 results and 0 failures
[2025-11-03 23:20:15,380][flwr][DEBUG] - fit_round 17 received 15 results and 0 failures
malicious is ['0', '0', '0', '0', '0']
[2025-11-03 23:20:43,834][root][INFO] - Number of Evil Clients: 10
[2025-11-03 23:20:43,834][root][INFO] - Number of Preset Malicious Clients is 0
[2025-11-03 23:20:43,834][root][INFO] - Number of Preset Benign Clients is 5
[2025-11-03 23:20:43,834][root][INFO] - Average poisoning accuracy: 0.8357199999999999
KMeans
intra_cluster distance is 11.188084284060178
Now, comb_C is [0 0 0 2 0]
[2025-11-03 23:20:43,845][root][INFO] - Clustering Accuracy is 0.8
length of good results is 4 and length of bad results is 1
acc_diff is 0
[2025-11-03 23:20:43,851][root][INFO] - Lambda is -13
Evaluate
[2025-11-03 23:20:47,522][root][INFO] - Global Poisoning Accuracy: 0.0585
INFO flwr 2025-11-03 23:20:47,707 | server.py:119 | fit progress: (17, 185.22896766662598, {'accuracy': 0.4308}, 1191.9593604570255)
[2025-11-03 23:20:47,707][flwr][INFO] - fit progress: (17, 185.22896766662598, {'accuracy': 0.4308}, 1191.9593604570255)
DEBUG flwr 2025-11-03 23:20:47,707 | server.py:168 | evaluate_round 17: strategy sampled 15 clients (out of 50)
Configure Evaluate
[2025-11-03 23:20:47,707][flwr][DEBUG] - evaluate_round 17: strategy sampled 15 clients (out of 50)
DEBUG flwr 2025-11-03 23:20:56,692 | server.py:182 | evaluate_round 17 received 15 results and 0 failures
[2025-11-03 23:20:56,692][flwr][DEBUG] - evaluate_round 17 received 15 results and 0 failures
Aggregate evaluate
benign record is ['10', '19', '4', '7', '20', '24', '9', '25', '26', '2', '3', '27', '22', '29', '14', '16', '23', '21', '18', '6', '0', '13', '15', '8', '1', '11']
valid results is [(1, 0.0002501893322914839), (3, 0.019017131882719696), (5, 0.38058381993323565), (5, 7.062554746866226), (5, 0.023842600523494184), (4, 0.8885428160429001), (1, 0.000225091353058815), (6, 1.8430858284700662), (5, 0.11161791160702705)]
[2025-11-03 23:20:56,694][root][INFO] - Federated Accuracy: 0.7971457142857142
DEBUG flwr 2025-11-03 23:20:56,771 | server.py:218 | fit_round 18: strategy sampled 15 clients (out of 50)
Configure Fit
server round: 18
[2025-11-03 23:20:56,771][flwr][DEBUG] - fit_round 18: strategy sampled 15 clients (out of 50)
DEBUG flwr 2025-11-03 23:21:36,525 | server.py:232 | fit_round 18 received 15 results and 0 failures
[2025-11-03 23:21:36,525][flwr][DEBUG] - fit_round 18 received 15 results and 0 failures
malicious is ['0', '0', '0', '0', '0', '0', '0']
[2025-11-03 23:21:58,874][root][INFO] - Number of Evil Clients: 8
[2025-11-03 23:21:58,874][root][INFO] - Number of Preset Malicious Clients is 0
[2025-11-03 23:21:58,874][root][INFO] - Number of Preset Benign Clients is 7
[2025-11-03 23:21:58,874][root][INFO] - Average poisoning accuracy: 0.5531125
KMeans
intra_cluster distance is 5.769664338880997
Now, comb_C is [0 0 0 0 0 0 0]
[2025-11-03 23:21:58,885][root][INFO] - Clustering Accuracy is 1.0
length of good results is 7 and length of bad results is 0
acc_diff is 0
[2025-11-03 23:21:58,890][root][INFO] - Lambda is -13
Evaluate
[2025-11-03 23:22:02,519][root][INFO] - Global Poisoning Accuracy: 0.057
INFO flwr 2025-11-03 23:22:02,587 | server.py:119 | fit progress: (18, 186.4122874736786, {'accuracy': 0.433}, 1266.840030012012)
[2025-11-03 23:22:02,587][flwr][INFO] - fit progress: (18, 186.4122874736786, {'accuracy': 0.433}, 1266.840030012012)
DEBUG flwr 2025-11-03 23:22:02,587 | server.py:168 | evaluate_round 18: strategy sampled 15 clients (out of 50)
Configure Evaluate
[2025-11-03 23:22:02,587][flwr][DEBUG] - evaluate_round 18: strategy sampled 15 clients (out of 50)
DEBUG flwr 2025-11-03 23:22:11,639 | server.py:182 | evaluate_round 18 received 15 results and 0 failures
[2025-11-03 23:22:11,639][flwr][DEBUG] - evaluate_round 18 received 15 results and 0 failures
Aggregate evaluate
benign record is ['10', '4', '19', '7', '20', '24', '9', '25', '26', '2', '3', '27', '22', '29', '14', '16', '23', '21', '18', '6', '0', '13', '15', '8', '1', '11']
valid results is [(1, 0.00022596280905418098), (7, 1.0298782659228891), (5, 0.31605105893686414), (6, 0.2534913554554805), (7, 0.23525964515283704), (5, 0.017625636130105704), (4, 0.03794773842673749)]
[2025-11-03 23:22:11,639][root][INFO] - Federated Accuracy: 0.9028542857142857
DEBUG flwr 2025-11-03 23:22:11,716 | server.py:218 | fit_round 19: strategy sampled 15 clients (out of 50)
Configure Fit
server round: 19
[2025-11-03 23:22:11,716][flwr][DEBUG] - fit_round 19: strategy sampled 15 clients (out of 50)
DEBUG flwr 2025-11-03 23:22:50,554 | server.py:232 | fit_round 19 received 15 results and 0 failures
[2025-11-03 23:22:50,554][flwr][DEBUG] - fit_round 19 received 15 results and 0 failures
malicious is ['0', '0', '0', '0', '0', '0', '0']
[2025-11-03 23:23:11,940][root][INFO] - Number of Evil Clients: 8
[2025-11-03 23:23:11,940][root][INFO] - Number of Preset Malicious Clients is 0
[2025-11-03 23:23:11,940][root][INFO] - Number of Preset Benign Clients is 7
[2025-11-03 23:23:11,940][root][INFO] - Average poisoning accuracy: 0.8047875000000001
KMeans
intra_cluster distance is 4.787652270634679
Now, comb_C is [0 0 0 0 0 0 0]
[2025-11-03 23:23:11,951][root][INFO] - Clustering Accuracy is 1.0
length of good results is 7 and length of bad results is 0
acc_diff is 0
[2025-11-03 23:23:11,958][root][INFO] - Lambda is -13
Evaluate
[2025-11-03 23:23:15,601][root][INFO] - Global Poisoning Accuracy: 0.0542
INFO flwr 2025-11-03 23:23:15,795 | server.py:119 | fit progress: (19, 183.53225076198578, {'accuracy': 0.4362}, 1340.0475739960093)
[2025-11-03 23:23:15,795][flwr][INFO] - fit progress: (19, 183.53225076198578, {'accuracy': 0.4362}, 1340.0475739960093)
DEBUG flwr 2025-11-03 23:23:15,795 | server.py:168 | evaluate_round 19: strategy sampled 15 clients (out of 50)
Configure Evaluate
[2025-11-03 23:23:15,795][flwr][DEBUG] - evaluate_round 19: strategy sampled 15 clients (out of 50)
DEBUG flwr 2025-11-03 23:23:24,900 | server.py:182 | evaluate_round 19 received 15 results and 0 failures
[2025-11-03 23:23:24,900][flwr][DEBUG] - evaluate_round 19 received 15 results and 0 failures
Aggregate evaluate
benign record is ['10', '19', '4', '7', '20', '24', '9', '25', '26', '2', '3', '27', '22', '29', '14', '16', '23', '21', '18', '6', '0', '13', '15', '8', '1', '11']
valid results is [(6, 1.131964842788875), (6, 0.339734437642619), (5, 0.004491180123295635), (3, 0.0024205709050875157), (5, 0.008256615314166993), (5, 0.0032434695604024455), (5, 0.11268422985449433), (8, 3.652281694114208), (5, 6.8496187925338745)]
[2025-11-03 23:23:24,901][root][INFO] - Federated Accuracy: 0.8579958333333333
DEBUG flwr 2025-11-03 23:23:24,995 | server.py:218 | fit_round 20: strategy sampled 15 clients (out of 50)
Configure Fit
server round: 20
[2025-11-03 23:23:24,995][flwr][DEBUG] - fit_round 20: strategy sampled 15 clients (out of 50)
DEBUG flwr 2025-11-03 23:24:04,874 | server.py:232 | fit_round 20 received 15 results and 0 failures
[2025-11-03 23:24:04,874][flwr][DEBUG] - fit_round 20 received 15 results and 0 failures
malicious is ['0', '0', '0', '0', '0', '0', '0']
[2025-11-03 23:24:26,753][root][INFO] - Number of Evil Clients: 8
[2025-11-03 23:24:26,753][root][INFO] - Number of Preset Malicious Clients is 0
[2025-11-03 23:24:26,753][root][INFO] - Number of Preset Benign Clients is 7
[2025-11-03 23:24:26,753][root][INFO] - Average poisoning accuracy: 0.7473
KMeans
intra_cluster distance is 7.525274516355437
Now, comb_C is [0 0 0 0 0 0 0]
[2025-11-03 23:24:26,813][root][INFO] - Clustering Accuracy is 1.0
length of good results is 7 and length of bad results is 0
acc_diff is 0
[2025-11-03 23:24:26,885][root][INFO] - Lambda is -13
Evaluate
[2025-11-03 23:24:30,223][root][INFO] - Global Poisoning Accuracy: 0.0555
INFO flwr 2025-11-03 23:24:30,292 | server.py:119 | fit progress: (20, 187.59115421772003, {'accuracy': 0.4362}, 1414.5445965679828)
[2025-11-03 23:24:30,292][flwr][INFO] - fit progress: (20, 187.59115421772003, {'accuracy': 0.4362}, 1414.5445965679828)
DEBUG flwr 2025-11-03 23:24:30,292 | server.py:168 | evaluate_round 20: strategy sampled 15 clients (out of 50)
Configure Evaluate
[2025-11-03 23:24:30,292][flwr][DEBUG] - evaluate_round 20: strategy sampled 15 clients (out of 50)
DEBUG flwr 2025-11-03 23:24:39,486 | server.py:182 | evaluate_round 20 received 15 results and 0 failures
[2025-11-03 23:24:39,486][flwr][DEBUG] - evaluate_round 20 received 15 results and 0 failures
Aggregate evaluate
benign record is ['10', '4', '19', '7', '20', '24', '9', '25', '26', '2', '3', '27', '22', '29', '14', '16', '23', '21', '18', '6', '0', '13', '15', '8', '1', '11']
valid results is [(4, 0.8302970826625824), (1, 6.963114719837904e-05), (6, 0.3021681500831619), (6, 1.0656880892347544), (4, 0.00369464565301314), (5, 0.17862286092713475), (1, 0.00011385298421373591), (5, 0.013422655370959546)]
[2025-11-03 23:24:39,486][root][INFO] - Federated Accuracy: 0.8762437500000001
DEBUG flwr 2025-11-03 23:24:39,589 | server.py:218 | fit_round 21: strategy sampled 15 clients (out of 50)
Configure Fit
server round: 21
[2025-11-03 23:24:39,589][flwr][DEBUG] - fit_round 21: strategy sampled 15 clients (out of 50)
DEBUG flwr 2025-11-03 23:25:17,740 | server.py:232 | fit_round 21 received 15 results and 0 failures
[2025-11-03 23:25:17,740][flwr][DEBUG] - fit_round 21 received 15 results and 0 failures
malicious is ['0', '0', '0', '0', '0', '0', '0', '0', '0']
[2025-11-03 23:25:34,715][root][INFO] - Number of Evil Clients: 6
[2025-11-03 23:25:34,715][root][INFO] - Number of Preset Malicious Clients is 0
[2025-11-03 23:25:34,715][root][INFO] - Number of Preset Benign Clients is 9
[2025-11-03 23:25:34,715][root][INFO] - Average poisoning accuracy: 0.6715666666666666
KMeans
intra_cluster distance is 4.196891863452121
Now, comb_C is [0 0 0 0 0 0 0 0 0]
[2025-11-03 23:25:34,726][root][INFO] - Clustering Accuracy is 1.0
length of good results is 9 and length of bad results is 0
acc_diff is 0
[2025-11-03 23:25:34,851][root][INFO] - Lambda is -13
Evaluate
[2025-11-03 23:25:38,523][root][INFO] - Global Poisoning Accuracy: 0.0502
INFO flwr 2025-11-03 23:25:38,592 | server.py:119 | fit progress: (21, 186.2737284898758, {'accuracy': 0.4368}, 1482.8448563219863)
[2025-11-03 23:25:38,592][flwr][INFO] - fit progress: (21, 186.2737284898758, {'accuracy': 0.4368}, 1482.8448563219863)
DEBUG flwr 2025-11-03 23:25:38,592 | server.py:168 | evaluate_round 21: strategy sampled 15 clients (out of 50)
Configure Evaluate
[2025-11-03 23:25:38,592][flwr][DEBUG] - evaluate_round 21: strategy sampled 15 clients (out of 50)
DEBUG flwr 2025-11-03 23:25:47,682 | server.py:182 | evaluate_round 21 received 15 results and 0 failures
[2025-11-03 23:25:47,682][flwr][DEBUG] - evaluate_round 21 received 15 results and 0 failures
Aggregate evaluate
benign record is ['10', '19', '4', '7', '20', '24', '9', '25', '26', '2', '3', '27', '22', '29', '14', '16', '23', '21', '18', '6', '0', '13', '15', '8', '1', '11']
valid results is [(5, 0.0034895274802693166), (5, 0.3459102634806186), (3, 0.27177565129386494), (8, 4.132205942645669), (3, 0.0010061193315777928), (1, 0.00015632776194252074)]
[2025-11-03 23:25:47,682][root][INFO] - Federated Accuracy: 0.8407800000000001
DEBUG flwr 2025-11-03 23:25:47,751 | server.py:218 | fit_round 22: strategy sampled 15 clients (out of 50)
Configure Fit
server round: 22
[2025-11-03 23:25:47,751][flwr][DEBUG] - fit_round 22: strategy sampled 15 clients (out of 50)
DEBUG flwr 2025-11-03 23:26:24,423 | server.py:232 | fit_round 22 received 15 results and 0 failures
[2025-11-03 23:26:24,423][flwr][DEBUG] - fit_round 22 received 15 results and 0 failures
malicious is ['0', '0', '0', '0', '0', '0', '0', '0']
[2025-11-03 23:26:43,697][root][INFO] - Number of Evil Clients: 7
[2025-11-03 23:26:43,698][root][INFO] - Number of Preset Malicious Clients is 0
[2025-11-03 23:26:43,698][root][INFO] - Number of Preset Benign Clients is 8
[2025-11-03 23:26:43,698][root][INFO] - Average poisoning accuracy: 0.8998999999999999
KMeans
intra_cluster distance is 4.224010663339569
Now, comb_C is [0 0 0 0 0 0 0 0]
[2025-11-03 23:26:43,709][root][INFO] - Clustering Accuracy is 1.0
length of good results is 8 and length of bad results is 0
acc_diff is 0
[2025-11-03 23:26:43,714][root][INFO] - Lambda is -13
Evaluate
[2025-11-03 23:26:47,312][root][INFO] - Global Poisoning Accuracy: 0.0434
INFO flwr 2025-11-03 23:26:47,381 | server.py:119 | fit progress: (22, 190.45650339126587, {'accuracy': 0.4296}, 1551.6341023999848)
[2025-11-03 23:26:47,381][flwr][INFO] - fit progress: (22, 190.45650339126587, {'accuracy': 0.4296}, 1551.6341023999848)
DEBUG flwr 2025-11-03 23:26:47,381 | server.py:168 | evaluate_round 22: strategy sampled 15 clients (out of 50)
Configure Evaluate
[2025-11-03 23:26:47,381][flwr][DEBUG] - evaluate_round 22: strategy sampled 15 clients (out of 50)
DEBUG flwr 2025-11-03 23:26:56,539 | server.py:182 | evaluate_round 22 received 15 results and 0 failures
[2025-11-03 23:26:56,539][flwr][DEBUG] - evaluate_round 22 received 15 results and 0 failures
Aggregate evaluate
benign record is ['10', '4', '19', '7', '20', '24', '9', '25', '26', '2', '3', '27', '22', '29', '14', '16', '23', '21', '18', '6', '0', '13', '15', '8', '1', '11']
valid results is [(3, 0.0005587843297689687), (3, 0.0009701784874778241), (5, 0.0035504551779013127), (4, 1.0969684347510338), (7, 0.1403292060131207), (7, 0.6487647317699157), (4, 0.001540292942081578)]
[2025-11-03 23:26:56,539][root][INFO] - Federated Accuracy: 0.9195757575757576
DEBUG flwr 2025-11-03 23:26:56,730 | server.py:218 | fit_round 23: strategy sampled 15 clients (out of 50)
Configure Fit
server round: 23
[2025-11-03 23:26:56,730][flwr][DEBUG] - fit_round 23: strategy sampled 15 clients (out of 50)
DEBUG flwr 2025-11-03 23:27:31,472 | server.py:232 | fit_round 23 received 15 results and 0 failures
[2025-11-03 23:27:31,472][flwr][DEBUG] - fit_round 23 received 15 results and 0 failures
malicious is ['0', '0', '0', '0', '0', '0']
[2025-11-03 23:27:56,591][root][INFO] - Number of Evil Clients: 9
[2025-11-03 23:27:56,591][root][INFO] - Number of Preset Malicious Clients is 0
[2025-11-03 23:27:56,591][root][INFO] - Number of Preset Benign Clients is 6
[2025-11-03 23:27:56,591][root][INFO] - Average poisoning accuracy: 0.874211111111111
KMeans
intra_cluster distance is 6.959662622204229
Now, comb_C is [0 0 0 0 0 0]
[2025-11-03 23:27:56,602][root][INFO] - Clustering Accuracy is 1.0
length of good results is 6 and length of bad results is 0
acc_diff is 0
[2025-11-03 23:27:56,607][root][INFO] - Lambda is -13
Evaluate
[2025-11-03 23:28:00,256][root][INFO] - Global Poisoning Accuracy: 0.0669
INFO flwr 2025-11-03 23:28:00,324 | server.py:119 | fit progress: (23, 188.01628482341766, {'accuracy': 0.4351}, 1624.5772127070231)
[2025-11-03 23:28:00,324][flwr][INFO] - fit progress: (23, 188.01628482341766, {'accuracy': 0.4351}, 1624.5772127070231)
DEBUG flwr 2025-11-03 23:28:00,324 | server.py:168 | evaluate_round 23: strategy sampled 15 clients (out of 50)
Configure Evaluate
[2025-11-03 23:28:00,324][flwr][DEBUG] - evaluate_round 23: strategy sampled 15 clients (out of 50)
DEBUG flwr 2025-11-03 23:28:09,425 | server.py:182 | evaluate_round 23 received 15 results and 0 failures
[2025-11-03 23:28:09,425][flwr][DEBUG] - evaluate_round 23 received 15 results and 0 failures
Aggregate evaluate
benign record is ['10', '19', '4', '7', '20', '24', '9', '25', '26', '2', '3', '27', '22', '29', '14', '16', '23', '21', '18', '6', '0', '13', '15', '8', '1', '11']
valid results is [(3, 0.30132952567510074), (6, 0.5297546748770401), (1, 5.379063804866746e-05), (3, 0.0007644393044756725), (7, 0.13776599839911796), (3, 0.0015749760495964438), (6, 0.17281245486810803), (4, 0.0032299580925609916)]
[2025-11-03 23:28:09,425][root][INFO] - Federated Accuracy: 0.9135121212121212
DEBUG flwr 2025-11-03 23:28:09,494 | server.py:218 | fit_round 24: strategy sampled 15 clients (out of 50)
Configure Fit
server round: 24
[2025-11-03 23:28:09,494][flwr][DEBUG] - fit_round 24: strategy sampled 15 clients (out of 50)
DEBUG flwr 2025-11-03 23:28:47,330 | server.py:232 | fit_round 24 received 15 results and 0 failures
[2025-11-03 23:28:47,330][flwr][DEBUG] - fit_round 24 received 15 results and 0 failures
malicious is ['0', '0', '0', '0', '0']
[2025-11-03 23:29:14,551][root][INFO] - Number of Evil Clients: 10
[2025-11-03 23:29:14,551][root][INFO] - Number of Preset Malicious Clients is 0
[2025-11-03 23:29:14,551][root][INFO] - Number of Preset Benign Clients is 5
[2025-11-03 23:29:14,551][root][INFO] - Average poisoning accuracy: 0.73919
KMeans
intra_cluster distance is 3.6470696252598525
Now, comb_C is [0 0 0 0 0]
[2025-11-03 23:29:14,562][root][INFO] - Clustering Accuracy is 1.0
length of good results is 5 and length of bad results is 0
acc_diff is 0
[2025-11-03 23:29:14,568][root][INFO] - Lambda is -13
Evaluate
[2025-11-03 23:29:18,166][root][INFO] - Global Poisoning Accuracy: 0.0623
INFO flwr 2025-11-03 23:29:18,236 | server.py:119 | fit progress: (24, 188.6589493751526, {'accuracy': 0.4344}, 1702.4888487320277)
[2025-11-03 23:29:18,236][flwr][INFO] - fit progress: (24, 188.6589493751526, {'accuracy': 0.4344}, 1702.4888487320277)
DEBUG flwr 2025-11-03 23:29:18,236 | server.py:168 | evaluate_round 24: strategy sampled 15 clients (out of 50)
Configure Evaluate
[2025-11-03 23:29:18,236][flwr][DEBUG] - evaluate_round 24: strategy sampled 15 clients (out of 50)
DEBUG flwr 2025-11-03 23:29:27,088 | server.py:182 | evaluate_round 24 received 15 results and 0 failures
[2025-11-03 23:29:27,088][flwr][DEBUG] - evaluate_round 24 received 15 results and 0 failures
Aggregate evaluate
benign record is ['10', '4', '19', '7', '20', '24', '9', '25', '26', '2', '3', '27', '22', '29', '14', '16', '23', '21', '18', '6', '0', '13', '15', '8', '1', '11']
valid results is [(5, 0.02435202430933714), (8, 3.4450868431013077), (6, 0.2277021663612686), (6, 1.320003566914238), (3, 0.3891463816689793), (6, 1.1265565861249343)]
[2025-11-03 23:29:27,088][root][INFO] - Federated Accuracy: 0.8444264705882352
DEBUG flwr 2025-11-03 23:29:27,288 | server.py:218 | fit_round 25: strategy sampled 15 clients (out of 50)
Configure Fit
server round: 25
[2025-11-03 23:29:27,288][flwr][DEBUG] - fit_round 25: strategy sampled 15 clients (out of 50)
DEBUG flwr 2025-11-03 23:30:07,197 | server.py:232 | fit_round 25 received 15 results and 0 failures
[2025-11-03 23:30:07,197][flwr][DEBUG] - fit_round 25 received 15 results and 0 failures
malicious is ['0', '0', '0', '0', '0', '0', '0', '0', '0', '0']
[2025-11-03 23:30:21,172][root][INFO] - Number of Evil Clients: 5
[2025-11-03 23:30:21,172][root][INFO] - Number of Preset Malicious Clients is 0
[2025-11-03 23:30:21,172][root][INFO] - Number of Preset Benign Clients is 10
[2025-11-03 23:30:21,172][root][INFO] - Average poisoning accuracy: 0.6149600000000001
KMeans
intra_cluster distance is 4.794389568300794
Now, comb_C is [0 0 0 0 0 0 0 0 0 0]
[2025-11-03 23:30:21,184][root][INFO] - Clustering Accuracy is 1.0
length of good results is 10 and length of bad results is 0
acc_diff is 0
[2025-11-03 23:30:21,191][root][INFO] - Lambda is -13
Evaluate
[2025-11-03 23:30:24,806][root][INFO] - Global Poisoning Accuracy: 0.0498
INFO flwr 2025-11-03 23:30:24,876 | server.py:119 | fit progress: (25, 187.81867504119873, {'accuracy': 0.4377}, 1769.1283763590036)
[2025-11-03 23:30:24,876][flwr][INFO] - fit progress: (25, 187.81867504119873, {'accuracy': 0.4377}, 1769.1283763590036)
DEBUG flwr 2025-11-03 23:30:24,876 | server.py:168 | evaluate_round 25: strategy sampled 15 clients (out of 50)
Configure Evaluate
[2025-11-03 23:30:24,876][flwr][DEBUG] - evaluate_round 25: strategy sampled 15 clients (out of 50)
DEBUG flwr 2025-11-03 23:30:34,135 | server.py:182 | evaluate_round 25 received 15 results and 0 failures
[2025-11-03 23:30:34,135][flwr][DEBUG] - evaluate_round 25 received 15 results and 0 failures
Aggregate evaluate
benign record is ['10', '19', '4', '7', '20', '24', '9', '25', '26', '2', '3', '27', '22', '29', '14', '16', '23', '21', '18', '6', '0', '13', '15', '8', '1', '11']
valid results is [(5, 0.0007693992774875369), (4, 0.6054570140549913), (5, 0.0021960288722766563), (4, 0.7119330650166376), (3, 0.29169982971507125)]
[2025-11-03 23:30:34,135][root][INFO] - Federated Accuracy: 0.8667714285714286
DEBUG flwr 2025-11-03 23:30:34,204 | server.py:218 | fit_round 26: strategy sampled 15 clients (out of 50)
Configure Fit
server round: 26
[2025-11-03 23:30:34,204][flwr][DEBUG] - fit_round 26: strategy sampled 15 clients (out of 50)
DEBUG flwr 2025-11-03 23:31:09,961 | server.py:232 | fit_round 26 received 15 results and 0 failures
[2025-11-03 23:31:09,961][flwr][DEBUG] - fit_round 26 received 15 results and 0 failures
malicious is ['0', '0', '0', '0', '0', '0', '0', '0', '0', '0']
[2025-11-03 23:31:23,589][root][INFO] - Number of Evil Clients: 5
[2025-11-03 23:31:23,589][root][INFO] - Number of Preset Malicious Clients is 0
[2025-11-03 23:31:23,589][root][INFO] - Number of Preset Benign Clients is 10
[2025-11-03 23:31:23,589][root][INFO] - Average poisoning accuracy: 0.80274
KMeans
intra_cluster distance is 4.306670744106155
Now, comb_C is [0 0 0 0 0 0 0 0 0 0]
[2025-11-03 23:31:23,600][root][INFO] - Clustering Accuracy is 1.0
length of good results is 10 and length of bad results is 0
acc_diff is 0
[2025-11-03 23:31:23,607][root][INFO] - Lambda is -13
Evaluate
[2025-11-03 23:31:27,154][root][INFO] - Global Poisoning Accuracy: 0.0645
INFO flwr 2025-11-03 23:31:27,223 | server.py:119 | fit progress: (26, 185.08034241199493, {'accuracy': 0.4412}, 1831.4755958149908)
[2025-11-03 23:31:27,223][flwr][INFO] - fit progress: (26, 185.08034241199493, {'accuracy': 0.4412}, 1831.4755958149908)
DEBUG flwr 2025-11-03 23:31:27,223 | server.py:168 | evaluate_round 26: strategy sampled 15 clients (out of 50)
Configure Evaluate
[2025-11-03 23:31:27,223][flwr][DEBUG] - evaluate_round 26: strategy sampled 15 clients (out of 50)
DEBUG flwr 2025-11-03 23:31:36,486 | server.py:182 | evaluate_round 26 received 15 results and 0 failures
[2025-11-03 23:31:36,486][flwr][DEBUG] - evaluate_round 26 received 15 results and 0 failures
Aggregate evaluate
benign record is ['10', '4', '19', '7', '20', '24', '9', '25', '26', '2', '3', '27', '22', '29', '14', '16', '23', '21', '18', '6', '0', '13', '15', '8', '1', '11']
valid results is [(3, 0.0005804961183457635), (4, 0.00189414199849125), (2, 0.00016646108269924298), (6, 0.10101528774248436), (7, 0.11731198569759727)]
[2025-11-03 23:31:36,486][root][INFO] - Federated Accuracy: 0.9211272727272728
DEBUG flwr 2025-11-03 23:31:36,676 | server.py:218 | fit_round 27: strategy sampled 15 clients (out of 50)
Configure Fit
server round: 27
[2025-11-03 23:31:36,676][flwr][DEBUG] - fit_round 27: strategy sampled 15 clients (out of 50)
DEBUG flwr 2025-11-03 23:32:10,323 | server.py:232 | fit_round 27 received 15 results and 0 failures
[2025-11-03 23:32:10,323][flwr][DEBUG] - fit_round 27 received 15 results and 0 failures
malicious is ['0', '0', '0', '0', '0', '0', '0', '0', '0']
[2025-11-03 23:32:27,453][root][INFO] - Number of Evil Clients: 6
[2025-11-03 23:32:27,453][root][INFO] - Number of Preset Malicious Clients is 0
[2025-11-03 23:32:27,453][root][INFO] - Number of Preset Benign Clients is 9
[2025-11-03 23:32:27,453][root][INFO] - Average poisoning accuracy: 0.8143166666666666
KMeans
intra_cluster distance is 2.892697711510319
Now, comb_C is [0 0 0 0 0 0 0 0 0]
[2025-11-03 23:32:27,464][root][INFO] - Clustering Accuracy is 1.0
length of good results is 9 and length of bad results is 0
acc_diff is 0
[2025-11-03 23:32:27,471][root][INFO] - Lambda is -13
Evaluate
[2025-11-03 23:32:31,082][root][INFO] - Global Poisoning Accuracy: 0.0574
INFO flwr 2025-11-03 23:32:31,150 | server.py:119 | fit progress: (27, 185.4429248571396, {'accuracy': 0.4415}, 1895.4032725610305)
[2025-11-03 23:32:31,150][flwr][INFO] - fit progress: (27, 185.4429248571396, {'accuracy': 0.4415}, 1895.4032725610305)
DEBUG flwr 2025-11-03 23:32:31,151 | server.py:168 | evaluate_round 27: strategy sampled 15 clients (out of 50)
Configure Evaluate
[2025-11-03 23:32:31,151][flwr][DEBUG] - evaluate_round 27: strategy sampled 15 clients (out of 50)
DEBUG flwr 2025-11-03 23:32:40,231 | server.py:182 | evaluate_round 27 received 15 results and 0 failures
[2025-11-03 23:32:40,231][flwr][DEBUG] - evaluate_round 27 received 15 results and 0 failures
Aggregate evaluate
benign record is ['10', '19', '4', '7', '20', '24', '9', '25', '26', '2', '3', '27', '22', '29', '14', '16', '23', '21', '18', '6', '0', '13', '15', '8', '1', '11']
valid results is [(2, 0.00012874536696472205), (6, 0.14317490672692657), (3, 0.2467507713881787), (5, 0.000664389350276906), (4, 0.6131597718922421), (8, 3.4553938813041896), (1, 4.402807462611236e-05), (5, 0.0015896446857368574), (5, 0.0017800681962398812), (4, 0.6098529710434377)]
[2025-11-03 23:32:40,231][root][INFO] - Federated Accuracy: 0.8563604651162792
DEBUG flwr 2025-11-03 23:32:40,311 | server.py:218 | fit_round 28: strategy sampled 15 clients (out of 50)
Configure Fit
server round: 28
[2025-11-03 23:32:40,311][flwr][DEBUG] - fit_round 28: strategy sampled 15 clients (out of 50)
DEBUG flwr 2025-11-03 23:33:12,856 | server.py:232 | fit_round 28 received 15 results and 0 failures
[2025-11-03 23:33:12,856][flwr][DEBUG] - fit_round 28 received 15 results and 0 failures
malicious is ['0', '0', '0', '0', '0', '0', '0']
[2025-11-03 23:33:35,647][root][INFO] - Number of Evil Clients: 8
[2025-11-03 23:33:35,647][root][INFO] - Number of Preset Malicious Clients is 0
[2025-11-03 23:33:35,647][root][INFO] - Number of Preset Benign Clients is 7
[2025-11-03 23:33:35,647][root][INFO] - Average poisoning accuracy: 0.7917749999999999
KMeans
intra_cluster distance is 3.2272374635664365
Now, comb_C is [0 0 0 0 0 0 0]
[2025-11-03 23:33:35,658][root][INFO] - Clustering Accuracy is 1.0
length of good results is 7 and length of bad results is 0
acc_diff is 0
[2025-11-03 23:33:35,665][root][INFO] - Lambda is -13
Evaluate
[2025-11-03 23:33:39,350][root][INFO] - Global Poisoning Accuracy: 0.0533
INFO flwr 2025-11-03 23:33:39,534 | server.py:119 | fit progress: (28, 188.91190207004547, {'accuracy': 0.44}, 1963.7870751030277)
[2025-11-03 23:33:39,534][flwr][INFO] - fit progress: (28, 188.91190207004547, {'accuracy': 0.44}, 1963.7870751030277)
DEBUG flwr 2025-11-03 23:33:39,534 | server.py:168 | evaluate_round 28: strategy sampled 15 clients (out of 50)
Configure Evaluate
[2025-11-03 23:33:39,534][flwr][DEBUG] - evaluate_round 28: strategy sampled 15 clients (out of 50)
DEBUG flwr 2025-11-03 23:33:48,531 | server.py:182 | evaluate_round 28 received 15 results and 0 failures
[2025-11-03 23:33:48,531][flwr][DEBUG] - evaluate_round 28 received 15 results and 0 failures
Aggregate evaluate
benign record is ['10', '4', '19', '7', '20', '24', '9', '25', '26', '2', '3', '27', '22', '29', '14', '16', '23', '21', '18', '6', '0', '13', '15', '8', '1', '11']
valid results is [(7, 0.1261863502440974), (5, 0.0003621357573138084), (2, 0.00012980232713744044), (4, 0.0007378289883490652), (6, 1.5259372513974085)]
[2025-11-03 23:33:48,531][root][INFO] - Federated Accuracy: 0.9359375
DEBUG flwr 2025-11-03 23:33:48,600 | server.py:218 | fit_round 29: strategy sampled 15 clients (out of 50)
Configure Fit
server round: 29
[2025-11-03 23:33:48,600][flwr][DEBUG] - fit_round 29: strategy sampled 15 clients (out of 50)
DEBUG flwr 2025-11-03 23:34:22,424 | server.py:232 | fit_round 29 received 15 results and 0 failures
[2025-11-03 23:34:22,424][flwr][DEBUG] - fit_round 29 received 15 results and 0 failures
malicious is ['0', '0', '0', '0', '0', '0', '0']
[2025-11-03 23:34:43,143][root][INFO] - Number of Evil Clients: 8
[2025-11-03 23:34:43,143][root][INFO] - Number of Preset Malicious Clients is 0
[2025-11-03 23:34:43,143][root][INFO] - Number of Preset Benign Clients is 7
[2025-11-03 23:34:43,143][root][INFO] - Average poisoning accuracy: 0.7882374999999999
KMeans
intra_cluster distance is 4.286176749499877
Now, comb_C is [0 0 0 0 0 0 0]
[2025-11-03 23:34:43,155][root][INFO] - Clustering Accuracy is 1.0
length of good results is 7 and length of bad results is 0
acc_diff is 0
[2025-11-03 23:34:43,160][root][INFO] - Lambda is -13
Evaluate
[2025-11-03 23:34:46,840][root][INFO] - Global Poisoning Accuracy: 0.0405
INFO flwr 2025-11-03 23:34:46,910 | server.py:119 | fit progress: (29, 189.9606193304062, {'accuracy': 0.4377}, 2031.1625593139906)
[2025-11-03 23:34:46,910][flwr][INFO] - fit progress: (29, 189.9606193304062, {'accuracy': 0.4377}, 2031.1625593139906)
DEBUG flwr 2025-11-03 23:34:46,910 | server.py:168 | evaluate_round 29: strategy sampled 15 clients (out of 50)
Configure Evaluate
[2025-11-03 23:34:46,910][flwr][DEBUG] - evaluate_round 29: strategy sampled 15 clients (out of 50)
DEBUG flwr 2025-11-03 23:34:56,202 | server.py:182 | evaluate_round 29 received 15 results and 0 failures
[2025-11-03 23:34:56,202][flwr][DEBUG] - evaluate_round 29 received 15 results and 0 failures
Aggregate evaluate
benign record is ['10', '19', '4', '7', '20', '24', '9', '25', '26', '2', '3', '27', '22', '29', '14', '16', '23', '21', '18', '6', '0', '13', '15', '8', '1', '11']
valid results is [(6, 0.08911628619534895), (3, 0.0003888492501573637), (5, 0.0016738561389502138), (4, 0.7129974611234502), (5, 0.0016351455269614235), (1, 4.604165951604955e-05), (6, 0.1621272590418812), (5, 0.0071505698942928575), (6, 0.8717309170169756), (5, 0.00030892448558006436)]
[2025-11-03 23:34:56,202][root][INFO] - Federated Accuracy: 0.8877195652173913
DEBUG flwr 2025-11-03 23:34:56,271 | server.py:218 | fit_round 30: strategy sampled 15 clients (out of 50)
Configure Fit
server round: 30
[2025-11-03 23:34:56,271][flwr][DEBUG] - fit_round 30: strategy sampled 15 clients (out of 50)
DEBUG flwr 2025-11-03 23:35:30,857 | server.py:232 | fit_round 30 received 15 results and 0 failures
[2025-11-03 23:35:30,857][flwr][DEBUG] - fit_round 30 received 15 results and 0 failures
malicious is ['0', '0', '0', '0']
[2025-11-03 23:36:01,734][root][INFO] - Number of Evil Clients: 11
[2025-11-03 23:36:01,734][root][INFO] - Number of Preset Malicious Clients is 0
[2025-11-03 23:36:01,734][root][INFO] - Number of Preset Benign Clients is 4
[2025-11-03 23:36:01,734][root][INFO] - Average poisoning accuracy: 0.900181818181818
KMeans
intra_cluster distance is 4.3158869804502515
Now, comb_C is [0 0 0 0]
[2025-11-03 23:36:01,745][root][INFO] - Clustering Accuracy is 1.0
length of good results is 4 and length of bad results is 0
acc_diff is 0
[2025-11-03 23:36:01,751][root][INFO] - Lambda is -13
Evaluate
[2025-11-03 23:36:04,978][root][INFO] - Global Poisoning Accuracy: 0.0665
INFO flwr 2025-11-03 23:36:05,168 | server.py:119 | fit progress: (30, 189.96131193637848, {'accuracy': 0.4326}, 2109.420840507024)
[2025-11-03 23:36:05,168][flwr][INFO] - fit progress: (30, 189.96131193637848, {'accuracy': 0.4326}, 2109.420840507024)
DEBUG flwr 2025-11-03 23:36:05,168 | server.py:168 | evaluate_round 30: strategy sampled 15 clients (out of 50)
Configure Evaluate
[2025-11-03 23:36:05,168][flwr][DEBUG] - evaluate_round 30: strategy sampled 15 clients (out of 50)
DEBUG flwr 2025-11-03 23:36:14,391 | server.py:182 | evaluate_round 30 received 15 results and 0 failures
[2025-11-03 23:36:14,391][flwr][DEBUG] - evaluate_round 30 received 15 results and 0 failures
Aggregate evaluate
benign record is ['10', '4', '19', '7', '20', '24', '9', '25', '26', '2', '3', '27', '22', '29', '14', '16', '23', '21', '18', '6', '0', '13', '15', '8', '1', '11']
valid results is [(5, 0.014173430507071316), (6, 0.7208873220370151), (4, 0.0009567229280946776), (6, 0.9284115624031983), (7, 0.6695735953690019), (6, 0.09491079293366056), (1, 3.6405224818736315e-05), (3, 0.31882427646633005), (5, 0.0005680908725480549), (3, 0.0007816807483322918)]
[2025-11-03 23:36:14,391][root][INFO] - Federated Accuracy: 0.9033130434782608
DEBUG flwr 2025-11-03 23:36:14,504 | server.py:218 | fit_round 31: strategy sampled 15 clients (out of 50)
Configure Fit
server round: 31
[2025-11-03 23:36:14,504][flwr][DEBUG] - fit_round 31: strategy sampled 15 clients (out of 50)
DEBUG flwr 2025-11-03 23:36:52,992 | server.py:232 | fit_round 31 received 15 results and 0 failures
[2025-11-03 23:36:52,992][flwr][DEBUG] - fit_round 31 received 15 results and 0 failures
malicious is ['0', '0', '0', '0', '0', '0', '0', '0', '0']
[2025-11-03 23:37:09,561][root][INFO] - Number of Evil Clients: 6
[2025-11-03 23:37:09,562][root][INFO] - Number of Preset Malicious Clients is 0
[2025-11-03 23:37:09,562][root][INFO] - Number of Preset Benign Clients is 9
[2025-11-03 23:37:09,562][root][INFO] - Average poisoning accuracy: 0.8975500000000002
KMeans
intra_cluster distance is 3.4800429285765655
Now, comb_C is [0 0 0 0 0 0 0 0 0]
[2025-11-03 23:37:09,573][root][INFO] - Clustering Accuracy is 1.0
length of good results is 9 and length of bad results is 0
acc_diff is 0
[2025-11-03 23:37:09,578][root][INFO] - Lambda is -13
Evaluate
[2025-11-03 23:37:13,190][root][INFO] - Global Poisoning Accuracy: 0.0613
INFO flwr 2025-11-03 23:37:13,258 | server.py:119 | fit progress: (31, 187.1503200531006, {'accuracy': 0.4395}, 2177.5110609380063)
[2025-11-03 23:37:13,258][flwr][INFO] - fit progress: (31, 187.1503200531006, {'accuracy': 0.4395}, 2177.5110609380063)
DEBUG flwr 2025-11-03 23:37:13,258 | server.py:168 | evaluate_round 31: strategy sampled 15 clients (out of 50)
Configure Evaluate
[2025-11-03 23:37:13,258][flwr][DEBUG] - evaluate_round 31: strategy sampled 15 clients (out of 50)
DEBUG flwr 2025-11-03 23:37:22,314 | server.py:182 | evaluate_round 31 received 15 results and 0 failures
[2025-11-03 23:37:22,314][flwr][DEBUG] - evaluate_round 31 received 15 results and 0 failures
Aggregate evaluate
benign record is ['10', '19', '4', '7', '20', '24', '9', '25', '26', '2', '3', '27', '22', '29', '14', '16', '23', '21', '18', '6', '0', '13', '15', '8', '1', '11']
valid results is [(1, 5.461110777105205e-05), (1, 2.363267049076967e-05), (5, 0.0013796282873954624), (6, 0.6182738276547752), (2, 0.0001014109184325207)]
[2025-11-03 23:37:22,314][root][INFO] - Federated Accuracy: 0.85904
DEBUG flwr 2025-11-03 23:37:22,383 | server.py:218 | fit_round 32: strategy sampled 15 clients (out of 50)
Configure Fit
server round: 32
[2025-11-03 23:37:22,383][flwr][DEBUG] - fit_round 32: strategy sampled 15 clients (out of 50)
DEBUG flwr 2025-11-03 23:38:04,533 | server.py:232 | fit_round 32 received 15 results and 0 failures
[2025-11-03 23:38:04,533][flwr][DEBUG] - fit_round 32 received 15 results and 0 failures
malicious is ['0', '0', '0', '0', '0', '0', '0', '0']
[2025-11-03 23:38:24,385][root][INFO] - Number of Evil Clients: 7
[2025-11-03 23:38:24,385][root][INFO] - Number of Preset Malicious Clients is 0
[2025-11-03 23:38:24,385][root][INFO] - Number of Preset Benign Clients is 8
[2025-11-03 23:38:24,385][root][INFO] - Average poisoning accuracy: 0.7810285714285714
KMeans
intra_cluster distance is 2.6586153410026014
Now, comb_C is [0 0 0 0 0 0 0 0]
[2025-11-03 23:38:24,396][root][INFO] - Clustering Accuracy is 1.0
length of good results is 8 and length of bad results is 0
acc_diff is 0
[2025-11-03 23:38:24,403][root][INFO] - Lambda is -13
Evaluate
[2025-11-03 23:38:28,102][root][INFO] - Global Poisoning Accuracy: 0.0583
INFO flwr 2025-11-03 23:38:28,293 | server.py:119 | fit progress: (32, 189.09719049930573, {'accuracy': 0.4375}, 2252.5454315980314)
[2025-11-03 23:38:28,293][flwr][INFO] - fit progress: (32, 189.09719049930573, {'accuracy': 0.4375}, 2252.5454315980314)
DEBUG flwr 2025-11-03 23:38:28,293 | server.py:168 | evaluate_round 32: strategy sampled 15 clients (out of 50)
Configure Evaluate
[2025-11-03 23:38:28,293][flwr][DEBUG] - evaluate_round 32: strategy sampled 15 clients (out of 50)
DEBUG flwr 2025-11-03 23:38:37,365 | server.py:182 | evaluate_round 32 received 15 results and 0 failures
[2025-11-03 23:38:37,365][flwr][DEBUG] - evaluate_round 32 received 15 results and 0 failures
Aggregate evaluate
benign record is ['10', '4', '19', '7', '20', '24', '9', '25', '26', '2', '3', '27', '22', '29', '14', '16', '23', '21', '18', '6', '0', '13', '15', '8', '1', '11']
valid results is [(4, 0.5116479385287676), (6, 1.4758670733281178), (7, 0.7638838621933246), (4, 0.790899514220655), (4, 0.000709331150574144), (2, 9.392942592967302e-05), (7, 0.12197607912821695), (3, 0.0006533451523864642), (3, 0.25831292190559907), (5, 0.00035751136238104664), (1, 2.1004312657169066e-05)]
[2025-11-03 23:38:37,365][root][INFO] - Federated Accuracy: 0.894654347826087
DEBUG flwr 2025-11-03 23:38:37,438 | server.py:218 | fit_round 33: strategy sampled 15 clients (out of 50)
Configure Fit
server round: 33
[2025-11-03 23:38:37,438][flwr][DEBUG] - fit_round 33: strategy sampled 15 clients (out of 50)
DEBUG flwr 2025-11-03 23:39:17,989 | server.py:232 | fit_round 33 received 15 results and 0 failures
[2025-11-03 23:39:17,989][flwr][DEBUG] - fit_round 33 received 15 results and 0 failures
malicious is ['0', '0', '0', '0', '0']
[2025-11-03 23:39:45,622][root][INFO] - Number of Evil Clients: 10
[2025-11-03 23:39:45,622][root][INFO] - Number of Preset Malicious Clients is 0
[2025-11-03 23:39:45,622][root][INFO] - Number of Preset Benign Clients is 5
[2025-11-03 23:39:45,622][root][INFO] - Average poisoning accuracy: 0.9318199999999999
KMeans
intra_cluster distance is 5.566948949695531
Now, comb_C is [0 0 0 0 0]
[2025-11-03 23:39:45,633][root][INFO] - Clustering Accuracy is 1.0
length of good results is 5 and length of bad results is 0
acc_diff is 0
[2025-11-03 23:39:45,638][root][INFO] - Lambda is -13
Evaluate
[2025-11-03 23:39:48,096][root][INFO] - Global Poisoning Accuracy: 0.0637
INFO flwr 2025-11-03 23:39:48,164 | server.py:119 | fit progress: (33, 187.66095972061157, {'accuracy': 0.4439}, 2332.41730624903)
[2025-11-03 23:39:48,164][flwr][INFO] - fit progress: (33, 187.66095972061157, {'accuracy': 0.4439}, 2332.41730624903)
DEBUG flwr 2025-11-03 23:39:48,165 | server.py:168 | evaluate_round 33: strategy sampled 15 clients (out of 50)
Configure Evaluate
[2025-11-03 23:39:48,165][flwr][DEBUG] - evaluate_round 33: strategy sampled 15 clients (out of 50)
DEBUG flwr 2025-11-03 23:39:57,000 | server.py:182 | evaluate_round 33 received 15 results and 0 failures
[2025-11-03 23:39:57,000][flwr][DEBUG] - evaluate_round 33 received 15 results and 0 failures
Aggregate evaluate
benign record is ['10', '19', '4', '7', '20', '24', '9', '25', '26', '2', '3', '27', '22', '29', '14', '16', '23', '21', '18', '6', '0', '13', '15', '8', '1', '11']
valid results is [(6, 1.0054222228718572), (6, 0.14487409993307665), (6, 0.5810780835454352), (5, 0.0007606951257912442), (5, 0.02440725202905014), (3, 0.0022825633350294083), (8, 3.4381548119708896), (4, 0.0007405611831927672), (5, 0.020873656525509432), (2, 0.00020702962501673028), (7, 0.1644088433822617)]
[2025-11-03 23:39:57,000][root][INFO] - Federated Accuracy: 0.8940210526315788
DEBUG flwr 2025-11-03 23:39:57,074 | server.py:218 | fit_round 34: strategy sampled 15 clients (out of 50)
Configure Fit
server round: 34
[2025-11-03 23:39:57,074][flwr][DEBUG] - fit_round 34: strategy sampled 15 clients (out of 50)
DEBUG flwr 2025-11-03 23:40:33,916 | server.py:232 | fit_round 34 received 15 results and 0 failures
[2025-11-03 23:40:33,916][flwr][DEBUG] - fit_round 34 received 15 results and 0 failures
malicious is ['0', '0', '0', '0', '0']
[2025-11-03 23:40:58,997][root][INFO] - Number of Evil Clients: 10
[2025-11-03 23:40:58,998][root][INFO] - Number of Preset Malicious Clients is 0
[2025-11-03 23:40:58,998][root][INFO] - Number of Preset Benign Clients is 5
[2025-11-03 23:40:58,998][root][INFO] - Average poisoning accuracy: 0.6494
KMeans
intra_cluster distance is 4.610012833249098
Now, comb_C is [0 0 0 0 0]
[2025-11-03 23:40:59,009][root][INFO] - Clustering Accuracy is 1.0
length of good results is 5 and length of bad results is 0
acc_diff is 0
[2025-11-03 23:40:59,014][root][INFO] - Lambda is -13
Evaluate
[2025-11-03 23:41:01,554][root][INFO] - Global Poisoning Accuracy: 0.0602
INFO flwr 2025-11-03 23:41:01,748 | server.py:119 | fit progress: (34, 189.08706271648407, {'accuracy': 0.4416}, 2406.000911702984)
[2025-11-03 23:41:01,748][flwr][INFO] - fit progress: (34, 189.08706271648407, {'accuracy': 0.4416}, 2406.000911702984)
DEBUG flwr 2025-11-03 23:41:01,748 | server.py:168 | evaluate_round 34: strategy sampled 15 clients (out of 50)
Configure Evaluate
[2025-11-03 23:41:01,748][flwr][DEBUG] - evaluate_round 34: strategy sampled 15 clients (out of 50)
DEBUG flwr 2025-11-03 23:41:11,201 | server.py:182 | evaluate_round 34 received 15 results and 0 failures
[2025-11-03 23:41:11,201][flwr][DEBUG] - evaluate_round 34 received 15 results and 0 failures
Aggregate evaluate
benign record is ['10', '4', '19', '7', '20', '24', '9', '25', '26', '2', '3', '27', '22', '29', '14', '16', '23', '21', '18', '6', '0', '13', '15', '8', '1', '11']
valid results is [(5, 0.003416074439883232), (4, 0.0008080292318481952), (6, 1.6267693482368486), (5, 0.0015239012136589736), (3, 0.0009858029516180977), (1, 7.65261793276295e-05)]
[2025-11-03 23:41:11,201][root][INFO] - Federated Accuracy: 0.8737708333333334
DEBUG flwr 2025-11-03 23:41:11,275 | server.py:218 | fit_round 35: strategy sampled 15 clients (out of 50)
Configure Fit
server round: 35
[2025-11-03 23:41:11,275][flwr][DEBUG] - fit_round 35: strategy sampled 15 clients (out of 50)
DEBUG flwr 2025-11-03 23:41:50,215 | server.py:232 | fit_round 35 received 15 results and 0 failures
[2025-11-03 23:41:50,215][flwr][DEBUG] - fit_round 35 received 15 results and 0 failures
malicious is ['0', '0', '0', '0', '0', '0', '0', '0', '0']
[2025-11-03 23:42:06,604][root][INFO] - Number of Evil Clients: 6
[2025-11-03 23:42:06,605][root][INFO] - Number of Preset Malicious Clients is 0
[2025-11-03 23:42:06,605][root][INFO] - Number of Preset Benign Clients is 9
[2025-11-03 23:42:06,605][root][INFO] - Average poisoning accuracy: 0.6706500000000001
KMeans
intra_cluster distance is 4.752926292711116
Now, comb_C is [0 0 0 0 0 0 0 0 0]
[2025-11-03 23:42:06,616][root][INFO] - Clustering Accuracy is 1.0
length of good results is 9 and length of bad results is 0
acc_diff is 0
[2025-11-03 23:42:06,622][root][INFO] - Lambda is -13
Evaluate
[2025-11-03 23:42:10,126][root][INFO] - Global Poisoning Accuracy: 0.0579
INFO flwr 2025-11-03 23:42:10,196 | server.py:119 | fit progress: (35, 189.2419956922531, {'accuracy': 0.44}, 2474.4486074140295)
[2025-11-03 23:42:10,196][flwr][INFO] - fit progress: (35, 189.2419956922531, {'accuracy': 0.44}, 2474.4486074140295)
DEBUG flwr 2025-11-03 23:42:10,196 | server.py:168 | evaluate_round 35: strategy sampled 15 clients (out of 50)
Configure Evaluate
[2025-11-03 23:42:10,196][flwr][DEBUG] - evaluate_round 35: strategy sampled 15 clients (out of 50)
DEBUG flwr 2025-11-03 23:42:19,636 | server.py:182 | evaluate_round 35 received 15 results and 0 failures
[2025-11-03 23:42:19,636][flwr][DEBUG] - evaluate_round 35 received 15 results and 0 failures
Aggregate evaluate
benign record is ['10', '19', '4', '7', '20', '24', '9', '25', '26', '2', '3', '27', '22', '29', '14', '16', '23', '21', '18', '6', '0', '13', '15', '8', '1', '11']
valid results is [(6, 0.14547044105711393), (6, 1.4949540630623233), (4, 0.5861463011824526), (5, 0.04840158636216074), (6, 0.5857246456143912), (2, 9.023152233567089e-05), (4, 0.0028240422252565622), (1, 3.856249895761721e-05)]
[2025-11-03 23:42:19,637][root][INFO] - Federated Accuracy: 0.8809676470588235
DEBUG flwr 2025-11-03 23:42:19,739 | server.py:218 | fit_round 36: strategy sampled 15 clients (out of 50)
Configure Fit
server round: 36
[2025-11-03 23:42:19,739][flwr][DEBUG] - fit_round 36: strategy sampled 15 clients (out of 50)
DEBUG flwr 2025-11-03 23:42:59,899 | server.py:232 | fit_round 36 received 15 results and 0 failures
[2025-11-03 23:42:59,899][flwr][DEBUG] - fit_round 36 received 15 results and 0 failures
malicious is ['0', '0', '0', '0', '0', '0', '0', '0', '0']
[2025-11-03 23:43:16,348][root][INFO] - Number of Evil Clients: 6
[2025-11-03 23:43:16,348][root][INFO] - Number of Preset Malicious Clients is 0
[2025-11-03 23:43:16,348][root][INFO] - Number of Preset Benign Clients is 9
[2025-11-03 23:43:16,348][root][INFO] - Average poisoning accuracy: 0.8281666666666667
KMeans
intra_cluster distance is 6.132336348019412
Now, comb_C is [0 0 0 0 0 0 0 0 0]
[2025-11-03 23:43:16,359][root][INFO] - Clustering Accuracy is 1.0
length of good results is 9 and length of bad results is 0
acc_diff is 0
[2025-11-03 23:43:16,364][root][INFO] - Lambda is -13
Evaluate
[2025-11-03 23:43:19,999][root][INFO] - Global Poisoning Accuracy: 0.0568
INFO flwr 2025-11-03 23:43:20,189 | server.py:119 | fit progress: (36, 188.14498245716095, {'accuracy': 0.4448}, 2544.442279162002)
[2025-11-03 23:43:20,189][flwr][INFO] - fit progress: (36, 188.14498245716095, {'accuracy': 0.4448}, 2544.442279162002)
DEBUG flwr 2025-11-03 23:43:20,190 | server.py:168 | evaluate_round 36: strategy sampled 15 clients (out of 50)
Configure Evaluate
[2025-11-03 23:43:20,190][flwr][DEBUG] - evaluate_round 36: strategy sampled 15 clients (out of 50)
DEBUG flwr 2025-11-03 23:43:29,177 | server.py:182 | evaluate_round 36 received 15 results and 0 failures
[2025-11-03 23:43:29,177][flwr][DEBUG] - evaluate_round 36 received 15 results and 0 failures
Aggregate evaluate
benign record is ['10', '4', '19', '7', '20', '24', '9', '25', '26', '2', '3', '27', '22', '29', '14', '16', '23', '21', '18', '6', '0', '13', '15', '8', '1', '11']
valid results is [(6, 0.08243216478149407), (5, 7.658849120140076), (5, 0.0003125457587884739), (2, 7.806053690728731e-05), (4, 0.7398087494075298), (3, 0.0002428412153676618), (5, 0.04366407624911517)]
[2025-11-03 23:43:29,177][root][INFO] - Federated Accuracy: 0.8425066666666666
DEBUG flwr 2025-11-03 23:43:29,246 | server.py:218 | fit_round 37: strategy sampled 15 clients (out of 50)
Configure Fit
server round: 37
[2025-11-03 23:43:29,246][flwr][DEBUG] - fit_round 37: strategy sampled 15 clients (out of 50)
DEBUG flwr 2025-11-03 23:44:06,767 | server.py:232 | fit_round 37 received 15 results and 0 failures
[2025-11-03 23:44:06,767][flwr][DEBUG] - fit_round 37 received 15 results and 0 failures
malicious is ['0', '0', '0', '0', '0', '0', '0', '0', '0']
[2025-11-03 23:44:23,348][root][INFO] - Number of Evil Clients: 6
[2025-11-03 23:44:23,349][root][INFO] - Number of Preset Malicious Clients is 0
[2025-11-03 23:44:23,349][root][INFO] - Number of Preset Benign Clients is 9
[2025-11-03 23:44:23,349][root][INFO] - Average poisoning accuracy: 0.7363
KMeans
intra_cluster distance is 2.7181464243821996
Now, comb_C is [0 0 0 0 0 0 0 0 0]
[2025-11-03 23:44:23,360][root][INFO] - Clustering Accuracy is 1.0
length of good results is 9 and length of bad results is 0
acc_diff is 0
[2025-11-03 23:44:23,365][root][INFO] - Lambda is -13
Evaluate
[2025-11-03 23:44:27,019][root][INFO] - Global Poisoning Accuracy: 0.0696
INFO flwr 2025-11-03 23:44:27,088 | server.py:119 | fit progress: (37, 186.61737954616547, {'accuracy': 0.4469}, 2611.341303354013)
[2025-11-03 23:44:27,088][flwr][INFO] - fit progress: (37, 186.61737954616547, {'accuracy': 0.4469}, 2611.341303354013)
DEBUG flwr 2025-11-03 23:44:27,089 | server.py:168 | evaluate_round 37: strategy sampled 15 clients (out of 50)
Configure Evaluate
[2025-11-03 23:44:27,089][flwr][DEBUG] - evaluate_round 37: strategy sampled 15 clients (out of 50)
DEBUG flwr 2025-11-03 23:44:36,204 | server.py:182 | evaluate_round 37 received 15 results and 0 failures
[2025-11-03 23:44:36,204][flwr][DEBUG] - evaluate_round 37 received 15 results and 0 failures
Aggregate evaluate
benign record is ['10', '19', '4', '7', '20', '24', '9', '25', '26', '2', '3', '27', '22', '29', '14', '16', '23', '21', '18', '6', '0', '13', '15', '8', '1', '11']
valid results is [(6, 0.11970325063884957), (7, 0.8709237449947977), (8, 3.312559232581407), (7, 0.12676352434209548), (2, 7.45807628845796e-05), (3, 0.2757532755858847), (6, 0.5304219758545514), (6, 1.38197590407799), (1, 5.238189987721853e-05)]
[2025-11-03 23:44:36,205][root][INFO] - Federated Accuracy: 0.8811326086956521
DEBUG flwr 2025-11-03 23:44:36,285 | server.py:218 | fit_round 38: strategy sampled 15 clients (out of 50)
Configure Fit
server round: 38
[2025-11-03 23:44:36,285][flwr][DEBUG] - fit_round 38: strategy sampled 15 clients (out of 50)
DEBUG flwr 2025-11-03 23:45:12,864 | server.py:232 | fit_round 38 received 15 results and 0 failures
[2025-11-03 23:45:12,864][flwr][DEBUG] - fit_round 38 received 15 results and 0 failures
malicious is ['0', '0', '0', '0', '0', '0']
[2025-11-03 23:45:37,050][root][INFO] - Number of Evil Clients: 9
[2025-11-03 23:45:37,050][root][INFO] - Number of Preset Malicious Clients is 0
[2025-11-03 23:45:37,050][root][INFO] - Number of Preset Benign Clients is 6
[2025-11-03 23:45:37,050][root][INFO] - Average poisoning accuracy: 0.8198888888888889
KMeans
intra_cluster distance is 3.974393782889473
Now, comb_C is [0 0 0 0 0 0]
[2025-11-03 23:45:37,061][root][INFO] - Clustering Accuracy is 1.0
length of good results is 6 and length of bad results is 0
acc_diff is 0
[2025-11-03 23:45:37,069][root][INFO] - Lambda is -13
Evaluate
[2025-11-03 23:45:40,689][root][INFO] - Global Poisoning Accuracy: 0.0564
INFO flwr 2025-11-03 23:45:40,874 | server.py:119 | fit progress: (38, 189.74591898918152, {'accuracy': 0.4387}, 2685.126759442035)
[2025-11-03 23:45:40,874][flwr][INFO] - fit progress: (38, 189.74591898918152, {'accuracy': 0.4387}, 2685.126759442035)
DEBUG flwr 2025-11-03 23:45:40,874 | server.py:168 | evaluate_round 38: strategy sampled 15 clients (out of 50)
Configure Evaluate
[2025-11-03 23:45:40,874][flwr][DEBUG] - evaluate_round 38: strategy sampled 15 clients (out of 50)
DEBUG flwr 2025-11-03 23:45:50,104 | server.py:182 | evaluate_round 38 received 15 results and 0 failures
[2025-11-03 23:45:50,104][flwr][DEBUG] - evaluate_round 38 received 15 results and 0 failures
Aggregate evaluate
benign record is ['10', '4', '19', '7', '20', '24', '9', '25', '26', '2', '3', '27', '22', '29', '14', '16', '23', '21', '18', '6', '0', '13', '15', '8', '1', '11']
valid results is [(5, 0.06073592486791313), (3, 0.2630931786770816), (4, 0.635320375644369), (3, 0.0007622892153449357), (1, 3.26921945088543e-05), (4, 0.5578286897398357), (6, 0.10709120534011163), (8, 3.3923247021157295)]
[2025-11-03 23:45:50,104][root][INFO] - Federated Accuracy: 0.8348794117647058
DEBUG flwr 2025-11-03 23:45:50,177 | server.py:218 | fit_round 39: strategy sampled 15 clients (out of 50)
Configure Fit
server round: 39
[2025-11-03 23:45:50,177][flwr][DEBUG] - fit_round 39: strategy sampled 15 clients (out of 50)
DEBUG flwr 2025-11-03 23:46:29,089 | server.py:232 | fit_round 39 received 15 results and 0 failures
[2025-11-03 23:46:29,089][flwr][DEBUG] - fit_round 39 received 15 results and 0 failures
malicious is ['0', '0', '0', '0', '0', '0', '0', '0', '0']
[2025-11-03 23:46:45,158][root][INFO] - Number of Evil Clients: 6
[2025-11-03 23:46:45,158][root][INFO] - Number of Preset Malicious Clients is 0
[2025-11-03 23:46:45,158][root][INFO] - Number of Preset Benign Clients is 9
[2025-11-03 23:46:45,158][root][INFO] - Average poisoning accuracy: 0.72575
KMeans
intra_cluster distance is 2.956946330573562
Now, comb_C is [0 0 0 0 0 0 0 0 0]
[2025-11-03 23:46:45,170][root][INFO] - Clustering Accuracy is 1.0
length of good results is 9 and length of bad results is 0
acc_diff is 0
[2025-11-03 23:46:45,177][root][INFO] - Lambda is -13
Evaluate
[2025-11-03 23:46:48,891][root][INFO] - Global Poisoning Accuracy: 0.0507
INFO flwr 2025-11-03 23:46:48,961 | server.py:119 | fit progress: (39, 189.95669317245483, {'accuracy': 0.441}, 2753.2140345980297)
[2025-11-03 23:46:48,961][flwr][INFO] - fit progress: (39, 189.95669317245483, {'accuracy': 0.441}, 2753.2140345980297)
DEBUG flwr 2025-11-03 23:46:48,961 | server.py:168 | evaluate_round 39: strategy sampled 15 clients (out of 50)
Configure Evaluate
[2025-11-03 23:46:48,961][flwr][DEBUG] - evaluate_round 39: strategy sampled 15 clients (out of 50)
DEBUG flwr 2025-11-03 23:46:58,257 | server.py:182 | evaluate_round 39 received 15 results and 0 failures
[2025-11-03 23:46:58,257][flwr][DEBUG] - evaluate_round 39 received 15 results and 0 failures
Aggregate evaluate
benign record is ['10', '19', '4', '7', '20', '24', '9', '25', '26', '2', '3', '27', '22', '29', '14', '16', '23', '21', '18', '6', '0', '13', '15', '8', '1', '11']
valid results is [(3, 0.2729213867787621), (3, 0.0005132576334290206), (4, 0.0020518712408374995), (1, 3.5874880268238485e-05), (6, 0.5782899150653975), (5, 0.001015940484649036), (7, 0.14134137544897385)]
[2025-11-03 23:46:58,258][root][INFO] - Federated Accuracy: 0.9072103448275862
DEBUG flwr 2025-11-03 23:46:58,338 | server.py:218 | fit_round 40: strategy sampled 15 clients (out of 50)
Configure Fit
server round: 40
[2025-11-03 23:46:58,338][flwr][DEBUG] - fit_round 40: strategy sampled 15 clients (out of 50)
DEBUG flwr 2025-11-03 23:47:34,524 | server.py:232 | fit_round 40 received 15 results and 0 failures
[2025-11-03 23:47:34,524][flwr][DEBUG] - fit_round 40 received 15 results and 0 failures
malicious is ['0', '0', '0', '0', '0', '0', '0']
[2025-11-03 23:47:55,949][root][INFO] - Number of Evil Clients: 8
[2025-11-03 23:47:55,949][root][INFO] - Number of Preset Malicious Clients is 0
[2025-11-03 23:47:55,949][root][INFO] - Number of Preset Benign Clients is 7
[2025-11-03 23:47:55,949][root][INFO] - Average poisoning accuracy: 0.683925
KMeans
intra_cluster distance is 3.160094036290512
Now, comb_C is [0 0 0 0 0 0 0]
[2025-11-03 23:47:56,004][root][INFO] - Clustering Accuracy is 1.0
length of good results is 7 and length of bad results is 0
acc_diff is 0
[2025-11-03 23:47:56,063][root][INFO] - Lambda is -13
Evaluate
[2025-11-03 23:47:59,535][root][INFO] - Global Poisoning Accuracy: 0.0488
INFO flwr 2025-11-03 23:47:59,724 | server.py:119 | fit progress: (40, 190.54857504367828, {'accuracy': 0.4422}, 2823.9766979939886)
[2025-11-03 23:47:59,724][flwr][INFO] - fit progress: (40, 190.54857504367828, {'accuracy': 0.4422}, 2823.9766979939886)
DEBUG flwr 2025-11-03 23:47:59,724 | server.py:168 | evaluate_round 40: strategy sampled 15 clients (out of 50)
Configure Evaluate
[2025-11-03 23:47:59,724][flwr][DEBUG] - evaluate_round 40: strategy sampled 15 clients (out of 50)
DEBUG flwr 2025-11-03 23:48:08,721 | server.py:182 | evaluate_round 40 received 15 results and 0 failures
[2025-11-03 23:48:08,721][flwr][DEBUG] - evaluate_round 40 received 15 results and 0 failures
Aggregate evaluate
benign record is ['10', '4', '19', '7', '20', '24', '9', '25', '26', '2', '3', '27', '22', '29', '14', '16', '23', '21', '18', '6', '0', '13', '15', '8', '1', '11']
valid results is [(5, 0.01348681109084282), (3, 0.0002623645486892201), (8, 3.408529431791976), (4, 0.00073747133865254), (1, 2.3596972823725082e-05), (6, 0.6723349443855113), (5, 0.01661103947844822), (3, 0.2654011324957537), (5, 7.840867042541504)]
[2025-11-03 23:48:08,721][root][INFO] - Federated Accuracy: 0.840115
DEBUG flwr 2025-11-03 23:48:08,798 | server.py:218 | fit_round 41: strategy sampled 15 clients (out of 50)
Configure Fit
server round: 41
[2025-11-03 23:48:08,798][flwr][DEBUG] - fit_round 41: strategy sampled 15 clients (out of 50)
DEBUG flwr 2025-11-03 23:48:44,278 | server.py:232 | fit_round 41 received 15 results and 0 failures
[2025-11-03 23:48:44,278][flwr][DEBUG] - fit_round 41 received 15 results and 0 failures
malicious is ['0', '0', '0', '0', '0', '0', '0', '0', '0']
[2025-11-03 23:49:00,790][root][INFO] - Number of Evil Clients: 6
[2025-11-03 23:49:00,790][root][INFO] - Number of Preset Malicious Clients is 0
[2025-11-03 23:49:00,790][root][INFO] - Number of Preset Benign Clients is 9
[2025-11-03 23:49:00,790][root][INFO] - Average poisoning accuracy: 0.50245
KMeans
intra_cluster distance is 3.8135007416697912
Now, comb_C is [0 0 0 0 0 0 0 0 0]
[2025-11-03 23:49:00,801][root][INFO] - Clustering Accuracy is 1.0
length of good results is 9 and length of bad results is 0
acc_diff is 0
[2025-11-03 23:49:00,806][root][INFO] - Lambda is -13
Evaluate
[2025-11-03 23:49:04,468][root][INFO] - Global Poisoning Accuracy: 0.0504
INFO flwr 2025-11-03 23:49:04,537 | server.py:119 | fit progress: (41, 191.54014563560486, {'accuracy': 0.444}, 2888.789435313025)
[2025-11-03 23:49:04,537][flwr][INFO] - fit progress: (41, 191.54014563560486, {'accuracy': 0.444}, 2888.789435313025)
DEBUG flwr 2025-11-03 23:49:04,537 | server.py:168 | evaluate_round 41: strategy sampled 15 clients (out of 50)
Configure Evaluate
[2025-11-03 23:49:04,537][flwr][DEBUG] - evaluate_round 41: strategy sampled 15 clients (out of 50)
DEBUG flwr 2025-11-03 23:49:13,608 | server.py:182 | evaluate_round 41 received 15 results and 0 failures
[2025-11-03 23:49:13,608][flwr][DEBUG] - evaluate_round 41 received 15 results and 0 failures
Aggregate evaluate
benign record is ['10', '19', '4', '7', '20', '24', '9', '25', '26', '2', '3', '27', '22', '29', '14', '16', '23', '21', '18', '6', '0', '13', '15', '8', '1', '11']
valid results is [(5, 0.0006714963164995424), (6, 0.15974367451417493), (4, 0.6937170746386983), (1, 4.281117799109779e-05), (8, 3.4096798003884032), (1, 2.580230102466885e-05), (5, 7.861559569835663), (4, 0.6301408005165285)]
[2025-11-03 23:49:13,608][root][INFO] - Federated Accuracy: 0.7959676470588235
DEBUG flwr 2025-11-03 23:49:13,683 | server.py:218 | fit_round 42: strategy sampled 15 clients (out of 50)
Configure Fit
server round: 42
[2025-11-03 23:49:13,683][flwr][DEBUG] - fit_round 42: strategy sampled 15 clients (out of 50)
DEBUG flwr 2025-11-03 23:49:46,255 | server.py:232 | fit_round 42 received 15 results and 0 failures
[2025-11-03 23:49:46,255][flwr][DEBUG] - fit_round 42 received 15 results and 0 failures
malicious is ['0', '0', '0', '0', '0', '0']
[2025-11-03 23:50:11,816][root][INFO] - Number of Evil Clients: 9
[2025-11-03 23:50:11,816][root][INFO] - Number of Preset Malicious Clients is 0
[2025-11-03 23:50:11,816][root][INFO] - Number of Preset Benign Clients is 6
[2025-11-03 23:50:11,816][root][INFO] - Average poisoning accuracy: 0.8211666666666667
KMeans
intra_cluster distance is 3.320765444454737
Now, comb_C is [0 0 0 0 0 0]
[2025-11-03 23:50:11,827][root][INFO] - Clustering Accuracy is 1.0
length of good results is 6 and length of bad results is 0
acc_diff is 0
[2025-11-03 23:50:11,832][root][INFO] - Lambda is -13
Evaluate
[2025-11-03 23:50:14,730][root][INFO] - Global Poisoning Accuracy: 0.0445
INFO flwr 2025-11-03 23:50:14,915 | server.py:119 | fit progress: (42, 193.1227741241455, {'accuracy': 0.4384}, 2959.1679046640056)
[2025-11-03 23:50:14,915][flwr][INFO] - fit progress: (42, 193.1227741241455, {'accuracy': 0.4384}, 2959.1679046640056)
DEBUG flwr 2025-11-03 23:50:14,915 | server.py:168 | evaluate_round 42: strategy sampled 15 clients (out of 50)
Configure Evaluate
[2025-11-03 23:50:14,915][flwr][DEBUG] - evaluate_round 42: strategy sampled 15 clients (out of 50)
DEBUG flwr 2025-11-03 23:50:24,148 | server.py:182 | evaluate_round 42 received 15 results and 0 failures
[2025-11-03 23:50:24,148][flwr][DEBUG] - evaluate_round 42 received 15 results and 0 failures
Aggregate evaluate
benign record is ['10', '4', '19', '7', '20', '24', '9', '25', '26', '2', '3', '27', '22', '29', '14', '16', '23', '21', '18', '6', '0', '13', '15', '8', '1', '11']
valid results is [(6, 0.11323555857597967), (3, 0.0003608942133723758), (4, 0.6526844311556488), (7, 0.7101570375816664), (5, 8.462303876876831), (5, 0.0008878278677002527), (4, 0.000606355293712113), (6, 0.9469496879755752), (5, 0.000728507453459315)]
[2025-11-03 23:50:24,148][root][INFO] - Federated Accuracy: 0.8633177777777777
DEBUG flwr 2025-11-03 23:50:24,217 | server.py:218 | fit_round 43: strategy sampled 15 clients (out of 50)
Configure Fit
server round: 43
[2025-11-03 23:50:24,217][flwr][DEBUG] - fit_round 43: strategy sampled 15 clients (out of 50)
DEBUG flwr 2025-11-03 23:51:01,208 | server.py:232 | fit_round 43 received 15 results and 0 failures
[2025-11-03 23:51:01,208][flwr][DEBUG] - fit_round 43 received 15 results and 0 failures
malicious is ['0', '0', '0', '0', '0', '0', '0']
[2025-11-03 23:51:22,819][root][INFO] - Number of Evil Clients: 8
[2025-11-03 23:51:22,819][root][INFO] - Number of Preset Malicious Clients is 0
[2025-11-03 23:51:22,819][root][INFO] - Number of Preset Benign Clients is 7
[2025-11-03 23:51:22,819][root][INFO] - Average poisoning accuracy: 0.9131875
KMeans
intra_cluster distance is 3.323299113981372
Now, comb_C is [0 0 0 0 0 0 0]
[2025-11-03 23:51:22,830][root][INFO] - Clustering Accuracy is 1.0
length of good results is 7 and length of bad results is 0
acc_diff is 0
[2025-11-03 23:51:22,836][root][INFO] - Lambda is -13
Evaluate
[2025-11-03 23:51:26,485][root][INFO] - Global Poisoning Accuracy: 0.0499
INFO flwr 2025-11-03 23:51:26,553 | server.py:119 | fit progress: (43, 188.74924325942993, {'accuracy': 0.4489}, 3030.806275708019)
[2025-11-03 23:51:26,553][flwr][INFO] - fit progress: (43, 188.74924325942993, {'accuracy': 0.4489}, 3030.806275708019)
DEBUG flwr 2025-11-03 23:51:26,554 | server.py:168 | evaluate_round 43: strategy sampled 15 clients (out of 50)
Configure Evaluate
[2025-11-03 23:51:26,554][flwr][DEBUG] - evaluate_round 43: strategy sampled 15 clients (out of 50)
DEBUG flwr 2025-11-03 23:51:35,622 | server.py:182 | evaluate_round 43 received 15 results and 0 failures
[2025-11-03 23:51:35,622][flwr][DEBUG] - evaluate_round 43 received 15 results and 0 failures
Aggregate evaluate
benign record is ['10', '19', '4', '7', '20', '24', '9', '25', '26', '2', '3', '27', '22', '29', '14', '16', '23', '21', '18', '6', '0', '13', '15', '8', '1', '11']
valid results is [(4, 0.6435649152554106), (1, 2.752475302258972e-05), (4, 0.0009315583811257966), (5, 7.924087762832642), (7, 0.14666786065208726), (5, 0.03270828886888921), (3, 0.0002945874512079172), (7, 0.6076703854923835), (8, 3.289658804074861)]
[2025-11-03 23:51:35,622][root][INFO] - Federated Accuracy: 0.8682909090909091
DEBUG flwr 2025-11-03 23:51:35,813 | server.py:218 | fit_round 44: strategy sampled 15 clients (out of 50)
Configure Fit
server round: 44
[2025-11-03 23:51:35,813][flwr][DEBUG] - fit_round 44: strategy sampled 15 clients (out of 50)
DEBUG flwr 2025-11-03 23:52:11,797 | server.py:232 | fit_round 44 received 15 results and 0 failures
[2025-11-03 23:52:11,797][flwr][DEBUG] - fit_round 44 received 15 results and 0 failures
malicious is ['0', '0', '0', '0', '0', '0', '0', '0']
[2025-11-03 23:52:30,846][root][INFO] - Number of Evil Clients: 7
[2025-11-03 23:52:30,846][root][INFO] - Number of Preset Malicious Clients is 0
[2025-11-03 23:52:30,846][root][INFO] - Number of Preset Benign Clients is 8
[2025-11-03 23:52:30,846][root][INFO] - Average poisoning accuracy: 0.7181285714285713
KMeans
intra_cluster distance is 4.231158837749499
Now, comb_C is [0 0 0 0 0 0 0 0]
[2025-11-03 23:52:30,857][root][INFO] - Clustering Accuracy is 1.0
length of good results is 8 and length of bad results is 0
acc_diff is 0
[2025-11-03 23:52:30,862][root][INFO] - Lambda is -13
Evaluate
[2025-11-03 23:52:34,483][root][INFO] - Global Poisoning Accuracy: 0.0661
INFO flwr 2025-11-03 23:52:34,556 | server.py:119 | fit progress: (44, 190.41218030452728, {'accuracy': 0.4428}, 3098.8090069150203)
[2025-11-03 23:52:34,556][flwr][INFO] - fit progress: (44, 190.41218030452728, {'accuracy': 0.4428}, 3098.8090069150203)
DEBUG flwr 2025-11-03 23:52:34,556 | server.py:168 | evaluate_round 44: strategy sampled 15 clients (out of 50)
Configure Evaluate
[2025-11-03 23:52:34,556][flwr][DEBUG] - evaluate_round 44: strategy sampled 15 clients (out of 50)
DEBUG flwr 2025-11-03 23:52:43,684 | server.py:182 | evaluate_round 44 received 15 results and 0 failures
[2025-11-03 23:52:43,684][flwr][DEBUG] - evaluate_round 44 received 15 results and 0 failures
Aggregate evaluate
benign record is ['10', '4', '19', '7', '20', '24', '9', '25', '26', '2', '3', '27', '22', '29', '14', '16', '23', '21', '18', '6', '0', '13', '15', '8', '1', '11']
valid results is [(2, 7.515309334849007e-05), (5, 0.03694482322316617), (1, 2.9437782359309494e-05), (3, 0.00028586619009729475), (6, 0.14841659586090827), (1, 3.5898272471968085e-05), (7, 0.15373416198417544), (4, 0.0007380785827990621), (4, 0.7070771279977635)]
[2025-11-03 23:52:43,684][root][INFO] - Federated Accuracy: 0.8941636363636363
DEBUG flwr 2025-11-03 23:52:43,753 | server.py:218 | fit_round 45: strategy sampled 15 clients (out of 50)
Configure Fit
server round: 45
[2025-11-03 23:52:43,753][flwr][DEBUG] - fit_round 45: strategy sampled 15 clients (out of 50)
DEBUG flwr 2025-11-03 23:53:19,759 | server.py:232 | fit_round 45 received 15 results and 0 failures
[2025-11-03 23:53:19,759][flwr][DEBUG] - fit_round 45 received 15 results and 0 failures
malicious is ['0', '0', '0', '0', '0', '0', '0']
[2025-11-03 23:53:41,611][root][INFO] - Number of Evil Clients: 8
[2025-11-03 23:53:41,611][root][INFO] - Number of Preset Malicious Clients is 0
[2025-11-03 23:53:41,611][root][INFO] - Number of Preset Benign Clients is 7
[2025-11-03 23:53:41,611][root][INFO] - Average poisoning accuracy: 0.7483124999999999
KMeans
intra_cluster distance is 3.729945110031275
Now, comb_C is [0 0 0 0 0 0 0]
[2025-11-03 23:53:41,622][root][INFO] - Clustering Accuracy is 1.0
length of good results is 7 and length of bad results is 0
acc_diff is 0
[2025-11-03 23:53:41,628][root][INFO] - Lambda is -13
Evaluate
[2025-11-03 23:53:45,249][root][INFO] - Global Poisoning Accuracy: 0.0686
INFO flwr 2025-11-03 23:53:45,318 | server.py:119 | fit progress: (45, 191.99878358840942, {'accuracy': 0.4402}, 3169.5706254609977)
[2025-11-03 23:53:45,318][flwr][INFO] - fit progress: (45, 191.99878358840942, {'accuracy': 0.4402}, 3169.5706254609977)
DEBUG flwr 2025-11-03 23:53:45,318 | server.py:168 | evaluate_round 45: strategy sampled 15 clients (out of 50)
Configure Evaluate
[2025-11-03 23:53:45,318][flwr][DEBUG] - evaluate_round 45: strategy sampled 15 clients (out of 50)
DEBUG flwr 2025-11-03 23:53:54,522 | server.py:182 | evaluate_round 45 received 15 results and 0 failures
[2025-11-03 23:53:54,522][flwr][DEBUG] - evaluate_round 45 received 15 results and 0 failures
Aggregate evaluate
benign record is ['10', '19', '4', '7', '20', '24', '9', '25', '26', '2', '3', '27', '22', '29', '14', '16', '23', '21', '18', '6', '0', '13', '15', '8', '1', '11']
valid results is [(8, 3.4805286643095315), (7, 0.1555038291044184), (4, 0.4445598825222987), (4, 0.7261284590349533)]
[2025-11-03 23:53:54,523][root][INFO] - Federated Accuracy: 0.8768478260869564
DEBUG flwr 2025-11-03 23:53:54,716 | server.py:218 | fit_round 46: strategy sampled 15 clients (out of 50)
Configure Fit
server round: 46
[2025-11-03 23:53:54,716][flwr][DEBUG] - fit_round 46: strategy sampled 15 clients (out of 50)
DEBUG flwr 2025-11-03 23:54:27,214 | server.py:232 | fit_round 46 received 15 results and 0 failures
[2025-11-03 23:54:27,214][flwr][DEBUG] - fit_round 46 received 15 results and 0 failures
malicious is ['0', '0', '0', '0', '0', '0', '0', '0', '0']
[2025-11-03 23:54:43,888][root][INFO] - Number of Evil Clients: 6
[2025-11-03 23:54:43,888][root][INFO] - Number of Preset Malicious Clients is 0
[2025-11-03 23:54:43,888][root][INFO] - Number of Preset Benign Clients is 9
[2025-11-03 23:54:43,888][root][INFO] - Average poisoning accuracy: 0.7449666666666666
KMeans
intra_cluster distance is 3.32810588713632
Now, comb_C is [0 0 0 0 0 0 0 0 0]
[2025-11-03 23:54:43,899][root][INFO] - Clustering Accuracy is 1.0
length of good results is 9 and length of bad results is 0
acc_diff is 0
[2025-11-03 23:54:43,904][root][INFO] - Lambda is -13
Evaluate
[2025-11-03 23:54:47,516][root][INFO] - Global Poisoning Accuracy: 0.0628
INFO flwr 2025-11-03 23:54:47,585 | server.py:119 | fit progress: (46, 190.46848785877228, {'accuracy': 0.4448}, 3231.837694098009)
[2025-11-03 23:54:47,585][flwr][INFO] - fit progress: (46, 190.46848785877228, {'accuracy': 0.4448}, 3231.837694098009)
DEBUG flwr 2025-11-03 23:54:47,585 | server.py:168 | evaluate_round 46: strategy sampled 15 clients (out of 50)
Configure Evaluate
[2025-11-03 23:54:47,585][flwr][DEBUG] - evaluate_round 46: strategy sampled 15 clients (out of 50)
DEBUG flwr 2025-11-03 23:54:56,816 | server.py:182 | evaluate_round 46 received 15 results and 0 failures
[2025-11-03 23:54:56,816][flwr][DEBUG] - evaluate_round 46 received 15 results and 0 failures
Aggregate evaluate
benign record is ['10', '4', '19', '7', '20', '24', '9', '25', '26', '2', '3', '27', '22', '29', '14', '16', '23', '21', '18', '6', '0', '13', '15', '8', '1', '11']
valid results is [(1, 2.98666964226868e-05), (6, 0.15800826960912673), (5, 0.008922531167627312), (7, 0.7083188643591711), (4, 0.0006131126247055363), (6, 0.1381665819862974), (1, 4.40036274085287e-05)]
[2025-11-03 23:54:56,816][root][INFO] - Federated Accuracy: 0.8771366666666667
DEBUG flwr 2025-11-03 23:54:56,888 | server.py:218 | fit_round 47: strategy sampled 15 clients (out of 50)
Configure Fit
server round: 47
[2025-11-03 23:54:56,888][flwr][DEBUG] - fit_round 47: strategy sampled 15 clients (out of 50)
DEBUG flwr 2025-11-03 23:55:31,059 | server.py:232 | fit_round 47 received 15 results and 0 failures
[2025-11-03 23:55:31,059][flwr][DEBUG] - fit_round 47 received 15 results and 0 failures
malicious is ['0', '0', '0', '0', '0', '0', '0']
[2025-11-03 23:55:54,324][root][INFO] - Number of Evil Clients: 8
[2025-11-03 23:55:54,324][root][INFO] - Number of Preset Malicious Clients is 0
[2025-11-03 23:55:54,324][root][INFO] - Number of Preset Benign Clients is 7
[2025-11-03 23:55:54,324][root][INFO] - Average poisoning accuracy: 0.7984874999999999
KMeans
intra_cluster distance is 2.556152900443551
Now, comb_C is [0 0 0 0 0 0 0]
[2025-11-03 23:55:54,335][root][INFO] - Clustering Accuracy is 1.0
length of good results is 7 and length of bad results is 0
acc_diff is 0
[2025-11-03 23:55:54,340][root][INFO] - Lambda is -13
Evaluate
[2025-11-03 23:55:58,020][root][INFO] - Global Poisoning Accuracy: 0.0588
INFO flwr 2025-11-03 23:55:58,088 | server.py:119 | fit progress: (47, 190.76643097400665, {'accuracy': 0.4455}, 3302.341054027027)
[2025-11-03 23:55:58,088][flwr][INFO] - fit progress: (47, 190.76643097400665, {'accuracy': 0.4455}, 3302.341054027027)
DEBUG flwr 2025-11-03 23:55:58,088 | server.py:168 | evaluate_round 47: strategy sampled 15 clients (out of 50)
Configure Evaluate
[2025-11-03 23:55:58,088][flwr][DEBUG] - evaluate_round 47: strategy sampled 15 clients (out of 50)
DEBUG flwr 2025-11-03 23:56:07,218 | server.py:182 | evaluate_round 47 received 15 results and 0 failures
[2025-11-03 23:56:07,218][flwr][DEBUG] - evaluate_round 47 received 15 results and 0 failures
Aggregate evaluate
benign record is ['10', '19', '4', '7', '20', '24', '9', '25', '26', '2', '3', '27', '22', '29', '14', '16', '23', '21', '18', '6', '0', '13', '15', '8', '1', '11']
valid results is [(4, 0.4924110275351268), (8, 3.1710190762532875), (7, 0.7229589857306564), (3, 0.0002245049545308575), (2, 7.051559805404395e-05), (7, 0.1461241999422782), (6, 1.5127197547553806), (6, 0.5983725447804318), (5, 0.00030885718661011197)]
[2025-11-03 23:56:07,219][root][INFO] - Federated Accuracy: 0.9181020833333334
DEBUG flwr 2025-11-03 23:56:07,425 | server.py:218 | fit_round 48: strategy sampled 15 clients (out of 50)
Configure Fit
server round: 48
[2025-11-03 23:56:07,425][flwr][DEBUG] - fit_round 48: strategy sampled 15 clients (out of 50)
DEBUG flwr 2025-11-03 23:56:44,072 | server.py:232 | fit_round 48 received 15 results and 0 failures
[2025-11-03 23:56:44,072][flwr][DEBUG] - fit_round 48 received 15 results and 0 failures
malicious is ['0', '0', '0']
[2025-11-03 23:57:16,498][root][INFO] - Number of Evil Clients: 12
[2025-11-03 23:57:16,498][root][INFO] - Number of Preset Malicious Clients is 0
[2025-11-03 23:57:16,498][root][INFO] - Number of Preset Benign Clients is 3
[2025-11-03 23:57:16,498][root][INFO] - Average poisoning accuracy: 0.808175
KMeans
intra_cluster distance is 3.42363650294006
Now, comb_C is [0 0 0]
[2025-11-03 23:57:16,509][root][INFO] - Clustering Accuracy is 1.0
length of good results is 3 and length of bad results is 0
acc_diff is 0
[2025-11-03 23:57:16,515][root][INFO] - Lambda is -13
Evaluate
[2025-11-03 23:57:19,994][root][INFO] - Global Poisoning Accuracy: 0.0402
INFO flwr 2025-11-03 23:57:20,064 | server.py:119 | fit progress: (48, 197.93777418136597, {'accuracy': 0.4315}, 3384.3164275659947)
[2025-11-03 23:57:20,064][flwr][INFO] - fit progress: (48, 197.93777418136597, {'accuracy': 0.4315}, 3384.3164275659947)
DEBUG flwr 2025-11-03 23:57:20,064 | server.py:168 | evaluate_round 48: strategy sampled 15 clients (out of 50)
Configure Evaluate
[2025-11-03 23:57:20,064][flwr][DEBUG] - evaluate_round 48: strategy sampled 15 clients (out of 50)
DEBUG flwr 2025-11-03 23:57:29,120 | server.py:182 | evaluate_round 48 received 15 results and 0 failures
[2025-11-03 23:57:29,120][flwr][DEBUG] - evaluate_round 48 received 15 results and 0 failures
Aggregate evaluate
benign record is ['10', '4', '19', '7', '20', '24', '9', '25', '26', '2', '3', '27', '22', '29', '14', '16', '23', '21', '18', '6', '0', '13', '15', '8', '1', '11']
valid results is [(4, 0.0006102461484260857), (5, 0.12953224102966487), (6, 0.6997101699234918), (5, 0.0012141478000557981), (3, 0.0003962039336329326), (5, 0.00042994065734092146), (3, 0.0002580658547230996), (7, 0.09405844248249196), (4, 0.001420667344063986)]
[2025-11-03 23:57:29,121][root][INFO] - Federated Accuracy: 0.9335
DEBUG flwr 2025-11-03 23:57:29,194 | server.py:218 | fit_round 49: strategy sampled 15 clients (out of 50)
Configure Fit
server round: 49
[2025-11-03 23:57:29,194][flwr][DEBUG] - fit_round 49: strategy sampled 15 clients (out of 50)
DEBUG flwr 2025-11-03 23:58:08,875 | server.py:232 | fit_round 49 received 15 results and 0 failures
[2025-11-03 23:58:08,875][flwr][DEBUG] - fit_round 49 received 15 results and 0 failures
malicious is ['0', '0', '0', '0', '0', '0']
[2025-11-03 23:58:33,352][root][INFO] - Number of Evil Clients: 9
[2025-11-03 23:58:33,352][root][INFO] - Number of Preset Malicious Clients is 0
[2025-11-03 23:58:33,352][root][INFO] - Number of Preset Benign Clients is 6
[2025-11-03 23:58:33,352][root][INFO] - Average poisoning accuracy: 0.6140888888888888
KMeans
intra_cluster distance is 2.7400850340266287
Now, comb_C is [0 0 0 0 0 0]
[2025-11-03 23:58:33,363][root][INFO] - Clustering Accuracy is 1.0
length of good results is 6 and length of bad results is 0
acc_diff is 0
[2025-11-03 23:58:33,369][root][INFO] - Lambda is -13
Evaluate
[2025-11-03 23:58:36,972][root][INFO] - Global Poisoning Accuracy: 0.0537
INFO flwr 2025-11-03 23:58:37,041 | server.py:119 | fit progress: (49, 191.59675431251526, {'accuracy': 0.44}, 3461.293772317993)
[2025-11-03 23:58:37,041][flwr][INFO] - fit progress: (49, 191.59675431251526, {'accuracy': 0.44}, 3461.293772317993)
DEBUG flwr 2025-11-03 23:58:37,041 | server.py:168 | evaluate_round 49: strategy sampled 15 clients (out of 50)
Configure Evaluate
[2025-11-03 23:58:37,041][flwr][DEBUG] - evaluate_round 49: strategy sampled 15 clients (out of 50)
DEBUG flwr 2025-11-03 23:58:46,055 | server.py:182 | evaluate_round 49 received 15 results and 0 failures
[2025-11-03 23:58:46,055][flwr][DEBUG] - evaluate_round 49 received 15 results and 0 failures
Aggregate evaluate
benign record is ['10', '19', '4', '7', '20', '24', '9', '25', '26', '2', '3', '27', '22', '29', '14', '16', '23', '21', '18', '6', '0', '13', '15', '8', '1', '11']
valid results is [(1, 3.473016477073543e-05), (5, 7.551615059375763), (4, 0.00036714690941153094), (5, 0.0002775423745333683), (5, 0.0006457539202529006), (4, 0.7531033749110065), (6, 0.1609493758296594), (5, 0.11643871536944062)]
[2025-11-03 23:58:46,055][root][INFO] - Federated Accuracy: 0.8390714285714286
DEBUG flwr 2025-11-03 23:58:46,301 | server.py:218 | fit_round 50: strategy sampled 15 clients (out of 50)
Configure Fit
server round: 50
[2025-11-03 23:58:46,301][flwr][DEBUG] - fit_round 50: strategy sampled 15 clients (out of 50)
DEBUG flwr 2025-11-03 23:59:23,871 | server.py:232 | fit_round 50 received 15 results and 0 failures
[2025-11-03 23:59:23,871][flwr][DEBUG] - fit_round 50 received 15 results and 0 failures
malicious is ['0', '0', '0', '0', '0', '0', '0']
[2025-11-03 23:59:46,097][root][INFO] - Number of Evil Clients: 8
[2025-11-03 23:59:46,097][root][INFO] - Number of Preset Malicious Clients is 0
[2025-11-03 23:59:46,097][root][INFO] - Number of Preset Benign Clients is 7
[2025-11-03 23:59:46,097][root][INFO] - Average poisoning accuracy: 0.792
KMeans
intra_cluster distance is 3.6277273664735303
Now, comb_C is [0 0 0 0 0 0 0]
[2025-11-03 23:59:46,108][root][INFO] - Clustering Accuracy is 1.0
length of good results is 7 and length of bad results is 0
acc_diff is 0
[2025-11-03 23:59:46,113][root][INFO] - Lambda is -13
Evaluate
[2025-11-03 23:59:48,577][root][INFO] - Global Poisoning Accuracy: 0.0657
INFO flwr 2025-11-03 23:59:48,673 | server.py:119 | fit progress: (50, 189.15221190452576, {'accuracy': 0.4448}, 3532.9255031280336)
[2025-11-03 23:59:48,673][flwr][INFO] - fit progress: (50, 189.15221190452576, {'accuracy': 0.4448}, 3532.9255031280336)
DEBUG flwr 2025-11-03 23:59:48,673 | server.py:168 | evaluate_round 50: strategy sampled 15 clients (out of 50)
Configure Evaluate
[2025-11-03 23:59:48,673][flwr][DEBUG] - evaluate_round 50: strategy sampled 15 clients (out of 50)
DEBUG flwr 2025-11-03 23:59:57,877 | server.py:182 | evaluate_round 50 received 15 results and 0 failures
[2025-11-03 23:59:57,877][flwr][DEBUG] - evaluate_round 50 received 15 results and 0 failures
Aggregate evaluate
benign record is ['10', '4', '19', '7', '20', '24', '9', '25', '26', '2', '3', '27', '22', '29', '14', '16', '23', '21', '18', '6', '0', '13', '15', '8', '1', '11']
valid results is [(5, 0.012244047706190031), (6, 1.136260649342148), (3, 0.00029348584212129936), (5, 0.0009680887596914545), (5, 6.742815554141998), (4, 0.8036990344407968), (5, 0.0006835338572273031), (2, 9.589876572135836e-05), (5, 0.06928039906779304), (6, 0.12710397006594576)]
[2025-11-03 23:59:57,878][root][INFO] - Federated Accuracy: 0.8387782608695652
DEBUG flwr 2025-11-03 23:59:57,948 | server.py:218 | fit_round 51: strategy sampled 15 clients (out of 50)
Configure Fit
server round: 51
[2025-11-03 23:59:57,948][flwr][DEBUG] - fit_round 51: strategy sampled 15 clients (out of 50)
DEBUG flwr 2025-11-04 00:00:36,263 | server.py:232 | fit_round 51 received 15 results and 0 failures
[2025-11-04 00:00:36,263][flwr][DEBUG] - fit_round 51 received 15 results and 0 failures
malicious is ['0', '0', '0', '0', '0', '0', '0']
[2025-11-04 00:00:58,277][root][INFO] - Number of Evil Clients: 8
[2025-11-04 00:00:58,277][root][INFO] - Number of Preset Malicious Clients is 0
[2025-11-04 00:00:58,277][root][INFO] - Number of Preset Benign Clients is 7
[2025-11-04 00:00:58,277][root][INFO] - Average poisoning accuracy: 0.9166624999999999
KMeans
intra_cluster distance is 4.888557831620937
Now, comb_C is [0 0 0 0 0 0 0]
[2025-11-04 00:00:58,288][root][INFO] - Clustering Accuracy is 1.0
length of good results is 7 and length of bad results is 0
acc_diff is 0
[2025-11-04 00:00:58,293][root][INFO] - Lambda is -13
Evaluate
[2025-11-04 00:01:02,011][root][INFO] - Global Poisoning Accuracy: 0.0747
INFO flwr 2025-11-04 00:01:02,080 | server.py:119 | fit progress: (51, 189.61388182640076, {'accuracy': 0.4485}, 3606.332752443035)
[2025-11-04 00:01:02,080][flwr][INFO] - fit progress: (51, 189.61388182640076, {'accuracy': 0.4485}, 3606.332752443035)
DEBUG flwr 2025-11-04 00:01:02,080 | server.py:168 | evaluate_round 51: strategy sampled 15 clients (out of 50)
Configure Evaluate
[2025-11-04 00:01:02,080][flwr][DEBUG] - evaluate_round 51: strategy sampled 15 clients (out of 50)
DEBUG flwr 2025-11-04 00:01:11,173 | server.py:182 | evaluate_round 51 received 15 results and 0 failures
[2025-11-04 00:01:11,173][flwr][DEBUG] - evaluate_round 51 received 15 results and 0 failures
Aggregate evaluate
benign record is ['10', '19', '4', '7', '20', '24', '9', '25', '26', '2', '3', '27', '22', '29', '14', '16', '23', '21', '18', '6', '0', '13', '15', '8', '1', '11']
valid results is [(6, 0.703433656708512), (3, 0.34320328942339984), (7, 0.9536762418865692), (1, 3.106486838078126e-05), (4, 0.0009375473382533528), (5, 0.002705067934584804), (4, 0.3809542005037656)]
[2025-11-04 00:01:11,173][root][INFO] - Federated Accuracy: 0.8802699999999999
DEBUG flwr 2025-11-04 00:01:11,371 | server.py:218 | fit_round 52: strategy sampled 15 clients (out of 50)
Configure Fit
server round: 52
[2025-11-04 00:01:11,371][flwr][DEBUG] - fit_round 52: strategy sampled 15 clients (out of 50)
DEBUG flwr 2025-11-04 00:01:50,625 | server.py:232 | fit_round 52 received 15 results and 0 failures
[2025-11-04 00:01:50,625][flwr][DEBUG] - fit_round 52 received 15 results and 0 failures
malicious is ['0', '0', '0', '0', '0', '0', '0']
[2025-11-04 00:02:12,266][root][INFO] - Number of Evil Clients: 8
[2025-11-04 00:02:12,266][root][INFO] - Number of Preset Malicious Clients is 0
[2025-11-04 00:02:12,266][root][INFO] - Number of Preset Benign Clients is 7
[2025-11-04 00:02:12,266][root][INFO] - Average poisoning accuracy: 0.6795875
KMeans
intra_cluster distance is 2.869821711074953
Now, comb_C is [0 0 0 0 0 0 0]
[2025-11-04 00:02:12,277][root][INFO] - Clustering Accuracy is 1.0
length of good results is 7 and length of bad results is 0
acc_diff is 0
[2025-11-04 00:02:12,284][root][INFO] - Lambda is -13
Evaluate
[2025-11-04 00:02:15,444][root][INFO] - Global Poisoning Accuracy: 0.0689
INFO flwr 2025-11-04 00:02:15,513 | server.py:119 | fit progress: (52, 189.78620862960815, {'accuracy': 0.4472}, 3679.7656263579847)
[2025-11-04 00:02:15,513][flwr][INFO] - fit progress: (52, 189.78620862960815, {'accuracy': 0.4472}, 3679.7656263579847)
DEBUG flwr 2025-11-04 00:02:15,513 | server.py:168 | evaluate_round 52: strategy sampled 15 clients (out of 50)
Configure Evaluate
[2025-11-04 00:02:15,513][flwr][DEBUG] - evaluate_round 52: strategy sampled 15 clients (out of 50)
DEBUG flwr 2025-11-04 00:02:24,683 | server.py:182 | evaluate_round 52 received 15 results and 0 failures
[2025-11-04 00:02:24,683][flwr][DEBUG] - evaluate_round 52 received 15 results and 0 failures
Aggregate evaluate
benign record is ['10', '4', '19', '7', '20', '24', '9', '25', '26', '2', '3', '27', '22', '29', '14', '16', '23', '21', '18', '6', '0', '13', '15', '8', '1', '11']
valid results is [(5, 0.1393428894225508), (3, 0.3856122057768516), (5, 0.00048563916061539203), (8, 3.0646567120566033), (4, 0.0011140281349071302), (2, 8.564129893784411e-05), (5, 6.688354194164276), (3, 0.00027550142840482295)]
[2025-11-04 00:02:24,683][root][INFO] - Federated Accuracy: 0.8251228571428572
DEBUG flwr 2025-11-04 00:02:24,762 | server.py:218 | fit_round 53: strategy sampled 15 clients (out of 50)
Configure Fit
server round: 53
[2025-11-04 00:02:24,762][flwr][DEBUG] - fit_round 53: strategy sampled 15 clients (out of 50)
DEBUG flwr 2025-11-04 00:03:03,128 | server.py:232 | fit_round 53 received 15 results and 0 failures
[2025-11-04 00:03:03,128][flwr][DEBUG] - fit_round 53 received 15 results and 0 failures
malicious is ['0', '0', '0', '0', '0', '0']
[2025-11-04 00:03:27,576][root][INFO] - Number of Evil Clients: 9
[2025-11-04 00:03:27,576][root][INFO] - Number of Preset Malicious Clients is 0
[2025-11-04 00:03:27,576][root][INFO] - Number of Preset Benign Clients is 6
[2025-11-04 00:03:27,576][root][INFO] - Average poisoning accuracy: 0.8190111111111111
KMeans
intra_cluster distance is 5.412522609190925
Now, comb_C is [0 0 0 0 0 0]
[2025-11-04 00:03:27,587][root][INFO] - Clustering Accuracy is 1.0
length of good results is 6 and length of bad results is 0
acc_diff is 0
[2025-11-04 00:03:27,593][root][INFO] - Lambda is -13
Evaluate
[2025-11-04 00:03:31,206][root][INFO] - Global Poisoning Accuracy: 0.0756
INFO flwr 2025-11-04 00:03:31,274 | server.py:119 | fit progress: (53, 188.0033893585205, {'accuracy': 0.4478}, 3755.527162972023)
[2025-11-04 00:03:31,274][flwr][INFO] - fit progress: (53, 188.0033893585205, {'accuracy': 0.4478}, 3755.527162972023)
DEBUG flwr 2025-11-04 00:03:31,274 | server.py:168 | evaluate_round 53: strategy sampled 15 clients (out of 50)
Configure Evaluate
[2025-11-04 00:03:31,274][flwr][DEBUG] - evaluate_round 53: strategy sampled 15 clients (out of 50)
DEBUG flwr 2025-11-04 00:03:40,332 | server.py:182 | evaluate_round 53 received 15 results and 0 failures
[2025-11-04 00:03:40,332][flwr][DEBUG] - evaluate_round 53 received 15 results and 0 failures
Aggregate evaluate
benign record is ['10', '19', '4', '7', '20', '24', '9', '25', '26', '2', '3', '27', '22', '29', '14', '16', '23', '21', '18', '6', '0', '13', '15', '8', '1', '11']
valid results is [(3, 0.2896306920738425), (6, 1.219623886026966), (5, 0.00635544273245614), (1, 5.980979767628014e-05), (1, 2.5939403712982312e-05), (5, 0.0007030369670246728), (6, 1.167962985124177), (4, 0.6532336078817025), (6, 0.12215203524829121), (6, 0.7345145721483277)]
[2025-11-04 00:03:40,333][root][INFO] - Federated Accuracy: 0.8431232558139535
DEBUG flwr 2025-11-04 00:03:40,568 | server.py:218 | fit_round 54: strategy sampled 15 clients (out of 50)
Configure Fit
server round: 54
[2025-11-04 00:03:40,568][flwr][DEBUG] - fit_round 54: strategy sampled 15 clients (out of 50)
DEBUG flwr 2025-11-04 00:04:21,136 | server.py:232 | fit_round 54 received 15 results and 0 failures
[2025-11-04 00:04:21,136][flwr][DEBUG] - fit_round 54 received 15 results and 0 failures
malicious is ['0', '0', '0', '0', '0', '0', '0', '0', '0', '0', '0']
[2025-11-04 00:04:31,900][root][INFO] - Number of Evil Clients: 4
[2025-11-04 00:04:31,900][root][INFO] - Number of Preset Malicious Clients is 0
[2025-11-04 00:04:31,900][root][INFO] - Number of Preset Benign Clients is 11
[2025-11-04 00:04:31,900][root][INFO] - Average poisoning accuracy: 0.7538999999999999
KMeans
intra_cluster distance is 3.3186988752312088
Now, comb_C is [0 0 0 0 0 0 0 0 0 0 0]
[2025-11-04 00:04:31,911][root][INFO] - Clustering Accuracy is 1.0
length of good results is 11 and length of bad results is 0
acc_diff is 0
[2025-11-04 00:04:31,916][root][INFO] - Lambda is -13
Evaluate
[2025-11-04 00:04:35,340][root][INFO] - Global Poisoning Accuracy: 0.0734
INFO flwr 2025-11-04 00:04:35,408 | server.py:119 | fit progress: (54, 187.4869600534439, {'accuracy': 0.4494}, 3819.660683381022)
[2025-11-04 00:04:35,408][flwr][INFO] - fit progress: (54, 187.4869600534439, {'accuracy': 0.4494}, 3819.660683381022)
DEBUG flwr 2025-11-04 00:04:35,408 | server.py:168 | evaluate_round 54: strategy sampled 15 clients (out of 50)
Configure Evaluate
[2025-11-04 00:04:35,408][flwr][DEBUG] - evaluate_round 54: strategy sampled 15 clients (out of 50)
DEBUG flwr 2025-11-04 00:04:44,529 | server.py:182 | evaluate_round 54 received 15 results and 0 failures
[2025-11-04 00:04:44,529][flwr][DEBUG] - evaluate_round 54 received 15 results and 0 failures
Aggregate evaluate
benign record is ['10', '4', '19', '7', '20', '24', '9', '25', '26', '2', '3', '27', '22', '29', '14', '16', '23', '21', '18', '6', '0', '13', '15', '8', '1', '11']
valid results is [(5, 0.0006684670734102838), (5, 0.031240339172654785), (3, 0.00021740980082540773), (6, 0.11280920781427994)]
[2025-11-04 00:04:44,529][root][INFO] - Federated Accuracy: 0.8837578947368421
DEBUG flwr 2025-11-04 00:04:44,598 | server.py:218 | fit_round 55: strategy sampled 15 clients (out of 50)
Configure Fit
server round: 55
[2025-11-04 00:04:44,598][flwr][DEBUG] - fit_round 55: strategy sampled 15 clients (out of 50)
DEBUG flwr 2025-11-04 00:05:18,910 | server.py:232 | fit_round 55 received 15 results and 0 failures
[2025-11-04 00:05:18,910][flwr][DEBUG] - fit_round 55 received 15 results and 0 failures
malicious is ['0', '0', '0', '0', '0', '0', '0', '0']
[2025-11-04 00:05:39,507][root][INFO] - Number of Evil Clients: 7
[2025-11-04 00:05:39,507][root][INFO] - Number of Preset Malicious Clients is 0
[2025-11-04 00:05:39,507][root][INFO] - Number of Preset Benign Clients is 8
[2025-11-04 00:05:39,507][root][INFO] - Average poisoning accuracy: 0.6402857142857142
KMeans
intra_cluster distance is 2.998233501542583
Now, comb_C is [0 0 0 0 0 0 0 0]
[2025-11-04 00:05:39,518][root][INFO] - Clustering Accuracy is 1.0
length of good results is 8 and length of bad results is 0
acc_diff is 0
[2025-11-04 00:05:39,524][root][INFO] - Lambda is -13
Evaluate
[2025-11-04 00:05:43,173][root][INFO] - Global Poisoning Accuracy: 0.0662
INFO flwr 2025-11-04 00:05:43,242 | server.py:119 | fit progress: (55, 191.25413250923157, {'accuracy': 0.4453}, 3887.4949264040333)
[2025-11-04 00:05:43,242][flwr][INFO] - fit progress: (55, 191.25413250923157, {'accuracy': 0.4453}, 3887.4949264040333)
DEBUG flwr 2025-11-04 00:05:43,242 | server.py:168 | evaluate_round 55: strategy sampled 15 clients (out of 50)
Configure Evaluate
[2025-11-04 00:05:43,242][flwr][DEBUG] - evaluate_round 55: strategy sampled 15 clients (out of 50)
DEBUG flwr 2025-11-04 00:05:52,310 | server.py:182 | evaluate_round 55 received 15 results and 0 failures
[2025-11-04 00:05:52,310][flwr][DEBUG] - evaluate_round 55 received 15 results and 0 failures
Aggregate evaluate
benign record is ['10', '19', '4', '7', '20', '24', '9', '25', '26', '2', '3', '27', '22', '29', '14', '16', '23', '21', '18', '6', '0', '13', '15', '8', '1', '11']
valid results is [(2, 6.927589674887713e-05), (5, 0.0005513107607839629), (1, 3.586295133573003e-05), (3, 0.3262770512337738), (5, 0.0023238724606926553), (5, 0.00030205564689822495), (6, 0.7247743995903875), (4, 0.0005037972368882038)]
[2025-11-04 00:05:52,310][root][INFO] - Federated Accuracy: 0.8865645161290322
DEBUG flwr 2025-11-04 00:05:52,497 | server.py:218 | fit_round 56: strategy sampled 15 clients (out of 50)
Configure Fit
server round: 56
[2025-11-04 00:05:52,497][flwr][DEBUG] - fit_round 56: strategy sampled 15 clients (out of 50)
DEBUG flwr 2025-11-04 00:06:28,318 | server.py:232 | fit_round 56 received 15 results and 0 failures
[2025-11-04 00:06:28,318][flwr][DEBUG] - fit_round 56 received 15 results and 0 failures
malicious is ['0', '0', '0', '0', '0', '0', '0', '0']
[2025-11-04 00:06:48,467][root][INFO] - Number of Evil Clients: 7
[2025-11-04 00:06:48,467][root][INFO] - Number of Preset Malicious Clients is 0
[2025-11-04 00:06:48,467][root][INFO] - Number of Preset Benign Clients is 8
[2025-11-04 00:06:48,467][root][INFO] - Average poisoning accuracy: 0.9788285714285714
KMeans
intra_cluster distance is 4.901836467578501
Now, comb_C is [0 0 0 0 0 0 0 0]
[2025-11-04 00:06:48,478][root][INFO] - Clustering Accuracy is 1.0
length of good results is 8 and length of bad results is 0
acc_diff is 0
[2025-11-04 00:06:48,484][root][INFO] - Lambda is -13
Evaluate
[2025-11-04 00:06:52,091][root][INFO] - Global Poisoning Accuracy: 0.0688
INFO flwr 2025-11-04 00:06:52,160 | server.py:119 | fit progress: (56, 191.06124699115753, {'accuracy': 0.4448}, 3956.412357883004)
[2025-11-04 00:06:52,160][flwr][INFO] - fit progress: (56, 191.06124699115753, {'accuracy': 0.4448}, 3956.412357883004)
DEBUG flwr 2025-11-04 00:06:52,160 | server.py:168 | evaluate_round 56: strategy sampled 15 clients (out of 50)
Configure Evaluate
[2025-11-04 00:06:52,160][flwr][DEBUG] - evaluate_round 56: strategy sampled 15 clients (out of 50)
DEBUG flwr 2025-11-04 00:07:01,461 | server.py:182 | evaluate_round 56 received 15 results and 0 failures
[2025-11-04 00:07:01,461][flwr][DEBUG] - evaluate_round 56 received 15 results and 0 failures
Aggregate evaluate
benign record is ['10', '4', '19', '7', '20', '24', '9', '25', '26', '2', '3', '27', '22', '29', '14', '16', '23', '21', '18', '6', '0', '13', '15', '8', '1', '11']
valid results is [(4, 0.0006168086547404528), (4, 0.0008098421858449001), (8, 3.371994602435734), (6, 0.6184987959786667), (4, 0.6837343549123034), (2, 0.00011524242290761322), (5, 0.01563134347088635), (5, 0.0003989361794083379), (1, 3.748416929738596e-05), (5, 0.0007820641694706865)]
[2025-11-04 00:07:01,461][root][INFO] - Federated Accuracy: 0.881684090909091
DEBUG flwr 2025-11-04 00:07:01,533 | server.py:218 | fit_round 57: strategy sampled 15 clients (out of 50)
Configure Fit
server round: 57
[2025-11-04 00:07:01,533][flwr][DEBUG] - fit_round 57: strategy sampled 15 clients (out of 50)
DEBUG flwr 2025-11-04 00:07:34,631 | server.py:232 | fit_round 57 received 15 results and 0 failures
[2025-11-04 00:07:34,631][flwr][DEBUG] - fit_round 57 received 15 results and 0 failures
malicious is ['0', '0', '0', '0', '0', '0']
[2025-11-04 00:07:59,600][root][INFO] - Number of Evil Clients: 9
[2025-11-04 00:07:59,600][root][INFO] - Number of Preset Malicious Clients is 0
[2025-11-04 00:07:59,600][root][INFO] - Number of Preset Benign Clients is 6
[2025-11-04 00:07:59,601][root][INFO] - Average poisoning accuracy: 0.9118
KMeans
intra_cluster distance is 2.424171450388445
Now, comb_C is [0 0 0 0 0 0]
[2025-11-04 00:07:59,611][root][INFO] - Clustering Accuracy is 1.0
length of good results is 6 and length of bad results is 0
acc_diff is 0
[2025-11-04 00:07:59,617][root][INFO] - Lambda is -13
Evaluate
[2025-11-04 00:08:03,264][root][INFO] - Global Poisoning Accuracy: 0.0648
INFO flwr 2025-11-04 00:08:03,333 | server.py:119 | fit progress: (57, 192.63971745967865, {'accuracy': 0.447}, 4027.585589640017)
[2025-11-04 00:08:03,333][flwr][INFO] - fit progress: (57, 192.63971745967865, {'accuracy': 0.447}, 4027.585589640017)
DEBUG flwr 2025-11-04 00:08:03,333 | server.py:168 | evaluate_round 57: strategy sampled 15 clients (out of 50)
Configure Evaluate
[2025-11-04 00:08:03,333][flwr][DEBUG] - evaluate_round 57: strategy sampled 15 clients (out of 50)
DEBUG flwr 2025-11-04 00:08:12,318 | server.py:182 | evaluate_round 57 received 15 results and 0 failures
[2025-11-04 00:08:12,318][flwr][DEBUG] - evaluate_round 57 received 15 results and 0 failures
Aggregate evaluate
benign record is ['10', '19', '4', '7', '20', '24', '9', '25', '26', '2', '3', '27', '22', '29', '14', '16', '23', '21', '18', '6', '0', '13', '15', '8', '1', '11']
valid results is [(4, 0.0003537746742949821), (5, 0.035644080489873886), (5, 7.03014749288559), (5, 0.00039452977216569707), (1, 4.064298263983801e-05), (4, 0.45591448334016604), (6, 0.09454358545917785), (5, 0.02550253755180165)]
[2025-11-04 00:08:12,319][root][INFO] - Federated Accuracy: 0.8388285714285715
DEBUG flwr 2025-11-04 00:08:12,507 | server.py:218 | fit_round 58: strategy sampled 15 clients (out of 50)
Configure Fit
server round: 58
[2025-11-04 00:08:12,507][flwr][DEBUG] - fit_round 58: strategy sampled 15 clients (out of 50)
DEBUG flwr 2025-11-04 00:08:49,464 | server.py:232 | fit_round 58 received 15 results and 0 failures
[2025-11-04 00:08:49,464][flwr][DEBUG] - fit_round 58 received 15 results and 0 failures
malicious is ['0', '0', '0', '0', '0', '0', '0']
[2025-11-04 00:09:11,262][root][INFO] - Number of Evil Clients: 8
[2025-11-04 00:09:11,262][root][INFO] - Number of Preset Malicious Clients is 0
[2025-11-04 00:09:11,262][root][INFO] - Number of Preset Benign Clients is 7
[2025-11-04 00:09:11,262][root][INFO] - Average poisoning accuracy: 0.6690625
KMeans
intra_cluster distance is 3.8777686570057597
Now, comb_C is [0 0 0 0 0 0 0]
[2025-11-04 00:09:11,274][root][INFO] - Clustering Accuracy is 1.0
length of good results is 7 and length of bad results is 0
acc_diff is 0
[2025-11-04 00:09:11,279][root][INFO] - Lambda is -13
Evaluate
[2025-11-04 00:09:14,910][root][INFO] - Global Poisoning Accuracy: 0.0597
INFO flwr 2025-11-04 00:09:14,978 | server.py:119 | fit progress: (58, 192.26110970973969, {'accuracy': 0.4425}, 4099.23069953802)
[2025-11-04 00:09:14,978][flwr][INFO] - fit progress: (58, 192.26110970973969, {'accuracy': 0.4425}, 4099.23069953802)
DEBUG flwr 2025-11-04 00:09:14,978 | server.py:168 | evaluate_round 58: strategy sampled 15 clients (out of 50)
Configure Evaluate
[2025-11-04 00:09:14,978][flwr][DEBUG] - evaluate_round 58: strategy sampled 15 clients (out of 50)
DEBUG flwr 2025-11-04 00:09:23,936 | server.py:182 | evaluate_round 58 received 15 results and 0 failures
[2025-11-04 00:09:23,936][flwr][DEBUG] - evaluate_round 58 received 15 results and 0 failures
Aggregate evaluate
benign record is ['10', '4', '19', '7', '20', '24', '9', '25', '26', '2', '3', '27', '22', '29', '14', '16', '23', '21', '18', '6', '0', '13', '15', '8', '1', '11']
valid results is [(1, 2.9461920348694548e-05), (7, 0.07708375926449662), (5, 0.019923483720049262), (6, 0.12732963723829016), (5, 0.0005876871437067166), (3, 0.0003483134787529707), (4, 0.5148616850929102)]
[2025-11-04 00:09:23,936][root][INFO] - Federated Accuracy: 0.9028096774193548
DEBUG flwr 2025-11-04 00:09:24,004 | server.py:218 | fit_round 59: strategy sampled 15 clients (out of 50)
Configure Fit
server round: 59
[2025-11-04 00:09:24,004][flwr][DEBUG] - fit_round 59: strategy sampled 15 clients (out of 50)
DEBUG flwr 2025-11-04 00:10:01,048 | server.py:232 | fit_round 59 received 15 results and 0 failures
[2025-11-04 00:10:01,048][flwr][DEBUG] - fit_round 59 received 15 results and 0 failures
malicious is ['0', '0', '0', '0', '0', '0', '0', '0', '0']
[2025-11-04 00:10:18,804][root][INFO] - Number of Evil Clients: 6
[2025-11-04 00:10:18,804][root][INFO] - Number of Preset Malicious Clients is 0
[2025-11-04 00:10:18,804][root][INFO] - Number of Preset Benign Clients is 9
[2025-11-04 00:10:18,804][root][INFO] - Average poisoning accuracy: 0.6479999999999999
KMeans
intra_cluster distance is 3.8217867659831053
Now, comb_C is [0 0 0 0 0 0 0 0 0]
[2025-11-04 00:10:18,815][root][INFO] - Clustering Accuracy is 1.0
length of good results is 9 and length of bad results is 0
acc_diff is 0
[2025-11-04 00:10:18,820][root][INFO] - Lambda is -13
Evaluate
[2025-11-04 00:10:22,465][root][INFO] - Global Poisoning Accuracy: 0.0658
INFO flwr 2025-11-04 00:10:22,533 | server.py:119 | fit progress: (59, 190.0824476480484, {'accuracy': 0.4494}, 4166.785814236035)
[2025-11-04 00:10:22,533][flwr][INFO] - fit progress: (59, 190.0824476480484, {'accuracy': 0.4494}, 4166.785814236035)
DEBUG flwr 2025-11-04 00:10:22,533 | server.py:168 | evaluate_round 59: strategy sampled 15 clients (out of 50)
Configure Evaluate
[2025-11-04 00:10:22,533][flwr][DEBUG] - evaluate_round 59: strategy sampled 15 clients (out of 50)
DEBUG flwr 2025-11-04 00:10:31,781 | server.py:182 | evaluate_round 59 received 15 results and 0 failures
[2025-11-04 00:10:31,781][flwr][DEBUG] - evaluate_round 59 received 15 results and 0 failures
Aggregate evaluate
benign record is ['10', '19', '4', '7', '20', '24', '9', '25', '26', '2', '3', '27', '22', '29', '14', '16', '23', '21', '18', '6', '0', '13', '15', '8', '1', '11']
valid results is [(4, 0.5082625115101109), (1, 3.920632298104465e-05), (6, 0.15277239643182838), (7, 0.05622087223309791), (8, 3.2237263299757615), (5, 6.993974924087524)]
[2025-11-04 00:10:31,781][root][INFO] - Federated Accuracy: 0.8510645161290322
DEBUG flwr 2025-11-04 00:10:31,966 | server.py:218 | fit_round 60: strategy sampled 15 clients (out of 50)
Configure Fit
server round: 60
[2025-11-04 00:10:31,966][flwr][DEBUG] - fit_round 60: strategy sampled 15 clients (out of 50)
DEBUG flwr 2025-11-04 00:11:08,449 | server.py:232 | fit_round 60 received 15 results and 0 failures
[2025-11-04 00:11:08,449][flwr][DEBUG] - fit_round 60 received 15 results and 0 failures
malicious is ['0', '0', '0', '0', '0', '0', '0', '0', '0', '0']
[2025-11-04 00:11:23,066][root][INFO] - Number of Evil Clients: 5
[2025-11-04 00:11:23,066][root][INFO] - Number of Preset Malicious Clients is 0
[2025-11-04 00:11:23,066][root][INFO] - Number of Preset Benign Clients is 10
[2025-11-04 00:11:23,066][root][INFO] - Average poisoning accuracy: 0.58738
KMeans
intra_cluster distance is 2.252641900008369
Now, comb_C is [0 0 0 0 0 0 0 0 0 0]
[2025-11-04 00:11:23,123][root][INFO] - Clustering Accuracy is 1.0
length of good results is 10 and length of bad results is 0
acc_diff is 0
[2025-11-04 00:11:23,186][root][INFO] - Lambda is -13
Evaluate
[2025-11-04 00:11:26,957][root][INFO] - Global Poisoning Accuracy: 0.0637
INFO flwr 2025-11-04 00:11:27,025 | server.py:119 | fit progress: (60, 189.8476366996765, {'accuracy': 0.4476}, 4231.277609337994)
[2025-11-04 00:11:27,025][flwr][INFO] - fit progress: (60, 189.8476366996765, {'accuracy': 0.4476}, 4231.277609337994)
DEBUG flwr 2025-11-04 00:11:27,025 | server.py:168 | evaluate_round 60: strategy sampled 15 clients (out of 50)
Configure Evaluate
[2025-11-04 00:11:27,025][flwr][DEBUG] - evaluate_round 60: strategy sampled 15 clients (out of 50)
DEBUG flwr 2025-11-04 00:11:36,266 | server.py:182 | evaluate_round 60 received 15 results and 0 failures
[2025-11-04 00:11:36,266][flwr][DEBUG] - evaluate_round 60 received 15 results and 0 failures
Aggregate evaluate
benign record is ['10', '4', '19', '7', '20', '24', '9', '25', '26', '2', '3', '27', '22', '29', '14', '16', '23', '21', '18', '6', '0', '13', '15', '8', '1', '11']
valid results is [(3, 0.00019685556617332622), (3, 0.00028784274763893336), (5, 0.0006040008083800785), (5, 0.019452651715255342), (5, 0.012441548868082464), (4, 0.6914839373785071), (6, 1.2771177128888667), (5, 0.0003142366113024764)]
[2025-11-04 00:11:36,266][root][INFO] - Federated Accuracy: 0.8715499999999999
DEBUG flwr 2025-11-04 00:11:36,334 | server.py:218 | fit_round 61: strategy sampled 15 clients (out of 50)
Configure Fit
server round: 61
[2025-11-04 00:11:36,334][flwr][DEBUG] - fit_round 61: strategy sampled 15 clients (out of 50)
DEBUG flwr 2025-11-04 00:12:05,216 | server.py:232 | fit_round 61 received 15 results and 0 failures
[2025-11-04 00:12:05,216][flwr][DEBUG] - fit_round 61 received 15 results and 0 failures
malicious is ['0', '0', '0', '0', '0', '0', '0', '0', '0', '0']
[2025-11-04 00:12:14,983][root][INFO] - Number of Evil Clients: 5
[2025-11-04 00:12:14,983][root][INFO] - Number of Preset Malicious Clients is 0
[2025-11-04 00:12:14,983][root][INFO] - Number of Preset Benign Clients is 10
[2025-11-04 00:12:14,983][root][INFO] - Average poisoning accuracy: 0.58546
KMeans
intra_cluster distance is 3.47370617557534
Now, comb_C is [0 0 0 0 0 0 0 0 0 0]
[2025-11-04 00:12:14,995][root][INFO] - Clustering Accuracy is 1.0
length of good results is 10 and length of bad results is 0
acc_diff is 0
[2025-11-04 00:12:15,001][root][INFO] - Lambda is -13
Evaluate
[2025-11-04 00:12:19,865][root][INFO] - Global Poisoning Accuracy: 0.0597
INFO flwr 2025-11-04 00:12:20,076 | server.py:119 | fit progress: (61, 189.66110455989838, {'accuracy': 0.4484}, 4284.328556667024)
[2025-11-04 00:12:20,076][flwr][INFO] - fit progress: (61, 189.66110455989838, {'accuracy': 0.4484}, 4284.328556667024)
DEBUG flwr 2025-11-04 00:12:20,076 | server.py:168 | evaluate_round 61: strategy sampled 15 clients (out of 50)
Configure Evaluate
[2025-11-04 00:12:20,076][flwr][DEBUG] - evaluate_round 61: strategy sampled 15 clients (out of 50)
DEBUG flwr 2025-11-04 00:12:30,487 | server.py:182 | evaluate_round 61 received 15 results and 0 failures
[2025-11-04 00:12:30,487][flwr][DEBUG] - evaluate_round 61 received 15 results and 0 failures
Aggregate evaluate
benign record is ['10', '19', '4', '7', '20', '24', '9', '25', '26', '2', '3', '27', '22', '29', '14', '16', '23', '21', '18', '6', '0', '13', '15', '8', '1', '11']
valid results is [(3, 0.0001547360843687784), (7, 0.7214254258615256), (1, 2.53791604336584e-05), (1, 2.981946090585552e-05), (6, 1.3050134788063588), (6, 0.6414223165411386), (2, 6.741108518326655e-05)]
[2025-11-04 00:12:30,487][root][INFO] - Federated Accuracy: 0.8836692307692308
DEBUG flwr 2025-11-04 00:12:30,556 | server.py:218 | fit_round 62: strategy sampled 15 clients (out of 50)
Configure Fit
server round: 62
[2025-11-04 00:12:30,556][flwr][DEBUG] - fit_round 62: strategy sampled 15 clients (out of 50)
DEBUG flwr 2025-11-04 00:12:59,789 | server.py:232 | fit_round 62 received 15 results and 0 failures
[2025-11-04 00:12:59,789][flwr][DEBUG] - fit_round 62 received 15 results and 0 failures
malicious is ['0', '0', '0', '0', '0']
[2025-11-04 00:13:11,716][root][INFO] - Number of Evil Clients: 10
[2025-11-04 00:13:11,716][root][INFO] - Number of Preset Malicious Clients is 0
[2025-11-04 00:13:11,716][root][INFO] - Number of Preset Benign Clients is 5
[2025-11-04 00:13:11,716][root][INFO] - Average poisoning accuracy: 0.65453
KMeans
intra_cluster distance is 1.7848554254992772
Now, comb_C is [0 0 0 0 0]
[2025-11-04 00:13:11,727][root][INFO] - Clustering Accuracy is 1.0
length of good results is 5 and length of bad results is 0
acc_diff is 0
[2025-11-04 00:13:11,733][root][INFO] - Lambda is -13
Evaluate
[2025-11-04 00:13:13,353][root][INFO] - Global Poisoning Accuracy: 0.0589
INFO flwr 2025-11-04 00:13:13,425 | server.py:119 | fit progress: (62, 192.28108143806458, {'accuracy': 0.4453}, 4337.678060117003)
[2025-11-04 00:13:13,425][flwr][INFO] - fit progress: (62, 192.28108143806458, {'accuracy': 0.4453}, 4337.678060117003)
DEBUG flwr 2025-11-04 00:13:13,425 | server.py:168 | evaluate_round 62: strategy sampled 15 clients (out of 50)
Configure Evaluate
[2025-11-04 00:13:13,425][flwr][DEBUG] - evaluate_round 62: strategy sampled 15 clients (out of 50)
DEBUG flwr 2025-11-04 00:13:23,127 | server.py:182 | evaluate_round 62 received 15 results and 0 failures
[2025-11-04 00:13:23,127][flwr][DEBUG] - evaluate_round 62 received 15 results and 0 failures
Aggregate evaluate
benign record is ['10', '4', '19', '7', '20', '24', '9', '25', '26', '2', '3', '27', '22', '29', '14', '16', '23', '21', '18', '6', '0', '13', '15', '8', '1', '11']
valid results is [(3, 0.3093365865206579), (3, 0.00012409066584950779), (5, 7.216461777687073), (6, 1.4931390477577224), (6, 0.0645359462723718), (6, 0.6602020081263618), (3, 0.00015912998424028046), (5, 0.0001628290174267022)]
[2025-11-04 00:13:23,127][root][INFO] - Federated Accuracy: 0.8681216216216218
DEBUG flwr 2025-11-04 00:13:23,245 | server.py:218 | fit_round 63: strategy sampled 15 clients (out of 50)
Configure Fit
server round: 63
[2025-11-04 00:13:23,245][flwr][DEBUG] - fit_round 63: strategy sampled 15 clients (out of 50)
DEBUG flwr 2025-11-04 00:14:01,298 | server.py:232 | fit_round 63 received 15 results and 0 failures
[2025-11-04 00:14:01,298][flwr][DEBUG] - fit_round 63 received 15 results and 0 failures
malicious is ['0', '0', '0', '0', '0', '0']
[2025-11-04 00:14:22,948][root][INFO] - Number of Evil Clients: 9
[2025-11-04 00:14:22,948][root][INFO] - Number of Preset Malicious Clients is 0
[2025-11-04 00:14:22,948][root][INFO] - Number of Preset Benign Clients is 6
[2025-11-04 00:14:22,948][root][INFO] - Average poisoning accuracy: 0.7235111111111112
KMeans
intra_cluster distance is 3.232566221281983
Now, comb_C is [0 0 0 0 0 0]
[2025-11-04 00:14:22,959][root][INFO] - Clustering Accuracy is 1.0
length of good results is 6 and length of bad results is 0
acc_diff is 0
[2025-11-04 00:14:22,965][root][INFO] - Lambda is -13
Evaluate
[2025-11-04 00:14:24,795][root][INFO] - Global Poisoning Accuracy: 0.0633
INFO flwr 2025-11-04 00:14:25,025 | server.py:119 | fit progress: (63, 192.40523600578308, {'accuracy': 0.4415}, 4409.277918149019)
[2025-11-04 00:14:25,025][flwr][INFO] - fit progress: (63, 192.40523600578308, {'accuracy': 0.4415}, 4409.277918149019)
DEBUG flwr 2025-11-04 00:14:25,025 | server.py:168 | evaluate_round 63: strategy sampled 15 clients (out of 50)
Configure Evaluate
[2025-11-04 00:14:25,025][flwr][DEBUG] - evaluate_round 63: strategy sampled 15 clients (out of 50)
DEBUG flwr 2025-11-04 00:14:34,482 | server.py:182 | evaluate_round 63 received 15 results and 0 failures
[2025-11-04 00:14:34,482][flwr][DEBUG] - evaluate_round 63 received 15 results and 0 failures
Aggregate evaluate
benign record is ['10', '19', '4', '7', '20', '24', '9', '25', '26', '2', '3', '27', '22', '29', '14', '16', '23', '21', '18', '6', '0', '13', '15', '8', '1', '11']
valid results is [(3, 0.00019451520347502083), (5, 0.022406936084735207), (4, 0.5372938285836426), (3, 0.0002004309426411055), (4, 0.0003131358025711961), (6, 1.333949047344504), (6, 0.21301997848058818)]
[2025-11-04 00:14:34,482][root][INFO] - Federated Accuracy: 0.9072645161290323
DEBUG flwr 2025-11-04 00:14:34,557 | server.py:218 | fit_round 64: strategy sampled 15 clients (out of 50)
Configure Fit
server round: 64
[2025-11-04 00:14:34,557][flwr][DEBUG] - fit_round 64: strategy sampled 15 clients (out of 50)
DEBUG flwr 2025-11-04 00:15:14,930 | server.py:232 | fit_round 64 received 15 results and 0 failures
[2025-11-04 00:15:14,930][flwr][DEBUG] - fit_round 64 received 15 results and 0 failures
malicious is ['0', '0', '0', '0', '0', '0', '0', '0', '0']
[2025-11-04 00:15:30,596][root][INFO] - Number of Evil Clients: 6
[2025-11-04 00:15:30,596][root][INFO] - Number of Preset Malicious Clients is 0
[2025-11-04 00:15:30,596][root][INFO] - Number of Preset Benign Clients is 9
[2025-11-04 00:15:30,596][root][INFO] - Average poisoning accuracy: 0.8327833333333334
KMeans
intra_cluster distance is 4.016237829141929
Now, comb_C is [0 0 0 0 0 0 0 0 0]
[2025-11-04 00:15:30,607][root][INFO] - Clustering Accuracy is 1.0
length of good results is 9 and length of bad results is 0
acc_diff is 0
[2025-11-04 00:15:30,612][root][INFO] - Lambda is -13
Evaluate
[2025-11-04 00:15:33,730][root][INFO] - Global Poisoning Accuracy: 0.0605
INFO flwr 2025-11-04 00:15:33,799 | server.py:119 | fit progress: (64, 191.05475640296936, {'accuracy': 0.4432}, 4478.051869328017)
[2025-11-04 00:15:33,799][flwr][INFO] - fit progress: (64, 191.05475640296936, {'accuracy': 0.4432}, 4478.051869328017)
DEBUG flwr 2025-11-04 00:15:33,799 | server.py:168 | evaluate_round 64: strategy sampled 15 clients (out of 50)
Configure Evaluate
[2025-11-04 00:15:33,799][flwr][DEBUG] - evaluate_round 64: strategy sampled 15 clients (out of 50)
DEBUG flwr 2025-11-04 00:15:43,165 | server.py:182 | evaluate_round 64 received 15 results and 0 failures
[2025-11-04 00:15:43,165][flwr][DEBUG] - evaluate_round 64 received 15 results and 0 failures
Aggregate evaluate
benign record is ['10', '4', '19', '7', '20', '24', '9', '25', '26', '2', '3', '27', '22', '29', '14', '16', '23', '21', '18', '6', '0', '13', '15', '8', '1', '11']
valid results is [(1, 5.2454321121331304e-05), (3, 0.00017421946540707722), (5, 0.018796533899148926), (3, 0.0001299488212680444), (6, 1.3292620580505172), (5, 0.00037018227158114314), (7, 0.10103913890270633), (4, 0.5096785069908947), (6, 1.426806967923767), (1, 3.7161331420065835e-05), (5, 6.868189454078674), (5, 0.07027357918559574)]
[2025-11-04 00:15:43,165][root][INFO] - Federated Accuracy: 0.8611764705882353
DEBUG flwr 2025-11-04 00:15:43,244 | server.py:218 | fit_round 65: strategy sampled 15 clients (out of 50)
Configure Fit
server round: 65
[2025-11-04 00:15:43,244][flwr][DEBUG] - fit_round 65: strategy sampled 15 clients (out of 50)
DEBUG flwr 2025-11-04 00:16:20,072 | server.py:232 | fit_round 65 received 15 results and 0 failures
[2025-11-04 00:16:20,072][flwr][DEBUG] - fit_round 65 received 15 results and 0 failures
malicious is ['0', '0', '0', '0', '0', '0']
[2025-11-04 00:16:45,202][root][INFO] - Number of Evil Clients: 9
[2025-11-04 00:16:45,203][root][INFO] - Number of Preset Malicious Clients is 0
[2025-11-04 00:16:45,203][root][INFO] - Number of Preset Benign Clients is 6
[2025-11-04 00:16:45,203][root][INFO] - Average poisoning accuracy: 0.6675555555555556
KMeans
intra_cluster distance is 4.617436488267671
Now, comb_C is [0 0 0 0 0 0]
[2025-11-04 00:16:45,214][root][INFO] - Clustering Accuracy is 1.0
length of good results is 6 and length of bad results is 0
acc_diff is 0
[2025-11-04 00:16:45,220][root][INFO] - Lambda is -13
Evaluate
[2025-11-04 00:16:46,923][root][INFO] - Global Poisoning Accuracy: 0.0561
INFO flwr 2025-11-04 00:16:47,111 | server.py:119 | fit progress: (65, 194.14818060398102, {'accuracy': 0.4447}, 4551.364030749013)
[2025-11-04 00:16:47,111][flwr][INFO] - fit progress: (65, 194.14818060398102, {'accuracy': 0.4447}, 4551.364030749013)
DEBUG flwr 2025-11-04 00:16:47,111 | server.py:168 | evaluate_round 65: strategy sampled 15 clients (out of 50)
Configure Evaluate
[2025-11-04 00:16:47,111][flwr][DEBUG] - evaluate_round 65: strategy sampled 15 clients (out of 50)
DEBUG flwr 2025-11-04 00:16:56,379 | server.py:182 | evaluate_round 65 received 15 results and 0 failures
[2025-11-04 00:16:56,379][flwr][DEBUG] - evaluate_round 65 received 15 results and 0 failures
Aggregate evaluate
benign record is ['10', '19', '4', '7', '20', '24', '9', '25', '26', '2', '3', '27', '22', '29', '14', '16', '23', '21', '18', '6', '0', '13', '15', '8', '1', '11']
valid results is [(6, 0.18428438833507244), (1, 5.656743451254442e-05), (5, 0.0019543618836905807), (2, 7.504507811972871e-05), (5, 0.012894915347715141), (8, 3.1658997939666733), (4, 0.6020566811494064)]
[2025-11-04 00:16:56,379][root][INFO] - Federated Accuracy: 0.8514419354838709
DEBUG flwr 2025-11-04 00:16:56,451 | server.py:218 | fit_round 66: strategy sampled 15 clients (out of 50)
Configure Fit
server round: 66
[2025-11-04 00:16:56,451][flwr][DEBUG] - fit_round 66: strategy sampled 15 clients (out of 50)
DEBUG flwr 2025-11-04 00:17:31,729 | server.py:232 | fit_round 66 received 15 results and 0 failures
[2025-11-04 00:17:31,729][flwr][DEBUG] - fit_round 66 received 15 results and 0 failures
malicious is ['0', '0', '0', '0', '0']
[2025-11-04 00:17:57,848][root][INFO] - Number of Evil Clients: 10
[2025-11-04 00:17:57,848][root][INFO] - Number of Preset Malicious Clients is 0
[2025-11-04 00:17:57,848][root][INFO] - Number of Preset Benign Clients is 5
[2025-11-04 00:17:57,848][root][INFO] - Average poisoning accuracy: 0.79356
KMeans
intra_cluster distance is 1.362573836047134
Now, comb_C is [0 0 0 0 0]
[2025-11-04 00:17:57,859][root][INFO] - Clustering Accuracy is 1.0
length of good results is 5 and length of bad results is 0
acc_diff is 0
[2025-11-04 00:17:57,864][root][INFO] - Lambda is -13
Evaluate
[2025-11-04 00:18:00,795][root][INFO] - Global Poisoning Accuracy: 0.0535
INFO flwr 2025-11-04 00:18:00,862 | server.py:119 | fit progress: (66, 194.97282135486603, {'accuracy': 0.4458}, 4625.11531525699)
[2025-11-04 00:18:00,862][flwr][INFO] - fit progress: (66, 194.97282135486603, {'accuracy': 0.4458}, 4625.11531525699)
DEBUG flwr 2025-11-04 00:18:00,863 | server.py:168 | evaluate_round 66: strategy sampled 15 clients (out of 50)
Configure Evaluate
[2025-11-04 00:18:00,863][flwr][DEBUG] - evaluate_round 66: strategy sampled 15 clients (out of 50)
DEBUG flwr 2025-11-04 00:18:10,208 | server.py:182 | evaluate_round 66 received 15 results and 0 failures
[2025-11-04 00:18:10,208][flwr][DEBUG] - evaluate_round 66 received 15 results and 0 failures
Aggregate evaluate
benign record is ['10', '4', '19', '7', '20', '24', '9', '25', '26', '2', '3', '27', '22', '29', '14', '16', '23', '21', '18', '6', '0', '13', '15', '8', '1', '11']
valid results is [(5, 0.0003312836961413268), (6, 0.6646481038042111), (1, 2.7757268981076777e-05), (4, 0.0002535507155698724), (5, 0.001957528082130011), (5, 7.505786418914795), (6, 0.10698492249866831), (6, 0.11904375145968515)]
[2025-11-04 00:18:10,209][root][INFO] - Federated Accuracy: 0.856221052631579
DEBUG flwr 2025-11-04 00:18:10,277 | server.py:218 | fit_round 67: strategy sampled 15 clients (out of 50)
Configure Fit
server round: 67
[2025-11-04 00:18:10,277][flwr][DEBUG] - fit_round 67: strategy sampled 15 clients (out of 50)
DEBUG flwr 2025-11-04 00:18:50,926 | server.py:232 | fit_round 67 received 15 results and 0 failures
[2025-11-04 00:18:50,926][flwr][DEBUG] - fit_round 67 received 15 results and 0 failures
malicious is ['0', '0', '0', '0', '0', '0']
[2025-11-04 00:19:13,739][root][INFO] - Number of Evil Clients: 9
[2025-11-04 00:19:13,739][root][INFO] - Number of Preset Malicious Clients is 0
[2025-11-04 00:19:13,739][root][INFO] - Number of Preset Benign Clients is 6
[2025-11-04 00:19:13,739][root][INFO] - Average poisoning accuracy: 0.7222666666666666
KMeans
intra_cluster distance is 3.4077034255957575
Now, comb_C is [0 0 0 0 0 0]
[2025-11-04 00:19:13,750][root][INFO] - Clustering Accuracy is 1.0
length of good results is 6 and length of bad results is 0
acc_diff is 0
[2025-11-04 00:19:13,755][root][INFO] - Lambda is -13
Evaluate
[2025-11-04 00:19:16,365][root][INFO] - Global Poisoning Accuracy: 0.0672
INFO flwr 2025-11-04 00:19:16,434 | server.py:119 | fit progress: (67, 193.06613528728485, {'accuracy': 0.4451}, 4700.687252557022)
[2025-11-04 00:19:16,434][flwr][INFO] - fit progress: (67, 193.06613528728485, {'accuracy': 0.4451}, 4700.687252557022)
DEBUG flwr 2025-11-04 00:19:16,435 | server.py:168 | evaluate_round 67: strategy sampled 15 clients (out of 50)
Configure Evaluate
[2025-11-04 00:19:16,435][flwr][DEBUG] - evaluate_round 67: strategy sampled 15 clients (out of 50)
DEBUG flwr 2025-11-04 00:19:25,775 | server.py:182 | evaluate_round 67 received 15 results and 0 failures
[2025-11-04 00:19:25,775][flwr][DEBUG] - evaluate_round 67 received 15 results and 0 failures
Aggregate evaluate
benign record is ['10', '19', '4', '7', '20', '24', '9', '25', '26', '2', '3', '27', '22', '29', '14', '16', '23', '21', '18', '6', '0', '13', '15', '8', '1', '11']
valid results is [(5, 0.02408108645613538), (3, 0.0002951756105176173), (5, 0.0007820725295459852), (4, 0.00046410646609729156), (1, 7.153743354137987e-05), (5, 0.00024247456894954666), (7, 0.7792398621604661), (8, 2.9643668505595997), (4, 0.6762068573152646), (4, 0.5982005188998301)]
[2025-11-04 00:19:25,775][root][INFO] - Federated Accuracy: 0.8925521739130435
DEBUG flwr 2025-11-04 00:19:25,853 | server.py:218 | fit_round 68: strategy sampled 15 clients (out of 50)
Configure Fit
server round: 68
[2025-11-04 00:19:25,853][flwr][DEBUG] - fit_round 68: strategy sampled 15 clients (out of 50)
DEBUG flwr 2025-11-04 00:20:04,318 | server.py:232 | fit_round 68 received 15 results and 0 failures
[2025-11-04 00:20:04,318][flwr][DEBUG] - fit_round 68 received 15 results and 0 failures
malicious is ['0', '0', '0', '0', '0', '0', '0', '0']
[2025-11-04 00:20:24,294][root][INFO] - Number of Evil Clients: 7
[2025-11-04 00:20:24,294][root][INFO] - Number of Preset Malicious Clients is 0
[2025-11-04 00:20:24,294][root][INFO] - Number of Preset Benign Clients is 8
[2025-11-04 00:20:24,294][root][INFO] - Average poisoning accuracy: 0.7192428571428572
KMeans
intra_cluster distance is 4.685372393470231
Now, comb_C is [0 0 0 0 0 0 0 0]
[2025-11-04 00:20:24,305][root][INFO] - Clustering Accuracy is 1.0
length of good results is 8 and length of bad results is 0
acc_diff is 0
[2025-11-04 00:20:24,311][root][INFO] - Lambda is -13
Evaluate
[2025-11-04 00:20:27,341][root][INFO] - Global Poisoning Accuracy: 0.0709
INFO flwr 2025-11-04 00:20:27,413 | server.py:119 | fit progress: (68, 191.28249096870422, {'accuracy': 0.4449}, 4771.666089012986)
[2025-11-04 00:20:27,413][flwr][INFO] - fit progress: (68, 191.28249096870422, {'accuracy': 0.4449}, 4771.666089012986)
DEBUG flwr 2025-11-04 00:20:27,413 | server.py:168 | evaluate_round 68: strategy sampled 15 clients (out of 50)
Configure Evaluate
[2025-11-04 00:20:27,413][flwr][DEBUG] - evaluate_round 68: strategy sampled 15 clients (out of 50)
DEBUG flwr 2025-11-04 00:20:36,743 | server.py:182 | evaluate_round 68 received 15 results and 0 failures
[2025-11-04 00:20:36,743][flwr][DEBUG] - evaluate_round 68 received 15 results and 0 failures
Aggregate evaluate
benign record is ['10', '4', '19', '7', '20', '24', '9', '25', '26', '2', '3', '27', '22', '29', '14', '16', '23', '21', '18', '6', '0', '13', '15', '8', '1', '11']
valid results is [(1, 5.703668648493476e-05), (8, 2.870668225805275), (6, 0.08596254176518414), (6, 1.3735492562191212), (7, 0.08699779144808417), (4, 0.00039680544068687595), (3, 0.356517043292115)]
[2025-11-04 00:20:36,743][root][INFO] - Federated Accuracy: 0.8773857142857143
DEBUG flwr 2025-11-04 00:20:36,954 | server.py:218 | fit_round 69: strategy sampled 15 clients (out of 50)
Configure Fit
server round: 69
[2025-11-04 00:20:36,954][flwr][DEBUG] - fit_round 69: strategy sampled 15 clients (out of 50)
DEBUG flwr 2025-11-04 00:21:17,119 | server.py:232 | fit_round 69 received 15 results and 0 failures
[2025-11-04 00:21:17,119][flwr][DEBUG] - fit_round 69 received 15 results and 0 failures
malicious is ['0', '0', '0', '0', '0', '0', '0']
[2025-11-04 00:21:37,995][root][INFO] - Number of Evil Clients: 8
[2025-11-04 00:21:37,995][root][INFO] - Number of Preset Malicious Clients is 0
[2025-11-04 00:21:37,995][root][INFO] - Number of Preset Benign Clients is 7
[2025-11-04 00:21:37,995][root][INFO] - Average poisoning accuracy: 0.8664999999999999
KMeans
intra_cluster distance is 4.154485558179047
Now, comb_C is [0 0 0 0 0 0 0]
[2025-11-04 00:21:38,006][root][INFO] - Clustering Accuracy is 1.0
length of good results is 7 and length of bad results is 0
acc_diff is 0
[2025-11-04 00:21:38,011][root][INFO] - Lambda is -13
Evaluate
[2025-11-04 00:21:40,373][root][INFO] - Global Poisoning Accuracy: 0.0533
INFO flwr 2025-11-04 00:21:40,441 | server.py:119 | fit progress: (69, 193.3151067495346, {'accuracy': 0.4374}, 4844.694315942004)
[2025-11-04 00:21:40,441][flwr][INFO] - fit progress: (69, 193.3151067495346, {'accuracy': 0.4374}, 4844.694315942004)
DEBUG flwr 2025-11-04 00:21:40,442 | server.py:168 | evaluate_round 69: strategy sampled 15 clients (out of 50)
Configure Evaluate
[2025-11-04 00:21:40,442][flwr][DEBUG] - evaluate_round 69: strategy sampled 15 clients (out of 50)
DEBUG flwr 2025-11-04 00:21:49,748 | server.py:182 | evaluate_round 69 received 15 results and 0 failures
[2025-11-04 00:21:49,748][flwr][DEBUG] - evaluate_round 69 received 15 results and 0 failures
Aggregate evaluate
benign record is ['10', '19', '4', '7', '20', '24', '9', '25', '26', '2', '3', '27', '22', '29', '14', '16', '23', '21', '18', '6', '0', '13', '15', '8', '1', '11']
valid results is [(1, 4.68038851977326e-05), (7, 0.04322046961897286), (6, 0.04245702056141454), (3, 0.3195298465252563), (4, 0.560446119565313), (6, 1.3475345179322176), (3, 0.0001653890503803268)]
[2025-11-04 00:21:49,749][root][INFO] - Federated Accuracy: 0.88227
DEBUG flwr 2025-11-04 00:21:49,850 | server.py:218 | fit_round 70: strategy sampled 15 clients (out of 50)
Configure Fit
server round: 70
[2025-11-04 00:21:49,850][flwr][DEBUG] - fit_round 70: strategy sampled 15 clients (out of 50)
DEBUG flwr 2025-11-04 00:22:27,152 | server.py:232 | fit_round 70 received 15 results and 0 failures
[2025-11-04 00:22:27,152][flwr][DEBUG] - fit_round 70 received 15 results and 0 failures
malicious is ['0', '0', '0', '0', '0', '0', '0', '0']
[2025-11-04 00:22:46,467][root][INFO] - Number of Evil Clients: 7
[2025-11-04 00:22:46,467][root][INFO] - Number of Preset Malicious Clients is 0
[2025-11-04 00:22:46,467][root][INFO] - Number of Preset Benign Clients is 8
[2025-11-04 00:22:46,467][root][INFO] - Average poisoning accuracy: 0.8467714285714285
KMeans
intra_cluster distance is 3.8395133505708676
Now, comb_C is [0 0 0 0 0 0 0 0]
[2025-11-04 00:22:46,479][root][INFO] - Clustering Accuracy is 1.0
length of good results is 8 and length of bad results is 0
acc_diff is 0
[2025-11-04 00:22:46,486][root][INFO] - Lambda is -13
Evaluate
[2025-11-04 00:22:50,131][root][INFO] - Global Poisoning Accuracy: 0.0601
INFO flwr 2025-11-04 00:22:50,199 | server.py:119 | fit progress: (70, 192.0971019268036, {'accuracy': 0.4455}, 4914.451804933022)
[2025-11-04 00:22:50,199][flwr][INFO] - fit progress: (70, 192.0971019268036, {'accuracy': 0.4455}, 4914.451804933022)
DEBUG flwr 2025-11-04 00:22:50,199 | server.py:168 | evaluate_round 70: strategy sampled 15 clients (out of 50)
Configure Evaluate
[2025-11-04 00:22:50,199][flwr][DEBUG] - evaluate_round 70: strategy sampled 15 clients (out of 50)
DEBUG flwr 2025-11-04 00:22:59,359 | server.py:182 | evaluate_round 70 received 15 results and 0 failures
[2025-11-04 00:22:59,359][flwr][DEBUG] - evaluate_round 70 received 15 results and 0 failures
Aggregate evaluate
benign record is ['10', '4', '19', '7', '20', '24', '9', '25', '26', '2', '3', '27', '22', '29', '14', '16', '23', '21', '18', '6', '0', '13', '15', '8', '1', '11']
valid results is [(5, 6.99567437171936), (7, 0.6858448615894304), (4, 0.5496511200217356), (3, 0.3039869200947578), (6, 1.394065040287387), (5, 0.0011170947254868224), (5, 0.00033770716981962323), (4, 0.0002252535523439292), (6, 0.7188779228381463), (7, 0.05716093144292245), (5, 0.00036913664371240884)]
[2025-11-04 00:22:59,359][root][INFO] - Federated Accuracy: 0.8769350877192982
DEBUG flwr 2025-11-04 00:22:59,555 | server.py:218 | fit_round 71: strategy sampled 15 clients (out of 50)
Configure Fit
server round: 71
[2025-11-04 00:22:59,555][flwr][DEBUG] - fit_round 71: strategy sampled 15 clients (out of 50)
DEBUG flwr 2025-11-04 00:23:40,247 | server.py:232 | fit_round 71 received 15 results and 0 failures
[2025-11-04 00:23:40,247][flwr][DEBUG] - fit_round 71 received 15 results and 0 failures
malicious is ['0', '0', '0', '0', '0', '0', '0']
[2025-11-04 00:24:02,623][root][INFO] - Number of Evil Clients: 8
[2025-11-04 00:24:02,623][root][INFO] - Number of Preset Malicious Clients is 0
[2025-11-04 00:24:02,623][root][INFO] - Number of Preset Benign Clients is 7
[2025-11-04 00:24:02,623][root][INFO] - Average poisoning accuracy: 0.7254125
KMeans
intra_cluster distance is 4.045987273503117
Now, comb_C is [0 0 0 0 0 0 0]
[2025-11-04 00:24:02,634][root][INFO] - Clustering Accuracy is 1.0
length of good results is 7 and length of bad results is 0
acc_diff is 0
[2025-11-04 00:24:02,639][root][INFO] - Lambda is -13
Evaluate
[2025-11-04 00:24:05,965][root][INFO] - Global Poisoning Accuracy: 0.0642
INFO flwr 2025-11-04 00:24:06,033 | server.py:119 | fit progress: (71, 187.83480441570282, {'accuracy': 0.4462}, 4990.285847467021)
[2025-11-04 00:24:06,033][flwr][INFO] - fit progress: (71, 187.83480441570282, {'accuracy': 0.4462}, 4990.285847467021)
DEBUG flwr 2025-11-04 00:24:06,033 | server.py:168 | evaluate_round 71: strategy sampled 15 clients (out of 50)
Configure Evaluate
[2025-11-04 00:24:06,033][flwr][DEBUG] - evaluate_round 71: strategy sampled 15 clients (out of 50)
DEBUG flwr 2025-11-04 00:24:15,212 | server.py:182 | evaluate_round 71 received 15 results and 0 failures
[2025-11-04 00:24:15,212][flwr][DEBUG] - evaluate_round 71 received 15 results and 0 failures
Aggregate evaluate
benign record is ['10', '19', '4', '7', '20', '24', '9', '25', '26', '2', '3', '27', '22', '29', '14', '16', '23', '21', '18', '6', '0', '13', '15', '8', '1', '11']
valid results is [(3, 0.30187831568036927), (4, 0.6305215754837263), (5, 6.984022736549377), (6, 0.18805217359476956), (3, 0.00033305671240668744), (4, 0.00048602154856780544), (6, 1.1164373079300276), (5, 0.0013525795438908972)]
[2025-11-04 00:24:15,212][root][INFO] - Federated Accuracy: 0.8461305555555555
DEBUG flwr 2025-11-04 00:24:15,286 | server.py:218 | fit_round 72: strategy sampled 15 clients (out of 50)
Configure Fit
server round: 72
[2025-11-04 00:24:15,286][flwr][DEBUG] - fit_round 72: strategy sampled 15 clients (out of 50)
DEBUG flwr 2025-11-04 00:24:52,229 | server.py:232 | fit_round 72 received 15 results and 0 failures
[2025-11-04 00:24:52,229][flwr][DEBUG] - fit_round 72 received 15 results and 0 failures
malicious is ['0', '0', '0', '0', '0', '0', '0', '0']
[2025-11-04 00:25:11,691][root][INFO] - Number of Evil Clients: 7
[2025-11-04 00:25:11,691][root][INFO] - Number of Preset Malicious Clients is 0
[2025-11-04 00:25:11,691][root][INFO] - Number of Preset Benign Clients is 8
[2025-11-04 00:25:11,691][root][INFO] - Average poisoning accuracy: 0.9811428571428571
KMeans
intra_cluster distance is 1.1482966899341145
Now, comb_C is [0 0 0 0 0 0 0 0]
[2025-11-04 00:25:11,702][root][INFO] - Clustering Accuracy is 1.0
length of good results is 8 and length of bad results is 0
acc_diff is 0
[2025-11-04 00:25:11,709][root][INFO] - Lambda is -13
Evaluate
[2025-11-04 00:25:15,145][root][INFO] - Global Poisoning Accuracy: 0.0733
INFO flwr 2025-11-04 00:25:15,334 | server.py:119 | fit progress: (72, 188.46366846561432, {'accuracy': 0.4547}, 5059.586808031017)
[2025-11-04 00:25:15,334][flwr][INFO] - fit progress: (72, 188.46366846561432, {'accuracy': 0.4547}, 5059.586808031017)
DEBUG flwr 2025-11-04 00:25:15,334 | server.py:168 | evaluate_round 72: strategy sampled 15 clients (out of 50)
Configure Evaluate
[2025-11-04 00:25:15,334][flwr][DEBUG] - evaluate_round 72: strategy sampled 15 clients (out of 50)
DEBUG flwr 2025-11-04 00:25:24,505 | server.py:182 | evaluate_round 72 received 15 results and 0 failures
[2025-11-04 00:25:24,505][flwr][DEBUG] - evaluate_round 72 received 15 results and 0 failures
Aggregate evaluate
benign record is ['10', '4', '19', '7', '20', '24', '9', '25', '26', '2', '3', '27', '22', '29', '14', '16', '23', '21', '18', '6', '0', '13', '15', '8', '1', '11']
valid results is [(8, 3.3354801480891183), (7, 0.07700904600642389), (5, 6.65192523598671), (5, 0.001098331227694871), (1, 2.867492185032461e-05), (3, 0.0002747178004938178)]
[2025-11-04 00:25:24,506][root][INFO] - Federated Accuracy: 0.840606896551724
DEBUG flwr 2025-11-04 00:25:24,578 | server.py:218 | fit_round 73: strategy sampled 15 clients (out of 50)
Configure Fit
server round: 73
[2025-11-04 00:25:24,578][flwr][DEBUG] - fit_round 73: strategy sampled 15 clients (out of 50)
DEBUG flwr 2025-11-04 00:26:01,651 | server.py:232 | fit_round 73 received 15 results and 0 failures
[2025-11-04 00:26:01,651][flwr][DEBUG] - fit_round 73 received 15 results and 0 failures
malicious is ['0', '0', '0', '0', '0', '0', '0', '0']
[2025-11-04 00:26:20,856][root][INFO] - Number of Evil Clients: 7
[2025-11-04 00:26:20,856][root][INFO] - Number of Preset Malicious Clients is 0
[2025-11-04 00:26:20,856][root][INFO] - Number of Preset Benign Clients is 8
[2025-11-04 00:26:20,856][root][INFO] - Average poisoning accuracy: 0.8497714285714285
KMeans
intra_cluster distance is 3.633427963669207
Now, comb_C is [0 0 0 0 0 0 0 0]
[2025-11-04 00:26:20,867][root][INFO] - Clustering Accuracy is 1.0
length of good results is 8 and length of bad results is 0
acc_diff is 0
[2025-11-04 00:26:20,872][root][INFO] - Lambda is -13
Evaluate
[2025-11-04 00:26:24,536][root][INFO] - Global Poisoning Accuracy: 0.0568
INFO flwr 2025-11-04 00:26:24,606 | server.py:119 | fit progress: (73, 189.97803604602814, {'accuracy': 0.4462}, 5128.858365821012)
[2025-11-04 00:26:24,606][flwr][INFO] - fit progress: (73, 189.97803604602814, {'accuracy': 0.4462}, 5128.858365821012)
DEBUG flwr 2025-11-04 00:26:24,606 | server.py:168 | evaluate_round 73: strategy sampled 15 clients (out of 50)
Configure Evaluate
[2025-11-04 00:26:24,606][flwr][DEBUG] - evaluate_round 73: strategy sampled 15 clients (out of 50)
DEBUG flwr 2025-11-04 00:26:33,389 | server.py:182 | evaluate_round 73 received 15 results and 0 failures
[2025-11-04 00:26:33,389][flwr][DEBUG] - evaluate_round 73 received 15 results and 0 failures
Aggregate evaluate
benign record is ['10', '19', '4', '7', '20', '24', '9', '25', '26', '2', '3', '27', '22', '29', '14', '16', '23', '21', '18', '6', '0', '13', '15', '8', '1', '11']
valid results is [(6, 0.053491507620492484), (4, 0.0002316237732884474), (4, 0.5151042085599329), (1, 3.7406356568681076e-05), (3, 0.2795988812686119), (6, 1.1619939709089522), (5, 0.0003475568300927989), (4, 0.00043899709271499887), (3, 0.0002715714363148436)]
[2025-11-04 00:26:33,390][root][INFO] - Federated Accuracy: 0.8748361111111111
DEBUG flwr 2025-11-04 00:26:33,465 | server.py:218 | fit_round 74: strategy sampled 15 clients (out of 50)
Configure Fit
server round: 74
[2025-11-04 00:26:33,465][flwr][DEBUG] - fit_round 74: strategy sampled 15 clients (out of 50)
DEBUG flwr 2025-11-04 00:27:10,565 | server.py:232 | fit_round 74 received 15 results and 0 failures
[2025-11-04 00:27:10,565][flwr][DEBUG] - fit_round 74 received 15 results and 0 failures
malicious is ['0', '0', '0', '0', '0']
[2025-11-04 00:27:37,204][root][INFO] - Number of Evil Clients: 10
[2025-11-04 00:27:37,204][root][INFO] - Number of Preset Malicious Clients is 0
[2025-11-04 00:27:37,204][root][INFO] - Number of Preset Benign Clients is 5
[2025-11-04 00:27:37,204][root][INFO] - Average poisoning accuracy: 0.69023
KMeans
intra_cluster distance is 4.227544359832816
Now, comb_C is [0 0 0 0 0]
[2025-11-04 00:27:37,215][root][INFO] - Clustering Accuracy is 1.0
length of good results is 5 and length of bad results is 0
acc_diff is 0
[2025-11-04 00:27:37,220][root][INFO] - Lambda is -13
Evaluate
[2025-11-04 00:27:40,716][root][INFO] - Global Poisoning Accuracy: 0.0596
INFO flwr 2025-11-04 00:27:40,901 | server.py:119 | fit progress: (74, 190.82515466213226, {'accuracy': 0.4477}, 5205.154298865993)
[2025-11-04 00:27:40,901][flwr][INFO] - fit progress: (74, 190.82515466213226, {'accuracy': 0.4477}, 5205.154298865993)
DEBUG flwr 2025-11-04 00:27:40,902 | server.py:168 | evaluate_round 74: strategy sampled 15 clients (out of 50)
Configure Evaluate
[2025-11-04 00:27:40,902][flwr][DEBUG] - evaluate_round 74: strategy sampled 15 clients (out of 50)
DEBUG flwr 2025-11-04 00:27:49,973 | server.py:182 | evaluate_round 74 received 15 results and 0 failures
[2025-11-04 00:27:49,973][flwr][DEBUG] - evaluate_round 74 received 15 results and 0 failures
Aggregate evaluate
benign record is ['10', '4', '19', '7', '20', '24', '9', '25', '26', '2', '3', '27', '22', '29', '14', '16', '23', '21', '18', '6', '0', '13', '15', '8', '1', '11']
valid results is [(7, 0.0717442252789624), (4, 0.00035026718251174316), (5, 0.0006238416972337291), (6, 1.3964580347965239), (5, 0.0002904993416450452), (1, 2.660683458088897e-05), (2, 9.402060823049396e-05), (6, 0.07945317451958545), (6, 0.07078905463276897)]
[2025-11-04 00:27:49,974][root][INFO] - Federated Accuracy: 0.8906190476190478
DEBUG flwr 2025-11-04 00:27:50,044 | server.py:218 | fit_round 75: strategy sampled 15 clients (out of 50)
Configure Fit
server round: 75
[2025-11-04 00:27:50,044][flwr][DEBUG] - fit_round 75: strategy sampled 15 clients (out of 50)
DEBUG flwr 2025-11-04 00:28:32,996 | server.py:232 | fit_round 75 received 15 results and 0 failures
[2025-11-04 00:28:32,996][flwr][DEBUG] - fit_round 75 received 15 results and 0 failures
malicious is ['0', '0', '0', '0', '0', '0', '0', '0', '0']
[2025-11-04 00:28:49,285][root][INFO] - Number of Evil Clients: 6
[2025-11-04 00:28:49,285][root][INFO] - Number of Preset Malicious Clients is 0
[2025-11-04 00:28:49,285][root][INFO] - Number of Preset Benign Clients is 9
[2025-11-04 00:28:49,285][root][INFO] - Average poisoning accuracy: 0.8205
KMeans
intra_cluster distance is 2.802294377970227
Now, comb_C is [0 0 0 0 0 0 0 0 0]
[2025-11-04 00:28:49,296][root][INFO] - Clustering Accuracy is 1.0
length of good results is 9 and length of bad results is 0
acc_diff is 0
[2025-11-04 00:28:49,304][root][INFO] - Lambda is -13
Evaluate
[2025-11-04 00:28:52,935][root][INFO] - Global Poisoning Accuracy: 0.0627
INFO flwr 2025-11-04 00:28:53,003 | server.py:119 | fit progress: (75, 188.81526482105255, {'accuracy': 0.4487}, 5277.2556000149925)
[2025-11-04 00:28:53,003][flwr][INFO] - fit progress: (75, 188.81526482105255, {'accuracy': 0.4487}, 5277.2556000149925)
DEBUG flwr 2025-11-04 00:28:53,003 | server.py:168 | evaluate_round 75: strategy sampled 15 clients (out of 50)
Configure Evaluate
[2025-11-04 00:28:53,003][flwr][DEBUG] - evaluate_round 75: strategy sampled 15 clients (out of 50)
DEBUG flwr 2025-11-04 00:29:02,134 | server.py:182 | evaluate_round 75 received 15 results and 0 failures
[2025-11-04 00:29:02,134][flwr][DEBUG] - evaluate_round 75 received 15 results and 0 failures
Aggregate evaluate
benign record is ['10', '19', '4', '7', '20', '24', '9', '25', '26', '2', '3', '27', '22', '29', '14', '16', '23', '21', '18', '6', '0', '13', '15', '8', '1', '11']
valid results is [(5, 0.00022777392223360948), (6, 1.2808062732656254), (4, 0.468941871637071), (3, 0.00018567840015748516), (3, 0.0001395515828335192), (6, 0.11020013361849124), (1, 4.3593139707809314e-05), (7, 0.8926961354372906), (6, 0.054044555115979165)]
[2025-11-04 00:29:02,135][root][INFO] - Federated Accuracy: 0.9078853658536585
DEBUG flwr 2025-11-04 00:29:02,202 | server.py:218 | fit_round 76: strategy sampled 15 clients (out of 50)
Configure Fit
server round: 76
[2025-11-04 00:29:02,202][flwr][DEBUG] - fit_round 76: strategy sampled 15 clients (out of 50)
DEBUG flwr 2025-11-04 00:29:36,305 | server.py:232 | fit_round 76 received 15 results and 0 failures
[2025-11-04 00:29:36,305][flwr][DEBUG] - fit_round 76 received 15 results and 0 failures
malicious is ['0', '0', '0', '0', '0', '0']
[2025-11-04 00:29:59,559][root][INFO] - Number of Evil Clients: 9
[2025-11-04 00:29:59,560][root][INFO] - Number of Preset Malicious Clients is 0
[2025-11-04 00:29:59,560][root][INFO] - Number of Preset Benign Clients is 6
[2025-11-04 00:29:59,560][root][INFO] - Average poisoning accuracy: 0.6121111111111112
KMeans
intra_cluster distance is 1.574641222698814
Now, comb_C is [0 0 0 0 0 0]
[2025-11-04 00:29:59,571][root][INFO] - Clustering Accuracy is 1.0
length of good results is 6 and length of bad results is 0
acc_diff is 0
[2025-11-04 00:29:59,576][root][INFO] - Lambda is -13
Evaluate
[2025-11-04 00:30:03,033][root][INFO] - Global Poisoning Accuracy: 0.062
INFO flwr 2025-11-04 00:30:03,217 | server.py:119 | fit progress: (76, 190.21770906448364, {'accuracy': 0.4447}, 5347.469870614004)
[2025-11-04 00:30:03,217][flwr][INFO] - fit progress: (76, 190.21770906448364, {'accuracy': 0.4447}, 5347.469870614004)
DEBUG flwr 2025-11-04 00:30:03,217 | server.py:168 | evaluate_round 76: strategy sampled 15 clients (out of 50)
Configure Evaluate
[2025-11-04 00:30:03,217][flwr][DEBUG] - evaluate_round 76: strategy sampled 15 clients (out of 50)
DEBUG flwr 2025-11-04 00:30:12,201 | server.py:182 | evaluate_round 76 received 15 results and 0 failures
[2025-11-04 00:30:12,201][flwr][DEBUG] - evaluate_round 76 received 15 results and 0 failures
Aggregate evaluate
benign record is ['10', '4', '19', '7', '20', '24', '9', '25', '26', '2', '3', '27', '22', '29', '14', '16', '23', '21', '18', '6', '0', '13', '15', '8', '1', '11']
valid results is [(4, 0.0002767437108559534), (6, 1.119168466411793), (6, 0.10471286567917559), (4, 0.6068279458559118), (5, 0.0021095087577123195), (5, 0.00030675351445097476), (5, 6.708675384521484)]
[2025-11-04 00:30:12,201][root][INFO] - Federated Accuracy: 0.8392771428571428
DEBUG flwr 2025-11-04 00:30:12,269 | server.py:218 | fit_round 77: strategy sampled 15 clients (out of 50)
Configure Fit
server round: 77
[2025-11-04 00:30:12,269][flwr][DEBUG] - fit_round 77: strategy sampled 15 clients (out of 50)
DEBUG flwr 2025-11-04 00:30:46,664 | server.py:232 | fit_round 77 received 15 results and 0 failures
[2025-11-04 00:30:46,664][flwr][DEBUG] - fit_round 77 received 15 results and 0 failures
malicious is ['0', '0', '0', '0', '0', '0', '0']
[2025-11-04 00:31:08,932][root][INFO] - Number of Evil Clients: 8
[2025-11-04 00:31:08,932][root][INFO] - Number of Preset Malicious Clients is 0
[2025-11-04 00:31:08,932][root][INFO] - Number of Preset Benign Clients is 7
[2025-11-04 00:31:08,932][root][INFO] - Average poisoning accuracy: 0.80015
KMeans
intra_cluster distance is 1.5212734382543485
Now, comb_C is [0 0 0 0 0 0 0]
[2025-11-04 00:31:08,944][root][INFO] - Clustering Accuracy is 1.0
length of good results is 7 and length of bad results is 0
acc_diff is 0
[2025-11-04 00:31:08,949][root][INFO] - Lambda is -13
Evaluate
[2025-11-04 00:31:12,620][root][INFO] - Global Poisoning Accuracy: 0.0597
INFO flwr 2025-11-04 00:31:12,688 | server.py:119 | fit progress: (77, 188.74154043197632, {'accuracy': 0.4491}, 5416.941273442993)
[2025-11-04 00:31:12,688][flwr][INFO] - fit progress: (77, 188.74154043197632, {'accuracy': 0.4491}, 5416.941273442993)
DEBUG flwr 2025-11-04 00:31:12,689 | server.py:168 | evaluate_round 77: strategy sampled 15 clients (out of 50)
Configure Evaluate
[2025-11-04 00:31:12,689][flwr][DEBUG] - evaluate_round 77: strategy sampled 15 clients (out of 50)
DEBUG flwr 2025-11-04 00:31:21,831 | server.py:182 | evaluate_round 77 received 15 results and 0 failures
[2025-11-04 00:31:21,831][flwr][DEBUG] - evaluate_round 77 received 15 results and 0 failures
Aggregate evaluate
benign record is ['10', '19', '4', '7', '20', '24', '9', '25', '26', '2', '3', '27', '22', '29', '14', '16', '23', '21', '18', '6', '0', '13', '15', '8', '1', '11']
valid results is [(3, 0.00011739921683329158), (5, 0.0002841537534550298), (7, 0.9241067524417304), (6, 0.7477260877130902), (4, 0.5841262278845534), (1, 2.409167427686043e-05), (1, 2.3698396034887992e-05), (2, 7.343029938056134e-05), (5, 0.00025281900525442325), (6, 0.07999283258686773)]
[2025-11-04 00:31:21,831][root][INFO] - Federated Accuracy: 0.8703875
DEBUG flwr 2025-11-04 00:31:21,910 | server.py:218 | fit_round 78: strategy sampled 15 clients (out of 50)
Configure Fit
server round: 78
[2025-11-04 00:31:21,910][flwr][DEBUG] - fit_round 78: strategy sampled 15 clients (out of 50)
DEBUG flwr 2025-11-04 00:31:51,829 | server.py:232 | fit_round 78 received 15 results and 0 failures
[2025-11-04 00:31:51,829][flwr][DEBUG] - fit_round 78 received 15 results and 0 failures
malicious is ['0', '0', '0', '0', '0', '0']
[2025-11-04 00:32:18,144][root][INFO] - Number of Evil Clients: 9
[2025-11-04 00:32:18,144][root][INFO] - Number of Preset Malicious Clients is 0
[2025-11-04 00:32:18,144][root][INFO] - Number of Preset Benign Clients is 6
[2025-11-04 00:32:18,144][root][INFO] - Average poisoning accuracy: 0.8834444444444444
KMeans
intra_cluster distance is 2.28394510252337
Now, comb_C is [0 0 0 0 0 0]
[2025-11-04 00:32:18,155][root][INFO] - Clustering Accuracy is 1.0
length of good results is 6 and length of bad results is 0
acc_diff is 0
[2025-11-04 00:32:18,161][root][INFO] - Lambda is -13
Evaluate
[2025-11-04 00:32:21,816][root][INFO] - Global Poisoning Accuracy: 0.0637
INFO flwr 2025-11-04 00:32:21,884 | server.py:119 | fit progress: (78, 191.72862792015076, {'accuracy': 0.4529}, 5486.136996640998)
[2025-11-04 00:32:21,884][flwr][INFO] - fit progress: (78, 191.72862792015076, {'accuracy': 0.4529}, 5486.136996640998)
DEBUG flwr 2025-11-04 00:32:21,884 | server.py:168 | evaluate_round 78: strategy sampled 15 clients (out of 50)
Configure Evaluate
[2025-11-04 00:32:21,884][flwr][DEBUG] - evaluate_round 78: strategy sampled 15 clients (out of 50)
DEBUG flwr 2025-11-04 00:32:30,962 | server.py:182 | evaluate_round 78 received 15 results and 0 failures
[2025-11-04 00:32:30,962][flwr][DEBUG] - evaluate_round 78 received 15 results and 0 failures
Aggregate evaluate
benign record is ['10', '4', '19', '7', '20', '24', '9', '25', '26', '2', '3', '27', '22', '29', '14', '16', '23', '21', '18', '6', '0', '13', '15', '8', '1', '11']
valid results is [(4, 0.5483327607362298), (5, 0.00022839683879283257), (5, 0.0025460641481913626), (1, 2.7059970307163894e-05), (6, 0.9578187813058321), (5, 0.021196435307501815), (8, 3.286328711663373), (2, 8.255491047748365e-05)]
[2025-11-04 00:32:30,962][root][INFO] - Federated Accuracy: 0.8752694444444445
DEBUG flwr 2025-11-04 00:32:31,145 | server.py:218 | fit_round 79: strategy sampled 15 clients (out of 50)
Configure Fit
server round: 79
[2025-11-04 00:32:31,145][flwr][DEBUG] - fit_round 79: strategy sampled 15 clients (out of 50)
DEBUG flwr 2025-11-04 00:33:06,469 | server.py:232 | fit_round 79 received 15 results and 0 failures
[2025-11-04 00:33:06,469][flwr][DEBUG] - fit_round 79 received 15 results and 0 failures
malicious is ['0', '0', '0', '0', '0', '0', '0', '0', '0']
[2025-11-04 00:33:23,772][root][INFO] - Number of Evil Clients: 6
[2025-11-04 00:33:23,772][root][INFO] - Number of Preset Malicious Clients is 0
[2025-11-04 00:33:23,772][root][INFO] - Number of Preset Benign Clients is 9
[2025-11-04 00:33:23,772][root][INFO] - Average poisoning accuracy: 0.9809500000000001
KMeans
intra_cluster distance is 2.1820038892701876
Now, comb_C is [0 0 0 0 0 0 0 0 0]
[2025-11-04 00:33:23,783][root][INFO] - Clustering Accuracy is 1.0
length of good results is 9 and length of bad results is 0
acc_diff is 0
[2025-11-04 00:33:23,789][root][INFO] - Lambda is -13
Evaluate
[2025-11-04 00:33:27,399][root][INFO] - Global Poisoning Accuracy: 0.0611
INFO flwr 2025-11-04 00:33:27,468 | server.py:119 | fit progress: (79, 189.88786733150482, {'accuracy': 0.4492}, 5551.720430138987)
[2025-11-04 00:33:27,468][flwr][INFO] - fit progress: (79, 189.88786733150482, {'accuracy': 0.4492}, 5551.720430138987)
DEBUG flwr 2025-11-04 00:33:27,468 | server.py:168 | evaluate_round 79: strategy sampled 15 clients (out of 50)
Configure Evaluate
[2025-11-04 00:33:27,468][flwr][DEBUG] - evaluate_round 79: strategy sampled 15 clients (out of 50)
DEBUG flwr 2025-11-04 00:33:36,617 | server.py:182 | evaluate_round 79 received 15 results and 0 failures
[2025-11-04 00:33:36,617][flwr][DEBUG] - evaluate_round 79 received 15 results and 0 failures
Aggregate evaluate
benign record is ['10', '19', '4', '7', '20', '24', '9', '25', '26', '2', '3', '27', '22', '29', '14', '16', '23', '21', '18', '6', '0', '13', '15', '8', '1', '11']
valid results is [(4, 0.0002240002722828649), (6, 1.2149860993304173), (7, 0.9394287463019282), (3, 0.0001107105545088416), (1, 2.0223560568410903e-05), (5, 0.020099559798836708), (5, 0.000251281337114051), (6, 0.10898289817123441)]
[2025-11-04 00:33:36,617][root][INFO] - Federated Accuracy: 0.8931567567567569
DEBUG flwr 2025-11-04 00:33:36,684 | server.py:218 | fit_round 80: strategy sampled 15 clients (out of 50)
Configure Fit
server round: 80
[2025-11-04 00:33:36,684][flwr][DEBUG] - fit_round 80: strategy sampled 15 clients (out of 50)
DEBUG flwr 2025-11-04 00:34:09,123 | server.py:232 | fit_round 80 received 15 results and 0 failures
[2025-11-04 00:34:09,123][flwr][DEBUG] - fit_round 80 received 15 results and 0 failures
malicious is ['0', '0', '0', '0', '0', '0', '0', '0', '0']
[2025-11-04 00:34:25,804][root][INFO] - Number of Evil Clients: 6
[2025-11-04 00:34:25,804][root][INFO] - Number of Preset Malicious Clients is 0
[2025-11-04 00:34:25,804][root][INFO] - Number of Preset Benign Clients is 9
[2025-11-04 00:34:25,804][root][INFO] - Average poisoning accuracy: 0.9033333333333333
KMeans
intra_cluster distance is 3.5509541767783683
Now, comb_C is [0 0 0 0 0 0 0 0 0]
[2025-11-04 00:34:25,896][root][INFO] - Clustering Accuracy is 1.0
length of good results is 9 and length of bad results is 0
acc_diff is 0
[2025-11-04 00:34:25,957][root][INFO] - Lambda is -13
Evaluate
[2025-11-04 00:34:29,943][root][INFO] - Global Poisoning Accuracy: 0.0608
INFO flwr 2025-11-04 00:34:30,014 | server.py:119 | fit progress: (80, 190.61005198955536, {'accuracy': 0.4456}, 5614.266393819009)
[2025-11-04 00:34:30,014][flwr][INFO] - fit progress: (80, 190.61005198955536, {'accuracy': 0.4456}, 5614.266393819009)
DEBUG flwr 2025-11-04 00:34:30,014 | server.py:168 | evaluate_round 80: strategy sampled 15 clients (out of 50)
Configure Evaluate
[2025-11-04 00:34:30,014][flwr][DEBUG] - evaluate_round 80: strategy sampled 15 clients (out of 50)
DEBUG flwr 2025-11-04 00:34:39,310 | server.py:182 | evaluate_round 80 received 15 results and 0 failures
[2025-11-04 00:34:39,310][flwr][DEBUG] - evaluate_round 80 received 15 results and 0 failures
Aggregate evaluate
benign record is ['10', '4', '19', '7', '20', '24', '9', '25', '26', '2', '3', '27', '22', '29', '14', '16', '23', '21', '18', '6', '0', '13', '15', '8', '1', '11']
valid results is [(3, 0.30886003143677954), (5, 0.00024455150560243055), (5, 0.0033890583436004817), (4, 0.47098886753155966), (5, 0.020328861253801733), (1, 2.3656712073716335e-05)]
[2025-11-04 00:34:39,310][root][INFO] - Federated Accuracy: 0.8693347826086957
DEBUG flwr 2025-11-04 00:34:39,497 | server.py:218 | fit_round 81: strategy sampled 15 clients (out of 50)
Configure Fit
server round: 81
[2025-11-04 00:34:39,497][flwr][DEBUG] - fit_round 81: strategy sampled 15 clients (out of 50)
DEBUG flwr 2025-11-04 00:35:09,728 | server.py:232 | fit_round 81 received 15 results and 0 failures
[2025-11-04 00:35:09,728][flwr][DEBUG] - fit_round 81 received 15 results and 0 failures
malicious is ['0', '0', '0', '0', '0', '0', '0', '0', '0']
[2025-11-04 00:35:27,093][root][INFO] - Number of Evil Clients: 6
[2025-11-04 00:35:27,093][root][INFO] - Number of Preset Malicious Clients is 0
[2025-11-04 00:35:27,093][root][INFO] - Number of Preset Benign Clients is 9
[2025-11-04 00:35:27,093][root][INFO] - Average poisoning accuracy: 0.5804166666666667
KMeans
intra_cluster distance is 2.8494329907065903
Now, comb_C is [0 0 0 0 0 0 0 0 0]
[2025-11-04 00:35:27,104][root][INFO] - Clustering Accuracy is 1.0
length of good results is 9 and length of bad results is 0
acc_diff is 0
[2025-11-04 00:35:27,110][root][INFO] - Lambda is -13
Evaluate
[2025-11-04 00:35:31,587][root][INFO] - Global Poisoning Accuracy: 0.0526
INFO flwr 2025-11-04 00:35:31,655 | server.py:119 | fit progress: (81, 192.21488344669342, {'accuracy': 0.4423}, 5675.907804461021)
[2025-11-04 00:35:31,655][flwr][INFO] - fit progress: (81, 192.21488344669342, {'accuracy': 0.4423}, 5675.907804461021)
DEBUG flwr 2025-11-04 00:35:31,655 | server.py:168 | evaluate_round 81: strategy sampled 15 clients (out of 50)
Configure Evaluate
[2025-11-04 00:35:31,655][flwr][DEBUG] - evaluate_round 81: strategy sampled 15 clients (out of 50)
DEBUG flwr 2025-11-04 00:35:40,774 | server.py:182 | evaluate_round 81 received 15 results and 0 failures
[2025-11-04 00:35:40,774][flwr][DEBUG] - evaluate_round 81 received 15 results and 0 failures
Aggregate evaluate
benign record is ['10', '19', '4', '7', '20', '24', '9', '25', '26', '2', '3', '27', '22', '29', '14', '16', '23', '21', '18', '6', '0', '13', '15', '8', '1', '11']
valid results is [(7, 0.12192502070683986), (7, 0.7995290703474893), (3, 0.00018187599562224932), (4, 0.6585735388216563), (5, 0.0003991960365965497), (6, 0.09639578345377231), (2, 8.74311153893359e-05), (6, 1.1209857071862643)]
[2025-11-04 00:35:40,774][root][INFO] - Federated Accuracy: 0.9008725
DEBUG flwr 2025-11-04 00:35:40,847 | server.py:218 | fit_round 82: strategy sampled 15 clients (out of 50)
Configure Fit
server round: 82
[2025-11-04 00:35:40,847][flwr][DEBUG] - fit_round 82: strategy sampled 15 clients (out of 50)
DEBUG flwr 2025-11-04 00:36:10,469 | server.py:232 | fit_round 82 received 15 results and 0 failures
[2025-11-04 00:36:10,469][flwr][DEBUG] - fit_round 82 received 15 results and 0 failures
malicious is ['0', '0', '0', '0', '0']
[2025-11-04 00:36:37,403][root][INFO] - Number of Evil Clients: 10
[2025-11-04 00:36:37,404][root][INFO] - Number of Preset Malicious Clients is 0
[2025-11-04 00:36:37,404][root][INFO] - Number of Preset Benign Clients is 5
[2025-11-04 00:36:37,404][root][INFO] - Average poisoning accuracy: 0.83248
KMeans
intra_cluster distance is 1.1946834562858673
Now, comb_C is [0 0 0 0 0]
[2025-11-04 00:36:37,414][root][INFO] - Clustering Accuracy is 1.0
length of good results is 5 and length of bad results is 0
acc_diff is 0
[2025-11-04 00:36:37,420][root][INFO] - Lambda is -13
Evaluate
[2025-11-04 00:36:41,030][root][INFO] - Global Poisoning Accuracy: 0.0604
INFO flwr 2025-11-04 00:36:41,098 | server.py:119 | fit progress: (82, 191.97886669635773, {'accuracy': 0.449}, 5745.350844411994)
[2025-11-04 00:36:41,098][flwr][INFO] - fit progress: (82, 191.97886669635773, {'accuracy': 0.449}, 5745.350844411994)
DEBUG flwr 2025-11-04 00:36:41,098 | server.py:168 | evaluate_round 82: strategy sampled 15 clients (out of 50)
Configure Evaluate
[2025-11-04 00:36:41,098][flwr][DEBUG] - evaluate_round 82: strategy sampled 15 clients (out of 50)
DEBUG flwr 2025-11-04 00:36:50,048 | server.py:182 | evaluate_round 82 received 15 results and 0 failures
[2025-11-04 00:36:50,048][flwr][DEBUG] - evaluate_round 82 received 15 results and 0 failures
Aggregate evaluate
benign record is ['10', '4', '19', '7', '20', '24', '9', '25', '26', '2', '3', '27', '22', '29', '14', '16', '23', '21', '18', '6', '0', '13', '15', '8', '1', '11']
valid results is [(4, 0.0004292337835067883), (5, 6.946655750274658), (5, 0.019812326463579666), (5, 0.005444681271910667), (2, 0.00011607126725721173), (6, 0.11776201306929579), (6, 1.078152074263926)]
[2025-11-04 00:36:50,048][root][INFO] - Federated Accuracy: 0.8494030303030303
DEBUG flwr 2025-11-04 00:36:50,231 | server.py:218 | fit_round 83: strategy sampled 15 clients (out of 50)
Configure Fit
server round: 83
[2025-11-04 00:36:50,231][flwr][DEBUG] - fit_round 83: strategy sampled 15 clients (out of 50)
DEBUG flwr 2025-11-04 00:37:28,578 | server.py:232 | fit_round 83 received 15 results and 0 failures
[2025-11-04 00:37:28,578][flwr][DEBUG] - fit_round 83 received 15 results and 0 failures
malicious is ['0', '0', '0', '0', '0', '0', '0', '0', '0']
[2025-11-04 00:37:44,311][root][INFO] - Number of Evil Clients: 6
[2025-11-04 00:37:44,311][root][INFO] - Number of Preset Malicious Clients is 0
[2025-11-04 00:37:44,311][root][INFO] - Number of Preset Benign Clients is 9
[2025-11-04 00:37:44,311][root][INFO] - Average poisoning accuracy: 0.8343166666666666
KMeans
intra_cluster distance is 3.417794817458899
Now, comb_C is [0 0 0 0 0 0 0 0 0]
[2025-11-04 00:37:44,322][root][INFO] - Clustering Accuracy is 1.0
length of good results is 9 and length of bad results is 0
acc_diff is 0
[2025-11-04 00:37:44,327][root][INFO] - Lambda is -13
Evaluate
[2025-11-04 00:37:47,973][root][INFO] - Global Poisoning Accuracy: 0.0512
INFO flwr 2025-11-04 00:37:48,042 | server.py:119 | fit progress: (83, 191.4539511203766, {'accuracy': 0.4462}, 5812.2952076520305)
[2025-11-04 00:37:48,042][flwr][INFO] - fit progress: (83, 191.4539511203766, {'accuracy': 0.4462}, 5812.2952076520305)
DEBUG flwr 2025-11-04 00:37:48,042 | server.py:168 | evaluate_round 83: strategy sampled 15 clients (out of 50)
Configure Evaluate
[2025-11-04 00:37:48,042][flwr][DEBUG] - evaluate_round 83: strategy sampled 15 clients (out of 50)
DEBUG flwr 2025-11-04 00:37:57,115 | server.py:182 | evaluate_round 83 received 15 results and 0 failures
[2025-11-04 00:37:57,115][flwr][DEBUG] - evaluate_round 83 received 15 results and 0 failures
Aggregate evaluate
benign record is ['10', '19', '4', '7', '20', '24', '9', '25', '26', '2', '3', '27', '22', '29', '14', '16', '23', '21', '18', '6', '0', '13', '15', '8', '1', '11']
valid results is [(8, 3.3048004654119723), (1, 2.1141351680853404e-05), (6, 1.1737746899707417), (3, 0.000140987027407391), (1, 1.7761933122528717e-05), (4, 0.00022141698718769476), (7, 0.12991285102179972), (5, 0.0035192903014831245), (5, 0.00028395669869496487), (4, 0.5385982086299919)]
[2025-11-04 00:37:57,115][root][INFO] - Federated Accuracy: 0.8693909090909091
DEBUG flwr 2025-11-04 00:37:57,183 | server.py:218 | fit_round 84: strategy sampled 15 clients (out of 50)
Configure Fit
server round: 84
[2025-11-04 00:37:57,183][flwr][DEBUG] - fit_round 84: strategy sampled 15 clients (out of 50)
DEBUG flwr 2025-11-04 00:38:36,515 | server.py:232 | fit_round 84 received 15 results and 0 failures
[2025-11-04 00:38:36,515][flwr][DEBUG] - fit_round 84 received 15 results and 0 failures
malicious is ['0', '0', '0', '0', '0', '0', '0', '0']
[2025-11-04 00:38:56,099][root][INFO] - Number of Evil Clients: 7
[2025-11-04 00:38:56,099][root][INFO] - Number of Preset Malicious Clients is 0
[2025-11-04 00:38:56,099][root][INFO] - Number of Preset Benign Clients is 8
[2025-11-04 00:38:56,099][root][INFO] - Average poisoning accuracy: 0.9056714285714286
KMeans
intra_cluster distance is 2.0671644042879316
Now, comb_C is [0 0 0 0 0 0 0 0]
[2025-11-04 00:38:56,110][root][INFO] - Clustering Accuracy is 1.0
length of good results is 8 and length of bad results is 0
acc_diff is 0
[2025-11-04 00:38:56,116][root][INFO] - Lambda is -13
Evaluate
[2025-11-04 00:38:59,771][root][INFO] - Global Poisoning Accuracy: 0.0609
INFO flwr 2025-11-04 00:38:59,843 | server.py:119 | fit progress: (84, 191.07712733745575, {'accuracy': 0.445}, 5884.095488563995)
[2025-11-04 00:38:59,843][flwr][INFO] - fit progress: (84, 191.07712733745575, {'accuracy': 0.445}, 5884.095488563995)
DEBUG flwr 2025-11-04 00:38:59,843 | server.py:168 | evaluate_round 84: strategy sampled 15 clients (out of 50)
Configure Evaluate
[2025-11-04 00:38:59,843][flwr][DEBUG] - evaluate_round 84: strategy sampled 15 clients (out of 50)
DEBUG flwr 2025-11-04 00:39:08,944 | server.py:182 | evaluate_round 84 received 15 results and 0 failures
[2025-11-04 00:39:08,944][flwr][DEBUG] - evaluate_round 84 received 15 results and 0 failures
Aggregate evaluate
benign record is ['10', '4', '19', '7', '20', '24', '9', '25', '26', '2', '3', '27', '22', '29', '14', '16', '23', '21', '18', '6', '0', '13', '15', '8', '1', '11']
valid results is [(5, 6.690165579319), (5, 0.0034161387011408806), (4, 0.46972148492204724), (4, 0.00022257196906139143), (8, 2.8917515941429883), (7, 0.10717202284286031), (5, 0.03733260279841488), (1, 1.3780420886178035e-05)]
[2025-11-04 00:39:08,944][root][INFO] - Federated Accuracy: 0.8562666666666666
DEBUG flwr 2025-11-04 00:39:09,132 | server.py:218 | fit_round 85: strategy sampled 15 clients (out of 50)
Configure Fit
server round: 85
[2025-11-04 00:39:09,132][flwr][DEBUG] - fit_round 85: strategy sampled 15 clients (out of 50)
DEBUG flwr 2025-11-04 00:39:42,911 | server.py:232 | fit_round 85 received 15 results and 0 failures
[2025-11-04 00:39:42,911][flwr][DEBUG] - fit_round 85 received 15 results and 0 failures
malicious is ['0', '0', '0', '0', '0', '0']
[2025-11-04 00:40:09,065][root][INFO] - Number of Evil Clients: 9
[2025-11-04 00:40:09,065][root][INFO] - Number of Preset Malicious Clients is 0
[2025-11-04 00:40:09,065][root][INFO] - Number of Preset Benign Clients is 6
[2025-11-04 00:40:09,065][root][INFO] - Average poisoning accuracy: 0.5819888888888889
KMeans
intra_cluster distance is 1.231646099897063
Now, comb_C is [0 0 0 0 0 0]
[2025-11-04 00:40:09,076][root][INFO] - Clustering Accuracy is 1.0
length of good results is 6 and length of bad results is 0
acc_diff is 0
[2025-11-04 00:40:09,081][root][INFO] - Lambda is -13
Evaluate
[2025-11-04 00:40:12,700][root][INFO] - Global Poisoning Accuracy: 0.0645
INFO flwr 2025-11-04 00:40:12,768 | server.py:119 | fit progress: (85, 191.82206070423126, {'accuracy': 0.4459}, 5957.021207546)
[2025-11-04 00:40:12,768][flwr][INFO] - fit progress: (85, 191.82206070423126, {'accuracy': 0.4459}, 5957.021207546)
DEBUG flwr 2025-11-04 00:40:12,768 | server.py:168 | evaluate_round 85: strategy sampled 15 clients (out of 50)
Configure Evaluate
[2025-11-04 00:40:12,768][flwr][DEBUG] - evaluate_round 85: strategy sampled 15 clients (out of 50)
DEBUG flwr 2025-11-04 00:40:21,689 | server.py:182 | evaluate_round 85 received 15 results and 0 failures
[2025-11-04 00:40:21,689][flwr][DEBUG] - evaluate_round 85 received 15 results and 0 failures
Aggregate evaluate
benign record is ['10', '19', '4', '7', '20', '24', '9', '25', '26', '2', '3', '27', '22', '29', '14', '16', '23', '21', '18', '6', '0', '13', '15', '8', '1', '11']
valid results is [(3, 0.0001628429272386711), (6, 0.07195753672567662), (7, 0.13223225704132346), (2, 4.99295365443686e-05), (7, 0.9695850102289114), (8, 2.878788683912717), (4, 0.6832883564784424)]
[2025-11-04 00:40:21,689][root][INFO] - Federated Accuracy: 0.8995972972972973
DEBUG flwr 2025-11-04 00:40:21,776 | server.py:218 | fit_round 86: strategy sampled 15 clients (out of 50)
Configure Fit
server round: 86
[2025-11-04 00:40:21,776][flwr][DEBUG] - fit_round 86: strategy sampled 15 clients (out of 50)
DEBUG flwr 2025-11-04 00:41:01,385 | server.py:232 | fit_round 86 received 15 results and 0 failures
[2025-11-04 00:41:01,385][flwr][DEBUG] - fit_round 86 received 15 results and 0 failures
malicious is ['0', '0', '0', '0', '0', '0', '0', '0']
[2025-11-04 00:41:20,013][root][INFO] - Number of Evil Clients: 7
[2025-11-04 00:41:20,013][root][INFO] - Number of Preset Malicious Clients is 0
[2025-11-04 00:41:20,013][root][INFO] - Number of Preset Benign Clients is 8
[2025-11-04 00:41:20,013][root][INFO] - Average poisoning accuracy: 0.9210142857142857
KMeans
intra_cluster distance is 3.8308916159630506
Now, comb_C is [0 0 0 0 0 0 0 0]
[2025-11-04 00:41:20,024][root][INFO] - Clustering Accuracy is 1.0
length of good results is 8 and length of bad results is 0
acc_diff is 0
[2025-11-04 00:41:20,029][root][INFO] - Lambda is -13
Evaluate
[2025-11-04 00:41:23,654][root][INFO] - Global Poisoning Accuracy: 0.0613
INFO flwr 2025-11-04 00:41:23,841 | server.py:119 | fit progress: (86, 188.26383471488953, {'accuracy': 0.4493}, 6028.094013864989)
[2025-11-04 00:41:23,841][flwr][INFO] - fit progress: (86, 188.26383471488953, {'accuracy': 0.4493}, 6028.094013864989)
DEBUG flwr 2025-11-04 00:41:23,841 | server.py:168 | evaluate_round 86: strategy sampled 15 clients (out of 50)
Configure Evaluate
[2025-11-04 00:41:23,841][flwr][DEBUG] - evaluate_round 86: strategy sampled 15 clients (out of 50)
DEBUG flwr 2025-11-04 00:41:32,713 | server.py:182 | evaluate_round 86 received 15 results and 0 failures
[2025-11-04 00:41:32,713][flwr][DEBUG] - evaluate_round 86 received 15 results and 0 failures
Aggregate evaluate
benign record is ['10', '4', '19', '7', '20', '24', '9', '25', '26', '2', '3', '27', '22', '29', '14', '16', '23', '21', '18', '6', '0', '13', '15', '8', '1', '11']
valid results is [(7, 0.10054234529525274), (4, 0.00021096342607052065), (7, 0.8952158154424978), (5, 0.00029498057847376913), (1, 2.6708055884228088e-05), (1, 1.558641088195145e-05), (2, 5.344015880837105e-05), (3, 0.00011854875629069284), (4, 0.00019656635049614124), (1, 4.0017075662035495e-05)]
[2025-11-04 00:41:32,713][root][INFO] - Federated Accuracy: 0.8976428571428571
DEBUG flwr 2025-11-04 00:41:32,782 | server.py:218 | fit_round 87: strategy sampled 15 clients (out of 50)
Configure Fit
server round: 87
[2025-11-04 00:41:32,782][flwr][DEBUG] - fit_round 87: strategy sampled 15 clients (out of 50)
DEBUG flwr 2025-11-04 00:42:09,145 | server.py:232 | fit_round 87 received 15 results and 0 failures
[2025-11-04 00:42:09,145][flwr][DEBUG] - fit_round 87 received 15 results and 0 failures
malicious is ['0', '0', '0', '0', '0', '0', '0', '0']
[2025-11-04 00:42:28,955][root][INFO] - Number of Evil Clients: 7
[2025-11-04 00:42:28,955][root][INFO] - Number of Preset Malicious Clients is 0
[2025-11-04 00:42:28,955][root][INFO] - Number of Preset Benign Clients is 8
[2025-11-04 00:42:28,956][root][INFO] - Average poisoning accuracy: 0.6454142857142857
KMeans
intra_cluster distance is 1.3949803908664635
Now, comb_C is [0 0 0 0 0 0 0 0]
[2025-11-04 00:42:28,966][root][INFO] - Clustering Accuracy is 1.0
length of good results is 8 and length of bad results is 0
acc_diff is 0
[2025-11-04 00:42:28,972][root][INFO] - Lambda is -13
Evaluate
[2025-11-04 00:42:32,648][root][INFO] - Global Poisoning Accuracy: 0.06
INFO flwr 2025-11-04 00:42:32,716 | server.py:119 | fit progress: (87, 191.1256685256958, {'accuracy': 0.4482}, 6096.968628261995)
[2025-11-04 00:42:32,716][flwr][INFO] - fit progress: (87, 191.1256685256958, {'accuracy': 0.4482}, 6096.968628261995)
DEBUG flwr 2025-11-04 00:42:32,716 | server.py:168 | evaluate_round 87: strategy sampled 15 clients (out of 50)
Configure Evaluate
[2025-11-04 00:42:32,716][flwr][DEBUG] - evaluate_round 87: strategy sampled 15 clients (out of 50)
DEBUG flwr 2025-11-04 00:42:41,973 | server.py:182 | evaluate_round 87 received 15 results and 0 failures
[2025-11-04 00:42:41,973][flwr][DEBUG] - evaluate_round 87 received 15 results and 0 failures
Aggregate evaluate
benign record is ['10', '19', '4', '7', '20', '24', '9', '25', '26', '2', '3', '27', '22', '29', '14', '16', '23', '21', '18', '6', '0', '13', '15', '8', '1', '11']
valid results is [(1, 3.062410905840807e-05), (6, 1.3929443045926746), (2, 5.562766637012828e-05), (6, 1.089492133785825), (5, 0.0001532751502963947), (5, 0.0002466723854013253)]
[2025-11-04 00:42:41,973][root][INFO] - Federated Accuracy: 0.8833679999999999
DEBUG flwr 2025-11-04 00:42:42,043 | server.py:218 | fit_round 88: strategy sampled 15 clients (out of 50)
Configure Fit
server round: 88
[2025-11-04 00:42:42,043][flwr][DEBUG] - fit_round 88: strategy sampled 15 clients (out of 50)
DEBUG flwr 2025-11-04 00:43:18,176 | server.py:232 | fit_round 88 received 15 results and 0 failures
[2025-11-04 00:43:18,176][flwr][DEBUG] - fit_round 88 received 15 results and 0 failures
malicious is ['0', '0', '0', '0', '0']
[2025-11-04 00:43:46,729][root][INFO] - Number of Evil Clients: 10
[2025-11-04 00:43:46,729][root][INFO] - Number of Preset Malicious Clients is 0
[2025-11-04 00:43:46,729][root][INFO] - Number of Preset Benign Clients is 5
[2025-11-04 00:43:46,729][root][INFO] - Average poisoning accuracy: 0.7961400000000001
KMeans
intra_cluster distance is 2.7235178790328627
Now, comb_C is [0 0 0 0 0]
[2025-11-04 00:43:46,740][root][INFO] - Clustering Accuracy is 1.0
length of good results is 5 and length of bad results is 0
acc_diff is 0
[2025-11-04 00:43:46,746][root][INFO] - Lambda is -13
Evaluate
[2025-11-04 00:43:50,386][root][INFO] - Global Poisoning Accuracy: 0.0606
INFO flwr 2025-11-04 00:43:50,571 | server.py:119 | fit progress: (88, 190.32658064365387, {'accuracy': 0.4468}, 6174.824333762983)
[2025-11-04 00:43:50,571][flwr][INFO] - fit progress: (88, 190.32658064365387, {'accuracy': 0.4468}, 6174.824333762983)
DEBUG flwr 2025-11-04 00:43:50,572 | server.py:168 | evaluate_round 88: strategy sampled 15 clients (out of 50)
Configure Evaluate
[2025-11-04 00:43:50,572][flwr][DEBUG] - evaluate_round 88: strategy sampled 15 clients (out of 50)
DEBUG flwr 2025-11-04 00:43:59,601 | server.py:182 | evaluate_round 88 received 15 results and 0 failures
[2025-11-04 00:43:59,601][flwr][DEBUG] - evaluate_round 88 received 15 results and 0 failures
Aggregate evaluate
benign record is ['10', '4', '19', '7', '20', '24', '9', '25', '26', '2', '3', '27', '22', '29', '14', '16', '23', '21', '18', '6', '0', '13', '15', '8', '1', '11']
valid results is [(3, 0.0001945372023328673), (5, 0.0002071778435492888), (1, 3.0355577109730802e-05), (8, 3.5716740116477013), (5, 6.411556005477905), (5, 0.00044611917473957874)]
[2025-11-04 00:43:59,602][root][INFO] - Federated Accuracy: 0.827362962962963
DEBUG flwr 2025-11-04 00:43:59,674 | server.py:218 | fit_round 89: strategy sampled 15 clients (out of 50)
Configure Fit
server round: 89
[2025-11-04 00:43:59,674][flwr][DEBUG] - fit_round 89: strategy sampled 15 clients (out of 50)
DEBUG flwr 2025-11-04 00:44:34,069 | server.py:232 | fit_round 89 received 15 results and 0 failures
[2025-11-04 00:44:34,069][flwr][DEBUG] - fit_round 89 received 15 results and 0 failures
malicious is ['0', '0', '0', '0', '0', '0', '0']
[2025-11-04 00:44:56,182][root][INFO] - Number of Evil Clients: 8
[2025-11-04 00:44:56,182][root][INFO] - Number of Preset Malicious Clients is 0
[2025-11-04 00:44:56,182][root][INFO] - Number of Preset Benign Clients is 7
[2025-11-04 00:44:56,182][root][INFO] - Average poisoning accuracy: 0.7519375
KMeans
intra_cluster distance is 4.474090170685004
Now, comb_C is [0 0 0 0 0 0 0]
[2025-11-04 00:44:56,193][root][INFO] - Clustering Accuracy is 1.0
length of good results is 7 and length of bad results is 0
acc_diff is 0
[2025-11-04 00:44:56,201][root][INFO] - Lambda is -13
Evaluate
[2025-11-04 00:44:59,699][root][INFO] - Global Poisoning Accuracy: 0.0602
INFO flwr 2025-11-04 00:44:59,766 | server.py:119 | fit progress: (89, 189.72063076496124, {'accuracy': 0.4488}, 6244.019329191011)
[2025-11-04 00:44:59,766][flwr][INFO] - fit progress: (89, 189.72063076496124, {'accuracy': 0.4488}, 6244.019329191011)
DEBUG flwr 2025-11-04 00:44:59,767 | server.py:168 | evaluate_round 89: strategy sampled 15 clients (out of 50)
Configure Evaluate
[2025-11-04 00:44:59,767][flwr][DEBUG] - evaluate_round 89: strategy sampled 15 clients (out of 50)
DEBUG flwr 2025-11-04 00:45:09,001 | server.py:182 | evaluate_round 89 received 15 results and 0 failures
[2025-11-04 00:45:09,001][flwr][DEBUG] - evaluate_round 89 received 15 results and 0 failures
Aggregate evaluate
benign record is ['10', '19', '4', '7', '20', '24', '9', '25', '26', '2', '3', '27', '22', '29', '14', '16', '23', '21', '18', '6', '0', '13', '15', '8', '1', '11']
valid results is [(4, 0.5451822015384096), (2, 7.427675882354379e-05), (5, 0.022896809488884173), (5, 0.000328181435179431), (4, 0.0003739116291399114), (5, 0.0017279287276323885), (5, 0.0003353958381921984), (8, 3.344308147963602), (3, 0.2406418325881532), (1, 4.2800616938620806e-05)]
[2025-11-04 00:45:09,001][root][INFO] - Federated Accuracy: 0.8527738095238094
DEBUG flwr 2025-11-04 00:45:09,071 | server.py:218 | fit_round 90: strategy sampled 15 clients (out of 50)
Configure Fit
server round: 90
[2025-11-04 00:45:09,071][flwr][DEBUG] - fit_round 90: strategy sampled 15 clients (out of 50)
DEBUG flwr 2025-11-04 00:45:46,278 | server.py:232 | fit_round 90 received 15 results and 0 failures
[2025-11-04 00:45:46,278][flwr][DEBUG] - fit_round 90 received 15 results and 0 failures
malicious is ['0', '0', '0', '0', '0', '0', '0']
[2025-11-04 00:46:07,801][root][INFO] - Number of Evil Clients: 8
[2025-11-04 00:46:07,802][root][INFO] - Number of Preset Malicious Clients is 0
[2025-11-04 00:46:07,802][root][INFO] - Number of Preset Benign Clients is 7
[2025-11-04 00:46:07,802][root][INFO] - Average poisoning accuracy: 0.7952375
KMeans
intra_cluster distance is 3.376175001123453
Now, comb_C is [0 0 0 0 0 0 0]
[2025-11-04 00:46:07,813][root][INFO] - Clustering Accuracy is 1.0
length of good results is 7 and length of bad results is 0
acc_diff is 0
[2025-11-04 00:46:07,818][root][INFO] - Lambda is -13
Evaluate
[2025-11-04 00:46:11,446][root][INFO] - Global Poisoning Accuracy: 0.0626
INFO flwr 2025-11-04 00:46:11,630 | server.py:119 | fit progress: (90, 189.79386615753174, {'accuracy': 0.4502}, 6315.883081445005)
[2025-11-04 00:46:11,630][flwr][INFO] - fit progress: (90, 189.79386615753174, {'accuracy': 0.4502}, 6315.883081445005)
DEBUG flwr 2025-11-04 00:46:11,630 | server.py:168 | evaluate_round 90: strategy sampled 15 clients (out of 50)
Configure Evaluate
[2025-11-04 00:46:11,630][flwr][DEBUG] - evaluate_round 90: strategy sampled 15 clients (out of 50)
DEBUG flwr 2025-11-04 00:46:20,623 | server.py:182 | evaluate_round 90 received 15 results and 0 failures
[2025-11-04 00:46:20,623][flwr][DEBUG] - evaluate_round 90 received 15 results and 0 failures
Aggregate evaluate
benign record is ['10', '4', '19', '7', '20', '24', '9', '25', '26', '2', '3', '27', '22', '29', '14', '16', '23', '21', '18', '6', '0', '13', '15', '8', '1', '11']
valid results is [(5, 0.00027688014597515576), (6, 0.751637930621655), (6, 1.3377954680036055), (5, 0.0015396108065033332), (5, 0.02652041420515161), (7, 0.1459556272457121), (5, 0.0003512905786919873)]
[2025-11-04 00:46:20,624][root][INFO] - Federated Accuracy: 0.9191820512820513
DEBUG flwr 2025-11-04 00:46:20,693 | server.py:218 | fit_round 91: strategy sampled 15 clients (out of 50)
Configure Fit
server round: 91
[2025-11-04 00:46:20,693][flwr][DEBUG] - fit_round 91: strategy sampled 15 clients (out of 50)
DEBUG flwr 2025-11-04 00:47:02,704 | server.py:232 | fit_round 91 received 15 results and 0 failures
[2025-11-04 00:47:02,704][flwr][DEBUG] - fit_round 91 received 15 results and 0 failures
malicious is ['0', '0', '0', '0', '0', '0']
[2025-11-04 00:47:27,881][root][INFO] - Number of Evil Clients: 9
[2025-11-04 00:47:27,882][root][INFO] - Number of Preset Malicious Clients is 0
[2025-11-04 00:47:27,882][root][INFO] - Number of Preset Benign Clients is 6
[2025-11-04 00:47:27,882][root][INFO] - Average poisoning accuracy: 0.8794333333333334
KMeans
intra_cluster distance is 2.8127394909540566
Now, comb_C is [0 0 0 0 0 0]
[2025-11-04 00:47:27,892][root][INFO] - Clustering Accuracy is 1.0
length of good results is 6 and length of bad results is 0
acc_diff is 0
[2025-11-04 00:47:27,898][root][INFO] - Lambda is -13
Evaluate
[2025-11-04 00:47:31,407][root][INFO] - Global Poisoning Accuracy: 0.0601
INFO flwr 2025-11-04 00:47:31,475 | server.py:119 | fit progress: (91, 188.47971713542938, {'accuracy': 0.4503}, 6395.727803139016)
[2025-11-04 00:47:31,475][flwr][INFO] - fit progress: (91, 188.47971713542938, {'accuracy': 0.4503}, 6395.727803139016)
DEBUG flwr 2025-11-04 00:47:31,475 | server.py:168 | evaluate_round 91: strategy sampled 15 clients (out of 50)
Configure Evaluate
[2025-11-04 00:47:31,475][flwr][DEBUG] - evaluate_round 91: strategy sampled 15 clients (out of 50)
DEBUG flwr 2025-11-04 00:47:40,774 | server.py:182 | evaluate_round 91 received 15 results and 0 failures
[2025-11-04 00:47:40,774][flwr][DEBUG] - evaluate_round 91 received 15 results and 0 failures
Aggregate evaluate
benign record is ['10', '19', '4', '7', '20', '24', '9', '25', '26', '2', '3', '27', '22', '29', '14', '16', '23', '21', '18', '6', '0', '13', '15', '8', '1', '11']
valid results is [(7, 0.14990306384424912), (1, 3.234638279536739e-05), (6, 0.10131625388021348), (5, 0.00024617712551844306), (5, 0.0005470227333717048), (5, 0.019820408684608992), (7, 0.6461220869205135), (5, 0.0003539584868121892), (4, 0.5397103985742433)]
[2025-11-04 00:47:40,775][root][INFO] - Federated Accuracy: 0.9151288888888889
DEBUG flwr 2025-11-04 00:47:40,859 | server.py:218 | fit_round 92: strategy sampled 15 clients (out of 50)
Configure Fit
server round: 92
[2025-11-04 00:47:40,859][flwr][DEBUG] - fit_round 92: strategy sampled 15 clients (out of 50)
DEBUG flwr 2025-11-04 00:48:22,213 | server.py:232 | fit_round 92 received 15 results and 0 failures
[2025-11-04 00:48:22,213][flwr][DEBUG] - fit_round 92 received 15 results and 0 failures
malicious is ['0', '0', '0', '0', '0', '0']
[2025-11-04 00:48:46,606][root][INFO] - Number of Evil Clients: 9
[2025-11-04 00:48:46,606][root][INFO] - Number of Preset Malicious Clients is 0
[2025-11-04 00:48:46,606][root][INFO] - Number of Preset Benign Clients is 6
[2025-11-04 00:48:46,606][root][INFO] - Average poisoning accuracy: 0.652111111111111
KMeans
intra_cluster distance is 2.0823262989638938
Now, comb_C is [0 0 0 0 0 0]
[2025-11-04 00:48:46,618][root][INFO] - Clustering Accuracy is 1.0
length of good results is 6 and length of bad results is 0
acc_diff is 0
[2025-11-04 00:48:46,626][root][INFO] - Lambda is -13
Evaluate
[2025-11-04 00:48:50,155][root][INFO] - Global Poisoning Accuracy: 0.0577
INFO flwr 2025-11-04 00:48:50,350 | server.py:119 | fit progress: (92, 189.97326588630676, {'accuracy': 0.4488}, 6474.603280176991)
[2025-11-04 00:48:50,350][flwr][INFO] - fit progress: (92, 189.97326588630676, {'accuracy': 0.4488}, 6474.603280176991)
DEBUG flwr 2025-11-04 00:48:50,351 | server.py:168 | evaluate_round 92: strategy sampled 15 clients (out of 50)
Configure Evaluate
[2025-11-04 00:48:50,351][flwr][DEBUG] - evaluate_round 92: strategy sampled 15 clients (out of 50)
DEBUG flwr 2025-11-04 00:48:59,770 | server.py:182 | evaluate_round 92 received 15 results and 0 failures
[2025-11-04 00:48:59,770][flwr][DEBUG] - evaluate_round 92 received 15 results and 0 failures
Aggregate evaluate
benign record is ['10', '4', '19', '7', '20', '24', '9', '25', '26', '2', '3', '27', '22', '29', '14', '16', '23', '21', '18', '6', '0', '13', '15', '8', '1', '11']
valid results is [(5, 0.00047499181528110057), (5, 0.000374687573639676), (4, 0.587696616872563), (6, 0.09010285638214555), (7, 0.7278306044754572), (1, 3.726341310539283e-05), (7, 0.09060409062658437)]
[2025-11-04 00:48:59,770][root][INFO] - Federated Accuracy: 0.8871885714285714
DEBUG flwr 2025-11-04 00:48:59,839 | server.py:218 | fit_round 93: strategy sampled 15 clients (out of 50)
Configure Fit
server round: 93
[2025-11-04 00:48:59,839][flwr][DEBUG] - fit_round 93: strategy sampled 15 clients (out of 50)
DEBUG flwr 2025-11-04 00:49:40,368 | server.py:232 | fit_round 93 received 15 results and 0 failures
[2025-11-04 00:49:40,368][flwr][DEBUG] - fit_round 93 received 15 results and 0 failures
malicious is ['0', '0', '0', '0', '0', '0']
[2025-11-04 00:50:03,359][root][INFO] - Number of Evil Clients: 9
[2025-11-04 00:50:03,359][root][INFO] - Number of Preset Malicious Clients is 0
[2025-11-04 00:50:03,359][root][INFO] - Number of Preset Benign Clients is 6
[2025-11-04 00:50:03,359][root][INFO] - Average poisoning accuracy: 0.8756777777777777
KMeans
intra_cluster distance is 3.573687001739323
Now, comb_C is [0 0 0 0 0 0]
[2025-11-04 00:50:03,370][root][INFO] - Clustering Accuracy is 1.0
length of good results is 6 and length of bad results is 0
acc_diff is 0
[2025-11-04 00:50:03,376][root][INFO] - Lambda is -13
Evaluate
[2025-11-04 00:50:05,155][root][INFO] - Global Poisoning Accuracy: 0.0576
INFO flwr 2025-11-04 00:50:05,223 | server.py:119 | fit progress: (93, 190.39064848423004, {'accuracy': 0.4443}, 6549.4760295430315)
[2025-11-04 00:50:05,223][flwr][INFO] - fit progress: (93, 190.39064848423004, {'accuracy': 0.4443}, 6549.4760295430315)
DEBUG flwr 2025-11-04 00:50:05,223 | server.py:168 | evaluate_round 93: strategy sampled 15 clients (out of 50)
Configure Evaluate
[2025-11-04 00:50:05,223][flwr][DEBUG] - evaluate_round 93: strategy sampled 15 clients (out of 50)
DEBUG flwr 2025-11-04 00:50:14,470 | server.py:182 | evaluate_round 93 received 15 results and 0 failures
[2025-11-04 00:50:14,470][flwr][DEBUG] - evaluate_round 93 received 15 results and 0 failures
Aggregate evaluate
benign record is ['10', '19', '4', '7', '20', '24', '9', '25', '26', '2', '3', '27', '22', '29', '14', '16', '23', '21', '18', '6', '0', '13', '15', '8', '1', '11']
valid results is [(4, 0.5907931552501395), (8, 3.6080830135324504), (1, 4.0356171666644514e-05), (5, 0.00082320038927719), (6, 0.12954851221729768), (6, 0.11373492230995907)]
[2025-11-04 00:50:14,470][root][INFO] - Federated Accuracy: 0.8363566666666666
DEBUG flwr 2025-11-04 00:50:14,539 | server.py:218 | fit_round 94: strategy sampled 15 clients (out of 50)
Configure Fit
server round: 94
[2025-11-04 00:50:14,539][flwr][DEBUG] - fit_round 94: strategy sampled 15 clients (out of 50)
DEBUG flwr 2025-11-04 00:50:53,161 | server.py:232 | fit_round 94 received 15 results and 0 failures
[2025-11-04 00:50:53,161][flwr][DEBUG] - fit_round 94 received 15 results and 0 failures
malicious is ['0', '0', '0', '0', '0', '0', '0']
[2025-11-04 00:51:14,619][root][INFO] - Number of Evil Clients: 8
[2025-11-04 00:51:14,620][root][INFO] - Number of Preset Malicious Clients is 0
[2025-11-04 00:51:14,620][root][INFO] - Number of Preset Benign Clients is 7
[2025-11-04 00:51:14,620][root][INFO] - Average poisoning accuracy: 0.86715
KMeans
intra_cluster distance is 1.7774289599632576
Now, comb_C is [0 0 0 0 0 0 0]
[2025-11-04 00:51:14,631][root][INFO] - Clustering Accuracy is 1.0
length of good results is 7 and length of bad results is 0
acc_diff is 0
[2025-11-04 00:51:14,637][root][INFO] - Lambda is -13
Evaluate
[2025-11-04 00:51:16,399][root][INFO] - Global Poisoning Accuracy: 0.0587
INFO flwr 2025-11-04 00:51:16,587 | server.py:119 | fit progress: (94, 192.52052199840546, {'accuracy': 0.4475}, 6620.839459337003)
[2025-11-04 00:51:16,587][flwr][INFO] - fit progress: (94, 192.52052199840546, {'accuracy': 0.4475}, 6620.839459337003)
DEBUG flwr 2025-11-04 00:51:16,587 | server.py:168 | evaluate_round 94: strategy sampled 15 clients (out of 50)
Configure Evaluate
[2025-11-04 00:51:16,587][flwr][DEBUG] - evaluate_round 94: strategy sampled 15 clients (out of 50)
DEBUG flwr 2025-11-04 00:51:25,682 | server.py:182 | evaluate_round 94 received 15 results and 0 failures
[2025-11-04 00:51:25,682][flwr][DEBUG] - evaluate_round 94 received 15 results and 0 failures
Aggregate evaluate
benign record is ['10', '4', '19', '7', '20', '24', '9', '25', '26', '2', '3', '27', '22', '29', '14', '16', '23', '21', '18', '6', '0', '13', '15', '8', '1', '11']
valid results is [(4, 0.5081905991537496), (7, 0.10724748770007864), (5, 0.00021018035477027297), (1, 2.1475210814969614e-05), (3, 0.00020068321100552566), (4, 0.00027369740928406827), (6, 0.10612447652965784), (5, 0.02861185939400457)]
[2025-11-04 00:51:25,682][root][INFO] - Federated Accuracy: 0.9173771428571428
DEBUG flwr 2025-11-04 00:51:25,758 | server.py:218 | fit_round 95: strategy sampled 15 clients (out of 50)
Configure Fit
server round: 95
[2025-11-04 00:51:25,758][flwr][DEBUG] - fit_round 95: strategy sampled 15 clients (out of 50)
DEBUG flwr 2025-11-04 00:52:03,453 | server.py:232 | fit_round 95 received 15 results and 0 failures
[2025-11-04 00:52:03,453][flwr][DEBUG] - fit_round 95 received 15 results and 0 failures
malicious is ['0', '0', '0', '0', '0', '0', '0', '0', '0', '0']
[2025-11-04 00:52:17,581][root][INFO] - Number of Evil Clients: 5
[2025-11-04 00:52:17,581][root][INFO] - Number of Preset Malicious Clients is 0
[2025-11-04 00:52:17,581][root][INFO] - Number of Preset Benign Clients is 10
[2025-11-04 00:52:17,581][root][INFO] - Average poisoning accuracy: 0.98194
KMeans
intra_cluster distance is 4.552337995881707
Now, comb_C is [0 0 0 0 0 0 0 0 0 0]
[2025-11-04 00:52:17,592][root][INFO] - Clustering Accuracy is 1.0
length of good results is 10 and length of bad results is 0
acc_diff is 0
[2025-11-04 00:52:17,597][root][INFO] - Lambda is -13
Evaluate
[2025-11-04 00:52:21,257][root][INFO] - Global Poisoning Accuracy: 0.0628
INFO flwr 2025-11-04 00:52:21,325 | server.py:119 | fit progress: (95, 190.65912353992462, {'accuracy': 0.4481}, 6685.578170705005)
[2025-11-04 00:52:21,325][flwr][INFO] - fit progress: (95, 190.65912353992462, {'accuracy': 0.4481}, 6685.578170705005)
DEBUG flwr 2025-11-04 00:52:21,325 | server.py:168 | evaluate_round 95: strategy sampled 15 clients (out of 50)
Configure Evaluate
[2025-11-04 00:52:21,325][flwr][DEBUG] - evaluate_round 95: strategy sampled 15 clients (out of 50)
DEBUG flwr 2025-11-04 00:52:30,521 | server.py:182 | evaluate_round 95 received 15 results and 0 failures
[2025-11-04 00:52:30,521][flwr][DEBUG] - evaluate_round 95 received 15 results and 0 failures
Aggregate evaluate
benign record is ['10', '19', '4', '7', '20', '24', '9', '25', '26', '2', '3', '27', '22', '29', '14', '16', '23', '21', '18', '6', '0', '13', '15', '8', '1', '11']
valid results is [(5, 0.0002166582562495023), (6, 1.0914724009053316), (5, 0.00029706532222917303), (1, 2.328119080630131e-05)]
[2025-11-04 00:52:30,521][root][INFO] - Federated Accuracy: 0.8864764705882352
DEBUG flwr 2025-11-04 00:52:30,592 | server.py:218 | fit_round 96: strategy sampled 15 clients (out of 50)
Configure Fit
server round: 96
[2025-11-04 00:52:30,592][flwr][DEBUG] - fit_round 96: strategy sampled 15 clients (out of 50)
DEBUG flwr 2025-11-04 00:53:05,432 | server.py:232 | fit_round 96 received 15 results and 0 failures
[2025-11-04 00:53:05,432][flwr][DEBUG] - fit_round 96 received 15 results and 0 failures
malicious is ['0', '0', '0', '0', '0', '0', '0', '0']
[2025-11-04 00:53:25,156][root][INFO] - Number of Evil Clients: 7
[2025-11-04 00:53:25,156][root][INFO] - Number of Preset Malicious Clients is 0
[2025-11-04 00:53:25,156][root][INFO] - Number of Preset Benign Clients is 8
[2025-11-04 00:53:25,156][root][INFO] - Average poisoning accuracy: 0.8475999999999999
KMeans
intra_cluster distance is 2.660822440618914
Now, comb_C is [0 0 0 0 0 0 0 0]
[2025-11-04 00:53:25,168][root][INFO] - Clustering Accuracy is 1.0
length of good results is 8 and length of bad results is 0
acc_diff is 0
[2025-11-04 00:53:25,174][root][INFO] - Lambda is -13
Evaluate
[2025-11-04 00:53:28,793][root][INFO] - Global Poisoning Accuracy: 0.06
INFO flwr 2025-11-04 00:53:28,976 | server.py:119 | fit progress: (96, 187.47363328933716, {'accuracy': 0.4515}, 6753.229277027014)
[2025-11-04 00:53:28,976][flwr][INFO] - fit progress: (96, 187.47363328933716, {'accuracy': 0.4515}, 6753.229277027014)
DEBUG flwr 2025-11-04 00:53:28,977 | server.py:168 | evaluate_round 96: strategy sampled 15 clients (out of 50)
Configure Evaluate
[2025-11-04 00:53:28,977][flwr][DEBUG] - evaluate_round 96: strategy sampled 15 clients (out of 50)
DEBUG flwr 2025-11-04 00:53:38,078 | server.py:182 | evaluate_round 96 received 15 results and 0 failures
[2025-11-04 00:53:38,078][flwr][DEBUG] - evaluate_round 96 received 15 results and 0 failures
Aggregate evaluate
benign record is ['10', '4', '19', '7', '20', '24', '9', '25', '26', '2', '3', '27', '22', '29', '14', '16', '23', '21', '18', '6', '0', '13', '15', '8', '1', '11']
valid results is [(4, 0.00022033363347873092), (6, 0.13950820815807674), (5, 0.02991995135380421), (3, 0.0001376143736706581), (7, 0.833860653838201), (4, 0.46533506611012854), (5, 6.672333896160126), (5, 0.00027547660283744335), (2, 6.293450678640511e-05), (3, 0.1994742102760938)]
[2025-11-04 00:53:38,078][root][INFO] - Federated Accuracy: 0.8541840909090909
DEBUG flwr 2025-11-04 00:53:38,146 | server.py:218 | fit_round 97: strategy sampled 15 clients (out of 50)
Configure Fit
server round: 97
[2025-11-04 00:53:38,146][flwr][DEBUG] - fit_round 97: strategy sampled 15 clients (out of 50)
DEBUG flwr 2025-11-04 00:54:13,592 | server.py:232 | fit_round 97 received 15 results and 0 failures
[2025-11-04 00:54:13,592][flwr][DEBUG] - fit_round 97 received 15 results and 0 failures
malicious is ['0', '0', '0', '0', '0', '0', '0', '0']
[2025-11-04 00:54:32,500][root][INFO] - Number of Evil Clients: 7
[2025-11-04 00:54:32,500][root][INFO] - Number of Preset Malicious Clients is 0
[2025-11-04 00:54:32,500][root][INFO] - Number of Preset Benign Clients is 8
[2025-11-04 00:54:32,500][root][INFO] - Average poisoning accuracy: 0.9053857142857146
KMeans
intra_cluster distance is 2.3760838433393356
Now, comb_C is [0 0 0 0 0 0 0 0]
[2025-11-04 00:54:32,511][root][INFO] - Clustering Accuracy is 1.0
length of good results is 8 and length of bad results is 0
acc_diff is 0
[2025-11-04 00:54:32,517][root][INFO] - Lambda is -13
Evaluate
[2025-11-04 00:54:36,165][root][INFO] - Global Poisoning Accuracy: 0.0601
INFO flwr 2025-11-04 00:54:36,233 | server.py:119 | fit progress: (97, 189.87991511821747, {'accuracy': 0.452}, 6820.485899000021)
[2025-11-04 00:54:36,233][flwr][INFO] - fit progress: (97, 189.87991511821747, {'accuracy': 0.452}, 6820.485899000021)
DEBUG flwr 2025-11-04 00:54:36,233 | server.py:168 | evaluate_round 97: strategy sampled 15 clients (out of 50)
Configure Evaluate
[2025-11-04 00:54:36,233][flwr][DEBUG] - evaluate_round 97: strategy sampled 15 clients (out of 50)
DEBUG flwr 2025-11-04 00:54:45,317 | server.py:182 | evaluate_round 97 received 15 results and 0 failures
[2025-11-04 00:54:45,317][flwr][DEBUG] - evaluate_round 97 received 15 results and 0 failures
Aggregate evaluate
benign record is ['10', '19', '4', '7', '20', '24', '9', '25', '26', '2', '3', '27', '22', '29', '14', '16', '23', '21', '18', '6', '0', '13', '15', '8', '1', '11']
valid results is [(7, 0.14210790919241845), (2, 5.276639058138244e-05), (5, 0.0005421136193035636), (4, 0.6448242000624305), (6, 0.14183646524179494), (3, 0.23868017455606605)]
[2025-11-04 00:54:45,317][root][INFO] - Federated Accuracy: 0.8741962962962965
DEBUG flwr 2025-11-04 00:54:45,385 | server.py:218 | fit_round 98: strategy sampled 15 clients (out of 50)
Configure Fit
server round: 98
[2025-11-04 00:54:45,385][flwr][DEBUG] - fit_round 98: strategy sampled 15 clients (out of 50)
DEBUG flwr 2025-11-04 00:55:20,549 | server.py:232 | fit_round 98 received 15 results and 0 failures
[2025-11-04 00:55:20,549][flwr][DEBUG] - fit_round 98 received 15 results and 0 failures
malicious is ['0', '0', '0', '0', '0', '0', '0', '0']
[2025-11-04 00:55:40,281][root][INFO] - Number of Evil Clients: 7
[2025-11-04 00:55:40,282][root][INFO] - Number of Preset Malicious Clients is 0
[2025-11-04 00:55:40,282][root][INFO] - Number of Preset Benign Clients is 8
[2025-11-04 00:55:40,282][root][INFO] - Average poisoning accuracy: 0.5931
KMeans
intra_cluster distance is 1.987688824024157
Now, comb_C is [0 0 0 0 0 0 0 0]
[2025-11-04 00:55:40,293][root][INFO] - Clustering Accuracy is 1.0
length of good results is 8 and length of bad results is 0
acc_diff is 0
[2025-11-04 00:55:40,299][root][INFO] - Lambda is -13
Evaluate
[2025-11-04 00:55:43,944][root][INFO] - Global Poisoning Accuracy: 0.0562
INFO flwr 2025-11-04 00:55:44,127 | server.py:119 | fit progress: (98, 189.56696903705597, {'accuracy': 0.4475}, 6888.379706218024)
[2025-11-04 00:55:44,127][flwr][INFO] - fit progress: (98, 189.56696903705597, {'accuracy': 0.4475}, 6888.379706218024)
DEBUG flwr 2025-11-04 00:55:44,127 | server.py:168 | evaluate_round 98: strategy sampled 15 clients (out of 50)
Configure Evaluate
[2025-11-04 00:55:44,127][flwr][DEBUG] - evaluate_round 98: strategy sampled 15 clients (out of 50)
DEBUG flwr 2025-11-04 00:55:53,193 | server.py:182 | evaluate_round 98 received 15 results and 0 failures
[2025-11-04 00:55:53,193][flwr][DEBUG] - evaluate_round 98 received 15 results and 0 failures
Aggregate evaluate
benign record is ['10', '4', '19', '7', '20', '24', '9', '25', '26', '2', '3', '27', '22', '29', '14', '16', '23', '21', '18', '6', '0', '13', '15', '8', '1', '11']
valid results is [(1, 4.559525768854655e-05), (4, 0.0002495868466212414), (1, 5.616845010081306e-05), (3, 0.22440367631497793), (7, 0.09284507385018514), (3, 0.00014176818149280734), (5, 0.0002231677899544593), (5, 0.024761611042777076), (4, 0.0002471781990607269)]
[2025-11-04 00:55:53,193][root][INFO] - Federated Accuracy: 0.9097121212121212
DEBUG flwr 2025-11-04 00:55:53,265 | server.py:218 | fit_round 99: strategy sampled 15 clients (out of 50)
Configure Fit
server round: 99
[2025-11-04 00:55:53,265][flwr][DEBUG] - fit_round 99: strategy sampled 15 clients (out of 50)
DEBUG flwr 2025-11-04 00:56:34,534 | server.py:232 | fit_round 99 received 15 results and 0 failures
[2025-11-04 00:56:34,534][flwr][DEBUG] - fit_round 99 received 15 results and 0 failures
malicious is ['0', '0', '0', '0', '0', '0', '0', '0', '0', '0']
[2025-11-04 00:56:49,264][root][INFO] - Number of Evil Clients: 5
[2025-11-04 00:56:49,264][root][INFO] - Number of Preset Malicious Clients is 0
[2025-11-04 00:56:49,264][root][INFO] - Number of Preset Benign Clients is 10
[2025-11-04 00:56:49,264][root][INFO] - Average poisoning accuracy: 0.87464
KMeans
intra_cluster distance is 2.736374079081473
Now, comb_C is [0 0 0 0 0 0 0 0 0 0]
[2025-11-04 00:56:49,275][root][INFO] - Clustering Accuracy is 1.0
length of good results is 10 and length of bad results is 0
acc_diff is 0
[2025-11-04 00:56:49,282][root][INFO] - Lambda is -13
Evaluate
[2025-11-04 00:56:52,929][root][INFO] - Global Poisoning Accuracy: 0.0542
INFO flwr 2025-11-04 00:56:53,004 | server.py:119 | fit progress: (99, 189.1702115535736, {'accuracy': 0.4502}, 6957.256470489025)
[2025-11-04 00:56:53,004][flwr][INFO] - fit progress: (99, 189.1702115535736, {'accuracy': 0.4502}, 6957.256470489025)
DEBUG flwr 2025-11-04 00:56:53,004 | server.py:168 | evaluate_round 99: strategy sampled 15 clients (out of 50)
Configure Evaluate
[2025-11-04 00:56:53,004][flwr][DEBUG] - evaluate_round 99: strategy sampled 15 clients (out of 50)
DEBUG flwr 2025-11-04 00:57:02,175 | server.py:182 | evaluate_round 99 received 15 results and 0 failures
[2025-11-04 00:57:02,175][flwr][DEBUG] - evaluate_round 99 received 15 results and 0 failures
Aggregate evaluate
benign record is ['10', '19', '4', '7', '20', '24', '9', '25', '26', '2', '3', '27', '22', '29', '14', '16', '23', '21', '18', '6', '0', '13', '15', '8', '1', '11']
valid results is [(5, 0.04014209995875717), (4, 0.00025577423730283044), (3, 0.0001451061325496994), (3, 0.29136983799980953), (5, 0.001355496235191822), (7, 0.8791210236195184), (2, 7.005092265899293e-05), (6, 0.5986650189552165), (8, 3.5555672393820714)]
[2025-11-04 00:57:02,175][root][INFO] - Federated Accuracy: 0.8854581395348837
DEBUG flwr 2025-11-04 00:57:02,359 | server.py:218 | fit_round 100: strategy sampled 15 clients (out of 50)
Configure Fit
server round: 100
[2025-11-04 00:57:02,359][flwr][DEBUG] - fit_round 100: strategy sampled 15 clients (out of 50)
DEBUG flwr 2025-11-04 00:57:37,384 | server.py:232 | fit_round 100 received 15 results and 0 failures
[2025-11-04 00:57:37,384][flwr][DEBUG] - fit_round 100 received 15 results and 0 failures
malicious is ['0', '0', '0', '0', '0', '0', '0', '0', '0']
[2025-11-04 00:57:53,793][root][INFO] - Number of Evil Clients: 6
[2025-11-04 00:57:53,793][root][INFO] - Number of Preset Malicious Clients is 0
[2025-11-04 00:57:53,793][root][INFO] - Number of Preset Benign Clients is 9
[2025-11-04 00:57:53,793][root][INFO] - Average poisoning accuracy: 0.7300666666666666
KMeans
intra_cluster distance is 1.1275038822215437
Now, comb_C is [0 0 0 0 0 0 0 0 0]
[2025-11-04 00:57:53,857][root][INFO] - Clustering Accuracy is 1.0
length of good results is 9 and length of bad results is 0
acc_diff is 0
[2025-11-04 00:57:53,938][root][INFO] - Lambda is -13
Evaluate
[2025-11-04 00:57:57,581][root][INFO] - Global Poisoning Accuracy: 0.0578
INFO flwr 2025-11-04 00:57:57,649 | server.py:119 | fit progress: (100, 189.22933089733124, {'accuracy': 0.4464}, 7021.902063185)
[2025-11-04 00:57:57,649][flwr][INFO] - fit progress: (100, 189.22933089733124, {'accuracy': 0.4464}, 7021.902063185)
DEBUG flwr 2025-11-04 00:57:57,649 | server.py:168 | evaluate_round 100: strategy sampled 15 clients (out of 50)
Configure Evaluate
[2025-11-04 00:57:57,649][flwr][DEBUG] - evaluate_round 100: strategy sampled 15 clients (out of 50)
DEBUG flwr 2025-11-04 00:58:06,736 | server.py:182 | evaluate_round 100 received 15 results and 0 failures
[2025-11-04 00:58:06,736][flwr][DEBUG] - evaluate_round 100 received 15 results and 0 failures
Aggregate evaluate
benign record is ['10', '4', '19', '7', '20', '24', '9', '25', '26', '2', '3', '27', '22', '29', '14', '16', '23', '21', '18', '6', '0', '13', '15', '8', '1', '11']
valid results is [(4, 0.00019284523295937106), (1, 1.8214934243587777e-05), (5, 0.00038821392081445083), (7, 0.8417357369580714), (3, 0.00011562292638700455), (2, 5.698646964447107e-05), (4, 0.6035482717488776), (5, 6.768861413002014), (5, 0.0012287845675018616)]
[2025-11-04 00:58:06,736][root][INFO] - Federated Accuracy: 0.8347472222222222
INFO flwr 2025-11-04 00:58:08,872 | server.py:147 | FL finished in 7033.1244139149785
[2025-11-04 00:58:08,872][flwr][INFO] - FL finished in 7033.1244139149785
INFO flwr 2025-11-04 00:58:08,886 | app.py:218 | app_fit: losses_distributed [(1, 15.919689297676086), (2, 10.499532600243887), (3, 8.59255877909837), (4, 3.8865438482978125), (5, 5.750723609110204), (6, 2.4602170293033123), (7, 1.3532096604230228), (8, 1.6795698280653193), (9, 1.2071801893029328), (10, 2.0159551323081057), (11, 2.0933083734602076), (12, 1.5703755560061836), (13, 0.6008602781082681), (14, 0.45804101329693886), (15, 0.4105807436000493), (16, 1.334724145666696), (17, 1.5018059515992979), (18, 0.3484946829175377), (19, 1.519732966357272), (20, 0.3907348567122426), (21, 1.4249259254243225), (22, 0.3012130799877262), (23, 0.18496197616244017), (24, 1.3204549390519627), (25, 0.2933089021990738), (26, 0.06531484567511309), (27, 0.7943017629458641), (28, 0.41849789831197387), (29, 0.20967155842734667), (30, 0.35192743494142475), (31, 0.2477881448653837), (32, 0.45756835621673614), (33, 0.6892066464900843), (34, 0.40798258415209904), (35, 0.46926480086436), (36, 1.3989613780592967), (37, 1.010964193470025), (38, 0.9896770538445494), (39, 0.18250883151857375), (40, 1.7864258389915904), (41, 2.1424281145603827), (42, 1.2503568362624113), (43, 1.6809208089947871), (44, 0.1510211179486236), (45, 1.4615438906276603), (46, 0.22608067122491776), (47, 0.9602144093559369), (48, 0.1314913863735412), (49, 1.20927138364641), (50, 0.9766524831942186), (51, 0.4489022965878879), (52, 1.709155937912666), (53, 0.5344819889938071), (54, 0.0440553425009727), (55, 0.17243720481541636), (56, 0.7616346206018947), (57, 1.0814519540369345), (58, 0.11182713339768534), (59, 2.0678372579622515), (60, 0.2942821753278824), (61, 0.6434325762369414), (62, 1.3599795802154993), (63, 0.37243424294701394), (64, 1.060226529878741), (65, 0.9327607887125557), (66, 1.1285652310571574), (67, 0.7477301087470234), (68, 0.9543599006517199), (69, 0.3947803169055987), (70, 0.9820641427342484), (71, 1.282902165970073), (72, 2.085823281763906), (73, 0.2832610760417285), (74, 0.23306187101479736), (75, 0.4096854721782864), (76, 1.237918999565175), (77, 0.34436993531357984), (78, 0.954192224315294), (79, 0.39521129111125375), (80, 0.12740745985494237), (81, 0.4097869551726944), (82, 1.273848405809655), (83, 0.8310272368661241), (84, 1.5235532955159494), (85, 0.9164464155761085), (86, 0.1992559138654802), (87, 0.5958704098956514), (88, 2.2457426878832107), (89, 0.7091725729935119), (90, 0.35132642977315787), (91, 0.18763967454368766), (92, 0.2464209180530036), (93, 1.0897231231513917), (94, 0.10188771951195252), (95, 0.3853780179126582), (96, 0.9692705315531136), (97, 0.19051583631827035), (98, 0.04395650207560252), (99, 0.9133388652624617), (100, 1.1711107150205053)]
[2025-11-04 00:58:08,886][flwr][INFO] - app_fit: losses_distributed [(1, 15.919689297676086), (2, 10.499532600243887), (3, 8.59255877909837), (4, 3.8865438482978125), (5, 5.750723609110204), (6, 2.4602170293033123), (7, 1.3532096604230228), (8, 1.6795698280653193), (9, 1.2071801893029328), (10, 2.0159551323081057), (11, 2.0933083734602076), (12, 1.5703755560061836), (13, 0.6008602781082681), (14, 0.45804101329693886), (15, 0.4105807436000493), (16, 1.334724145666696), (17, 1.5018059515992979), (18, 0.3484946829175377), (19, 1.519732966357272), (20, 0.3907348567122426), (21, 1.4249259254243225), (22, 0.3012130799877262), (23, 0.18496197616244017), (24, 1.3204549390519627), (25, 0.2933089021990738), (26, 0.06531484567511309), (27, 0.7943017629458641), (28, 0.41849789831197387), (29, 0.20967155842734667), (30, 0.35192743494142475), (31, 0.2477881448653837), (32, 0.45756835621673614), (33, 0.6892066464900843), (34, 0.40798258415209904), (35, 0.46926480086436), (36, 1.3989613780592967), (37, 1.010964193470025), (38, 0.9896770538445494), (39, 0.18250883151857375), (40, 1.7864258389915904), (41, 2.1424281145603827), (42, 1.2503568362624113), (43, 1.6809208089947871), (44, 0.1510211179486236), (45, 1.4615438906276603), (46, 0.22608067122491776), (47, 0.9602144093559369), (48, 0.1314913863735412), (49, 1.20927138364641), (50, 0.9766524831942186), (51, 0.4489022965878879), (52, 1.709155937912666), (53, 0.5344819889938071), (54, 0.0440553425009727), (55, 0.17243720481541636), (56, 0.7616346206018947), (57, 1.0814519540369345), (58, 0.11182713339768534), (59, 2.0678372579622515), (60, 0.2942821753278824), (61, 0.6434325762369414), (62, 1.3599795802154993), (63, 0.37243424294701394), (64, 1.060226529878741), (65, 0.9327607887125557), (66, 1.1285652310571574), (67, 0.7477301087470234), (68, 0.9543599006517199), (69, 0.3947803169055987), (70, 0.9820641427342484), (71, 1.282902165970073), (72, 2.085823281763906), (73, 0.2832610760417285), (74, 0.23306187101479736), (75, 0.4096854721782864), (76, 1.237918999565175), (77, 0.34436993531357984), (78, 0.954192224315294), (79, 0.39521129111125375), (80, 0.12740745985494237), (81, 0.4097869551726944), (82, 1.273848405809655), (83, 0.8310272368661241), (84, 1.5235532955159494), (85, 0.9164464155761085), (86, 0.1992559138654802), (87, 0.5958704098956514), (88, 2.2457426878832107), (89, 0.7091725729935119), (90, 0.35132642977315787), (91, 0.18763967454368766), (92, 0.2464209180530036), (93, 1.0897231231513917), (94, 0.10188771951195252), (95, 0.3853780179126582), (96, 0.9692705315531136), (97, 0.19051583631827035), (98, 0.04395650207560252), (99, 0.9133388652624617), (100, 1.1711107150205053)]
INFO flwr 2025-11-04 00:58:08,887 | app.py:219 | app_fit: metrics_distributed_fit {}
[2025-11-04 00:58:08,887][flwr][INFO] - app_fit: metrics_distributed_fit {}
INFO flwr 2025-11-04 00:58:08,887 | app.py:220 | app_fit: metrics_distributed {'accuracy': [(1, 0.08875833333333334), (2, 0.21871666666666664), (3, 0.4546222222222222), (4, 0.5456181818181818), (5, 0.6690243902439024), (6, 0.7618199999999998), (7, 0.7989000000000002), (8, 0.8014555555555556), (9, 0.8097703703703704), (10, 0.8496966666666667), (11, 0.8085795454545455), (12, 0.8338583333333331), (13, 0.8526404761904761), (14, 0.8963142857142857), (15, 0.8793048780487804), (16, 0.8376439999999999), (17, 0.7971457142857142), (18, 0.9028542857142857), (19, 0.8579958333333333), (20, 0.8762437500000001), (21, 0.8407800000000001), (22, 0.9195757575757576), (23, 0.9135121212121212), (24, 0.8444264705882352), (25, 0.8667714285714286), (26, 0.9211272727272728), (27, 0.8563604651162792), (28, 0.9359375), (29, 0.8877195652173913), (30, 0.9033130434782608), (31, 0.85904), (32, 0.894654347826087), (33, 0.8940210526315788), (34, 0.8737708333333334), (35, 0.8809676470588235), (36, 0.8425066666666666), (37, 0.8811326086956521), (38, 0.8348794117647058), (39, 0.9072103448275862), (40, 0.840115), (41, 0.7959676470588235), (42, 0.8633177777777777), (43, 0.8682909090909091), (44, 0.8941636363636363), (45, 0.8768478260869564), (46, 0.8771366666666667), (47, 0.9181020833333334), (48, 0.9335), (49, 0.8390714285714286), (50, 0.8387782608695652), (51, 0.8802699999999999), (52, 0.8251228571428572), (53, 0.8431232558139535), (54, 0.8837578947368421), (55, 0.8865645161290322), (56, 0.881684090909091), (57, 0.8388285714285715), (58, 0.9028096774193548), (59, 0.8510645161290322), (60, 0.8715499999999999), (61, 0.8836692307692308), (62, 0.8681216216216218), (63, 0.9072645161290323), (64, 0.8611764705882353), (65, 0.8514419354838709), (66, 0.856221052631579), (67, 0.8925521739130435), (68, 0.8773857142857143), (69, 0.88227), (70, 0.8769350877192982), (71, 0.8461305555555555), (72, 0.840606896551724), (73, 0.8748361111111111), (74, 0.8906190476190478), (75, 0.9078853658536585), (76, 0.8392771428571428), (77, 0.8703875), (78, 0.8752694444444445), (79, 0.8931567567567569), (80, 0.8693347826086957), (81, 0.9008725), (82, 0.8494030303030303), (83, 0.8693909090909091), (84, 0.8562666666666666), (85, 0.8995972972972973), (86, 0.8976428571428571), (87, 0.8833679999999999), (88, 0.827362962962963), (89, 0.8527738095238094), (90, 0.9191820512820513), (91, 0.9151288888888889), (92, 0.8871885714285714), (93, 0.8363566666666666), (94, 0.9173771428571428), (95, 0.8864764705882352), (96, 0.8541840909090909), (97, 0.8741962962962965), (98, 0.9097121212121212), (99, 0.8854581395348837), (100, 0.8347472222222222)]}
[2025-11-04 00:58:08,887][flwr][INFO] - app_fit: metrics_distributed {'accuracy': [(1, 0.08875833333333334), (2, 0.21871666666666664), (3, 0.4546222222222222), (4, 0.5456181818181818), (5, 0.6690243902439024), (6, 0.7618199999999998), (7, 0.7989000000000002), (8, 0.8014555555555556), (9, 0.8097703703703704), (10, 0.8496966666666667), (11, 0.8085795454545455), (12, 0.8338583333333331), (13, 0.8526404761904761), (14, 0.8963142857142857), (15, 0.8793048780487804), (16, 0.8376439999999999), (17, 0.7971457142857142), (18, 0.9028542857142857), (19, 0.8579958333333333), (20, 0.8762437500000001), (21, 0.8407800000000001), (22, 0.9195757575757576), (23, 0.9135121212121212), (24, 0.8444264705882352), (25, 0.8667714285714286), (26, 0.9211272727272728), (27, 0.8563604651162792), (28, 0.9359375), (29, 0.8877195652173913), (30, 0.9033130434782608), (31, 0.85904), (32, 0.894654347826087), (33, 0.8940210526315788), (34, 0.8737708333333334), (35, 0.8809676470588235), (36, 0.8425066666666666), (37, 0.8811326086956521), (38, 0.8348794117647058), (39, 0.9072103448275862), (40, 0.840115), (41, 0.7959676470588235), (42, 0.8633177777777777), (43, 0.8682909090909091), (44, 0.8941636363636363), (45, 0.8768478260869564), (46, 0.8771366666666667), (47, 0.9181020833333334), (48, 0.9335), (49, 0.8390714285714286), (50, 0.8387782608695652), (51, 0.8802699999999999), (52, 0.8251228571428572), (53, 0.8431232558139535), (54, 0.8837578947368421), (55, 0.8865645161290322), (56, 0.881684090909091), (57, 0.8388285714285715), (58, 0.9028096774193548), (59, 0.8510645161290322), (60, 0.8715499999999999), (61, 0.8836692307692308), (62, 0.8681216216216218), (63, 0.9072645161290323), (64, 0.8611764705882353), (65, 0.8514419354838709), (66, 0.856221052631579), (67, 0.8925521739130435), (68, 0.8773857142857143), (69, 0.88227), (70, 0.8769350877192982), (71, 0.8461305555555555), (72, 0.840606896551724), (73, 0.8748361111111111), (74, 0.8906190476190478), (75, 0.9078853658536585), (76, 0.8392771428571428), (77, 0.8703875), (78, 0.8752694444444445), (79, 0.8931567567567569), (80, 0.8693347826086957), (81, 0.9008725), (82, 0.8494030303030303), (83, 0.8693909090909091), (84, 0.8562666666666666), (85, 0.8995972972972973), (86, 0.8976428571428571), (87, 0.8833679999999999), (88, 0.827362962962963), (89, 0.8527738095238094), (90, 0.9191820512820513), (91, 0.9151288888888889), (92, 0.8871885714285714), (93, 0.8363566666666666), (94, 0.9173771428571428), (95, 0.8864764705882352), (96, 0.8541840909090909), (97, 0.8741962962962965), (98, 0.9097121212121212), (99, 0.8854581395348837), (100, 0.8347472222222222)]}
INFO flwr 2025-11-04 00:58:08,887 | app.py:221 | app_fit: losses_centralized [(0, 182.4940700531006), (1, 213.64914441108704), (2, 192.10983896255493), (3, 167.9169043302536), (4, 161.00799012184143), (5, 178.42857825756073), (6, 170.21691632270813), (7, 168.06594944000244), (8, 175.77118062973022), (9, 174.44545185565948), (10, 170.15971744060516), (11, 179.87220084667206), (12, 177.48628342151642), (13, 178.1569174528122), (14, 178.61649656295776), (15, 185.0554358959198), (16, 185.08095741271973), (17, 185.22896766662598), (18, 186.4122874736786), (19, 183.53225076198578), (20, 187.59115421772003), (21, 186.2737284898758), (22, 190.45650339126587), (23, 188.01628482341766), (24, 188.6589493751526), (25, 187.81867504119873), (26, 185.08034241199493), (27, 185.4429248571396), (28, 188.91190207004547), (29, 189.9606193304062), (30, 189.96131193637848), (31, 187.1503200531006), (32, 189.09719049930573), (33, 187.66095972061157), (34, 189.08706271648407), (35, 189.2419956922531), (36, 188.14498245716095), (37, 186.61737954616547), (38, 189.74591898918152), (39, 189.95669317245483), (40, 190.54857504367828), (41, 191.54014563560486), (42, 193.1227741241455), (43, 188.74924325942993), (44, 190.41218030452728), (45, 191.99878358840942), (46, 190.46848785877228), (47, 190.76643097400665), (48, 197.93777418136597), (49, 191.59675431251526), (50, 189.15221190452576), (51, 189.61388182640076), (52, 189.78620862960815), (53, 188.0033893585205), (54, 187.4869600534439), (55, 191.25413250923157), (56, 191.06124699115753), (57, 192.63971745967865), (58, 192.26110970973969), (59, 190.0824476480484), (60, 189.8476366996765), (61, 189.66110455989838), (62, 192.28108143806458), (63, 192.40523600578308), (64, 191.05475640296936), (65, 194.14818060398102), (66, 194.97282135486603), (67, 193.06613528728485), (68, 191.28249096870422), (69, 193.3151067495346), (70, 192.0971019268036), (71, 187.83480441570282), (72, 188.46366846561432), (73, 189.97803604602814), (74, 190.82515466213226), (75, 188.81526482105255), (76, 190.21770906448364), (77, 188.74154043197632), (78, 191.72862792015076), (79, 189.88786733150482), (80, 190.61005198955536), (81, 192.21488344669342), (82, 191.97886669635773), (83, 191.4539511203766), (84, 191.07712733745575), (85, 191.82206070423126), (86, 188.26383471488953), (87, 191.1256685256958), (88, 190.32658064365387), (89, 189.72063076496124), (90, 189.79386615753174), (91, 188.47971713542938), (92, 189.97326588630676), (93, 190.39064848423004), (94, 192.52052199840546), (95, 190.65912353992462), (96, 187.47363328933716), (97, 189.87991511821747), (98, 189.56696903705597), (99, 189.1702115535736), (100, 189.22933089733124)]
[2025-11-04 00:58:08,887][flwr][INFO] - app_fit: losses_centralized [(0, 182.4940700531006), (1, 213.64914441108704), (2, 192.10983896255493), (3, 167.9169043302536), (4, 161.00799012184143), (5, 178.42857825756073), (6, 170.21691632270813), (7, 168.06594944000244), (8, 175.77118062973022), (9, 174.44545185565948), (10, 170.15971744060516), (11, 179.87220084667206), (12, 177.48628342151642), (13, 178.1569174528122), (14, 178.61649656295776), (15, 185.0554358959198), (16, 185.08095741271973), (17, 185.22896766662598), (18, 186.4122874736786), (19, 183.53225076198578), (20, 187.59115421772003), (21, 186.2737284898758), (22, 190.45650339126587), (23, 188.01628482341766), (24, 188.6589493751526), (25, 187.81867504119873), (26, 185.08034241199493), (27, 185.4429248571396), (28, 188.91190207004547), (29, 189.9606193304062), (30, 189.96131193637848), (31, 187.1503200531006), (32, 189.09719049930573), (33, 187.66095972061157), (34, 189.08706271648407), (35, 189.2419956922531), (36, 188.14498245716095), (37, 186.61737954616547), (38, 189.74591898918152), (39, 189.95669317245483), (40, 190.54857504367828), (41, 191.54014563560486), (42, 193.1227741241455), (43, 188.74924325942993), (44, 190.41218030452728), (45, 191.99878358840942), (46, 190.46848785877228), (47, 190.76643097400665), (48, 197.93777418136597), (49, 191.59675431251526), (50, 189.15221190452576), (51, 189.61388182640076), (52, 189.78620862960815), (53, 188.0033893585205), (54, 187.4869600534439), (55, 191.25413250923157), (56, 191.06124699115753), (57, 192.63971745967865), (58, 192.26110970973969), (59, 190.0824476480484), (60, 189.8476366996765), (61, 189.66110455989838), (62, 192.28108143806458), (63, 192.40523600578308), (64, 191.05475640296936), (65, 194.14818060398102), (66, 194.97282135486603), (67, 193.06613528728485), (68, 191.28249096870422), (69, 193.3151067495346), (70, 192.0971019268036), (71, 187.83480441570282), (72, 188.46366846561432), (73, 189.97803604602814), (74, 190.82515466213226), (75, 188.81526482105255), (76, 190.21770906448364), (77, 188.74154043197632), (78, 191.72862792015076), (79, 189.88786733150482), (80, 190.61005198955536), (81, 192.21488344669342), (82, 191.97886669635773), (83, 191.4539511203766), (84, 191.07712733745575), (85, 191.82206070423126), (86, 188.26383471488953), (87, 191.1256685256958), (88, 190.32658064365387), (89, 189.72063076496124), (90, 189.79386615753174), (91, 188.47971713542938), (92, 189.97326588630676), (93, 190.39064848423004), (94, 192.52052199840546), (95, 190.65912353992462), (96, 187.47363328933716), (97, 189.87991511821747), (98, 189.56696903705597), (99, 189.1702115535736), (100, 189.22933089733124)]
INFO flwr 2025-11-04 00:58:08,887 | app.py:222 | app_fit: metrics_centralized {'accuracy': [(0, 0.0982), (1, 0.1217), (2, 0.2154), (3, 0.3159), (4, 0.3687), (5, 0.3899), (6, 0.408), (7, 0.4344), (8, 0.4245), (9, 0.438), (10, 0.4349), (11, 0.4272), (12, 0.4291), (13, 0.4325), (14, 0.4374), (15, 0.4329), (16, 0.4298), (17, 0.4308), (18, 0.433), (19, 0.4362), (20, 0.4362), (21, 0.4368), (22, 0.4296), (23, 0.4351), (24, 0.4344), (25, 0.4377), (26, 0.4412), (27, 0.4415), (28, 0.44), (29, 0.4377), (30, 0.4326), (31, 0.4395), (32, 0.4375), (33, 0.4439), (34, 0.4416), (35, 0.44), (36, 0.4448), (37, 0.4469), (38, 0.4387), (39, 0.441), (40, 0.4422), (41, 0.444), (42, 0.4384), (43, 0.4489), (44, 0.4428), (45, 0.4402), (46, 0.4448), (47, 0.4455), (48, 0.4315), (49, 0.44), (50, 0.4448), (51, 0.4485), (52, 0.4472), (53, 0.4478), (54, 0.4494), (55, 0.4453), (56, 0.4448), (57, 0.447), (58, 0.4425), (59, 0.4494), (60, 0.4476), (61, 0.4484), (62, 0.4453), (63, 0.4415), (64, 0.4432), (65, 0.4447), (66, 0.4458), (67, 0.4451), (68, 0.4449), (69, 0.4374), (70, 0.4455), (71, 0.4462), (72, 0.4547), (73, 0.4462), (74, 0.4477), (75, 0.4487), (76, 0.4447), (77, 0.4491), (78, 0.4529), (79, 0.4492), (80, 0.4456), (81, 0.4423), (82, 0.449), (83, 0.4462), (84, 0.445), (85, 0.4459), (86, 0.4493), (87, 0.4482), (88, 0.4468), (89, 0.4488), (90, 0.4502), (91, 0.4503), (92, 0.4488), (93, 0.4443), (94, 0.4475), (95, 0.4481), (96, 0.4515), (97, 0.452), (98, 0.4475), (99, 0.4502), (100, 0.4464)]}
[2025-11-04 00:58:08,887][flwr][INFO] - app_fit: metrics_centralized {'accuracy': [(0, 0.0982), (1, 0.1217), (2, 0.2154), (3, 0.3159), (4, 0.3687), (5, 0.3899), (6, 0.408), (7, 0.4344), (8, 0.4245), (9, 0.438), (10, 0.4349), (11, 0.4272), (12, 0.4291), (13, 0.4325), (14, 0.4374), (15, 0.4329), (16, 0.4298), (17, 0.4308), (18, 0.433), (19, 0.4362), (20, 0.4362), (21, 0.4368), (22, 0.4296), (23, 0.4351), (24, 0.4344), (25, 0.4377), (26, 0.4412), (27, 0.4415), (28, 0.44), (29, 0.4377), (30, 0.4326), (31, 0.4395), (32, 0.4375), (33, 0.4439), (34, 0.4416), (35, 0.44), (36, 0.4448), (37, 0.4469), (38, 0.4387), (39, 0.441), (40, 0.4422), (41, 0.444), (42, 0.4384), (43, 0.4489), (44, 0.4428), (45, 0.4402), (46, 0.4448), (47, 0.4455), (48, 0.4315), (49, 0.44), (50, 0.4448), (51, 0.4485), (52, 0.4472), (53, 0.4478), (54, 0.4494), (55, 0.4453), (56, 0.4448), (57, 0.447), (58, 0.4425), (59, 0.4494), (60, 0.4476), (61, 0.4484), (62, 0.4453), (63, 0.4415), (64, 0.4432), (65, 0.4447), (66, 0.4458), (67, 0.4451), (68, 0.4449), (69, 0.4374), (70, 0.4455), (71, 0.4462), (72, 0.4547), (73, 0.4462), (74, 0.4477), (75, 0.4487), (76, 0.4447), (77, 0.4491), (78, 0.4529), (79, 0.4492), (80, 0.4456), (81, 0.4423), (82, 0.449), (83, 0.4462), (84, 0.445), (85, 0.4459), (86, 0.4493), (87, 0.4482), (88, 0.4468), (89, 0.4488), (90, 0.4502), (91, 0.4503), (92, 0.4488), (93, 0.4443), (94, 0.4475), (95, 0.4481), (96, 0.4515), (97, 0.452), (98, 0.4475), (99, 0.4502), (100, 0.4464)]}
